Name,Description,Primary Industry,Size,Type,Location,Country,Domain,LinkedIn URL
Voxon Photonics,3D Volumetric Display: No special effects. No glasses. So much potential.,Consumer Electronics,2-10 employees,Privately Held,"Adelaide, South Australia, Australia",Australia,voxon.co,https://www.linkedin.com/company/voxonphotonics
fabn,"Experience high-end immersive audio naturally, without headphones or the fuss of concealing speakers.",Consumer Electronics,2-10 employees,Privately Held,"Lilyfield, New South Wales, Australia",Australia,fabn.co,https://www.linkedin.com/company/fabn
Hikaru,We are a tech startup working on AI in hospitals.,Consumer Electronics,Self-employed,Privately Held,"Melbourne, Victoria, Australia",Australia,hikaru.tech,https://www.linkedin.com/company/hikarutech
"Electrical Distributors Australia Pty. Ltd., Inc.",Operating since 1995 Euromaid has become a trusted name in the Australian domestic appliance industry.,Consumer Electronics,2-10 employees,,Australia,Australia,euromaid.com.au,https://www.linkedin.com/company/electrical-distributors-australia-pty-ltd-inc-
Future IQ,FIQ,Consumer Electronics,2-10 employees,Privately Held,"Sydney, New South Wales, Australia",Australia,,https://www.linkedin.com/company/futureiq
Plaza Cameras,"Plaza Cameras have been operating since the 1940s, but in 1975 was purchased by the Heuchan Family to provide a better service the Western Australian imaging public. We supply photographic goods and more to budding photographers, amateurs, professionals and everyone in between.",Consumer Electronics,2-10 employees,Privately Held,"Perth, Western Australia, Australia",Australia,plazacameras.com.au,https://www.linkedin.com/company/plaza-camera's
Merseyside Satellite Consultants Ltd,"Established in 1967 we are one of the leaders in our industry, and are a founding member of the CAI. We have CAI+ status, the highest available, giving a guarantee of an excellent standard of workmanship.

Most of our work comes from recommendations, both domestic and commercial.

We offer a comprehensive home domestic TV aerial installations service. With our experience in domestic TV aerial systems and services, we can guide you towards the best solutions for your viewing.

We work in many commercial areas including Pubs, Clubs, Hotels, Flats, Offices, Factories, Architects, Housing, Associations, Shopping Centres, Banks, Football Clubs, Fitness Centres, Hospitals, Prisons, Schools, Universities, Colleges, Nursing Homes, Electricians, Builders , the list goes on. Most of the major appliance superstores and the industry recommend our services.",Consumer Electronics,2-10 employees,Public Company,"Liverpool, New South Wales, Australia",Australia,aerialandsatellites.co.uk,https://www.linkedin.com/company/merseyside-satellite-consultants-limited
eCare Solutions,eCare Solutions is an mHealth cloud-based platform that coordinates healthcare and community care.,Consumer Electronics,2-10 employees,Privately Held,"Adelaide, South Australia, Australia",Australia,ecaresolutions.com.au,https://www.linkedin.com/company/ecare-solutions-pty-ltd
Kite Labs,,Consumer Electronics,2-10 employees,Privately Held,"Brisbane, Queensland, Australia",Australia,,https://www.linkedin.com/company/kite-labs-pty-ltd
Engineerit Solutions,"This is one person business run by Electronics/Mechatronics Engineer specialized in Embedded Systems, keen to help companies in creation and development of their electronics equipped products.
Services include firmware and embedded software development as well as electronic circuits design.",Consumer Electronics,Self-employed,Self Owned,"Sydney, New South Wales, Australia",Australia,engineerit.net,https://www.linkedin.com/company/engineerit-solutions
The Vapor Union,"We bring the best class e-liquids from around the globe and treat our customers to an experience they soon won't forget.

 We stock authentic e-products to keep the new or old customer happy, always finding a solution to their requirements.
 
The vapor union has competitive pricing, access to leading brands, and keeping costs down as much as possible is our priority. We also ship anywhere in Australia and internationally. 

The advantages of vaping over tobacco are enormous, the industry is always changing with innovations and The Vapor Union is here to keep up with that change.

 TVU is also representing peoples right to vape, in ownership and sale. 

Featuring brands such as Vaporesso, SMOK, VandyVape, XTAR, Joyetech, Vapjoy, LG, AWT, Angorabbit, The Custard Company, Roots Juice, Lifted Liquids and many more to come.",Consumer Electronics,Self-employed,Self Owned,"Perth, Western Australia, Australia",Australia,thevaporunion.com,https://www.linkedin.com/company/the-vapor-union
Trimira Audio,"Trimira Audio provides boutique solutions for all your audio and automation needs from a new speaker cable to furnishing an entire home theatre.

By carefully selecting only the world's best brands for our showrooms, we hope to take you deeper into the fascinating world of audio.",Consumer Electronics,2-10 employees,Public Company,"Brisbane, Queensland, Australia",Australia,trimira.com.au,https://www.linkedin.com/company/trimira-audio
Zumi,"ZUMI-MALL
Experts in smart home security.
Official Australian distributor.",Consumer Electronics,11-50 employees,Privately Held,"Sydney, New South Wales, Australia",Australia,zumi.co,https://www.linkedin.com/company/zumi-com-au
MobiTouch Phone Repairs,MobiTouch  is an individual & family services company based out of Australia,Consumer Electronics,2-10 employees,Privately Held,"Melbourne, Victoria, Australia",Australia,mobitouch.com.au,https://www.linkedin.com/company/mobitouch-phone-repairs
Electronics @ Home Pty Ltd,"Whether it’s music for your entertaining and relaxing spaces, getting the most out of Foxtel and home theatre or connecting your computers and internet exactly the way you want – Electronics @ Home is committed to matching the right technology to your lifestyle. 

To that end, we will highlight things that are worth looking out for - good and bad - relating to technology in your home.",Consumer Electronics,2-10 employees,Privately Held,"Sydney, New South Wales, Australia",Australia,musicathome.com.au,https://www.linkedin.com/company/electronics-home-pty-ltd
Online Business Pty Limited,"Online Business started out in 2008 to be more than just an online reseller. We're different and refuse to be ordinary. We want you our customers to benefit from our many years of experience in the IT and Audio Visual space. We are Proudly Australian owned and operated and value service and support above everything else.
We Cover a whole range of products our Audio Visual Online E-Commerce websites and have everything you need for that perfect AV installation. Websites include : ScreenGuys.com.au, ProjectorGuys.com.au, StageGuys.com.au and ScreenTouch.com.au
Our IT E-Commerce Websites cover the complete range of Printers, Scanners, IT Servers and Backup systems. Printerguys.com.au, ServerGuys.com.au, BackupGuys.com.au and Scannerguys.com.au
SGAV audio Visual products are exclusively distributed in Australia via our Screenguys.com.au Website",Consumer Electronics,2-10 employees,Privately Held,"Sydney, New South Wales, Australia",Australia,onlinebiz.com.au,https://www.linkedin.com/company/online-business-aust
Trakalarm,"If you have ever felt unsafe, threatened or in danger then Trakalarm is the revolutionary new safety device for you. If you are wearing Trakalarm, you have the security of knowing you have protection and can send your GPS location with a text message, videos and photos, to your chosen contacts if you are in trouble. The device also has a piercing siren. All this with the push of ONE button. There is no better personal protection on the market.",Consumer Electronics,2-10 employees,Privately Held,"Queensland, Australia",Australia,trakalarm.com,https://www.linkedin.com/company/trakalarm
"Connected Technology, Inc",Premier Custom System Integration Contractor,Consumer Electronics,2-10 employees,Self Owned,"Melbourne, Victoria, Australia",Australia,ctflorida.com,https://www.linkedin.com/company/space-coast-sight-&-sound-inc
Phosme,"Phosme engineers, manufactures and retails unique decorative lighting systems.  Bringing state of the art technology into the domain of steampunk retro lighting design.  Phosme One is a unique decorative lighting system.",Consumer Electronics,2-10 employees,Privately Held,"Byron Bay, New South Wales, Australia",Australia,phosme.com,https://www.linkedin.com/company/phosme
Beetronix Solutions,"Beetronix is an IT firm that offers services for graphic design, electronic engineering, mobile apps and web apps.",Consumer Electronics,,,"Aleppo, Australia",Australia,beetronix.com.au,https://www.linkedin.com/company/beetronix-solutions
Melbourne Spa Repairs,"Portable Spas, Spa Baths, Swim Spa Services, Repairs & Maintenance Melbourne & Mornington Peninsula 

Spa Repairs services and repairs all Brands, Makes and Styles of Portable Spas, Inground Spas, Concrete and Swim Spas. We aren’t your typical “pool guys” and are genuine experts in all Spa Equipment. 

Call us if you’re looking for a genuine Spa Repair Expert, or when your local unqualified Pool Shop or Shop Franchise can’t or won’t help. 

Tip - Ask your local pool shop if they have any actual Electrical, Plumbing, or Mechanical licenses. If they say they don’t need any, or have “years of experience” they are most likely NOT qualified",Consumer Electronics,11-50 employees,Privately Held,"Moorooduc, Victoria, Australia",Australia,melbournesparepairs.com.au,https://www.linkedin.com/company/melbourne-spa-repairs
Carlton Audio Visual,,Consumer Electronics,,,"Carlton, Victoria, Australia",Australia,carltonaudiovisual.com.au,https://www.linkedin.com/company/carlton-audio-visual
Aurisprotection,AurisProtection is a smart wearable device that does real-time noise monitoring and reminds you to wear earmuffs when exposed to dangerous noise levels for a prolonged duration.,Consumer Electronics,2-10 employees,Privately Held,"Brisbane, Queensland, Australia",Australia,aurisprotection.com,https://www.linkedin.com/company/aurisprotection
Quflow & Perfeco,"QUFLOW works with systems engineering for coupled systems, particularly wireless products, real-time systems and quantum devices. QUFLOW owns PERFECO rapid prototyping and benchmarking tools. The meaning of the words:

QU as in qualification: meeting or exceeding expectations.

FLOW as in workflow: way of working to reach goals.

PERF as in performance: how good a function is compared to user expectations.

ECO as in economical-logical: how cost and resource efficient a design is compared to product targets.

All these aspects brought together lead to rapid and creative engineering of high-quality products.",Consumer Electronics,Self-employed,Privately Held,"Dalby, Queensland, Australia",Australia,quflow.net,https://www.linkedin.com/company/quflow
Cool6,"At Cool6, we have approached lighting design with fresh eyes. Through a combination of technical innovations, Cool6 is able to achieve market leading lighting systems targeting three key elements of lighting.

1. Light creation
2. Light delivery
3. Longevity of the light fixture and electronic components

Our lights are designed with reliability as its core objective. Our products can withstand sweltering heat without light degradation due to our patented thermal technologies developed by our team of Material scientists, Physicists and Photonics specialists over the last 6 years. As a testament we offer a 5-year conditional warranty on all lighting systems. Cool6 offers a reliable maintenance free solution for any working environment.",Consumer Electronics,51-200 employees,Privately Held,"Perth, Western Australia, Australia",Australia,cool6tech.com,https://www.linkedin.com/company/cool6
Yanniee Technology,"Yanniee Technology is dedicated to the supply of all kinds of electronic components and products. The company's founders have more than 20 years of experience in supply management in Fortune 500 companies. Our office is located in Shenzhen China - a city considered the center of the world in terms of electronic components.

Our services include both orderings for future delivery and spot buy service (immediate delivery). We are especially strong in spot buy service because of the experience of our founders and the advantageous location of the world center for electronic components. 

Yanniee Technology has strong sourcing channels for well-known brands including but not limited to ST、TI、NXP, Infineon, MICROCHIP, JST、Molex、Murata、TDK, and so on. We serve a wide range of industries such as telecommunication, medical devices, and automobile products. Our customers are spread all over the world. 

Our team consists of members who have a strong international background and are used to working with people from diversified cultures in different time zones all over the world. We strive for excellence both in products and in services.",Consumer Electronics,2-10 employees,Privately Held,"Sydney, New South Wales, Australia",Australia,yanniee.com.cn,https://www.linkedin.com/company/yanniee-technology
The Loudspeaker Kit,,Consumer Electronics,,,"Melbourne, Victoria, Australia",Australia,theloudspeakerkit.com,https://www.linkedin.com/company/the-loudspeaker-kit
Alarm House Electronic Security,,Consumer Electronics,Self-employed,Self Employed,"Sydney, New South Wales, Australia",Australia,alarmhouse.com.au,https://www.linkedin.com/company/alarm-house-electronic-security
SatKing Orbit,"Satking Orbit Caravan Satellite Dish

The SatKing Orbit is the latest fully automatic Caravan Satellite TV Dish to hit the Australian market. No need to manually dishes on the ground to watch TV anymore. Simply combine this system with a VAST or Foxtel Satellite receiver and you will be watching TV anywhere in Australia within 80 seconds.

http://www.satkingorbit.com.au

http://www.satkingorbit.com.au/product/caravan-satellite-dish",Consumer Electronics,11-50 employees,Privately Held,"Melbourne, Victoria, Australia",Australia,satkingorbit.com.au,https://www.linkedin.com/company/satking-orbit
Tech Pet,,Consumer Electronics,2-10 employees,Privately Held,"Sydney, New South Wales, Australia",Australia,techpetstore.com,https://www.linkedin.com/company/tech-pet
CLIMATE CONTROL ENGINEERING LIMITED,,Consumer Electronics,,,"Sydney, New South Wales, Australia",Australia,climatecontrolengineering.com,https://www.linkedin.com/company/climate-control-engineering-limited
RPM Media Group,Welcome to RPM MEDIA GROUP,Consumer Electronics,2-10 employees,Privately Held,"Mourilyan Harbour, Queensland, Australia",Australia,,https://www.linkedin.com/company/rpm-media-group
Enhance My Home,"Enhance breaks all the rules when it comes to providing a powerful smart home experience with quality technology at an affordable price.

The Enhance smart home makes living more comfortable, easier, safer and more energy efficient.

Enhance products can be controlled from wherever you are in the world through our user friendly App, using your smart phone or tablet.

You can control lighting, receive notifications when loved ones come home, use our wireless cameras to see that all is safe in the home and even control the air conditioning and hundreds of other devices from your smart phone or tablet.

“Enhance My Home makes the smart home a reality.”",Consumer Electronics,2-10 employees,Privately Held,"Melbourne, Victoria, Australia",Australia,,https://www.linkedin.com/company/enhance-my-home
BMC Wholesale,We wholesale a growing portfolio of local and international audio products to resellers across Australia.,Consumer Electronics,2-10 employees,Privately Held,"Melbourne, Victoria, Australia",Australia,bmcw.com.au,https://www.linkedin.com/company/bmc-wholesale
Miranda Hi-Fi,,Consumer Electronics,,,"Canberra, Australian Capital Territory, Australia",Australia,mirandahifi.com,https://www.linkedin.com/company/miranda-hi-fi
Custom KBD,,Consumer Electronics,2-10 employees,Privately Held,"Melbourne, Victoria, Australia",Australia,customkbd.com.au,https://www.linkedin.com/company/custom-kbd
Page Electronics & Communications,Write the meta description here,Consumer Electronics,,,"Dubbo, New South Wales, Australia",Australia,pageelectronics.com.au,https://www.linkedin.com/company/page-electronics-&-communications
Triple R Computers,"Triple R Computers is a local boutique IT Superstore based out of Adelaide. We offer over 10,000 products across all lines of business including printers, wifi, smart home, smart locks, monitors, motherboards and more. 

We offer superfast same-day product dispatch for low prices. Reach out to us for the best prices everyday.",Consumer Electronics,2-10 employees,Self Owned,"Adelaide, South Australia, South Australia, Australia",Australia,triplercomputers.com,https://www.linkedin.com/company/triplercomputers
Oztel,,Consumer Electronics,,,"Melbourne, Victoria, Australia",Australia,,https://www.linkedin.com/company/oztel
UnWired Dub,"We are a tech company that allows others to have access to your phones media via Bluetooth!

unwireddub@gmail.com",Consumer Electronics,2-10 employees,Privately Held,"Sydney, New South Wales, Australia",Australia,,https://www.linkedin.com/company/unwireddubs
SecureTechs,"Securetechs provides security solutions for residential and business customers. our services consists of supply, install, service and upgrades of security systems such as IP CCTV surveilance, Alarm systems and intercom systems.",Consumer Electronics,Self-employed,Privately Held,"Melbourne, Victoria, Australia",Australia,securetechs.com.au,https://www.linkedin.com/company/securetechs
FreeDB Car Stereo,,Consumer Electronics,,,"Perth, Western Australia, Australia",Australia,,https://www.linkedin.com/company/freedb-car-stereo
Dream Vision Sound,"Dream Vision Sound provides repair and maintenance services for drones, focusing on DJI models like Inspire 2, Phantom 4, and Mavic 2. It offers gimbal repairs and technical support. The company also provides tutorials and educational content for drone maintenance.",Consumer Electronics,,,"Ferntree Gully, Australia",Australia,dreamvisionsound.com,https://www.linkedin.com/company/dream-vision-sound
Collinder,,Consumer Electronics,,,"Melbourne, Victoria, Australia",Australia,collinder.com.au,https://www.linkedin.com/company/collinder
Montage Electronics,,Consumer Electronics,,,"Shepparton, Australia",Australia,montageelectronics.com.au,https://www.linkedin.com/company/montage-electronics
Smart Tech Wholesale,"Smart Tech Wholesale is established in 2015 providing Security automation computers smart accessories electrical products to trade as well as direct to public.
our goal is to provide high quality relabel range of products at a resalable price.",Consumer Electronics,2-10 employees,Privately Held,"Lynbrook, Victoria, Australia",Australia,securitycctvmelbourne.com.au,https://www.linkedin.com/company/smart-tech-wholesale
Buy-It,"At Buy-It, you'll find all you need in computers, notebooks, desktops, tablets, phones, software and accessories at extremely competitive prices. Be the first to view the latest models or find yourself a fantastic bundle deal!",Consumer Electronics,2-10 employees,Privately Held,"Sydney, New South Wales, Australia",Australia,buy-it.com.au,https://www.linkedin.com/company/buyitdeals
Entique Systems,,Consumer Electronics,,,"Hobart, Tasmania, Australia",Australia,entique.com.au,https://www.linkedin.com/company/entique-systems
Townsville Electronics Service Centre,,Consumer Electronics,,,"Townsville, Queensland, Australia",Australia,tesc.com.au,https://www.linkedin.com/company/townsville-electronics-service-centre
Complete Audio,,Consumer Electronics,,,"Maroochydore, Australia",Australia,completeaudio.com.au,https://www.linkedin.com/company/complete-audio
Frankston Antennas,"Digital TV Antenna installs, wall mounting, home theatre, extra TV points, reception issues, data cabling. Friendly, local, reliable, 0411 352000",Consumer Electronics,,,"Frankston South, Victoria, Australia",Australia,frankstonantennas.com.au,https://www.linkedin.com/company/frankston-antennas
WIRELESS TECH AUSTRALIA PL,"An importer and stocking Distributor to provide products and tailored services supporting Australian Systems Integrators. Wireless Tech strives to promote the applications of wireless technologies in all industries as we believe wireless is the technology for networking solutions. PtP, PtMP, mesh and multi-WAN, multi-cellular load balance routers",Consumer Electronics,,,"Sydney, New South Wales, Australia",Australia,wirelesstech.com.au,https://www.linkedin.com/company/wireless-tech-australia-pl
Colorbond TV Rent & Service Pty Ltd,,Consumer Electronics,,,"Sunshine Coast, Queensland, Australia",Australia,colorbondtvrental.com.au,https://www.linkedin.com/company/colorbond-tv-rent-&-service-pty-ltd
Gadget Downtown,Gadget Downtown is an Australian company which deliver attractive gadgets all over the world with convenience to its customers.We are destination to your daily needs.We started in 2018 with mission to beat the market price and to provide affordable gadgets on our website.We are so confident you will love our products.We provide 100% shipping free on most items with satisfaction guarantee.If by chance you are not happy with our service we are happy to give you a full refund.,Consumer Electronics,2-10 employees,Public Company,"Melbourne, Victoria, Australia",Australia,gadgetdowntown.com,https://www.linkedin.com/company/gadgetdowntown
David's Home Technology,,Consumer Electronics,,,"Sydney, New South Wales, Australia",Australia,davidshometechnology.com.au,https://www.linkedin.com/company/david's-home-technology
Nationwide Antenna,"NAS Australia is a Queensland family owned and operated wholesaler of cutting edge TV reception, custom installation and security products. NAS Australia - Technology::Support::Solutions",Consumer Electronics,,,"Brisbane, Queensland, Australia",Australia,naspl.com,https://www.linkedin.com/company/nationwide-antenna
Thumpware,"Thumpware Media Controller.
Control your PC with your inline headphone controls
When using your Android headphones with your PC, the Thumpware Media Controller allows you to control your media playback and audio settings, using your headphones inline buttons.",Consumer Electronics,Self-employed,Privately Held,"Perth, Western Australia, Western Australia, Australia",Australia,thumpware.com,https://www.linkedin.com/company/thumpware
Otaku Tech,,Consumer Electronics,2-10 employees,Partnership,"Perth, Western Australia, Australia",Australia,otakutech.com.au,https://www.linkedin.com/company/otaku-tech
POLKTRONICS,,Consumer Electronics,,,"Yarra Junction, Victoria, Australia",Australia,polktronics.com.au,https://www.linkedin.com/company/polktronics
Airmart Total Climate Control,"Airmart Total Climate Control is a family-owned Australian business with more than 30 years’ combined experience in the delivery of climate control solutions for residential and commercial spaces.

Airmart Total Climate Control ranked in the top 10 of Seeley International’s Australia-wide VIP Customer Service Tournament (Oct ’06 – Jan ’07).",Consumer Electronics,Self-employed,Partnership,"Perth, Western Australia, Australia",Australia,,https://www.linkedin.com/company/airmart-total-climate-control
Ampoule Audio,"Ampoule Audio supplies tested and graded vacuum tubes, valve amplifiers, preamplifiers and audio effects to Australia's musicians. Special projects and commissioned builds are available on request.",Consumer Electronics,Self-employed,Self Owned,"Coburg, Victoria, Australia",Australia,,https://www.linkedin.com/company/ampoule-audio
Decibel Engineering Pty. Ltd.,"Decibel Engineering Pty. Ltd. is a consumer electronics company based out of PO BOX 60, Seaforth, New South Wales, Australia.",Consumer Electronics,,,"Sydney, New South Wales, Australia",Australia,decibelengineering.com,https://www.linkedin.com/company/decibel-engineering-pty.-ltd.
Steve Bennett Hi-Fi,,Consumer Electronics,,,"Geelong, Victoria, Australia",Australia,sbhifi.com.au,https://www.linkedin.com/company/steve-bennett-hi-fi
Boonah Business Supplies,,Consumer Electronics,,,"Boonah, Queensland, Australia",Australia,boonahbusiness.com.au,https://www.linkedin.com/company/boonah-business-supplies
Ironline Technlogy,"Computer and Technology Store, stocking a large range of Computers, Networking Equipment and the latest Technologies for your home or business.",Consumer Electronics,,,"Brisbane, Queensland, Australia",Australia,ironlinetechnology.com.au,https://www.linkedin.com/company/ironline-technlogy
AW WEALTH MANAGEMENT LIMITED,,Consumer Electronics,2-10 employees,,"Boro, New South Wales, Australia",Australia,awawealth.co.uk,https://www.linkedin.com/company/aw-wealth-management-limited
Parker Black Productions Pty. Ltd.,,Consumer Electronics,,,"Melbourne, Victoria, Australia",Australia,parkerblack.com.au,https://www.linkedin.com/company/parker-black-productions-pty-ltd-
Bushcomm Pty Ltd,"Bushcomm Broadband HF Antennas. Manufacture & Worldwide Sales of Commercial Quality MF/HF/VHF Antennas/Aerials & Masts/Towers to Suit Base Station, Military, Mobile, Portable & Compact Amateur Applications",Consumer Electronics,,,"Herne Hill, Western Australia, Australia",Australia,bushcomm.com.au,https://www.linkedin.com/company/bushcomm-pty-ltd
Hakruks,"The NBA is a global sports and media business built around three professional sports leagues: the National Basketball Association, the Women’s National Basketball Association and the NBA G League.  The league has established a major international presence with games and programming in 215 countries and territories in 49 languages, and NBA merchandise for sale in more than 125,000 stores in 100 countries on 6 continents.  NBA rosters at the start of the 2016-17 season featured a record 113 international players from 41 countries and territories.  NBA Digital’s assets include NBA TV, NBA.com, NBA App and NBA LEAGUE PASS.  The NBA has created one of the largest social media communities in the world, with more than 1.3 billion likes and followers globally across all league, team, and player platforms.  Through NBA Cares, the league addresses important social issues by working with internationally recognized youth-serving organizations that support education, youth and family development, and health-related causes.",Consumer Electronics,"10,001+ employees",Non Profit,Australia,Australia,nba.com,https://www.linkedin.com/company/hakruks
LEWIS CHRISTIE ELECTRICAL SERVICES LIMITED,,Consumer Electronics,,,"Littlehampton, South Australia, Australia",Australia,,https://www.linkedin.com/company/lewis-christie-electrical-services-limited
Bodhi,,Consumer Electronics,2-10 employees,Privately Held,"Melbourne, Victoria, Australia",Australia,hellobodhi.com,https://www.linkedin.com/company/hellobodhi
Townsville Rotary Markets,,Consumer Electronics,,,"Townsville, Queensland, Australia",Australia,townsvillerotarymarkets.com.au,https://www.linkedin.com/company/townsville-rotary-markets
Radiolines Pty,"We can provide solutions to a wide range of complex build issues at both the planning and construction stage due to the extensive field experience of our management team. As constructors, we provide solutions of an inherently practical nature which minimise risk and maximise quality while providing value for money.",Consumer Electronics,,,"Sydney, New South Wales, Australia",Australia,radiolines.com.au,https://www.linkedin.com/company/radiolines-pty
R.K. Petrie,,Consumer Electronics,,,"Tullich, Victoria, Australia",Australia,,https://www.linkedin.com/company/r.k.-petrie
Avnet Pacific Pty. Ltd.,,Consumer Electronics,,,"Adelaide, South Australia, Australia",Australia,,https://www.linkedin.com/company/avnet-pacific-pty.-ltd.
B.D. KETTLES LTD.,,Consumer Electronics,,,"Perth, Western Australia, Australia",Australia,,https://www.linkedin.com/company/b.d.-kettles-ltd.
Nikon Australia Pty Ltd,"Headquartered in Japan, Nikon Corporation (Nikon) was founded in 1917 as Nippon Kogaku K.K. Our core business philosophy is ‘Trustworthiness & Creativity'. Since its establishment, Nikon has pursued, advanced, and explored the possibilities of light, by driving the technological boundaries of imaging, to unimaginable heights. With tireless innovation and a pioneering spirit, our technology, products and services capture memories of our everyday lives, to that of the extraordinary. This is why, we are trusted by millions of photographers around the world today, and over the last century.
 
Nikon Australia, a subsidiary of Nikon Corporation was established in 2006.  With offices in Sydney and Melbourne, we pride ourselves in living our vision. Our vision, backed by passion people is to ‘create stories’, ‘inspire others’ and to ‘deliver experiences’ like no other in our field.  With cutting-edge innovations and relentless pursuit of quality, we are the global leader in digital imaging and optics. From DSLRs, compact cameras, Nikkor lenses and sports optics, Nikon’s digital imaging products give photographers a chance to present the world in a whole new light, allowing us to capture nuances of the heart, in a form that is intelligible to others. 

We are proud of our achievements, having won many prestigious awards that have included, the EISA Prosumer DSLR Camera award for the Nikon D7500 and the iF DESIGN AWARD 2017 for the Product discipline for the Nikon D5, D500 and KeyMission 360.

Nikon Australia’s community brings together those with a passion for photography, the ability to exchange ideas with like-minded enthusiasts and inspiration by our network of professionals. Follow our dynamic team and be at the heart of the image today.",Consumer Electronics,51-200 employees,Public Company,"Sydney, New South Wales, Australia",Australia,nikon.com.au,https://www.linkedin.com/company/nikon-australia
Tempo Group of Companies,"Tempo has a rich heritage in being the international custodians of some of the world's leading retail brands.

Established in 2000, Tempo is an Australian family owned premier global supplier to innovative, well-priced quality consumer appliances for selected brand partners and retailers.

With branches in Australia, NZ, Germany, UK and USA and 200+ staff globally including 30 in-house engineers, dedicated call centre, 600 approved service agents within AUS/NZ alone, global design & artwork teams and a dedicated logistics network which operates around the clock to get products where they need to be Tempo manages every aspect of the supply chain from concept to completion.",Consumer Electronics,201-500 employees,Privately Held,"Sydney, New South Wales, Australia",Australia,tempo.org,https://www.linkedin.com/company/tempo-aust-pty-limited
Arlec Australia Pty Ltd,"Arlec is a successful Australian business that is proud to have been operating since 1945.
Over this time, Arlec has grown to become a well-known, reputable brand in the Australian and New Zealand markets, as well as supporting retailers in the Asia Pacific Region.

Arlec is renowned for being innovative in the introduction of a range of electrical products, such as powerboard and timer product designs together with audio visual accessories in line with the new age of digital television. All of these products are at great price points, representing significant value for money.

Our product range reflects the current environment trends in lowering carbon emissions in offering a range of energy saving products. Our product range is available from a broad distribution of key retail outlets, providing the DIY home handyman with easy access across wide geographical locations throughout Australia.

Part of Arlec’s innovation is demonstrated by continually developing, monitoring and delivering customer service programs to help us understand the Australian consumers demands and needs. One of our key customer service policies is to guarantee customer satisfaction and ultimately customer retention. We ensure that our customer service team are well trained and follow up on all necessary actions in a timely manner.",Consumer Electronics,51-200 employees,Privately Held,"Melbourne, Victoria, Australia",Australia,arlec.com.au,https://www.linkedin.com/company/arlec-australia-pty-ltd
TCL Australia & New Zealand,"TCL was founded in 1981 in China, and has grown to be the 3rd largest manufacturer of panels in the world and is one of the world’s leading consumer electronics manufacturers. TCL has a presence in 78 countries all around the world and employs over 75,000 people.

TCL Australia was founded in 2004 and has now grown to be one of the most successful television brands in Australia.",Consumer Electronics,51-200 employees,Public Company,"Melbourne, Victoria, Australia",Australia,tcl.com,https://www.linkedin.com/company/tcl-aus-nz
Contactile,"World's first touch-enabled smart grippers.
Powered by patented PapillArray tactile sensors. 
For e-commerce, agriculture, manufacturing, health and space.

Contactile is a UNSW Sydney spin-out company established in mid 2019. Our sensing technology was developed with funding support from the Australian Research Council and US Office of Naval Research Global.

We are an innovator of world-leading tactile sensors for robots that enable smart dexterous robotic gripping.",Consumer Electronics,2-10 employees,Privately Held,"Sydney, Nsw, New South Wales, Australia",Australia,contactile.com,https://www.linkedin.com/company/contactileinc
Garmin Australia & New Zealand,"WHERE DO WE START? 
How about Kansas City? That’s our home. That’s where Garmin put a stake in the ground in 1989. We’ve grown substantially over the years, offering diverse products and global reach in 5 diverse markets. But some things won’t ever change: Our entrepreneurial spirit and a culture where everyone’s opinion matters. That’s because we believe it’s possible to light the tech world on fire and still be on a first name basis.  

BIG IDEAS, SMALL EGOS 
What we do best is make products that let our customers do what they love. To do that, we focus on practical innovation, never losing sight of the benefits our products bring to our customers. Sure, we love bells and whistles. What leading technology company doesn't? But we make sure ours have purpose. It’s not about the things we make. It’s about the things we make possible.  

WE’RE GLOBAL, SERIOUSLY. 
Yeah, we are truly a global company. With offices throughout Europe, Asia, Middle East, South America and here in Australia, our products are sold all over the world. One elevator ride at our headquarters and you’re likely to hear 4 (or more) different languages being spoken. At Garmin, we may act local, but we think global.  

DREAM BIG. SLEEP WELL. 
At Garmin, we like to encourage dreamers. But at some point it’s nice to wake up and enjoy a fully aware life. So we make it super easy to achieve a good balance between working, dreaming and enjoying life—from workout classes offered throughout the day, breaks to get out and move on our campus, and wellness programs offered throughout the year. It’s almost impossible not to take advantage of Garmin’s work-life balance opportunities.",Consumer Electronics,201-500 employees,Public Company,"Sydney, New South Wales, Australia",Australia,garmin.com,https://www.linkedin.com/company/garmin-australasia
Targus ANZ,"Since creating the first laptop case more than 30 years ago, Targus has continued to advance the mobile accessories category with cutting-edge, quality-made, productivity-boosting solutions. Compatible with major OEM brands, our carrying cases, universal docking stations, privacy screens, and peripherals enable an ever-changing workforce to perform at their best anytime, anywhere. Discover why organizations are choosing Targus, proven market leader and trusted partner of SMBs and Fortune 1000 businesses worldwide.",Consumer Electronics,11-50 employees,Privately Held,"Sydney, New South Wales, Australia",Australia,targus.com.au,https://www.linkedin.com/company/targus-anz
VBreathe,"At VBreathe, we are at the forefront of innovation in air sanitisation and purification, dedicated to transforming indoor environments into safe, healthy, and fresh spaces. Our groundbreaking product, the EnviroGuard Pro X, combines advanced HEPA filtration with our unique PuroxTM Gel technology to effectively eliminate harmful airborne particles, pathogens, and toxins.

The EnviroGuard Pro X is designed to provide superior protection against viruses, bacteria, mold, and allergens, making it an essential solution for homes, offices, schools, and healthcare facilities. With a focus on sustainability and cutting-edge engineering, we are committed to enhancing the well-being of individuals and communities worldwide.

Join us on our mission to create healthier living spaces and breathe easier with VBreathe. Discover the EnviroGuard Pro X and see how we are setting new standards in air quality and safety.",Consumer Electronics,11-50 employees,Privately Held,"Sydney, New South Wales, Australia",Australia,vbreathe.com,https://www.linkedin.com/company/vbreathe-pty-ltd
3sixT,"3sixT is a leader in the mobile accessory industry within Australia and New Zealand creating iPhone, Smartphone & Tablet Enhancements with style.

Our goal is to provide high quality, convenient and affordable solutions to keep pace with the rapidly changing mobile and electronic device marketplace. 3sixT’s knowledge and experience enables consistent “first-to-market” releases of accessories for many brand name mobile and electronic devices.

3sixT not only provides a broad selection of high quality accessory products for iPhone and Smartphone devices, but also the emerging Tablet category with our portfolio continuing to expand as technology evolves.

3sixT’s mission is to be leaders in the design, development, production, marketing, and implementation of electronic device accessories for the global market through major retailers and online, delivering excellence through industry experience and strategic partnerships.",Consumer Electronics,2-10 employees,Public Company,"Spring Hill, Queensland, Australia",Australia,3sixtgear.com,https://www.linkedin.com/company/3sixt-pty-ltd
The Reconnect Project,"The Reconnect Project is a social enterprise dedicated to repairing and providing pre-loved mobile phones, tablets & laptops to people in need. 

We accept donations of old, broken and unwanted mobile phones and tablets, repair them, and give them to people in situations of disadvantage, such as refugees, someone exiting the justice system or a woman reestablishing life after fleeing domestic violence. 

The Reconnect Project believes in the 'right to repair' and provides mobile device repair services from our workshop in Penshurst, southern Sydney. 

Our long term aim is to train and provide employment to people who would otherwise not have access to a job, to assist them in establishing their own micro business as a mobile device repairer.",Consumer Electronics,2-10 employees,Non Profit,"Sydney, New South Wales, Australia",Australia,thereconnectproject.com.au,https://www.linkedin.com/company/the-reconnect-project
Powermove Distribution,"Established in 2004, Powermove Distribution is one of Australia’s most successful and highly regarded distributors to the Mass Retail, Commercial, Specialist, Online, Telecommunication, and Education markets.

Initially, the main focus of the business was iPod accessories with a customer base of primarily Apple retail stores. The phenomenal growth of the iPod has enabled Powermove to transform into a company with multiple offices, warehouses, and the latest technology, servicing the major national retailers, and commercial, educational and professional channels. 

Powermove’s dominance in the distribution field has attracted leading manufacturers to its suite of products. Our range has grown to laptop accessories, audio, home theatre, smart home, telecommunications, television, consumer electronic, baby, and STEAM products to encompass today’s ever-changing lifestyles. We carry major brands such as Philips & Philips Hue, WiZ, Arcade1Up, Razer Edition Zen, Gecko Gear, Buddee, Nimble, Kangaroo, Comply Foam, Sakar, Vivitar and Toffee.  

Leveraging on our Mass Retail channel, success has seen our Education and Commercial segments grow exponentially over the past 24 months. The Powermove Field Sales team is highly dynamic in being able to work with all segments of our business on an interchangeable basis, which allows our team to be responsive to the needs of each of our clients. Our Field Sales Staff cover every corner of Australia and we are confident that no other Distributor services clients as well as we do. 

We aim to develop face-to-face relationships at all decision-making levels with our customers and support our Dealers with industry-leading back-end logistic and product management systems.",Consumer Electronics,11-50 employees,Privately Held,"Adelaide, South Australia, Australia",Australia,powermove.com.au,https://www.linkedin.com/company/powermove-distribution
Oricom International Pty Ltd,"Founded in 2003, 100% Australian owned Oricom International is an expert in communication technologies and a leader in design and ideas. In a relatively short space of time, the Oricom brand has developed from an emerging player in the communication technologies market, into one of Australia's best selling brands.

An active face to face approach on a store by store basis, and a heightened focus on print and digital media campaigns, Oricom's esteemed reputation in the industry as a manufacturer of quality communication products has quickly grown.

Through a diverse product offering divided into 3 distinct areas; Oricom Baby Care, Oricom UHF CB Radios and Oricom Care Phones (to assist those having difficulty with communicating), Oricom bring you true quality at realistic prices every time. 

Because Oricom is 100% Australian owned, they have firsthand understanding of the unique communications challenges facing our customers here in Australia and New Zealand. That is why our products are built specifically for local conditions. They are engineered to be technically exact and robust, yet designed to be easy to use.

Oricom also understand the importance and value of quality service and support. Our business is built to ensure that we can look after the customer long after they have left the shop with an Oricom product. All of our products are supported locally by our dedicated support team who manage all calls and are focused on providing superior customer service direct to the consumer. Oricom is a market leader in providing after sales support. All team members are highly knowledgeable in all products and have an outstanding record in achieving a high level of customer satisfaction.

Recognised in the market as exceptional quality and value for money, when you select an Oricom UHF CB radio, you are sure to stay connected.

Oricom Phones are available through communication specialists, audiologist and Australian Hearing.",Consumer Electronics,11-50 employees,Privately Held,"Sydney, New South Wales, Australia",Australia,oricom.com.au,https://www.linkedin.com/company/oricom-international
Wacom ANZ,"Wacom’s vision to bring people and technology closer together through natural interface technologies has made it the world’s leading manufacturer of pen tablets, interactive pen displays and digital interface solutions.

Inspired by natural human abilities to create, our patented pen and touch input technology allows freedom of expression, inspired creativity, and drastic improvements in productivity, control and comfort. From product development and graphic design to the media and entertainment sectors, Wacom facilitates the work of individuals and workgroups with truly natural ways to work with digital content.",Consumer Electronics,11-50 employees,Public Company,"Sydney, New South Wales, Australia",Australia,wacom.com,https://www.linkedin.com/company/wacom-australia
McGrath Locks,"At McGrath locks we pride ourselves in our ability to find the best solution; working alongside the client every step of the way.  Dealing in all aspects of residential, commercial and hospitality areas - give us a call today to discuss the possibilities. We  are committed to meeting the rising demand for smarter, easier access solutions for home and business owners. Enhance the appearance of your home with one of our sleek new generation digital locks. An elegant first impression on entry.

Choose from our range of sophisticated locks, either striking contemporary design or classic traditional style, all engineered and crafted with quality and durability in mind.

Advanced security for your home with a selection of easy access options for you and your family.

No more leaving keys under the mat for someone to find. No more concern over lost, lent or misplaced keys. You control who and how you allow access to your home. Ideal for rentals and holiday lets. We can also help you with your Airbnb, Hotel and business solution with our 3 software platforms.",Consumer Electronics,2-10 employees,Privately Held,"Brisbane, Queensland, Queensland, Australia",Australia,mcgrathlocks.com.au,https://www.linkedin.com/company/mcgrathlocks
Pokit Innovations,"We are a team of professionals devoted to creating innovative human-centric products that establish brands, transform communities, and improve lives.

Our product Pokit Meter is the world’s smallest integrated multimeter, oscilloscope and logger. It fits in the palm of your hand! Pokit is the perfect tool for makers, technicians and engineers who want great test equipment without the prohibitive price tag.",Consumer Electronics,2-10 employees,Privately Held,"North Ryde, New South Wales, Australia",Australia,pokitinnovations.com,https://www.linkedin.com/company/pokit-innovations
Digital Camera Warehouse,"Digital Camera Warehouse: Your Partner in Photography and Videography Solutions

 About Us: Since 2001, Digital Camera Warehouse has been the go-to destination for professionals and enthusiasts seeking top-notch photographic and videographic equipment in Australia. Based in Sydney and with an extensive online presence, we offer a comprehensive range of mirrorless cameras, DSLR cameras, compact cameras, video cameras, lenses, memory cards, and accessories to meet diverse creative needs.

 Comprehensive Solutions: At Digital Camera Warehouse, we're not just about selling products; we're dedicated to providing comprehensive solutions for all your photography and videography requirements. Whether you're a seasoned professional, a budding enthusiast, or a business in need of multimedia solutions, we have the expertise and resources to support your projects from start to finish.

 Join Our Community: Join the Digital Camera Warehouse community and experience the difference for yourself. Explore our extensive product range, engage with our knowledgeable team, and discover why professionals and enthusiasts alike trust us as their preferred partner for all things photography and videography.

 Get in Touch: Ready to elevate your creative projects? Visit our store, call us on 1300 365 220, browse our online platform, or connect with us on social media to learn more about how Digital Camera Warehouse can support your photographic and videographic endeavours.",Consumer Electronics,51-200 employees,Privately Held,"Sydney, New South Wales, Australia",Australia,digitalcamerawarehouse.com.au,https://www.linkedin.com/company/digital-camera-warehouse
Mearth Electric Scooters,"At Mearth we believe in innovation. Change is constant, and it's adaptation. That's why we strive to make your life easier. As Engineers, we combine technological advancements with our existing products to improve their efficiency and benefit. As craftsmen, uncompromising quality is our standard. We are perfectionists who accept nothing less than the best. We are here to set a new standard and lead the pack. We think outside of the box and continuously question the norm. We aim to make life more comfortable, and above all, more fun!",Consumer Electronics,11-50 employees,Privately Held,"Sydney, New South Wales, Australia",Australia,mearth.com.au,https://www.linkedin.com/company/mearth-au
Altronics AU,"Established in 1976, we are a fully Australian owned and operated company. We supply electronic components and finished goods to customers throughout Australia and around the world. We are committed to ensuring we offer a high level of product quality, back up and service. As well as providing a vast range of products including tools, soldering irons, speakers and more we also manufacture a significant range of public address products in Perth, Western Australia and hence have gained a reputation as one of the industries most respected electronic wholesalers in Australia.",Consumer Electronics,51-200 employees,Privately Held,"Perth, Western Australia, Australia",Australia,altronics.com.au,https://www.linkedin.com/company/altronics-au
realme Australia,"realme is an emerging smartphone brand founded in May 2018, establishing itself as a brand committed to offering powerful performance, strong design and sincere services in e-commerce.

realme products have won wide recognition for their ""Power"" and ""Style"" immediately after launch, created a sales miracle in India by selling 1 million devices within 3 days. 

Today, realme has become one of the top 10 smartphone manufacturers in the world with worldwide users calculated over 10 million. realme has entered more than 18 countries in Asia Pacific, Europe and other regions.",Consumer Electronics,11-50 employees,Privately Held,"Sydney, Nsw, New South Wales, Australia",Australia,realme.com,https://www.linkedin.com/company/realme-australia
My Byte,"At My Byte our mission is to lead our customers on a journey of discovery, empowering them with every purchase whilst providing an uncompromising level of service and support.

Our diverse team will show you how the Apple ecosystem can help support your needs as a consumer or small-medium business.

As an Apple Authorised Service Provider we provide both warranty and out-of-warranty repairs for Mac, iPhone, iPad, iPod, Watch and Beats.

With a retail presence in the heart of Fitzroy we offer a large selection of the latest premium products and accessories.

If you need to get your hands on the latest iPhone, have your Mac repaired, or buy the latest tech and accessories talk to us today!",Consumer Electronics,2-10 employees,Privately Held,"Melbourne, Victoria, Australia",Australia,mybyte.com.au,https://www.linkedin.com/company/my-byte
AVE Technologies,"Newcastle and Hunter Valley Electrotechnology Specialists. 

AVE Technologies is a leading provider of industrial and commercial technology solutions in Newcastle, the Hunter Valley, the Central Coast, and the Mid North Coast. As one of the largest electrotechnology firms in New South Wales, we deliver integrated solutions across local, national, and international projects.

Our expertise spans advanced communications, automation, and security, supporting industries such as defence, construction, mining, power generation, aged care, education, government, and commercial infrastructure. We specialise in electrical installations, engineering testing, CCTV, security and access control, fibre optic and structured data cabling, operational technology, automation, mobile equipment technology, GPS solutions, public address and audio-visual systems, machine guidance, safety systems, and remote control technology.

From small business setups to large-scale technology implementations, AVE Technologies provides end-to-end solutions tailored to your needs.",Consumer Electronics,51-200 employees,Privately Held,"Newcastle, New South Wales, Australia",Australia,avetechnologies.com.au,https://www.linkedin.com/company/ave-technologies-pty-ltd
IQU GROUP,IQU Group is an Australian company that has been created to bring smart devices and services to the Oceania mass market by partnering with like minded high quality & innovative companies that can enrich our customers lives and enable them to live a fulfilled & connected life. We pledge to always have as a priority to serve and delight our customers.,Consumer Electronics,11-50 employees,Privately Held,"Sydney, New South Wales, Australia",Australia,iqu-group.com,https://www.linkedin.com/company/iqu-group
Hagemeyer Brands Australia,"Hagemeyer is Australasia’s leading house of international premium brands and the principal distributor and marketer of the very best in modern living.

Born of the last 60 years of operating in Australasia, Hagemeyer gives Australians access to some of the world’s most desirable premium brands, and international brand owners a gateway to the most vibrant consumer market in the southern hemisphere.

Our brands include Smeg, Blanco, DeDietrich, Omega, Polaroid and JVC.",Consumer Electronics,201-500 employees,Privately Held,"Sydney, New South Wales, Australia",Australia,hagemeyer.com.au,https://www.linkedin.com/company/hagemeyer-brands-australia
Ortomi,"Ortomi began in 2021 as a student project by co-founders, Sam and Christian, with the goal of capturing the comforting presence of a real pet. The first Ortomi prototype did nothing more than blink and stare but received a great deal of support and positive feedback which encouraged us to begin building and assembling several more.

Before we knew it, we were selling thousands all around the world to people who valued the companionship of a small robot friend. Since the first prototype, we’ve sold 5,000 units across 66 countries worldwide and we plan on developing and improving Ortomi to make the best product we possibly can. We are so excited for the next chapter of the Ortomi journey and hope you can join us for the ride!",Consumer Electronics,2-10 employees,Privately Held,"Adelaide, South Australia, Australia",Australia,ortomi.com,https://www.linkedin.com/company/ortomi
LEN WALLIS AUDIO PTY LTD,"More than Forty Years of Excellence
Whilst our products and services encompass a wide range of products including speakers, cables, TV’s, amps and control panels, we’re fundamentally embedded in the industry because of our underlining passion of enriching lives and improving lifestyles through the application of entertainment technology. This philosophy, along with expert staff, rigorous high standards and a lifetime of experience is what makes us one of the most respected and most highly awarded Hi-Fi and Audio Visual design and installation companies in Australia.

Experiences through History
Len Wallis Audio began in 1978 as one man with a sound vision taking the name of it’s founder. Operating from a small shop in Lane Cove, Len Wallis crafted a business that prided itself on providing the best HiFi products and service in the industry.

40 plus years later technologies have dramatically evolved and the business has developed into a thriving organisation with multiple specialised divisions, and expansive showroom with a variety of experience lounges for customer consultations. The same philosophy of the best products combined with superior service plays louder than ever.

Our Passion
Len Wallis Audio has won an unprecedented 28 Australian CEDIA (Custom Electronic Design and Installation Association) ‘Installation of the Year’ awards, including being the first company outside of the United States to be awarded the International CEDIA ‘Dealer of the Year’.

In 2017 Len Wallis was inducted as a CEDIA Fellow, the first Australian to receive such an honour. Our industry peers continually acknowledge our excellence with prestigious awards, and our customers constantly acknowledge us by consistently returning to further enrich their everyday lives. The unique combination of our product range, level of service and expertise enables us to provide solutions to standards that most retailers cannot.

We are passionate about our trade, proud of every job we do and always hav",Consumer Electronics,11-50 employees,Privately Held,"Sydney, New South Wales, Australia",Australia,lenwallisaudio.com,https://www.linkedin.com/company/len-wallis-audio-pty-ltd
Avation,"Automation and audio-visual suppliers for the custom installation industry. 

Avation first opened their doors on the sunny Gold Coast in QLD, 2010 with a small team of 3 dedicated people who all shared a passion for smart home automation, audio visual and control solution products. As the technology grew and evolved so did Avation, now with a branch in New Zealand as well, we boast a team of 13 enthusiastic and dedicated staff, Avation is now the premier provider of control systems and audio visual distribution solutions.

Today, Avation is committed to providing you with not only the latest and best of the audio visual and control products highlighted on this website, but also with providing exceptional customer service, training and technical support to our extensive dealer network.

Our experienced technical support team are standing by to support you with all your technical requirements, in all aspects of home & commercial building automation and systems integration. Need help with innovative designs and solutions to challenges that you may be facing in your AV projects? Contact us, we will design the best solution for you

Proud members of CEDIA and HDBaseT alliance. Extensive deal network across Australia and New Zealand. Full turn key solutions for any project.",Consumer Electronics,11-50 employees,Privately Held,"Gold Coast, Queensland, Australia",Australia,avation.com.au,https://www.linkedin.com/company/avation
eXperienceONE,"The team here at eXperience ONE have been integrating smart technology across a couple of decades and applying our knowledge in the residential, luxury marine and assistive living sectors.",Consumer Electronics,11-50 employees,Privately Held,"Brisbane, Queensland, Australia",Australia,xone.com.au,https://www.linkedin.com/company/xonesmarthome
JFK Automation,"JFK Automation are a premier technology integration company based in Sydney, Australia.
Established in 2002, JFK have built a reputation for excellence in design and installation, with a strong focus on service.
Specialising in home and commercial automation, JFK offer a full range of services including consultancy, design, project management, installation and programming. 

We aim to simplify technology making it easily accessible, regardless of your technical expertise.",Consumer Electronics,11-50 employees,Privately Held,"Sydney, New South Wales, Australia",Australia,jfk.com.au,https://www.linkedin.com/company/jfkautomation
Moduware Inc,"Moduware is a modular IoT platform. Through modularity, anyone can customize the functions of their devices. Through our Modcase, the world’s first modular smartphone case, and the Modpack, a standalone modular device, users can go modular anywhere from the familiarity of the smartphone to the comforts of home. 

Moduware is an open platform, meaning anyone can create modules using our Developer's Kit and we will help bring them to life on the Moduware Hardware App Store, the first of it's kind.

Find out more at Moduware.com",Consumer Electronics,11-50 employees,Privately Held,"Melbourne, Victoria, Australia",Australia,moduware.com,https://www.linkedin.com/company/nexpaq
Pantheone Audio,Pantheone Audio is an Australian design firm that focuses on creating beautifully designed pieces of art and décor that also serve as state-of-the-art sound systems.,Consumer Electronics,11-50 employees,Privately Held,"Sydney, New South Wales, Australia",Australia,pantheoneaudio.com,https://www.linkedin.com/company/pantheone-audio
JURA Australia Espresso Pty Ltd,"JURA of Switzerland was founded in 1931 manufacturing small appliances; in 1937 JURA manufactured its first coffee machine. Since the early 1990’s, JURA has focused on fully automatic coffee machines.

In 2000, with JURA’s dominance in the European market growing, Australian consumers for the first time were able to experience and enjoy JURA’s range of premium fully automatic coffee machines, bringing JURA’s philosophy of precision engineering and unparalleled service to the Australian market.

In January 2012, with its commitment to the Australian Market reinforced, JURA Australia Espresso Pty Ltd became the eighth affiliate to join the JURA Group, continuing to sell JURA’s range of fully automatic coffee machines through a large national network of distributors and retailers.

With its main office located in Melbourne, JURA Australia inaugurated its first Hospitality Centre in January 2012, also in Melbourne. The Hospitality Center provides our customers an insight into the world of coffee. Here you can experience our service philosophy with transparent costs and services. A specialist will lead you through the diagnosis of your machine. To ensure that the repair is not only of the best quality, we have introduced the capped price system for a cost effective and efficient service. The Hospitality Centre is the perfect place to receive expert knowledge and advice on fully automatic coffee machines, bringing JURA’s commitment to service and support to our customers.

For more information on any of our products, please visit www.jura.com",Consumer Electronics,11-50 employees,Privately Held,"Melbourne, Victoria, Australia",Australia,jura.com,https://www.linkedin.com/company/jura-australia-espresso-pty-ltd
Moki International,"Moki sells headphones, speakers, chargers, adapters, and accessories. They offer online shopping and delivery services. They also offer hand sanitizer.",Consumer Electronics,11-50 employees,Privately Held,"Braeside, Australia",Australia,mokiinternational.com,https://www.linkedin.com/company/moki-int
Roadhound Electronics Pty Limited,"Roadhound is Australia's longest operating and largest privately owned national distributor and service provider of mobile phones, tablets and wearables. We deliver state of the art, secure and reliable supply chain services and solutions to some of the world's most iconic brands.",Consumer Electronics,11-50 employees,Privately Held,"Newcastle, New South Wales, Australia",Australia,roadhound.com.au,https://www.linkedin.com/company/roadhound-electronics-pty-ltd
BioChef Kitchen Appliances,"Launched in 2011, the BioChef brand is the result of years of research to reach our goal
of providing our customers with top quality health products for the healthy kitchen.
We want to supply our customers with Living Food Kitchen Appliances that provide
genuine health benefits, all while making this technology more affordable than leading
brands on the market.
Our core range of Cold Press Juicers, Blenders and Food Dehydrators are manufactured
to the highest standards using the latest technology. Powerful motors, superior stainless
steel blades, robust casings and parts allow customers to enjoy their products for years.
We believe our products are the best in the world and therefore we back this up with long
warranties on motors and parts.
The BioChef brand was developed by one of the world’s leading health product
distributors, Vitality 4 Life from Byron Bay, Australia.
Vitality 4 Life, a 25 year old company, are absolute pioneers in the cold press juicing world.
We bring our deep understanding of our customers and the health and wellness markets
to form what is todays BioChef brand, bringing you a product range unlike any other in the
world ...continually developing, sourcing and refining with raw innovation.

BIOCHEF AROUND THE WORLD
BioChef is sold into 30+ countries around the world. We have distribution, reselling and
supply opportunities available globally and guarantee this range will be the premium
offer in each region.

WHAT CAN BIOCHEF OFFER?
• Exclusive territorial distribution of our products
• Product differentials to many already out
• Innovative and new products to the market
• Good value product to the customer
• Margin to you as the distributor
• Distributor friendly terms and logistics direct from our factories",Consumer Electronics,11-50 employees,Public Company,"Byron Bay, New South Wales, Australia",Australia,biochefkitchen.com,https://www.linkedin.com/company/biochef-kitchen-appliances
Harvey Norman Seconds World,"Harvey Norman Seconds World offers genuine Factory Seconds, Carton Damaged, Factory Run Out Models and Brand New gas and electrical appliances – all directly from the manufacturers complete with the manufacturers warranty.",Consumer Electronics,51-200 employees,Partnership,"Sydney, New South Wales, Australia",Australia,2ndsworld.com.au,https://www.linkedin.com/company/2nds-world
Mini Projector,"Mini Projector provides you with the best portable mini projectors & accessories and information & advice about which mini LED data projector is right for you.
Mini Projectors are ideal for:

    * Business & sales presentations

    * Home entertainment from movies to music videos

    * Product & trade show demonstrations

    * Karaoke nights

    * Games consoles such as Wii, XBox & Playstation


At Mini Projector, we have selected and tested a range of mini LED data projectors and micro business tools and we support all of our products with:

    * Friendly telephone advice to help you select the right mini data projector for your requirements
      12 Month Manufacturer’s Warranty

    * Loan Projector if required during warranty service

    * 7 Day Upgrade Offer – if you find your chosen projector doesn’t meet your needs

    * After sales Telephone Support to help you get the most out of your new mini data projector

    * A select range of accessories to boost your presentation power

Mini Projectors will:

    * upsize your presentation impact

    * minimise your baggage

    * downsize your Carbon Footprint",Consumer Electronics,2-10 employees,Privately Held,"Dulwich Hill, New South Wales, Australia",Australia,miniprojector.com.au,https://www.linkedin.com/company/mini-projector
SMARTHOMEWORKS,"Enhancing your lifestyle and living experience with the innovative, technical designs of Smart Home Automation. We create and implement the installation of personalised home automation systems for our clients across Sydney. Our cost-effective solutions provide an unprecedented level of comfort, convenience, and sophistication in your home.",Consumer Electronics,2-10 employees,Self Owned,"Sydney, New South Wales, Australia",Australia,smarthomeworks.com.au,https://www.linkedin.com/company/smarthomeworks
Fixo,"Fixo makes buying mobile phone parts are breeze.

We'll dispatch a new iPhone LCD Screen to you from one of our many CBD Repair centres across Australia. 

Core Products:
iPhone Parts 
Samsung Galaxy Parts 
iPad Parts 
MacBook Parts
Apple Watch Parts 
Huawei Parts 
Google Pixel Parts 
LG Parts 
Oppo Parts
OnePlus Parts 


Website: https://www.fixo.com.au
Phone: 1300 962 545 
Address:
Level 11, 66 Clarence Street, 
Sydney 
NSW
2000",Consumer Electronics,2-10 employees,Privately Held,"Sydney, New South Wales, Australia",Australia,fixo.com.au,https://www.linkedin.com/company/my-phone-parts
Environexus,"Environexus believes the benefits of a smart and responsive home should be available to everyone, not only the wealthiest amongst us.

By combining the power, comfort, and convenience of the smart home with the sense of safety of a security system, Environexus is bringing the smart and secure home to the masses. The retrofit system design ensures that any home can become a smart home at an accessible price.

Founded in January of 2011, Environexus has focused on becoming a leading supplier of sustainable solutions smart building technologies for the residential and small scale commercial markets in Australia.

Availabel through a national network of partners including distributors, wholesalers, retailers, and installers, Nero is the affordable smart home solution for a single room, thorugh to a whole home or business.

For more information on Environexus or Nero, please visit https://environexus.com",Consumer Electronics,11-50 employees,Privately Held,"Melbourne, Victoria, Australia",Australia,environexus.com,https://www.linkedin.com/company/environexus
mbeat,"At mbeat, we know that too much choice can be confusing. We are always chasing the very latest innovations, including retro turntables, USB hubs, cables and chargers, seeking the most creative design, based on your needs and for your convenience.
Like all great tech success stories, mbeat had humble beginnings. Our innovations are now proudly sold globally, through leading retailers and re-sellers that you know and trust
Enrich your home life, work life, family life, social life, active life and busy life on the go.
Connect to Life with mbeat.",Consumer Electronics,2-10 employees,Privately Held,"Ferntree Gully, Victoria, Australia",Australia,mbeat.com.au,https://www.linkedin.com/company/mbeat
Camera Warehouse,"Camera Warehouse is a local Australian camera shop in Tempe, West Sydney and an eCommerce platform operating nationwide for more than 17 years.

Our shop and people are composed of photographers with both the love and technical expertise for photography. We provide every customer with real and honest recommendations on digital camera models and types, lenses, equipment, and tools.

We supply products such as Canon, Nikon, Sony, Panasonic, Olympus, Fujifilm and many more at the best comparable prices and warranty options. Our local warehouse stores only 100% Australian Stock & Warranty to keep the quality and availability of our items consistent.

Shop online, via phone or in-store today!",Consumer Electronics,11-50 employees,Privately Held,"Tempe, New South Wales, Australia",Australia,camera-warehouse.com.au,https://www.linkedin.com/company/camerawarehouse
Lighting International,"Lighting International Pty Ltd began in 1980, and was quickly recognised as a Western Australian market leader in both commercial and home/residential lighting. Since it’s inception, Lighting International Pty Ltd has remained a family run enterprise and completely WA owned and operated focusing on delivering quality, cost effective lighting to West Australians.

Lighting International enjoys key, strategic international partnerships ensuring high quality, economical, contemporary and consistant supply to its customers.

Since the first day Lighting International’s doors opened, it has grown to and now is proudly located in 5 convenient outlets across the Perth area.",Consumer Electronics,11-50 employees,Privately Held,"Perth, Western Australia, Australia",Australia,lightinginternational.com.au,https://www.linkedin.com/company/lighting-international
PICA Australia,"Australia and New Zealand's specialist distributor of premium lifestyle consumer electronics products harmonious to Apple Mac, iOS and Airplay.

Established in 1985, PICA Australia is Australia's and New Zealand's most experienced distributor for consumer electronics for Apple products.",Consumer Electronics,11-50 employees,Privately Held,"Melbourne, Victoria, Australia",Australia,pica.com.au,https://www.linkedin.com/company/picaaustralia
eRepublic,"Welcome to eRepublic. 

Doesn’t some of the pleasure exist in the excitement of buying? We don’t just love our products. We live them. And support is not just a word, it’s a person. We launch the revolution from Rundle Street at the cultural intersection of commerce and art. Are you ready to buy the future? eRepublic is Adelaide’s freshest Apple Reseller, challenging the status quo ‘cause we know there’s a better reality.

Are you ready for the revolution?

Apple Authorised Reseller. Opening 2012 on Rundle Street, Adelaide.",Consumer Electronics,11-50 employees,Privately Held,"Adelaide, South Australia, Australia",Australia,,https://www.linkedin.com/company/erepublic
#####,......,Consumer Electronics,2-10 employees,Privately Held,"Sydney, New South Wales, Australia",Australia,automatedav.com.au,https://www.linkedin.com/company/automatedavco
Futurizta Tech,"We believe that tech should be minimalistic, useful, yet versatile enough to make life easier at an affordable price point. And we work with three values in mind, world class durability, functionality and premium design.",Consumer Electronics,11-50 employees,Privately Held,"Sydney, New South Wales, Australia",Australia,futurizta.com,https://www.linkedin.com/company/futurizta-tech
Luksea,"Luksea is a wearable device designed to help the community stay connected whilst in the water. We aim to reduce fatalities and speed up the rescue process with vital communication shared to first responders, emergency services, and your chosen friends and family.

Luksea shares your location and identity, and communicates to your assigned emergency contact on all your adventures. 

The perfect device for swimmers, ocean races, surfers, sailors, body boarders, snorkelers, kite surfers, jet skis, kayakers, group tours and more. 

Find us on Instagram @lukseaco for more updates!",Consumer Electronics,2-10 employees,Privately Held,"Sydney, New South Wales, Australia",Australia,readyfundgo.com,https://www.linkedin.com/company/luksea
Navman AU/NZ,"Navman GPS is a leading manufacturer of world-class sat nav technology, offering some of the best GPS navigation systems and Dash Cams for cars, 4WD's and truck navigation. Navman's GPS devices include features like Smart Find, Truck Routes and the industry - first Landmark Guidance Plus.

Established in 1986, the Australia/New Zealand based company holds a unique position as an electronics company, employing more than 500 staff involved in the design, development and manufacturing of products including in-car GPS devices and dashboard cameras for recording incidents like collisions or accidents. 

Satellite navigation technology has been a core technology for Navman's products from inception. The company recognises the need for applications in transportation, recreation and personal information.

Navman is now an integral part of MiTAC International Corporation, and is a sister company to Magellan GPS, who design, develop and manufacture outdoor GPS products. MiTAC International Corporation (MIC) was founded in 1982 with headquarters in Taiwan. MIC is a world-class technology innovator and manufacturer with over ten thousand employees worldwide and locations in the US, UK, Australia, New Zealand, Belgium, China and Japan. The MIC portfolio includes the Magellan, Mio and Navman GPS brands, making MIC a worldwide leader in consumer GPS products.",Consumer Electronics,11-50 employees,Privately Held,"Sydney, New South Wales, Australia",Australia,navman.com.au,https://www.linkedin.com/company/navman-au-nz
Audiotech,"Audiotech are Canberra's leading specialist in Home Audio/Visual, Automation, Car Audio/Visual & 4X4 Accessories.",Consumer Electronics,2-10 employees,Privately Held,"Canberra, Australian Capital Territory, Australia",Australia,audiotech.net.au,https://www.linkedin.com/company/audiotech-canberra
TECXELS,"TECXELS is an electronics, robotics and software SME business. Established in 2020, we coordinate and run workshops and AI conventions for students and adults who are interested in the educational services we offer. We also import and export electronic components as well as in-house fabrications. In the rapidly developing STEM fields, TECXELS is committed to promoting innovative and impactful programs and strategies; TRAINING, EQUIPPING and MENTORING to benefit all parties.",Consumer Electronics,2-10 employees,Self Owned,"Perth, Western Australia, Australia",Australia,tecxels.com,https://www.linkedin.com/company/tecxels
Mobile Guru Australia,"Mobile Guru is the leading supplier of refurbished technology. We are a 100% Australian-owned and operated company dealing in trade of refurbished phones. We specialise in the sale of affordable new, pre-owned, and ex-demo phones, as well as a wide selection of mobile phone accessories.
Our vision is to implement a circular economy and promote sustainability to help reduce e-waste by buying used phones and selling refurbished phones at great prices. 

Whether you are searching for a great iPhone or a Samsung phone, you can always find what you need with us. All of our phones undergo 72-point check software tests to ensure 100% functionality. With up to 24 months of warranty, you get the best when it comes to mobile phones.",Consumer Electronics,2-10 employees,Privately Held,"Melbourne, Victoria, Australia",Australia,mobileguru.com.au,https://www.linkedin.com/company/mobile-guru-australia
Radiotronics (Australia),Supplier of two-way radio communications equipment.,Consumer Electronics,2-10 employees,Privately Held,"Melbourne, Victoria, Australia",Australia,radiotronics.com.au,https://www.linkedin.com/company/radiotronics-au
Bass Trading Corporation,"Bass Trading Corporation is primarily involved in the telecommunication and consumer electronics space. For over a decade, we have assisted big brand manufacturers, mobile phone operators, distributors, and retailers in managing their inventory efficiently. We have extensive experience in the relocation of distressed inventory to discreet markets, giving us the ability to take product from a market where it currently sits in the channel, and export it to markets where the product does not conflict with its new environment. 

Bass Trading Corporation is also the appointed refurbishment agent for Samsung Australia. Under contract with Samsung, the business buys all Samsung's store returns and refurbishes this product to Samsung's required specification and then re-sells into the seconds / refurbished market in Australia.",Consumer Electronics,11-50 employees,Privately Held,"Sydney, New South Wales, Australia",Australia,basstrading.com.au,https://www.linkedin.com/company/bass-trading-corporation
Pool Angel,"Drowning is the number one cause of DEATH in young children. Pool Angel is the science and technology of machines that see, giving you the most advanced second set of eyes when it comes to your children's safety and pets within your individually defined pool areas.",Consumer Electronics,11-50 employees,Privately Held,"Sydney, New South Wales, New South Wales, Australia",Australia,poolangelofficial.com,https://www.linkedin.com/company/poolangel
Audio Pixels Limited,"Audio Pixels Holdings Limited, through its subsidiary, Audio Pixels Limited, engages in the development of digital speakers in Australia and Israel. The company was incorporated in 2000 and is based in Sydney, Australia.",Consumer Electronics,11-50 employees,,"Sydney, Australia",Australia,audiopixels.com.au,https://www.linkedin.com/company/audio-pixels-limited
"Schrödinger Audio|声美达音响, Confield Technology Limited","Schrödinger Audio, the Hong Kong Audio Brand owned by Confield Technology Limited, has been focused in design, development, production, and sale and export of various types of OEM and ODM Audio and Consumer Electronics Products.

    Our products ranges include Vacuum Tube Amplifier, Noise Cancellation Headphones, Loudspeakers, Bluetooth Speaker, Headphones Amplifiers, Phono, HiFi and Home Audio, and Nixie Tube Clocks as well.

    Schrödinger Audio have its China Audio Products Factory in Shenzhen, Guangdong, one of the first Special Economic Zones in China. Its quality production premises is equipped with advanced testing and production apparatus for designing and manufacturing products in compliance with all the stringent ISO and customers requirements.

    Schrödinger Audio aims to be more efficient and committed to providing high quality of Audio Products to its customer through professional in-house design, manufacturing, quality control and customer services. By constantly upgrading itself, the company makes its possible for tracking of latest technology development.

    The company will never stop raising its customer satisfaction level by improving design, technology and quality of products, and through making closer customer relation. 

    Hope you can enjoy information in Schrödinger Audio Website. If you have any enquiry and comment please feel free to contact us.

   Tech Support: support@schrodinger.hk
   Sales and Customer Services: sales@schrodinger.hk
   General: info@schrodinger.hk
   Skype: Schrodinger.audio
   Tel: 852 26861139
    Website: www.schrodinger.hk",Consumer Electronics,51-200 employees,Privately Held,"Northern Territory, Australia",Australia,schrodinger.hk,https://www.linkedin.com/company/schrödinger-audio-confield-technology-limited
Futuretronics,Accessories for all Game Consoles,Consumer Electronics,11-50 employees,Privately Held,Australia,Australia,futuretronics.com.au,https://www.linkedin.com/company/futuretronics_2
FrankMobile,"Your Australian destination for premium refurbished iPhones. 

At Frank Mobile we're on a mission to make refurbished devices mainstream. Let's face it, the concept of refurbished electronics isn't exactly sexy. In fact, when we first came across the idea of used phones, our shared reaction was ewww mate.

But we dug a little deeper and we're glad we did. It turns out that refurb is amazing! Better for your wallet, better for the planet and the gear is unexpectedly fresh AF.

We didn't just stumble upon some unacknowledged problem that needed solving. We chose Frank because we're seeking to do business in an industry where we can make a big impact and have a lot of fun. Considering that over 50% of Australians use an iPhone, what better place to start?

Building a sustainable and conscious company is in our DNA so extending the life of perfectly good technology speaks to that. Phones are expensive but we're here to let you in on a secret; there's a better way to get your hands on really great tech. You've just got to be open minded. Sneaky Sneaks ;)

Welcome to your Australian destination for premium refurbished iPhones.
Get Franked xo",Consumer Electronics,2-10 employees,Privately Held,"Murarrie, Queensland, Australia",Australia,frankmobile.com.au,https://www.linkedin.com/company/frankmobile
StylePro,"Daily protection for your iPad, Tablet, e-Reader & Laptop. 
Unique durable materials, a perfect fit and detailed craftsmanship. A StylePro case is more than just a cover.
 
StylePro is an Australian owned and operated business, founded in 2009 and set out to offer stylish and functional protection for your iPad, Tablet, eReader, Macbook and Laptop. We offer extraordinary products that enhance your life on the go and protect your important device.
 
With an eye for detail and well-chosen durable materials, we produce covers and sleeves made to endure everyday use. A StylePro case is designed to fit your device perfectly, meaning every single cover is custom designed.",Consumer Electronics,11-50 employees,Privately Held,"Sydney, New South Wales, Australia",Australia,stylepro.au,https://www.linkedin.com/company/stylepro
AJF Electrical Distributors Pty Ltd,"AJF Electrical Distributors Pty Ltd is a proud family company that takes pride in specialising in the supply and service of electrical, data and communication products.",Consumer Electronics,2-10 employees,Privately Held,"Adelaide, South Australia, Australia",Australia,roycecrossgroup.com,https://www.linkedin.com/company/ajf-electrical-distributors-pty-ltd
CHT Solutions,"CHT Solutions specialize in Home Theater and Hi-Fi Systems.

We are based in Alexandria, NSW.",Consumer Electronics,2-10 employees,Public Company,"Chatswood, New South Wales, Australia",Australia,customht.com.au,https://www.linkedin.com/company/custom-home-theater-solutions
Raptic Australia,"Born and built in Los Angeles, Raptic (formerly Defense by X-Doria) prides itself on crafting electronic accessories that fit seamlessly into your world. Everything we offer from our premium protective iPhone cases to our charging stations are built with the L.A. lifestyle in mind, combining sophisticated details with strong protection to elevate the concept of drop-proof accessories. Our protective cases and associated tech accessories are built to last, accenting your phone and other devices while meeting the demands of living in an Urban Jungle.

Our focused approach allows us to keep up with rapidly changing trends, and respond with first-to-market stylish and protective products. Our focus, both as a brand and a team, is to provide functional solutions in a stylishly designed package to provide the best-in-class products consumers need and desire. Raptic's design team believes and delivers on the idea that mobile accessories should look and feel as good as the products they protect.",Consumer Electronics,11-50 employees,Privately Held,"Melbourne, Victoria, Australia",Australia,rapticstrong.com.au,https://www.linkedin.com/company/raptic-australia
Tech Cart,"Tech Cart provides technology products and equipment wholesale direct at unbeatable market prices, delivered to your door Australia wide.",Consumer Electronics,11-50 employees,Privately Held,"Brisbane City, Queensland, Australia",Australia,techcart.com.au,https://www.linkedin.com/company/tech-cart
Omarco Pty Ltd,"At Omarco, we are a driven team whose mission is to pioneer brilliant new products through innovation and to deliver the best possible user experience ever. The key to a remarkable product is to have the right elements work together and leave out the unnecessary. In our space of products, design is tremendously the single most paramount element. Design is a collective obsession at Omarco.

As intricate designers and engineers, we make sure to leave a precise luxury touch to every product we bring to life through the unparalleled care we bring to all of our products.",Consumer Electronics,2-10 employees,Privately Held,"Sydney, New South Wales, Australia",Australia,getairbank.com,https://www.linkedin.com/company/officialomarco
Involve Audio,"Involve Audio, established in 2009 has been been working on a revolution in audio technology.  Its speciality is Stereo to Surround sound.  Any stereo to full surround sound.  Perfected where all others have failed, the company has also developed a broadened surround sound envelope and perfected the electro-static speaker. 

Formerly Reality Technologies Australia, Involve Audio represents the decades of electronic, design and audio engineering expertise of a highly passionate and motivated team.

This passion, coupled with a genuine desire to push forward what is widely regarded as a stagnating audio reproduction industry, is what drives Involve Audio to pioneer the very best in sound technology today.

No other company has the underlying technology to produce the quality in sound that is produced by Involve. This applies to the very largest, as well as the best-known, brands.

Today, Involve stands on the brink of bringing a new sound paradigm to the market and we invite all those who truly wish for a better sound experience to join us.

Awards

CES Design Innovation award - 2007
CES Design Innovation award (Hifi and Home Theatre) - 2012

Held in Las Vegas and hosted by the Consumer Technology Association, CES is an international event that showcases world class consumer technologies. It has served as the proving ground for innovators and breakthrough technologies for 50 years.

The CES Innovation Awards program is an annual competition honouring outstanding design and engineering in consumer technology products. The program recognises honourees in a multitude of consumer technology product categories and distinguishes the highest rated in each.

STEREONET Awards Best Innovation - 2018

STEREONET is Australia's largest and best-attended International exhibition of Hi-Fi, Home Cinema, Headphones and Home Entertainment: 

www.stereo.net.au/features/stereonet-awards-2018-melbourne-international-hi-fi-show",Consumer Electronics,2-10 employees,Privately Held,"Melbourne, Victoria, Australia",Australia,involveaudio.com,https://www.linkedin.com/company/involve-audio
Audio Magic Pty Ltd,"Audio Magic, a specialized distributor and wholesaler of hi-end audio equipment, brings to the Australian market premium European brands: Ayre Acoustics, Aqua Acoustics, Kudos, Harbeth, Lavardin, Bauer Audio, Tellurium Q, Ton Trager, Kudos Audio, Hana, Rogers, Stenheim.

Our goal is to offer you the best price-quality ratio in the top class, as well as a diverse selection of speakers and turntables with several decades of tradition and reputation, to the most advanced hybrid amplifiers/streamers that push the boundaries of the audiophile sound.",Consumer Electronics,2-10 employees,Privately Held,"Melbourne, Victoria, Australia",Australia,audiomagic.com.au,https://www.linkedin.com/company/audio-magic
Home Theatre Life,"Merging Technology and Media. Simply. Home Theatre Life is the best source for the latest information, how-to guides and advice on Media Centres, Technology and Home Theatre. We want to make home theatre technology accessible for everyone, covering a diverse range of products from consumer electronics to custom Home Theatre PCs.",Consumer Electronics,Self-employed,Self Owned,"Melbourne, Victoria, Australia",Australia,hometheatrelife.com,https://www.linkedin.com/company/home-theatre-life
B.One Hub Australia & New Zealand,"B.One Hub is the world’s most sophisticated Home & Office Automation Smart Hub. B.One has far more features than most other Home Automation products, but is surprisingly affordable- this is what sets it apart in the contemporary IoT (Internet of Things) market. It is compatible with a wide eco-system of sensors that includes most leading brands. Its backward and forward compatible; meaning it can be retro-fitted for older devices and is ready for new and emerging technologies.

B.One puts the control of your home literally at your fingertips- using your smart phone and the B.One app. It is an efficient energy-saving device that can help slash your electricity bills.  You can have better control over not just your home and office security; but also consolidate all the remote controls and manage various media in your home with the B.One Hub. 

B.One gets smarter as you go- the B.One logic engine runs on proprietary algorithms that help it quickly learn from user behaviour, helping it get more and more efficient and tuned in to your lifestyle, behaviour and preferences.  B.One Hub gives you enhanced control of your home, not matter where in the world you are. It does so by anticipating, predicting and notifying you of key activities or events to provide enhanced security and efficiency within your home. 

B.One Hub has been listed on Kickstarter, where it trended in the top-10 most popular products under the technology category.",Consumer Electronics,11-50 employees,Privately Held,"Adelaide, South Australia, Australia",Australia,b1hub.com.au,https://www.linkedin.com/company/b.one-hub-australia-&-new-zealand
Ultra Imagination Technology Pty Ltd,"Ultra imagination technology is 100% Australian wholesale and distribution business.

Our company is based in Melbourne. Our aim is to be the leading consumer electronics and I.T. product distributor in Australia with the vision to serve the rest of the world. 

Our distribution networks cover national leading massive merchants, such as Harvey Norman Computer Super Stores, premium online mega stores, such as deals direct, OO and other good computer retail stores national wide.

Our expertise in retail and online market helps us to build the long term and solid business relationship with our clients for many years. We are always one step ahead of our competitors in offering the latest products and innovative marketing strategies.",Consumer Electronics,2-10 employees,Privately Held,"Melbourne, Victoria, Australia",Australia,ultra-imagination.com,https://www.linkedin.com/company/ultra-imagination-technology
Water Secure Co,"Track your water usage & protect your home from water damage. Meet the industry-leading Smart Home Water Security System. A suite of products that work together to protect your home from supply-side and drain-side (sinks, toilets, etc) water damage and leaks, 24/7.",Consumer Electronics,51-200 employees,Privately Held,"Sydney, Nsw, New South Wales, Australia",Australia,watersecureco.com.au,https://www.linkedin.com/company/water-secure-co
VPG Australia,"We specialise in developing innovative and dependable solutions that solve our customers' unique (and often complicated) merchandising or loss prevention problems.

We assist retailers in securing product displays while providing their customers with an enhanced shopping experience. Our electronic security systems provide shoplifting protection while putting fully functional display items into the hands of potential buyers.

Offering off-the-shelf and custom secure merchandising solutions, get in touch with our experienced team to learn how we can assist with your profit protection plan OR create custom solutions. 
Our team will collaborate with your visual merchandising and profit protection teams to deliver a unique, secure and exciting in-store experience.

""Powered by Innovation. Secured by Experience""",Consumer Electronics,2-10 employees,Privately Held,"Galston, New South Wales, Australia",Australia,vanguardprotexglobal.com,https://www.linkedin.com/company/vpg-australia
Jung Tech,"Jung Tech is a 100% Australian owned brand and company. Delivering you the latest in Tech News, updates, hacks, cyber crime, reviews and more!
Don't forget to jump onto our store which has all the latest gadgets and gizmos from all your favourite brands and more!",Consumer Electronics,2-10 employees,Privately Held,"Moonee Ponds, Victoria, Australia",Australia,jungtech.com.au,https://www.linkedin.com/company/jung-tech
SNAPTRAX,"The wearable bluetooth speaker which allows control of your smartphone with your voice. Make calls, send messages, set reminders and much more! Coming 2016",Consumer Electronics,11-50 employees,Privately Held,"Sydney, New South Wales, Australia",Australia,snaptrax.co,https://www.linkedin.com/company/snaptrax
House of Marley Australia,"Bob Marley’s vision of equality, love, philanthropy and sustainability continues to uplift and unite hearts around the globe. House of Marley realizes Bob’s vision of One Love, One World by creating lifestyle products that are crafted to last, use earth-friendly materials and benefit people and planet. House of Marley donates five percent (5%) of its annual profits to 1Love (www.1Love.org). The epicenter of a global movement, 1Love.org is dedicated to spreading Bob Marley's message of unity and peace by lifting up a new generation of ""young gongs"" to strike the hammer for charities, causes and ideas that can change the world.",Consumer Electronics,2-10 employees,Public Company,"Melbourne, Victoria, Australia",Australia,thehouseofmarley.com.au,https://www.linkedin.com/company/house-of-marley-australia
Integratd Living,"At Integrated Living, we specialise in designing and implementing advanced building automation systems using Loxone. We believe Loxone offers one of the most sophisticated and versatile automation solutions available today.

Our Expertise:
Comprehensive System Design: We tailor Loxone's capabilities to meet the unique needs of each project, ensuring seamless integration across lighting, HVAC, security, and energy management systems.

Energy Efficiency & Sustainability: By automating systems to adapt to real-time conditions, we enhance energy savings and promote sustainable building practices. 

Reduced Human Interaction: Loxone's intelligent automation minimizes the need for manual adjustments, creating a more comfortable and efficient environment.

Simplified Cabling: Utilizing Loxone's Tree and Air technologies, we streamline wiring requirements, reducing installation complexity and costs.

Key Features of Loxone Systems:

Lighting Control: Advanced, customizable lighting solutions that adapt to various settings and moods. 

HVAC Management: Intelligent heating, ventilation, and air conditioning control for optimal comfort and energy efficiency.

Shading Solutions: Automated shading systems that respond to environmental conditions and user preferences.

Security & Access Control: Integrated security measures, including surveillance and access management, ensuring safety without compromising convenience.

Energy Monitoring: Real-time energy consumption tracking to promote sustainability and cost savings.

Our commitment is to deliver building automation solutions that not only meet current needs but are also adaptable for future advancements, ensuring long-term value and efficiency.

For a deeper understanding of the advantages of Loxone, get in touch and visit our showroom:

living@integratd.com
1300 393 060

Instagram: @integratd.living
#wemakeahome",Consumer Electronics,2-10 employees,Privately Held,"Leichhardt, New South Wales, Australia",Australia,integratd.com,https://www.linkedin.com/company/integratd-living
ARCHINGEO INNOVATIONS,"ARCHINGEO INNOVATIONS is introducing smart sensors that would carry out conditioned based monitoring of equipment, structures e.t.c. which is a type of structural integrity monitoring. 
Structural Integrity Management (SIM) is a process or measure that is put in place to increase the capacity of an any structure to function effectively and efficiently over the designed lifetime of the structure whilst protecting health, safety of the personnel working on the structure in its environment. 
With the ongoing exploration of earth oceans and its outer space and future ambitious projects to colonize these environments. Plans and strategies have to be put in place to monitor the safety of lives and properties that will inhabit these environments. Defects and damage on structures or equipment used in these environments has been monitored using the routine Inspection, Maintenance and Repair(IMR), but with the incoming pace of online monitoring (OLM) a sensor that would monitor real-time conditions of the equipment and structures in this environment is necessary.
ARCHINGEO INNOVATIONS has decided to improve the Structural Integrity Management industry by introducing Mobile communications with the use of smartphones and Internet of Things wearable to introduce the ease at which the processes are carried out. This will increase the effectiveness and efficiency of online monitoring process(OLM). ARCHINGEO INNOVATIONS also intends to look at the problem of Big data facing the industry. In the end ARCHINGEO INNOVATIONS intends to transfer this knowledge to use in Construction Industry, Energy Industry, Wind Turbine, Nuclear Power Plants etc.",Consumer Electronics,2-10 employees,Privately Held,"Sydney, New South Wales, Australia",Australia,archingeoinnovations.com,https://www.linkedin.com/company/archingeoinnovations
Gadget Doctor,"Software help, device slow? Glitching or updates needed?Hardware help - battery, HDD installation? Broken fan or screen?
Protection for your device? Screen protectors and cases.",Consumer Electronics,2-10 employees,Public Company,"Central Coast, New South Wales, Australia",Australia,gadgetdoctor.com.au,https://www.linkedin.com/company/gadget-doctor
iKEON,"iKEON, a technology enterprise, strives to enhance various facets of contemporary living, encompassing home automation, security, and entertainment. 

Our focal point is the user, making technology more accessible, intelligent, and user-friendly. We introduced cutting-edge products, such as the world's inaugural voice-controlled in-wall power outlets, light switches, power boards and sensors. 

iKEON is the primary all-in-one platform for secure home automation and power control.",Consumer Electronics,2-10 employees,Partnership,"Blakehurst, New South Wales, Australia",Australia,ikeon.com.au,https://www.linkedin.com/company/ikeon
RFI Technology Solutions (RF Industries Pty Ltd),,Consumer Electronics,201-500 employees,,"Sydney, New South Wales, Australia",Australia,,https://www.linkedin.com/company/rfi-technology-solutions-rf-industries-pty-ltd-
AURALIS,"AURALIS instantaneously turns your music into a light show, just like a concert. Whether it's to use at a house party, assist you during music production or performing, or just to simply be used in your room, AURALIS is an experience like no other.",Consumer Electronics,2-10 employees,Self Employed,"Sydney, New South Wales, Australia",Australia,auralis.com.au,https://www.linkedin.com/company/auralisofficial
Noeledge Systems,"Noeledge System Pty Ltd is much more than just another computer store. Our team of fully trained and accredited engineers have certifications from World leading technology vendors including Apple, Cisco, D-Link, Intel, HP, Microsoft, Toshiba and VMWare.

Our team has over 20 years of experience in supporting SMB, professional services and education sectors. With access to all the leading IT brands, and the buying power of a Leading Edge Computers National buying group, you can be assured of the right solutions at the right price.

Our Partners include Apple, Cisco, Lightspeed, Lenovo, D-Link, Intel, HP, Microsoft, Toshiba and many more. Using the latest proven technologies, our trained staff will design the right solution for your business.

Our diverse skill set and vast experience, combined with the largest stock holding of IT equipment for business in Taree NSW 2430, make Noeledge Systems the number one choice for your Organisation’s IT support needs.",Consumer Electronics,2-10 employees,Privately Held,"Taree, New South Wales, Australia",Australia,noeledge.com.au,https://www.linkedin.com/company/noeledge-systems
Hemisphere Business Consultants,"Focus:
Market entry and brand growth for consumer electronics brands in the Australia/New Zealand region. 
Services:
Market research, brand representation, sales and distribution partnerships, marketing plan development, and social media management. 
Approach:
Acts as an extension of the brand, building trust and providing tailored, results-driven plans with clear reporting.",Consumer Electronics,2-10 employees,Privately Held,"Sydney, Nsw, New South Wales, Australia",Australia,hbcon.com.au,https://www.linkedin.com/company/hemisphere-business-consultants
Entertaining Environments,"Entertaining Environments or EE as we fondly call it was founded in 2013 by Rob Sanders, a veteran of 25+ years in the consumer electronics and custom installation industry.

We design, engineer, and install contemporary lifestyle solutions to homes, business and hospitality, that enrich our clients' lives; we make technology easier. We service residential and commercial clients with extensive experience in luxury homes, hospitality and multi-dwelling technology solutions.

We cover all technology disciplines on projects and work closely with our clients, their architects, builders, interior designers and other third-party trades. We segregate these disciplines into six easy to understand terms that encompass various fields:

Automation (Complete integration of technology - graphic and voice control)
Entertainment (Audio and video distribution, Home Cinema)
Comfort (HVAC – Heating, ventilation & cooling integration, pool/spa control, irrigation control and blind control)
Communications (VOIP – Voice over IP, Intercoms’ and wired and wireless networking) 
Lighting and Electrical (Smart Lighting Control, Luminaire and Lighting fixture supply) 
Safety (Alarm Systems, Surveillance (CCTV) and Access Control) 

Our offices and Experience Centre are located in the Docklands area of Port Melbourne. We understand that technology can be daunting and that’s why we built a state of the art showroom so you can discover first-hand, the lifestyle benefits of contemporary electronic technologies integrated with industry leading expertise. Our Experience Centre is available by appointment and showcases the many contemporary solutions we provide within a fully operational environment. Our clients, as well as our partners and their clients, find our Experience Centre an invaluable tool to see how professionally designed and installed technology products and services can make a true lifestyle difference.

We look forward to seeing you!",Consumer Electronics,2-10 employees,Privately Held,"Altona North, Victoria, Australia",Australia,e-e.com.au,https://www.linkedin.com/company/entertaining-environments
Minca Cases,"Minca Cases is an online boutique based on the Gold Coast, Australia. We created this brand and small Australian business after identifying the lack of affordable options available in the Australian market, to protect those expensive mobile phones. We have a range of exclusive mobile phone cases and accessories, available at an affordable price! 

We offer next day dispatching, directly from our warehouse on the Gold Coast, as well as free 60 day returns. We also offer free international shipping on all orders over $40! You can buy now, and pay later – by choosing either Afterpay or Zippay at the checkout!",Consumer Electronics,2-10 employees,Privately Held,"Gold Coast, Queensland, Queensland, Australia",Australia,mincacases.com,https://www.linkedin.com/company/minca-cases
First Blood,,Consumer Electronics,2-10 employees,Privately Held,"Melbourne, Victoria, Australia",Australia,aufb.net,https://www.linkedin.com/company/first-blood在线商城
TrackAll Australia,"TrackAll - We provide GPS tracking products for Pets and Vehicles (Cars, Boats, Trucks and Bikes)",Consumer Electronics,51-200 employees,Privately Held,"Keysborough, Victoria, Australia",Australia,trackall.com.au,https://www.linkedin.com/company/trackall-australia
iPad Pro Repairs,"iPad Pro Repairs exists to take the hassle and though out of service and repairs for iPad Air, iPad Pro, iPad Mini and iPad devices. With over 5 years of iPad fixing and repairs in Australia, iPad Pro Repairs is a well positioned small business positioned to service consumer and business markets in Australia and New Zealand. 

iPad Pro Repairs has extensive knowledge in servicing the Australian Education sector offer iPad Repairs for Schools an Universities in Sydney and Brisbane.

From Service centres in Sydney, Brisbane and Melbourne we offer same day iPad Pro Screen Replacements, Battery Replacements, Charger port Replacements and more. 

Cracked Glass Digitizer on your iPad device? Drop it in to an iPad Pro Repairs service centre near you.


To schedule your next iPad Pro or iPad Air Repair call or email the team at iPad Pro Repairs Sydney today.

Phone: (02) 8705 5451
Email: hello@ipadprorepairs.com.au
Web: https://www.ipadprorepairs.com.au/",Consumer Electronics,2-10 employees,Privately Held,"Sydney, New South Wales, Australia",Australia,ipadprorepairs.com.au,https://www.linkedin.com/company/ipad-pro-repairs
MyProjectorLamps Australia,"MyProjectorLamps is the most trusted name in projector lamps. We supply lamps for over 7,500 projector models and we ship to every country in the world. We have offices in Sydney (Australia), Miami (USA), Calgary (Canada), Mexico City (Mexico), Rio de Janeiro (Brazil), Amsterdam (The Netherlands), Tokyo (Japan), and Pune (India). We offer quality products, superior service and the fastest delivery in the industry thanks to our in-house inventory and express overnight shipping options from 8 global offices.",Consumer Electronics,11-50 employees,Partnership,"Sydney, New South Wales, Australia",Australia,myprojectorlamps.com.au,https://www.linkedin.com/company/myprojectorlamps-australia
Sortly,"Designed by consumers for consumers, 
Our goal is to simply allow you to select, choose and buy.
Our mission is you, understand and ensure what you need is what we find.

We are a team obsessed with technology, shopping and fun. We believe like many, time should be spent enjoying the things you love. We absolutely love technology and how it can enhance our lives. 

We have always dreamed of a simpler world and now sortly wants to bring simplicity to your technology shopping experience, bringing our knowledge and advice to you. We want you to have the trust and confidence that every time you shop with us we will provide you with the best customer experience, our focus is you and delivering the best price, quality and service..

We are here to help! 
Got a question? Want to send us feedback? Just want to say hi? don't hesitate to contact us.

Michael@mysortly.com
Ryan@mysortly.com

www.mysortly.com",Consumer Electronics,2-10 employees,Partnership,"Maroubra, New South Wales, Australia",Australia,mysortly.com,https://www.linkedin.com/company/sortly
Brick - Portable Battery Chargers,Welcome to Brick! We provide portable battery chargers for your bar/restaurant!,Consumer Electronics,2-10 employees,Privately Held,"Sydney, Nsw, New South Wales, Australia",Australia,chargewithbrick.com,https://www.linkedin.com/company/chargewithbrick
Flaretech,,Consumer Electronics,2-10 employees,Privately Held,"Adelaide, South Australia, Australia",Australia,flaretech.com.au,https://www.linkedin.com/company/flaretech
Flintu,"It all started in a dark alley in Bogota...

Well, sort of.

A few years ago, the co-founders of Flintu, Luke and Evan, were stranded in the mean streets of the Colombian capital at night. They were lost, their phone batteries were dead, and their hopes of finding their hotel were growing slim.  Fortunately, they found their way out, but it got them thinking about all those other times our phone batteries let us down.
 
That was the catalyst for starting Flintu (flin-too), creating super portable chargers to keep you connected and in control. Because whether you’re trying to text your partner, make an emergency call, find your way when you’re lost, the power of connection is important to us all.",Consumer Electronics,2-10 employees,Privately Held,"Sydney, New South Wales, Australia",Australia,flintu.com,https://www.linkedin.com/company/flintu
Kicktech,"Kicktech is a leader in home integration. We specialise in custom home automation systems, lighting control, home theatre, whole house audio, structured cabling, home security, phone systems, energy management, and much more.

With over 10 years of business and systems integration experience, Kicktech is the solution to your home design for today's electronic lifestyle. We have an exceptional combination of audio video systems designers and technicians that can provide creative designs, systems integration, and ease of control for your home.

Whether we are programming your systems for access by a simple touch screen control, designing your ultimate home theater experience, or installing the best security system to protect your investment, we at Kicktech understand the unique care and attention to detail you need to create your dream home.

Let us exceed your expectations. Call us today!",Consumer Electronics,2-10 employees,Public Company,"Terrey Hills, New South Wales, Australia",Australia,kicktech.com.au,https://www.linkedin.com/company/kicktech
En-Kontrol Pty Ltd,"En-Kontrol is a smart combination of innovations that will transform your home into an intelligent haven. Whether it is enhanced security, appliance management or climate control, En-Kontrol  is committed to delivering the comfort, security, and energy-efficiency that home-owners and businesses seek at cost-effective prices. 

Why choose En- Kontrol 
a)	User-friendly implementation: Every home automation technology should not only be easy to install, but also simple to use. Our smart home technology has been designed to deliver ease-of-access as a key feature. 
b)	Cost-effective pricing: Creating a smart home doesn’t have to be expensive, and our solutions offer the best experiences at the most affordable prices. 
c)	Exceptional functionality: We design professional home-automation systems that are tailor-made to complement the benefits that you desire. 
d)	Improved energy-efficiency: An intelligent home can help you drastically reduce your energy costs. We have got everything covered, right from smart thermostats to lighting controls to usage monitoring. 
e)	Remote access capabilities:  There is nothing that beats the convenience of controlling your home from a remote location. We help you reach that level of comfort by giving you highly-compatible remote functionalities.",Consumer Electronics,2-10 employees,Privately Held,"Sydney, New South Wales, Australia",Australia,enkontrol.com.au,https://www.linkedin.com/company/enkontrolaus
Smart Electrical Queensland,"Home Appliance retail/wholesale Retailer/Wholesaler in South East Queensland, dealing exclusively with the major appliance brands in the consumer appliance industry for Queensland, Australia. We sell anything from Carton Damage, Scratch & Dent, Referbished and broadly, Factory Second Home Appliances & Entertainment for heavily discounted prices. 

5 locations across South East Queensland inside shopping centres, with wholesale/service partners across Australia.",Consumer Electronics,11-50 employees,Privately Held,"Brisbane, Qld, Queensland, Australia",Australia,smartelectronicsqld.com,https://www.linkedin.com/company/smartelectricalclearanceoutletqld
Neophonics,"Importers and distributors of exclusive audio and video products.

Neophonics has focussed on partnerships with specialist manufacturers that produce novel high performance products and achieve excellence in their fields and select specialist retailers who are experienced and qualified to demonstrate and install our products.

Our goal is to deliver prestige audio and video products to people for their ultimate enjoyment.

A brand distributed by Neophonics is your guarantee of a quality high-end product.",Consumer Electronics,2-10 employees,Privately Held,"Melbourne, Victoria, Australia",Australia,neophonics.com,https://www.linkedin.com/company/neophonics
The Creator Chamber Company,The Creator Chamber Company is an Australian owned designer and manufacturer of stunning 3D Printing Gear.,Consumer Electronics,2-10 employees,Privately Held,"Sydney, New South Wales, Australia",Australia,creatorchamber.com,https://www.linkedin.com/company/thecreatorchambercompany
BNCom Australia,"BNCom Australia is a small business that provides Communications solutions in HF radio, UHF CB & more. Barrett, FDP Radio, RFI, Mobileone and much more.",Consumer Electronics,Self-employed,Self Owned,"Pitt Town, New South Wales, Australia",Australia,bncom.com.au,https://www.linkedin.com/company/bncom-australia
WILSON ELECTRIC (BATTERSEA) LIMITED,,Consumer Electronics,,,"Mitcham, Victoria, Australia",Australia,,https://www.linkedin.com/company/wilson-electric-battersea-limited
Budget Laptop Screen Australia,,Consumer Electronics,2-10 employees,Privately Held,"Adelaide, South Australia, Australia",Australia,budgetlaptopscreens.com.au,https://www.linkedin.com/company/budget-laptop-screen-australia
