Name,Description,Primary Industry,Size,Type,Location,Country,Domain,LinkedIn URL
Siemens,"Siemens AG (Berlin and Munich) is a leading technology company focused on industry, infrastructure, mobility, and healthcare. The company’s purpose is to create technology to transform the everyday, for everyone. By combining the real and the digital worlds, Siemens empowers customers to accelerate their digital and sustainability transformations, making factories more efficient, cities more livable, and transportation more sustainable. A leader in industrial AI, Siemens leverages its deep domain know-how to apply AI – including generative AI – to real-world applications, making AI accessible and impactful for customers across diverse industries. Siemens also owns a majority stake in the publicly listed company Siemens Healthineers, a leading global medical technology provider pioneering breakthroughs in healthcare. For everyone. Everywhere. Sustainably. In fiscal 2025, which ended on September 30, 2025, the Siemens Group generated revenue of €78.9 billion and net income of €10.4 billion. As of September 30, 2025, the company employed around 318,000 people worldwide on the basis of continuing operations.",Automation Machinery Manufacturing,"10,001+ employees",Public Company,"Paris, Île-de-France, France",France,siemens.com,https://www.linkedin.com/company/siemens
SDS Industry Consulting,"SDS Industry Consulting provides onsite project management solutions for car makers and automotive suppliers worldwide. 

We specialize in helping OEMs and Tier 1 suppliers deliver complex vehicle programs — from greenfield factory setups and production line integration to series production launches.  

With over 20 years of international experience driving projects across the automotive and mobility sectors, our expertise covers:

- Project Leadership: managing multi-million-euro programs, from concept to launch. 
- Production Integration: successfully embedding new vehicle models into existing manufacturing systems
- Body-in-White & Closures: deep technical know-how in doors, closures, BIW, and full-vehicle integration. 
- Global Delivery: proven success across Europe and Asia, with strong OEM and supplier networks. 

 Our mission is simple: help car makers and suppliers bring vehicles to life — faster, safer, and more efficiently.",Automation Machinery Manufacturing,2-10 employees,Privately Held,"Strasbourg, Grand Est, France",France,,https://www.linkedin.com/company/sds-industry-consulting
LAVORO E AMBIENTE S.R.L. . ESSA POTRA  ANCHE ESSERE INDICATA SEMPLICEMENTE CON LA SIGLA   LAMED S.R.L .,"GESTIONE DI POLIAMBULATORIO, LABORATORIO ANALISI CHIMICO-CLINICHE, SERVIZI DI RICERCA NEL CAMPO DELL IGIENE INDUSTRIALE, AMBIENTALE E CLASSIFICAZIONE DEI RIFIUTI, BONIFICHE AMBIENTALI, MEDICINA DEL LAVORO PER CONTO DI ENTI ED IMPRESE PRIVATE, FORMAZIONE DI EQUIPES SCIENTIFICHE PER LA SALVAGUARDIA DELL AMBIENTE",Automation Machinery Manufacturing,11-50 employees,,"Fors, Nouvelle-Aquitaine, France",France,,https://www.linkedin.com/company/lavoro-e-ambiente-s.r.l.-.-essa-potra-anche-essere-indicata-semplicemente-con-la-sigla-lamed-s.r.l-.
Praxsys SA,,Automation Machinery Manufacturing,,,"Saint-Denis, Île-de-France, France",France,,https://www.linkedin.com/company/praxsys-sa
Automatic Agri Safe System,Automatic-Agri-Safe-System conçoit et monte des systèmes de désinfection destinés aux acteurs proches de l’élevage agricole pour les aider à répondre aux normes sanitaires en vigueur.,Automation Machinery Manufacturing,Self-employed,Privately Held,"La Planche, Pays de la Loire, France",France,automatic-agri-safe-system.fr,https://www.linkedin.com/company/automatic-agri-safe-system
Pragmelec,"- Toute étude électrotechnique et automatisme
- Programmation automates (Schneider Electric, Siemens, Omron, etc...)
- Rétrofit de machines et lignes de production
- Mécanisation
- Recherche et développement sur prototypes
- Réalisation de projets IoT",Automation Machinery Manufacturing,Self-employed,Self Employed,"Bousse, Grand Est, France",France,pragmelec.fr,https://www.linkedin.com/company/pragmelec
LAFOR - SOCIETA  A RESPONSABILITA  LIMITATA,"LAFOR - SOCIETA  A RESPONSABILITA  LIMITATA is an industrial automation company based out of FORLI, Fo, Italy.",Automation Machinery Manufacturing,51-200 employees,,"Fors, Nouvelle-Aquitaine, France",France,,https://www.linkedin.com/company/lafor---societa-a-responsabilita-limitata
Jero S.A.,"Jero S.A. is an industrial automation company based out of Luynes, Centre, France.",Automation Machinery Manufacturing,,,"Luynes, Centre-Val de Loire, France",France,jero.fr,https://www.linkedin.com/company/jero-s-a-
MKS Location,,Automation Machinery Manufacturing,2-10 employees,Partnership,"La Valette-du-Var, Provence-Alpes-Côte d'Azur, France",France,,https://www.linkedin.com/company/mks-location
TEN TEN CONSULTING LIMITED,,Automation Machinery Manufacturing,,,"Eccles, Hauts-de-France, France",France,tententenconsulting.uk,https://www.linkedin.com/company/ten-ten-consulting-limited
C.I.T. Cyrill International Trading,,Automation Machinery Manufacturing,,,"Zillisheim, Grand Est, France",France,,https://www.linkedin.com/company/c-i-t-cyrill-international-trading
starthan,page d'entreprise test,Automation Machinery Manufacturing,2-10 employees,Self Employed,"Versailles, Île-de-France, France",France,alarabiya.net,https://www.linkedin.com/company/starthan
Lyrix Media GmbH,,Automation Machinery Manufacturing,,,"Cult, Bourgogne-Franche-Comté, France",France,lyrix-media.de,https://www.linkedin.com/company/lyrix-media-gmbh
Blick France SARL,"Blick France SARL is an industrial automation company based out of 15 Rue du 1er Mai, Nanterre, IDF, France.",Automation Machinery Manufacturing,,,"Nanterre, Île-de-France, France",France,blickfrance.fr,https://www.linkedin.com/company/blick-france-sarl
Entran SA,,Automation Machinery Manufacturing,,,"Les Clayes-sous-Bois, Île-de-France, France",France,,https://www.linkedin.com/company/entran-sa
TUCKER STRUCTURAL DESIGNS LIMITED,,Automation Machinery Manufacturing,,,"Avon, Île-de-France, France",France,,https://www.linkedin.com/company/tucker-structural-designs-limited
Elneo France,"Actif depuis plus de 50 ans dans l'air comprimé et autres fluides industriels, nos experts sont à votre disposition pour vous aider à choisir le produit le plus adapté à vos besoins !",Automation Machinery Manufacturing,51-200 employees,Privately Held,"Lille, Hauts-de-France, France",France,elneo.fr,https://www.linkedin.com/company/elneo-france
Elina Technologies Ltd.,"Elina Technologies Ltd. is a leader provider of test & measuring instruments and machines in all sectors of the industrial, chemical, aerospace and scientific fields. 

Elina Technologies gained well-known expertise and is supplying with exclusive representation for global leading manufacturers only the best equipment available.

As Part of Micro-Epsilon and as partners of HBK (Brüel & Kjær), Elina Technologies Ltd. serves over 2300 companies, in Israel only, with the best solutions for measuring equipment for variety of applications.",Automation Machinery Manufacturing,11-50 employees,Privately Held,"Azur, Nouvelle-Aquitaine, France",France,elinatech.com,https://www.linkedin.com/company/elina-technologies-ltd
Step Automation and Test,"Step AT est une créateur d'actifs stratégiques et différenciant pour l'entreprise en ajoutant une nouvelle corde à l'arc du décideur.
Nous avons développé une solution matérielle (HerMeas) et logicielle (My DaaS) qui constitue une aide fondamentale à la prise de décision aussi bien pour les métiers que pour l'éxécutif.
Nos solutions permettent d'anticiper et de gérer les risques, d'optimiser les coûts et de prendre des décisions sous un nouvel angle de vue.

Suivez nous sur
Facebook http://www.facebook.com/stepembedded
Twitter @STePSAS",Automation Machinery Manufacturing,2-10 employees,Partnership,"La Seyne-sur-Mer, Provence-Alpes-Côte d'Azur, France",France,stepat.com,https://www.linkedin.com/company/sarl-s.te.p
MRB AUTOMATISMES INDUSTRIELS,"Dans un monde en profonde mutation industrielle, rester leader, se développer ou encore innover impose aux industriels d’avoir des sites de production modernes et performants.
Accompagner ses clients sur des problématiques d’automatisation, de supervision, de sécurisation, de traçabilité ou simplement de mise aux normes, c’est la raison d’être de MRB.
Société d’intégration en automatisme et informatique industrielle, MRB est spécialisée dans le développement et la gestion de projets industriels complexes et sensibles.
Composée de 15 ingénieurs et techniciens hautement qualifiés, MRB est une entreprise à taille humaine. Engagés dans une démarche de progrès continu et de veille technique et réglementaire, MRB dispose de l’ensemble des expertises nécessaires pour piloter toutes les phases d’un projet, de la conception à la réalisation.
Forte de plus de 20 ans d’expérience dans les domaines de la pharmacie, le cosmétique,la chimie, la biotechnologie et l’agro-alimentaire, MRB est un expert reconnu dans l’accompagnement des projets à haute valeur ajoutée, partout dans le monde.",Automation Machinery Manufacturing,11-50 employees,Privately Held,"Aulnay-sous-Bois, Île-de-France, France",France,mrbautomatismes.com,https://www.linkedin.com/company/mrb-automatismes-industriels
SINECA,"The SINECA company, active in Belgium and abroad, offers its services for the development of automation and industrial computing solutions, as well as the development of production data management systems.
Our team of engineering developers supports its customers during all stages of project integration: from the design phase to the validation of the production start.

Our specialties are:
- Definition of the technical specifications: IT architectures design according to the client's context and requirements
- Programming of PLCs in various technologies
- Programming of industrial supervision systems
- Redacting of the technical documentation to perpetuate the key information of any projects
- Commissioning including I/O, equipments and production sequences testing
- 24/7 local and remote technical support",Automation Machinery Manufacturing,11-50 employees,Privately Held,"Villeneuve-d'Ascq, Hauts-de-France, France",France,sineca.com,https://www.linkedin.com/company/sineca
Autom'Elec,"Autom’elec, est une entreprise spécialisée dans l'étude et la réalisation de solutions d’automatisation et d'électricité pour les industries d'extraction des minéraux et les travaux publics. 
:
•	L'automatisation des carrières et sablières : Nous concevons et développons des solutions d’automatisme et d’électricité pour la réalisation ou la rénovation d’unités de production. 

•	Les Travaux Publics : Notre prestation consiste à livrer clé en main l'intégralité de l'alimentation en énergie électrique, Nos compétences garantissent à nos clients une optimisation de la consommation d'énergie électrique et un respect de l'ensemble des règles de sécurité.

•	La gestion des unités de recyclage : Il s'agit d'une activité récente qui correspond à une demande de plus en plus pressante de la part de nos clients qui préfèrent revaloriser leurs matériaux de démolition des bâtiments et des routes plutôt que la mise en décharge de plus en plus coûteuse et réglementée. Ces procédés de recyclage s'apparentent à la gestion des carrières.

•	La méthanisation : La dernière activité d’Autom’elec est le développement de projet de méthanisation à la ferme. La méthanisation étant encore un marché difficile en France, l’entreprise s’est donc entourée d’un réseau de partenaires et fournisseurs ayant des connaissances dans ce domaine tels que  le Bureau d'Etude indépendant ETD de Roanne et l’entreprise allemande EISELE.",Automation Machinery Manufacturing,11-50 employees,Privately Held,"Saint-Étienne, Auvergne-Rhône-Alpes, France",France,autom-elec.com,https://www.linkedin.com/company/autom'elec
AGI Automatismes Gestion Industrielle,"Notre souhait ?
Vous apportez notre compétence, notre réactivité, notre connaissance des produits, une équipe professionnelle à votre disposition pour répondre à toutes vos attentes.",Automation Machinery Manufacturing,2-10 employees,Self Employed,"Bellignat, Auvergne-Rhône-Alpes, France",France,agi-automatismes.fr,https://www.linkedin.com/company/agi-automatisme-et-gestion-industrielle
EBS - Universal Balancing Machine,"EBS is born from the synergy between Elettrorava and Balance Systems, two leader companies in the balancing world. The history of these companies is deeply rooted in one of the strongest human feelings: passion, which has always nourished both to be the reference point for all our customers, creating and maintaining a high quality in every area of processing. The union has the aim of giving life to a company with unprecedented capabilities and constitutes the opportunity to expand our presence in the electromechanical sector, implementing the worldwide offer of balancing machines for rotating parts of all dimensions and weights and further strengthening business principles such as innovation, dynamism, care and attention to the customer. Our mission has the purpose to develop and realize advanced technological solutions for the sector which distinguishes the company’s production offer: manual, semi-automatic, automatic and customized balancing machines for different application sectors.",Automation Machinery Manufacturing,11-50 employees,Privately Held,"Jouy-le-Moutier, Île-de-France, France",France,ebs-balancing.com,https://www.linkedin.com/company/ebs-universal-balancing-machine
MyRFIDSolution,"Entre 2013 et 2017, A2Si RFID, ifm electronic, CIPAM et SF2i ont travaillé ensemble sur des projets de traçabilité. Lors de salons professionnels certaines de ces sociétés ont mutualisé leurs moyens pour exposer leurs solutions. Des projets communs sont nés de cette rencontre et les clients ont apprécié cette coopération. En effet, les clients avaient  besoin d’une information complète avec des points de vues différents et complémentaires. L’idée du cluster MyRFIDSolution était née.
Depuis Editag et RF Conception ont rejoint l’équipe avec de nouvelles idées et compétences.
Le principe est d’unir nos savoirs et compétences au service du client. La RFID est une technologie en maturation rapide. Personne ne peut se targuer d’avoir une vision complète. Personne ne peut dire « j’ai la connaissance suffisante et complète pour aider à élaborer une solution ». De plus aucune société n’a d'offre complète à présenter.

Ainsi, unir des forces, afin de vous offrir un panorama le plus complet possible, et enfin échafauder une solution à une problématique de traçabilité permet de construire les bases d’un système de traçabilité complet et réussi. L’association de nos sociétés permet aux clients d’obtenir une vision critique du projet avec un seul objectif commun : aller jusqu’au bout et réussir le projet.

ifm electronic, fournisseur de solutions de lecture RFID, A2Si RFID, CIPAM, SF2i installateurs et intégrateurs de solutions RFID proposent d’acquérir les bases d’un projet bien ficelé dès le départ.

Chaque fournisseur est indépendant mais lié par la même volonté de satisfaire le client. Celui-ci, ayant bien sûr le choix final quant à la solution et les fournisseurs choisis, qu’ils soient membres du cluster ou non.",Automation Machinery Manufacturing,11-50 employees,Self Owned,"., ., France",France,myrfidsolution.com,https://www.linkedin.com/company/my-rfid-solution
Camozzi Automation - France,"Fondée en 1964, Camozzi Automation propose une gamme de produits comprenant des composants, des systèmes et des technologies pour le domaine de l'Automatisation Industrielle, le contrôle des fluides (liquides et gaz) et des applications dédiées aux industries du Transport et du Life Science.
L'offre de Camozzi Automation comprend de plus en plus de produits et de solutions IIoT. Nous travaillons à la fois sur la numérisation des processus de production et sur la création de véritables systèmes cyber-physiques, afin de permettre l'intégration d'éléments mécaniques, électroniques et numériques, en améliorant constamment les performances des processus et la gestion de la chaîne de données.

30 filiales et centres de services
50 distributeurs exclusifs
14 sites de production
2 019 employés

Secteurs :
Automatisation industrielle
Life Science
Transport",Automation Machinery Manufacturing,11-50 employees,Privately Held,"Saint-Priest, Auvergne-Rhône-Alpes, France",France,camozzi.com,https://www.linkedin.com/company/camozzi-automation-france
FactoVia,"FactoVia helps industrial leaders unlock the full value of AI through Industry 4.0 and IT-OT convergence. As the only French consulting firm specialized in Unified Namespace (UNS), we enable structured, real-time, and scalable data flows across the enterprise. Our proven FactoVia Arrow framework (5+1 steps) accelerates ROI, avoids common digital pitfalls, and builds a strong foundation for AI, Digital Twin, and predictive maintenance. With deep expertise and hands-on execution, FactoVia turns complexity into clarity, empowering manufacturers with a bottom-up, people-centric approach to thrive in the connected industrial era.

FactoVia manages an ecosystem of over 50 Industrial partners : HPE, Advantech, DELL, HiveMQ, Stäubli, Microsoft, ...
https://www.youtube.com/channel/UCcPdFOfVIG4mJyS9T2Gx48Q",Automation Machinery Manufacturing,51-200 employees,Privately Held,"Lyon, Auvergne-Rhône-Alpes, France",France,factovia.net,https://www.linkedin.com/company/factovia
LAVITO Technologies,"LAVITO Technologies conçoit et développe des équipements de pointe pour l'analyse et le dosage, adaptés à tous les volumes d'eau, de piscine et de spa.

Notre expertise repose sur trois axes fondamentaux :

Précision : Nous garantissons une haute précision de l'ensemble de nos systèmes, pour des résultats fiables et répondant aux exigences ARS.

Simplicité d'utilisation : Nos interfaces sont conçues pour être intuitives, facilitant l'expérience utilisateur, qu'il soit très qualifié ou non.

Suivi à distance : Tous nos systèmes intègrent des solutions de suivi à distance, offrant ainsi un contrôle constant et une gestion optimisée.

Avec une forte orientation ""terrain"", nous restons particulièrement à l'écoute des besoins de nos clients et agissons rapidement pour innover en permanence, en fonction des exigences du marché.

Nous mettons également un accent particulier sur le Service & la Formation, afin d'accompagner nos clients de manière optimale dans l'utilisation de nos solutions.

Consultez notre Catalogue en copiant le lien ci dessous:

https://lavito.fr/wp-content/uploads/2024/11/CATALOGUE_LAVITO_Technologies_2025_SP_C.pdf

Notre contact:

04.84.84.98.84
info@lavito.fr",Automation Machinery Manufacturing,2-10 employees,Self Owned,"Aix-en-Provence, Provence-Alpes-Côte d'Azur, France",France,lavito.fr,https://www.linkedin.com/company/lavito-technologies
EMIC Centres de Lavage,"La société Emic fabrique et commercialise des solutions de lavage depuis plus de 40 ans en France ainsi qu’à l’international. D’abord spécialisée dans la fabrication de matériels périphériques aux stations-service 
et stations de lavage (aspirateurs, bornes de gonflage, nettoyeurs jantes, sièges et moquettes...), Emic est également devenu un acteur incontournable dans la création et la rénovation de centres de lavage Haute Pression ainsi que dans la fourniture de pièces détachées et consommables à destination des stations de lavage. Grâce à son savoir-faire, Emic a su fidéliser une clientèle exigeante de professionnels du lavage et des stations-service.",Automation Machinery Manufacturing,11-50 employees,Privately Held,"Pontcarré, Île-de-France, France",France,emic.fr,https://www.linkedin.com/company/emic-hautepression
ADDI-DATA Group,"We make the electronics that turn a sensor signal or a bus message into a number and a result you can trust.

ADDI-DATA has built data acquisition boards and systems in Rheinmünster, Germany, since 1984. More than 400 customers a year use them in machines, test benches and production lines. Everything carries a part number you can reorder, including versions built for one customer.

Two steps decide whether a measurement is right: acquiring the signal, and turning it into a result on the spot. Both are ours. Your PLC, SCADA and MES stay as they are, and we deliver into them over EtherCAT, PROFINET, OPC UA, Modbus TCP and CAN, without a gateway.

 What we measure

Temperature with thermocouples and Pt100. Voltage and current, 4 to 20 mA. Strain gauges and load cells. Inductive and LVDT probes. Vibration with IEPE. Counting, frequency, timing. Digital I/O, serial and CAN.

Position read directly, with no converter: EnDat 2.2, BiSS-C Master, SSI, sin/cos, resolver, incremental.

 Who we work with

Machine builders who need the same board to behave identically for twenty years, in a version made for their machine.

System integrators whose margin lives in engineering hours, and who need hardware that configures rather than develops.

Test and validation teams building the bench that measures their own product.

 Customisation that ends in a part number

Feasibility study, custom electronics, FPGA firmware, drivers, a dedicated variant with its own part number. Every service starts from a product and ends in one.

 What you get

Hardened by design: optical isolation, overvoltage and short-circuit protection, EMI filtering, extended temperature versions.

One driver package, ADDI-PACK: Windows, Linux, Xenomai, RTX. Change the hardware, keep the code.

Long-term availability, committed in writing.

Tell us what you need to measure. You get an answer from an engineer.

ISO 9001:2015 ·  Made in Germany ·  +49 7229 1847 0 ·  info@addi-data.com",Automation Machinery Manufacturing,11-50 employees,Privately Held,"Strasbourg, Grand Est, France",France,addi-data.com,https://www.linkedin.com/company/addi-data
RMS - Réparation électronique - Négoce - Automatisme - Robotique,"RMS - Expert en électronique, automatisme et négoce pour l'industrie

Depuis plus de 20 ans, RMS accompagne les industriels dans la maintenance et l’optimisation de leurs équipements.

Notre expertise s’articule autour de trois pôles complémentaires :

 Électronique : un laboratoire spécialisé dans la réparation de composants électroniques industriels, permettant de prolonger la durée de vie de matériels coûteux au lieu de les remplacer.
 Automatisme : un bureau d'études qui réalise des revampings, c’est-à-dire moderniser la machine plutôt que de tout remplacer, tout en optimisant, fiabilisant et sécurisant la chaîne de production.
 Négoce : reconditionnement et vente de pièces électroniques obsolètes via notre site e-commerce ou Ebay, contribuant ainsi à une économie plus circulaire.

 Nous proposons des solutions durables à nos clients en France et à l’étranger.

 Découvrez notre boutique en ligne : rmsnegoce.com

 RMS est un acteur engagé de l’économie circulaire, au service d’une industrie plus responsable, plus durable, et plus efficace.",Automation Machinery Manufacturing,11-50 employees,Privately Held,"Loison-sous-Lens, Hauts-de-France, France",France,rmsfrance.com,https://www.linkedin.com/company/rms-france
Compliance Robotics,"We believe in better robotics, inherently safe, energy efficient and flexible.

Our company is committed to revolutionizing robotics by solving problems for which no solutions currently exist. We believe that it is possible to greatly improve the current state of robotics by using the innovative principles of soft robotics. We stand out with an approach that is safe for users, the objects being handled, and more energy efficient. Our robots are designed to be collaborative, flexible, and inherently safe, seamlessly integrating into key sectors such as agri-food and manufacturing. Our vision is to offer concrete solutions tailored to real needs while optimizing efforts to address the weaknesses of current robotic technologies.",Automation Machinery Manufacturing,2-10 employees,Privately Held,"Lille, Hauts-de-France, France",France,compliance-robotics.com,https://www.linkedin.com/company/compliance-robotics
EcosiAg,"Spécialisée dans la conception de fermes urbaines automatisées, EcosiAg vise à transformer les moyens de production agricoles actuels. Tournés vers des idées d'avenir telles que la production locale, le sans engrais ni pesticides et les énergies renouvelables, nous souhaitons apporter une solution compatible et cohérente avec un monde plus durable.",Automation Machinery Manufacturing,2-10 employees,Privately Held,"Lyon, Auvergne-Rhône-Alpes, France",France,ecosiag.com,https://www.linkedin.com/company/ecosiag
Gusto Solutions,"Gusto Solutions conçoit et déploie des frigos connectés qui permettent aux artisans traiteurs de vendre leurs plats frais partout, 24h/24 — sans personnel supplémentaire, sans contrainte.
Nos machines (Green et Scale) s'installent dans les entreprises, hôtels, universités et espaces de co-working. Paiement CB et ticket restaurant, gestion des stocks en temps réel, tableau de bord complet : tout est inclus dans un abonnement sans engagement.  Conçu et assemblé en France · Prix publics et transparents",Automation Machinery Manufacturing,2-10 employees,Privately Held,"Lille, Hauts-de-France, France",France,gustosolutions.fr,https://www.linkedin.com/company/solutionsgusto
DECLIC ACCESS,"Fondée en 2016 avec l’aide de Clôtures et Portails de France, DECLIC ACCESS est spécialisée dans les motorisations, contrôles d’accès et fermetures industrielles.

Dotée d’un service technique compétent, la société répond largement aux demandes de maintenance et de dépannages spécifiques dans un délai adapté, service d’astreinte 24h/24 et 7j/7.",Automation Machinery Manufacturing,11-50 employees,Self Owned,"Flers-en-Escrebieux, Hauts-de-France, France",France,declic-access.fr,https://www.linkedin.com/company/declic-access
HIMA France,"Le groupe HIMA, est un fournisseur mondial indépendant de solutions d'automatisation liées à la sécurité pour la protection des personnes, des biens et de l'environnement contre tout danger lié aux industries de transformation ou ferroviaires.

HIMA, entreprise familiale fondée en 1908 a son siège social et son usine de production à Brühl, près de Mannheim (Allemagne). Le groupe HIMA emploie environ 1 100 personnes dans 22 sociétés à travers le monde. Une seule plateforme technologique HIMA, ouverte et indépendante, combinant matériel et logiciels offrant un concept de sécurité uniforme. Avec plus de 50 000 systèmes de sécurité installés (SIL 3 / SIL 4, PL e, CENELEC SIL 4). HIMA est considéré comme un leader technologique.

HIMA propose des services de conseil, d'ingénierie de sécurité et de formation. Il en résulte des solutions qui garantissent la sécurité fonctionnelle et la sécurité OT, la conformité aux normes, l'efficacité des processus et la disponibilité des installations tout au long du cycle de vie de la sécurité. En tant qu'expert, HIMA est pionnier dans la digitalisation de la sécurité fonctionnelle et génère une valeur ajoutée significative pour ses clients grâce à des solutions de sécurité holistiques.

HIMA France intervient auprès de sociétés Françaises et sur les territoires d’Afrique francophones (avec des relations commerciales en Afrique du Nord, au Congo, au Cameroun, au Gabon, ...) Depuis 2003, nous avons bâti une équipe hautement qualifiée dédiée à la sécurité fonctionnelle avec des collaborateurs certifiés TÜV. Notre entité Française, certifiée MASE, avec de vraies compétences reconnues et des valeurs, accompagne nos clients et partenaires pour la protection des biens, des personnes et de l’environnement.

Inscription HIMA-newsletter: https://www.hima.com/Newsletter

Mention Légale: https://www.hima.com/en/legal-notice/",Automation Machinery Manufacturing,11-50 employees,Privately Held,"Jossigny, Île-de-France, France",France,hima.com,https://www.linkedin.com/company/hima-france
ECLAIR INDUSTRIES,"Fondée en 1995, ECLAIR Industries est une société à taille humaine, spécialiste des technologies industrielles et possédant un rayon d’action international.

Fort de nos bureaux d’études Automatisme & Électrotechnique, nous intervenons aussi bien sur des projets multi techniques que sur des projets faisant appel à un seul de nos domaine d’expertise.

Spécialisée dans les secteurs de l’agroalimentaire, du développement durable, de l’énergie, de la maintenance, de la sidérurgie et du tertiaire, ECLAIR Industries vous accompagne dans la conception, la réalisation et la maintenance de vos installations.",Automation Machinery Manufacturing,11-50 employees,Self Owned,"Florange, Grand Est, France",France,eclairsa.fr,https://www.linkedin.com/company/eclair-industries
Ideatec,"Depuis plus de 30 ans  IDEATEC a pour vocation l'étude et la réalisation d'équipements industriels permettant de : stocker, distribuer, orienter, convoyer, manipuler et assembler des pièces. De par son expérience IDEATEC est capable de traiter quasiment n'importe quelles pièces en vrac pour l'orienter et la positionner à l'endroit voulu. 

Notre cœur de métier : le bol vibrant et tous systèmes de distribution complets articulés autour d'un équipement vibrant.

Nos secteurs d'activité : automobile, agro-alimentaire, pharmaceutique, cosmétique",Automation Machinery Manufacturing,11-50 employees,Partnership,"La Couronne, Nouvelle-Aquitaine, France",France,grouperouby.fr,https://www.linkedin.com/company/ideatec
ip sum tek,We are a Robotics Company. We have developped innovative autonomous robotic vehicles (AMR) and a cuting-edge navigation software. We provide also a custom robot design service. https://www.youtube.com/watch?v=MpNYOvIl61Q,Automation Machinery Manufacturing,2-10 employees,Privately Held,"Avignon, Provence-Alpes-Côte d'Azur, France",France,ipsumtek.com,https://www.linkedin.com/company/ipsumtek
2ADIS,"2ADIS, entreprise à taille humaine de 8 collaborateurs, allant du poste de conception mécanique à la mise en service sur site, en passant par l'automatisme et la robotique, notre cœur de métier. 
L'étendue de notre domaine d'activité, de la fonderie à l'agro-alimentaire, nous permet de vous proposer des solutions qui ont fait leurs preuves dans un autre domaine que le votre, et que nous maitrisons.
Les robots KUKA, les automates SCHNEIDER, SIEMENS, les afficheurs tactiles en général, les supervisions, la conception 3D, n'ont aucun secret pour nous. 
L'impression 3D est présente depuis plusieurs années chez 2ADIS, nous permettant des réalisations intéressantes, innovantes et des essais fructueux ou non.
Nous partons du principe, avec les moyens actuels, que rien n'est impossible ! La seule limite, c'est vous !",Automation Machinery Manufacturing,2-10 employees,Self Owned,"Vair-sur-Loire, Pays de la Loire, France",France,2adis.net,https://www.linkedin.com/company/2adis
VITRONIC Machine Vision France,"VITRONIC a été fondée en 1984 à Wiesbaden, en Allemagne, et est depuis devenue un leader mondial de l’innovation dans le domaine de la vision industrielle. Nous fournissons des solutions de référence dans les domaines de la technologie du trafic, de l’automatisation logistique et de l’automatisation industrielle – permettant à nos clients de relever les défis de demain.

Nombre d’employés : >1 400
Investissement en R&D : 22.3 millions d’euros
Pays : présence dans plus de 80 pays
Fonds propres : 118 millions d’euros
Chiffre d’affaires annuel 2025 : 231 millions d’euros

VITRONIC Machine Vision France est située à Rungis, près de Paris. Avec une équipe dédiée de 18 collaborateurs, VITRONIC France accompagne des clients dans toute la France et en Europe du Sud. Le bureau de Paris joue un rôle clé dans le développement de projets régionaux – du contrôle intelligent de la circulation à l’automatisation industrielle et logistique – toujours porté par la précision et l’innovation de l’ingénierie allemande.",Automation Machinery Manufacturing,11-50 employees,Privately Held,"Rungis, Île-de-France, France",France,vitronic.com,https://www.linkedin.com/company/vitronic-machine-vision-france
RHONAX ROBOTIQUE,ROBOTIQUE INDUSTRIELLE,Automation Machinery Manufacturing,11-50 employees,Partnership,"Thyez, Auvergne-Rhône-Alpes, France",France,rhonax.fr,https://www.linkedin.com/company/rhonax-robotique
Cellaven,"Cell culture automation for R&D labs: Affordable, time-saving and easy to use.
The Nestor automaton is a plug-and-play device able to culture cells in up to 10 flasks or multiwell plates. It is ultra-compact and portable, with a 2xA4 sheet footprint and a weight below 5 kg.
Automate the most time consuming tasks in your cell culture processes, for an investment in the range of any other basic lab equipment (and get a return on your investment  within 24 months only).",Automation Machinery Manufacturing,2-10 employees,Privately Held,"Bretenière, Bourgogne-Franche-Comté, France",France,cellaven.com,https://www.linkedin.com/company/cellaven
SERVISOUD - Europe Technologies,"Depuis 1987, SERVISOUD est votre partenaire reconnu pour :

- Les chariots mobiles de soudage - vente et location
- La location de matériels de soudage – avec SERVILOC
- La vente de lattes céramiques de soudage – avec SERVILATTES
- La vente de matériels et accessoires de soudage

SERVISOUD conçoit et réalise des chariots de soudage, des machines spéciales et vous accompagne pour l’ensemble des fournitures industrielles dédiées au soudage, coupage et à la protection individuelle du soudeur.

Nos chariots de soudage mobiles et autonomes sont reconnus pour leur fiabilité, leur endurance et leur facilité de mise en oeuvre. Chariots sur batterie, magnétiques ou guidés par rails souples, ou crémaillère rigide, ils permettent des soudage toutes positions, soudage d’angles opposés simultané et continu, etc.

Nos sites de St Nazaire et Lorient propose une très large de gamme de matériels de soudage à la location tout comme à la vente (générateurs MIG/MAG, TIG, ARC, coupage plasma, matériels de positionnement et aspiration des fumées...).",Automation Machinery Manufacturing,11-50 employees,Partnership,"Carquefou, Pays de la Loire, France",France,servisoud-et.com,https://www.linkedin.com/company/servisoud-et
Delta Equipement,"Depuis 1976, Delta Equipement est un des leaders dans la fourniture de composants et de matériels industriels pour la mécatronique et l'automation en France. Egalement spécialisés dans la fabrication additive, nous apportons des solutions pour vous aider à optimiser vos process d'automatisation. Enfin, nous vous accompagnons dans l'équipement de vos machines industrielles de fabrication additive, domaine dans lequel nous avons développé un haut niveau de compétence : plus de 9 années.

Delta Equipement est devenu expert en création et maitrise du mouvement, notre objectif est d’apporter la meilleure solution d’automation: « Avec une solution plus simple, plus adaptée, plus rapide, plus rentable, plus sécurisé ... et même sur-mesure ».

Delta Equipement est tourné vers l’avenir et participe à l’Usine du Futur. Partenaire d’Artema, de la FIM, et membre actif du Eolis-Symop, Yves DAUNAS, le Président, ne cesse de faire grandir et progresser ses équipes. En plaçant l’humain au cœur de ses projets, Delta Equipement s’engage pour ses clients.
Pour en savoir plus, retrouvez-nous sur notre site: www.delta-equipement.fr",Automation Machinery Manufacturing,11-50 employees,Privately Held,"La Garenne-Colombes, Île-de-France, France",France,delta-equipement.fr,https://www.linkedin.com/company/delta-equipement
MID ELECTRONIQUE,"MID ELECTRONIQUE est une entreprise de services experte dans la gestion de l'obsolescence et le MCO (Maintien en Conditions Opérationnelles) des équipements électroniques industriels.

Depuis plus de 20 ans, nous intervenons dans les domaines suivants:

 Réparations d'équipements électroniques obsolètes toutes marques confondues (cartes électroniques, matériel 
         spécifique, blocs d'alimentation, convertisseurs, régulateurs, etc.).

 Fournitures de composants et d'équipements électroniques obsolètes.

 Développement de projets sur mesure (fabrication, clonage, conception, etc.).

 Gestion de l’obsolescence.",Automation Machinery Manufacturing,11-50 employees,Privately Held,"Semoy, Centre-Val de Loire, France",France,mid-electronique.com,https://www.linkedin.com/company/mid-electronique
VERMOT AUTOMATION,"Depuis 40 ans, Vermot Automation est spécialisé dans l'automatisation et la numérisation des décolleteuses à came ainsi que dans l'amélioration de vos parcs machines.

Nous proposons une large gamme très recherchée dans les secteurs de l'horlogerie, de la connectique et du médical.
Nos produits vous permettrons d'améliorer significativement les performances de production de vos parcs en alliant la rapidité des décolleteuses à came et la convivialité des commandes numériques.

Industrie 4.0 : nous proposons une solution innovante, compacte, efficace et facile à intégrer pour suivre tous vos parcs de production en temps réel, boitier MES @BOXCOM
- Comptage des pièces produites, gestion rebuts, pièces de réglage
- Calcul TRS, Planification des OFs, Liaison ERP, Management visuel
- Gestion automatique des arrêts, Liaison base documentaire, ...
- Se connecte à tout type de machine : décolletage CN ou traditionnel, découpage, Injection, Usinage

Une équipe performante est à votre écoute pour répondre à vos besoins.",Automation Machinery Manufacturing,2-10 employees,Privately Held,"Valdahon, Bourgogne-Franche-Comté, France",France,vermot-automation.com,https://www.linkedin.com/company/vermot-automation
Kentech Energy,"KENTECH est une entreprise de technologie d'automatisation et de numérisation industrielle de renommée mondiale. Depuis près de 10 ans, nous aidons les grandes sociétés industrielles, énergétiques, pétrolières et gazières ainsi que Energies nouvelles à résoudre leurs problèmes les plus en matière de contrôle commande et d'automatisation industrielle. Le portefeuille diversifié de solutions d'automatisation, nos compétences techniques, nos connaissances et notre expertise sur les équipements de tous les principaux constructeurs OEM, ainsi que notre approche spécifique aux développement de projets en matière de conception de solutions sont ce qui nous différencie d'un intégrateur de systèmes typique.

Nous passons progressivement d’un fournisseur de solutions basées sur des projets à un fournisseur de solutions basées sur des partenariats. Nous avons commencé à travailler en étroite collaboration avec nos partenaires technologiques et de plateforme ainsi qu'avec nos clients pour établir des relations à long terme dans lesquelles nous travaillons ensemble pour résoudre les problèmes et fournir des solutions rentables, rapides et apportant le meilleur de ce que chacun peut offrir. .
 Nous choisir c'est choisir l'excellence pour la réussite de vos projets dans le respect de la qualité, les coûts et les délais.",Automation Machinery Manufacturing,2-10 employees,Privately Held,"Paris, Île-de-France, France",France,kentech.fr,https://www.linkedin.com/company/kentech-automation
ECMA Concept,"ECMA Concept designs specific innovative machines and robotics equipments adapted for customer specific requirements.
ECMA Concept proposes an end-to-end service from defining the requirements with the customers, designing, integrating and validating and installing the machine into customer premises.
After commissioning the machine with the customer, ECMA Concept trains the operators to the use of the machine.
ECMA Concept has signed strategic partnerships with 2 WW robot suppliers: KUKA and YASKAWA.
ECMA Concept has also developed its own product called ProfilPaint, a patented automated robot application for painting metal beams for industrial buildings.
- Its originality: the cross-beam moving gate for applying the painting moves around the beams positioned on lift tables.
- Its advantages: its cost and footprint savings for the customer.",Automation Machinery Manufacturing,11-50 employees,Privately Held,"Ancenis, Pays de la Loire, France",France,ecma-concept.fr,https://www.linkedin.com/company/ecma-concept
Bleutec System,"Bleutec System est spécialisée dans l’étude, la conception, l’intégration et la fabrication de systèmes mécatroniques orientés distribution automatique intelligente, pour le grand public comme pour l’industrie.

Nous développons des solutions sur mesure, combinant technologie, fiabilité et connectivité, pour automatiser et moderniser les points de vente, les flux logistiques ou les services autonomes.

Grâce à notre expertise en mécatronique, en IHM et en supervision à distance, nous accompagnons chaque client dans la création de solutions efficaces, innovantes et évolutives.

Du distributeur autonome à la borne interactive, Bleutec imagine la distribution de demain.",Automation Machinery Manufacturing,2-10 employees,Privately Held,"Carros, Provence-Alpes-Côte d'Azur, France",France,bleutec.fr,https://www.linkedin.com/company/bleutec-system
Murrelektronik FR,"Murrelektronik est un leader mondial dans le développement, la fabrication et la distribution de solutions d'automatisation. Nos produits peuvent être divisés en quatre lignes principales: Alimentations et commandes, interfaces, câbles/connecteurs et systèmes d'E/S.

Nos produits de haute qualité, innovants et axés sur les exigences du marché nous distinguent de la concurrence. Notre approche axée sur le client garantit que nos solutions sur mesure améliorent vos applications.",Automation Machinery Manufacturing,"1,001-5,000 employees",Privately Held,"Richwiller, Grand Est, France",France,murrelektronik.fr,https://www.linkedin.com/company/murrelektronik-fr
ACTEMIUM Morbihan,"Actemium Morbihan conçoit, réalise et maintien des solutions pour la modernisation et l’amélioration des performances des sites industriels. 

Le croisement de nos expertises en ingénierie électrique et automatisation produit des solutions efficaces, adaptées aux spécificités de chaque client.

Nous accompagnons les industriels de la région, en particulier l’industrie manufacturière, portuaire, cosmétique, l’agroalimentaire et l’environnement.

Nous dispensons une offre sur mesure d’ingénierie, d’intégration/production et de services d’assistance à nos clients en nous appuyant sur notre sens de la réactivité/mobilité.",Automation Machinery Manufacturing,11-50 employees,Public Company,"Caudan, Brittany, France",France,actemium.fr,https://www.linkedin.com/company/actemium-morbihan
E-THIK,"E-THIK is developing connected vending machines and smart fridges. The company is based in Essonne, near Paris.",Automation Machinery Manufacturing,11-50 employees,Self Owned,"Paris, Île-de-France, France",France,e-thik.com,https://www.linkedin.com/company/e-thik
PROCID,"PROCID est spécialisée dans la fourniture et l'intégration de solutions de traçabilité professionnelle et de vision industrielle.

Basée à proximité de Nancy, PROCID regroupe une équipe d’ingénieurs et de techniciens confirmés, s’appuyant sur une expérience réussie de plus de vingt ans dans les domaines de la Traçabilité et de la Vision Industrielle.

PROCID propose des solutions, qui vont de la fourniture matérielle, ou du développement logiciel, à la réalisation d'un système complet clé en main.

PROCID s'adresse non seulement aux secteurs industriel, logistique et tertiaire, mais aussi aux intégrateurs d'automatismes et constructeurs de machines ou d'équipements, désireux de faire confiance à un partenaire spécialisé.

Les métiers de PROCiD :

La vision industrielle :
Technique de contrôle industriel en automatique, 
(destinée principalement au contrôle qualité ou au contrôle dimensionnel).
Utilise le principe de la capture d’images (caméras intelligentes). 
La vision s’adresse à l’industrie produisant en grandes séries, grandes cadences, ainsi qu’au packaging. 

Exemples :
-      Analyse et mesures sur pièces 3D
-      Système multi-caméras
-      Système de dévracage (HANDOGA)
-      Profilométrie (VISILAS)
-	Mesure dimensionnelle ;
-	Contrôle d’assemblage ;
-	Mesure de position ;
-	Guidage de robot ;
-	Contrôle d’impression ;
-	Contrôle de couleur ;
-	Lecture de caractères ;
-	Lecture de codes.

La traçabilité professionnelle : 
Systèmes de marquage ou de lecture de codes-barres, codes matriciels (datamatrix, QR code...) ou étiquettes radio-fréquence (RFID).

Exemples : 
-	Lecture en automatique des codes palettes sur quai, au chargement ou déchargement d’un camion (XB12);
-	Organisation d’un entrepôt (étude de site et couverture WiFi, signalétique codes-barres) ;
-	Marquage laser d’un code sur une pièce en cours de production et vérification de sa lisibilité en ligne.",Automation Machinery Manufacturing,2-10 employees,Partnership,"Dieulouard, Grand Est, France",France,procid-fr.com,https://www.linkedin.com/company/procid
System-c instrumentation,"System-c instrumentation has developed for 30 years a high level of technical competence in  industrial measurement. It offers professional and innovative consulting to instrument drivers and industrial processes for simple or highly technological applications. The solutions make manufacturing processes more reliable, save on utilities and measure physical quantities in university, industrial, R & D, special machines, test benches, metering and energy rationalization. A new range of products in liquid analysis enriches the main offer and offers an additional advantage in process control. The company's support service, ""Instrumentation Services"", provides on-site service for equipment commissioning, preventive or curative maintenance and calibration verification.",Automation Machinery Manufacturing,2-10 employees,Privately Held,"Saint-Paul-Trois-Châteaux, Auvergne-Rhône-Alpes, France",France,system-c-instrumentation.com,https://www.linkedin.com/company/system-c-instrumentation
On-Passive,"ONPASSIVE is a unicorn AI tech company that is dedicated to creating business solutions from the sophisticated technologies of the world. The offerings of the establishment emphasize and work towards automating a wide variety of operations to augment the profitability of firms. The organization also focuses on implementing AI offerings that can be scalable to varied sizes of firms. Also, the small and medium enterprises are the ones that will be benefited most from our solutions by empowering them with modern technology to ward off any competition from large, global corporations.

ONPASSIVE is the first and only Total Internet Solution (TIS) with a complete ecosystem of tools and applications. Tagged as the first-ever Smart Business Solution (SBS), ONPASSIVE is the only place where there is no need for selling or recruiting. You choose what to sell and what to recruit only if you want. ONPASSIVE primarily gives you three main pillars of success with more in the making. You get a viable business, an efficient toolset that is set on autopilot, fuelled with an endless and unlimited amount of traffic and visitors to your business. NO GOAL IS TOO BIG OR TOO SMALL WITH THE ONPASSIVE STRUCTURE
Our Vision
""ONPASSIVE is the ultimate, complete and unique, Digital Marketing Platform that ensures everyone succeeds, regardless of their backgrounds or ability, by offering the simplest environment with the highest standards and the most value while sustaining the benefits of a global stimulus plan.""

What you envision is what ONPASSIVE aims to fulfil, thus, guaranteeing your success. Once you realize that our goal is to give your dream to you, you will realize how extraordinary ONPASSIVE is. We have already started standing strong with thousands of people joining us every day across the world. No doubt that ONPASSIVE has been established as the new class of business solutions for the present and future generation. Moreover, ONPASSIVE is completely safe for to build your business.",Automation Machinery Manufacturing,2-10 employees,Partnership,"Sainte-Suzanne, Occitanie, France",France,,https://www.linkedin.com/company/on-passive
Jaunin Productions,"Depuis 45 ans, l'équipe de professionnels de Jaunin Productions vous accompagne dans vos projets de conception et de fabrication d'équipements industriels. 

Nous intervenons dans le secteur industriel, agricole, aéronautique... Nos services et produits peuvent revêtir diverses formes : 

        - ouvrages métalliques 
        - ensembles chaudronnés  
        - réalisation de remorques routières et industrielles 
        - matériel de manutention
        - véhicules électriques à usage industriel 
        - création de structures métalliques spécifiques
        - etc.  

Besoin d'un nouvel éclairage sur votre projet ? 

Jaunin Productions dispose également d'un bureau d'études. 
Nous mettons notre expertise et notre savoir-faire au service de vos besoins en équipements industriels. 
N'hésitez pas à nous contacter pour plus d'informations: https://www.jaunin.com/nos-metiers/conception/",Automation Machinery Manufacturing,11-50 employees,Self Owned,"Vieillevigne, Pays de la Loire, France",France,jaunin.com,https://www.linkedin.com/company/jaunin-productions
FANCOM FRANCE,"""Fancom est le leader mondial dans le développement de systèmes informatiques et d'automatisation de ventilation et d’alimentation en élevage.

Notre objectif est de créer des conditions optimales pour nos clients, tant dans les bâtiments d’élevage que dans leur gestion. 

Nos solutions combinent la ventilation, l'automatisation de l'alimentation, la biométrie et la gestion des données afin de bénéficier des meilleures performances. 

Nous sommes convaincus que le paysage futur de l’élevage sera déterminé par les choix que nous faisons aujourd’hui. Nous devons consommer de façon plus durable et responsable. Fancom s’engage à proposer de nouvelles technologies innovantes qui permettront de créer une gestion efficace des bâtiments. Nous accordons la plus grande attention à la transparence, à une alimentation saine et au bien-être des animaux.""",Automation Machinery Manufacturing,11-50 employees,Public Company,"Vitré, Brittany, France",France,fancom.com,https://www.linkedin.com/company/fancom-france
ETME - Groupe ACCEDIA,"Distributeur et leader français de l'électronique d'automatisation des portes industrielles, ETME met son expertise à votre service depuis plus de 25 ans.

ETME fait partie du Groupe ACCEDIA, , acteur français majeur sur les marchés de la sécurité électronique, intrusion, contrôle d’accès, vidéoprotection, détection incendie et fermetures industrielles et collectives",Automation Machinery Manufacturing,11-50 employees,Self Owned,"Champigny-sur-Marne, Île-de-France, France",France,etme.com,https://www.linkedin.com/company/etme-groupe-accedia
EUROTEC,"Engineering et fabrication de système automatisé au service de l'industrie minérale. 
Optimisation des performances, rénovations et projets neufs. 

Les atouts d’EUROTEC, Innovation, Qualité, Service, Rayonnement international.

Eurotec réalise des projets clés en main (HTA, BT, Automatisme, HMI, Chantier, Mise en service)

Eurotec possède un logiciel de contrôle de commande nommé CERES dédiés aux : 
-	Installations de concassage 
-	Centres de tri
-	Chargements camions, trains et péniches
-	Dragues
-	Centrales d’émulsion 
-	Centrales à béton 

Eurotec possède également un logiciel d’analyse des performances et d’optimisation qui ce nomme CERES Generator.

Un service SAV avec numéro Hotline assure le suivi de vos installations.",Automation Machinery Manufacturing,11-50 employees,Partnership,"Annecy, Auvergne-Rhône-Alpes, France",France,eurotec-bjf.fr,https://www.linkedin.com/company/eurotecbjf
COBOTS-SOLUTIONS,"Cobots-Solutions importateur exclusif des cobots JAKApour la France, La Belgique et la Suisse vous accompagne dans le choix et l'intégration de vos robots collaboratifs au sein de vos lignes de production.",Automation Machinery Manufacturing,2-10 employees,Privately Held,"Joué Les Tours, France",France,cobots-solutions.com,https://www.linkedin.com/company/cobots-solutions
ACTEMIUM Nancy,"L'offre Actemium Nancy couvre l'ensemble du cycle de vie industriel et s'appuie sur une maitrise des process de production. 

Nos offres intègrent toutes les applications de l'électricité afin d'optimiser la circulation de l'information ainsi que les communications entre tous types d'équipements, allant du réseau de terrain jusqu'à la salle de commandes.

Nous apportons conseils et accompagnement à nos clients, à tous les niveaux de leurs Process et Automatismes dans l'objectif de construire ou optimiser votre production.

Notre offre en Efficacité Energétique est un levier indispensable pour gagner en rentabilité sur un site industriel.
""Alors n'attendez plus et agissez pour optimiser vos consommations énergétiques"".",Automation Machinery Manufacturing,51-200 employees,Self Owned,"Chavigny, Grand Est, France",France,actemium.fr,https://www.linkedin.com/company/actemiumnancy
ATEA Automatisme Mécanique,"Présentation
Notre PME ATEA est un intégrateur en Automatismes, Robotique et Mécanique, reconnu depuis 40 ans par de grands donneurs d’ordres comme le Groupe STELLANTIS, Le groupe SAFRAN, Air France Industries, THALES ... nous recherchons en permanence des talents ayant une expérience significative dans ces secteurs d’activités ou connexes.

Nos valeurs : 
Chez ATEA la satisfaction de nos clients est tout aussi importante que le bien être de nos équipes. Nous travaillons tous ensemble pour la pérennité de l’entreprise dans le respect et l’écoute de chacun.

Site web
www.atea.net
Secteur
Fabrication de composants pour l’industrie aéronautique et aérospatiale
Taille de l’entreprise
11-50 employés
1 sur LinkedIn 
Inclut des membres avec ATEA comme employeur actuel, y compris les postes à temps partiel.
Fondée en
1984
Spécialisations
Automatisme, Robotique, Supervision, Simulation/jumeau numérique, Mécanique, Electricité industrielle et tertiaire, Outillages spécifiques, Siemens, Catia V5, see electrical et Caneco",Automation Machinery Manufacturing,11-50 employees,Privately Held,"Paris, Île-de-France, France",France,atea.net,https://www.linkedin.com/company/atea_2
ABI Documents & Logistique,"ABI est Spécialisée dans la vente de solutions d’automatisation, notre entreprise accompagne les professionnels dans l’optimisation de leurs processus Logistique et Documentaire.

Nous intervenons sur deux segments complémentaires :

La logistique et le e-commerce : grâce à des machines d’emballage 3D intelligentes, capables d’adapter automatiquement les colis aux dimensions des produits. Ces solutions apportent un gain de productivité, une réduction des coûts logistiques, et une diminution de l’empreinte environnementale.

La gestion des documents : avec une gamme de machines de mise sous pli et de mise sous film, adaptées aux besoins des services administratifs, des centres de traitement de courrier ou des entreprises souhaitant automatiser leur communication papier.

Nous nous engageons aux côtés de nos clients avec une approche fondée sur l’écoute, la réactivité et un accompagnement sur mesure, de l’analyse du besoin à l’installation des équipements, en passant par la formation et la maintenance.",Automation Machinery Manufacturing,11-50 employees,Partnership,"Saint-Fargeau-Ponthierry, Île-de-France, France",France,abigraphique.com,https://www.linkedin.com/company/abi-logistique
Archytas Robotics,"Archytas Robotics est une société française spécialisée dans les solutions robotisées :
Pick and place
Vision
Dévracage",Automation Machinery Manufacturing,2-10 employees,Privately Held,"Toulouse, Occitanie, France",France,archytasrobotics.fr,https://www.linkedin.com/company/archytasrobotics
VPM AUTOMATION - groupe PRACARTIS,"L’activité de VPM AUTOMATION consiste à fournir des prestations de service et de sous-traitance en automatisme industriel, électrotechnique sur machines-outils, machines spéciales, systèmes automatisés : pré-études, études, documentation, programmation,  réalisation d’armoires et coffrets, câblage, mise en service, optimisation, réglages, essais, opérations de maintenance et de dépannage, formation.
De la prestation complète sur cahier des charges à l’intervention ponctuelle dans un des domaines d’activités.
La politique commerciale de VPM AUTOMATION s’inscrit dans un partenariat avec ses clients.

VPM AUTOMATION c’est une équipe de professionnels et d’experts à votre service.

Vous recherchez un interlocuteur unique, une société maîtrisant de multiples compétences, capable de prendre en compte la globalité de votre demande, de l’étude à la réalisation de votre projet.

Nous vous proposons d’étudier votre demande, dans le plus strict respect des règles de confidentialité nécessaires à une relation que nous souhaitons durable.

La collaboration peut être ponctuelle, périodique, ou régulière.

En sus de son activité, VPM AUTOMATION peut proposer à toute entreprise industrielle de fournir des ressources en renfort aux équipes déjà en place, en remplacement d’automaticiens ou d’électrotechniciens indisponibles, pour faire face à une surcharge de travail, pour apporter et partager son savoir-faire.",Automation Machinery Manufacturing,11-50 employees,Partnership,"Figeac, Occitanie, France",France,vpm-automation.fr,https://www.linkedin.com/company/vpmautomation
Outrevol,"Outrevol is developing a new generation of flying robots capable of operating in direct contact with hard-to-reach surfaces. Our mission is to reduce the time, cost, and human risks associated with inspection and maintenance operations.

Our innovation: the Rover-Drone, a technology developed by Outrevol. This unique platform combines the mobility of a drone with the precision of a rover, enabling it to fly, land and move along structural surfaces. It carries the industrial tools required for inspection, cleaning, or maintenance, and operates directly on complex structures such as storage tanks, wind turbines, bridges, aircrafts, building facades, or dams.

Where traditional drones only observe from a distance, the Rover-Drone performs precise and reliable contact operations.",Automation Machinery Manufacturing,2-10 employees,Privately Held,"Bordeaux, Nouvelle-Aquitaine, France",France,outrevol.com,https://www.linkedin.com/company/outrevol
SCATE Automation  _ Définitivement fermée,Entreprise définitivement fermée,Automation Machinery Manufacturing,Self-employed,Partnership,"Riom, Auvergne-Rhône-Alpes, France",France,,https://www.linkedin.com/company/scate-technologie
ARTELEC,"Créée en avril 2011, la société ARTELEC intervient dans le domaine des automatismes de régulation des systèmes de chauffage, ventilation et conditionnement d’air, production de froid et de la Gestion Technique du Bâtiment (GTB).

Nous pouvons proposer à nos clients :

La fourniture et conception de vos systèmes complets de régulation. Nous sommes intégrateurs des marques Trend et Distech pour la réalisation de vos installations tous secteurs confondus mais aussi pour la programmation et la mise en service sur site de ces installations.
L’installation et le câblage du matériel incluant les éventuelles prestations annexes telles que remplacement de coffrets électriques, tirage de câbles, remplacement de capteurs.
Déploiement de superviseur : GTB/GTC.",Automation Machinery Manufacturing,2-10 employees,Partnership,"Douvrin, Hauts-de-France, France",France,artelec-sarl.com,https://www.linkedin.com/company/artelec-sarl
GAPE-Automatisme,"Spécialiste de l'automatisme, de la robotique et du câblage d'armoire électrique",Automation Machinery Manufacturing,11-50 employees,Privately Held,"Vouneuil-sous-Biard, Nouvelle-Aquitaine, France",France,gape-cemes.fr,https://www.linkedin.com/company/gape
SODALEC,"SODALEC est une société d'études et de fabrication de systèmes électroniques.
A partir d'un cahier des charges client, nous étudions le système électronique adapté aux besoins.
Nous travaillons dans 5 secteurs différents :
- Agricole / Élevage
- Industrie
- Balnéothérapie
- Médical
- Télécommunication",Automation Machinery Manufacturing,11-50 employees,Partnership,"Pacé, Brittany, France",France,sodalec.fr,https://www.linkedin.com/company/sodalec
Sycon,"Connecter l’industrie. Simplement.

Sycon amène une solution plug-and-play pour connecter facilement toutes les composantes de l’usine (machines, systèmes, véhicules, opérateurs) sans remplacement d’équipement ni infrastructure complexe.

 Notre mission :
Rendre les données industrielles accessibles, actionnables et sécurisées, même dans les environnements les plus contraints.

 Notre technologie :
Boîtier connecté tout-en-un (LTE, Bluetooth, multi-capteurs)
Réseau mesh privé (DECT NR+) pour un site 100 % autonome
Traitement cloud ou on-premise
Interface intuitive et API ouverte pour GMAO, ERP, MES

 Cas d’usage concrets :

Suivi de production sur machines anciennes pour améliorer la qualité, réduire les pertes et développer de nouveaux produits plus efficacement.

Maintenance prédictive basée sur des données environnementales (température, humidité, CO2) et machine (courant, vibrations...).

Amélioration continue dans des sites R&D ou de production grâce à une meilleure corrélation entre les arrêts, la performance des machines et leur environnement.

 Pour en savoir plus ou découvrir nos cas clients : https://www.sycon.fr/",Automation Machinery Manufacturing,2-10 employees,Privately Held,"Paris, Île-de-France, France",France,sycon.fr,https://www.linkedin.com/company/hello-sycon
Armatan,"Héritière d'une histoire de 35 ans avec Saphir puis qmt, dont elle a repris les activités aéronautique, défense et énergie, Armatan est experte dans la conception et la réalisation de systèmes pour le test et la mesure : systèmes de contrôle et d’acquisition de données, bancs de test et systèmes embarqués.

Armatan propose des solutions à façon pour la R&D et la production, pour l’industrie et les laboratoires. Ces systèmes réalisés en mode projet au forfait peuvent intégrer des composants mécaniques, électroniques, électrotechniques et logiciels.

Notre équipe expérimentée et pluridisciplinaire met le besoin et la collaboration client au centre de ses priorités afin d'apporter des solutions clés en main, complètes et cohérentes.",Automation Machinery Manufacturing,11-50 employees,Privately Held,"Sainte-Hélène-du-Lac, Auvergne-Rhône-Alpes, France",France,armatan.com,https://www.linkedin.com/company/armatan-sas
INSPEMON,"We design ultra-fast, autonomous monitoring systems for infrastructure and industry.

 Setup in under 1 hour
 1-minute scan cycles
 Auto-refined, high-density point clouds
 24/7 autonomous operation with automated classification

We make complex environments visible in real time.

Something big is coming. #AML

Follow us to stay ahead.
#Inspemon #LiDAR #Automation #SmartMonitoring #Industry40 #DeepTech #FrenchTech #ComingSoon",Automation Machinery Manufacturing,2-10 employees,Privately Held,"Nantes, Pays de la Loire, France",France,inspemon.com,https://www.linkedin.com/company/inspemon
FOGEX,"Established in 1971, part of SIT Spa Group, Fogex is one of the market leader of drive systems.",Automation Machinery Manufacturing,51-200 employees,Self Owned,"Argenteuil, Île-de-France, France",France,fogex.com,https://www.linkedin.com/company/fogex
Minerve Technology,"Minerve Technology est une jeune entreprise innovante qui conçoit, fabrique, installe et assure le suivi d'installations pour la désinfection de l'eau en utilisant les technologies les plus respectueuses de l'environnement, sans compromis sur les performances techniques et économiques.
Selon les applications, ces installations traitent de quelques mètres cubes d’eau par jour à plusieurs centaines de mètres cubes d’eau par heure.
Nos équipements apportent des solutions adaptées à tout type de secteurs dans le respect de leurs contraintes et de leurs objectifs qualité : eau potable, industrie agro-alimentaire, cartonnerie/papeterie, etc.",Automation Machinery Manufacturing,2-10 employees,Privately Held,"Montpellier, Occitanie, France",France,minerve-technology.com,https://www.linkedin.com/company/minerve-technology
AUTOMATISME INDUSTRIEL PRIZZON,"AUTOMATISME INDUSTRIEL PRIZZON est une société basée à Eysines (33).
La société est spécialisée dans la conception mécanique, électrique, automatisme et robotique jusqu'à la mise en service. Nous intervenons pour des intégrateurs tel que la société Thyssenkrupp, Ecoclean, la Snef, Actemium, Clemessy (Eiffage), Fauché ou pour des clients finaux (Xella thermopierre, Maubrac emballage, Bigata ...) dans tous types d'industrie (automobile, pétro-chimie, aéronautique, ...).",Automation Machinery Manufacturing,2-10 employees,Privately Held,"Eysines, Nouvelle-Aquitaine, France",France,aip-aquitaine.com,https://www.linkedin.com/company/automatisme-industriel-prizzon
PRISMA.pro,"Spécialisé dans l'intégration de systèmes automatisés, nous prenons en compte tous vos besoins et mettons notre expérience à votre service pour un résultat optimum. Machines spéciales, vision, robotique, marquage laser, traçabilité, supervision, variation de vitesse...",Automation Machinery Manufacturing,2-10 employees,Privately Held,"Couthenans, Bourgogne-Franche-Comté, France",France,prisma.pro,https://www.linkedin.com/company/prisma-pro
SUD ELEC,"Sud Elec is a company specialized in automation and industrial electricity.

Our human-sized company allows us to ensure a close relationship with our customers.
The experience and autonomy of our teams allow us to guarantee you quality projects. Our company has been recognized since 1998 for its ability to answer our customers needs.

As a leading player in industrial electricity, we are an international company supporting are customers factory locations in France, Turkey, Russia, Germany, United States, Spain, Brazil, Egypt, Canada, Italy ...

Tailor-made support in the study, design, commissioning and maintenance of your industrial projects for ever more qualitative, competitive and optimized installations.",Automation Machinery Manufacturing,11-50 employees,Privately Held,"Caumont-sur-Durance, Provence-Alpes-Côte d'Azur, France",France,sud-elec.fr,https://www.linkedin.com/company/sudelec-sas
Sopra pneumatic,"Sopra Pneumatic, société du Groupe Socafluid, est spécialisée en automatisation pneumatique depuis 1981.

Experte pour le secteur industriel, Sopra Pneumatic offre des solutions allant du standard au sur-mesure pour optimiser les process en industries grâce à la force de l'air comprimé.
Sopra Pneumatic se distingue par plusieurs gammes :

•	Gamme actionneurs : vérins aux multiples propriétés
•	Gamme distributeurs & ilots de distribution
•	Gamme connectiques pneumatiques
•	Gamme traitement de l'air

Sopra Pneumatic fait partie du Groupe Socafluid, un acteur industriel composé de filiales expertes en automatisation pneumatique et en solutions fluidiques. Grâce à cette synergie, son savoir-faire et son expérience, Sopra Pneumatic s'impose comme un spécialiste reconnu sur le marché national.",Automation Machinery Manufacturing,11-50 employees,Privately Held,"Villefranche-sur-Saône, Auvergne-Rhône-Alpes, France",France,sopra-pneumatic.com,https://www.linkedin.com/company/sopra-solutions-pneumatiques
Carlo Gavazzi France,"Carlo Gavazzi is an international group active in designing, manufacturing and marketing electronic equipment. Automation Components is the core business operated by Carlo Gavazzi Group.

Automation Components designs and manufactures electronic control components for the global building and industrial automation markets in its ISO 90001 certified factories in Italy, Lithuania, Malta and China.

The products (sensors, monitoring relays, timers, energy management systems, solid state relays, electronic motor controllers, safety devices and fieldbus systems) provide automation solutions for the industrial and building automation markets.

Typical customers are original equipment manufacturers of packaging machines, plastic-injection moulding machines, agriculture machines, food and beverage production, conveying and materials handling equipment, door and entrance control systems, lifts and escalators as well as heating, ventilation and air conditioning devices. System integrators and distributors are other effective channels to the market.

The products are marketed across Europe, North America and Asia-Pacific through a network of 22 own sales companies and around 60 independent national distributors.",Automation Machinery Manufacturing,"501-1,000 employees",Privately Held,"Roissy-en-France, Île-de-France, France",France,gavazziautomation.com,https://www.linkedin.com/company/carlo-gavazzi-france
ACTII automatisme et informatique industrielle,"ACTII est spécialisée dans 2 secteurs d'activités : le Process (agro-alimentaire et pharmaceutique) et la machine spéciale. 
Société à taille humaine, nous nous organisons et nous adaptons pour répondre à de petits comme de gros projets, où la mise en place d'une équipe et la gestion deviennent indispensables. 
Nous intervenons principalement pour de grands bureaux d'ingénierie, en sous-traitance, sur la réalisation de projets, depuis l'analyse fonctionnelle jusqu'à la mise en service sur site.",Automation Machinery Manufacturing,11-50 employees,Privately Held,"Fontaine-sous-Préaux, Normandy, France",France,actii.fr,https://www.linkedin.com/company/actii-automatisme-et-informatique-industrielle
CERI,"Depuis prés de 45 ans, les équipes CERI conçoivent et mettent en service des machines-outils industrielles pour répondre aux besoins des clients les plus exigeants. Le savoir-faire de nos bureaux d’études, notre capacité à nous adapter à vos contraintes, la compétence de nos monteurs et metteurs au points, nous permettent de vous proposer les solutions les plus adaptées à vos besoins pour une valeur ajoutée maximale.",Automation Machinery Manufacturing,11-50 employees,Self Owned,"Louviers, Normandy, France",France,ceri-mo.fr,https://www.linkedin.com/company/ceri-mo
Matthews France,"Créé en 1988, le Groupe Matthews France a installé son Siège à ENNERY (près de Cergy – Paris). 
Notre métier de conseil et travaux nous permet d’estimer les fabricants de machines, de confronter et évaluer les technologies pour affirmer dans notre prestation la meilleure solution et qualité de service. Grace à une expertise et à la description du projet, nous vous guidons vers les meilleures solutions de marquage industriel et procédons à l’installation de machines industrielles à la pointe de la technologie reconnues pour leur fiabilité sur le marché mondial.",Automation Machinery Manufacturing,11-50 employees,Partnership,"Énnery, Île-de-France, France",France,matthews.fr,https://www.linkedin.com/company/matthews-france
ATLANTIQUE AUTOMATISMES OCEAN,"ATLANTIQUE AUTOMATISMES OCEAN, portes automatiques piétonnes, portes tambours, rideaux métalliques, portes sectionnelles, portes à relevage rapide ZONE D2A  RUE RENE FONCK, ST AIGNAN GRANDLIEU, France.",Automation Machinery Manufacturing,11-50 employees,Self Employed,"Saint-Aignan-Grandlieu, Pays de la Loire, France",France,xn--automatismes-ocan-ptb.fr,https://www.linkedin.com/company/atlantique-automatismes-ocean
Actemium Strasbourg Plant Solutions,"Nous sommes une entreprise de VINCI Energies au sein du réseau Actemium, marque dédiée aux procédés industriels.

De la conception, réalisation, jusqu’à la maintenance, Actemium Strasbourg Plant Solutions est une Entreprise locale d’experts en EIA et process industriel au sein d’un réseau dense et agile.

Grâce à une approche innovante, nos femmes et nos hommes s’engagent avec vous pour bâtir une industrie performante, responsable & durable.

Pour ce faire, nous intervenons sur leurs installations électriques ainsi qu’au cœur de leur process.",Automation Machinery Manufacturing,201-500 employees,Privately Held,"Vendenheim, Grand Est, France",France,actemium.fr,https://www.linkedin.com/company/actemium-strasbourg-plant-solutions
RMATIK Industries,"Bienvenue chez Rmatik, entreprise Française spécialisée dans la conception, la fabrication et la vente de solutions standards et personnalisées dans le domaines industriel de l'automation pneumatique. 
Une forte passion pour les produits, pousse notre entreprise vers un processus continu de développement et d'innovation dans un domaine en constante évolution.
Dans notre catalogue, vous pouvez trouver des vérins pneumatiques et des actionneurs, des vannes et des électrovannes, des unités de traitement de l'air et des raccords. 
L'expérience et la compétence du personnel Rmatik sont les valeurs sûres d'une organisations efficaces et soucieuse des mise des mises en conformité de la production. Tous ces éléments ambitieux font la performances Rmatik et nous permettent d'atteindre des objectifs nouveaux et importants grâce a une innovation continue de nos produits. Notre credo est la satisfaction de toutes les demandes de nos clients",Automation Machinery Manufacturing,11-50 employees,Privately Held,"Muizon, Grand Est, France",France,rmatikfrance.com,https://www.linkedin.com/company/rmatikfrance
CASIT. Italian Openings & Automation,"We specialize in automation and control systems for entrances of any type: individuals, industry, community services, transit of people and vehicles, etc.
 
Our products include actuators for gates, overhead or sectional doors, automations for doors and windows, barriers, bollards, systems for main entrances of any type, also of very large size and weight.
 
In operation since 1954, we have made significant technological advances over the years.

BE A PARTNER
CASIT is constantly looking for new and reliable Partner committed in distributing our product in Areas not covered yet.
 
The potential of automation systems & access control for gates, doors and industrial doors, barriers and any kind of opening, is high and it could be a business opportunity.",Automation Machinery Manufacturing,11-50 employees,Partnership,"Saint-Jean-de-Bournay, Auvergne-Rhône-Alpes, France",France,casit-italy.com,https://www.linkedin.com/company/casit-automation-gate-bollard-turnstile-hangar-foldingdoor
ROBOTINDUS,"Robotindus vous propose des solutions au service de la performance.
Robotique collaborative pour le chargement de machines, opération de ponçage, vissage, assemblage et palettisation.
Intégrateur certifié par Universal Robots",Automation Machinery Manufacturing,2-10 employees,Partnership,"Sarrebourg, Grand Est, France",France,robotindus.fr,https://www.linkedin.com/company/robotindus
U2 Robotics USA,"U2 Robotics USA is a leading robotics, automation, and technology company providing sales, distribution, project management and technical support for flexible robotic solutions manufactured by Unilogo Robotics.

Unilogo Robotics specialize in the design, integration, and support of advanced robotic and flexible packaging systems for the food, cosmetic, pharmaceutical, chemical, and consumer goods industries. With extensive experience in developing automated flexible lines, our solutions include depalletizers, unscramblers, fillers, flexible robotic cappers, labelers, case packers, palletizers, and advanced conveying systems such as ACOPOStrak and ACOPOS 6D, as well as fully customized robotic applications.

As a developer and producer of industrial machinery, Unilogo Robotics is driven by one core mission: delivering simple, effective solutions to complex manufacturing challenges. By partnering with U2 Robotics USA and Unilogo Robotics, customers gain access to cutting-edge technology, modern design, and high-quality engineering—backed by local expertise and dedicated support.

Invest in flexible automation. Invest in the future of your production.

 Contact: dali.mavrinac@u2robotics.com",Automation Machinery Manufacturing,2-10 employees,Partnership,"Treize-Septiers, Pays de la Loire, France",France,u2robotics.com,https://www.linkedin.com/company/u2-robotics-usa
GINO-AKA SAS,"In 2020 the GINO AG (Germany) and Resistel (France) liquid starter divisions have been merged with the acquired company AKA Automatismes from Lisses/France to create GINO-AKA SAS. GINO-AKA SAS is part of the Telema Resistor Group and the hub for the global activity in the field of liquid starters and thyristor power controllers. 
With more than 30 years of experience we have strong expertise in industrial automation and power control applications. We are highly dedicated to our customers in the cement, mining, glass and industrial sectors.",Automation Machinery Manufacturing,2-10 employees,Public Company,"Lisses, Île-de-France, France",France,gino-aka.com,https://www.linkedin.com/company/aka-automatismes
steute France,"steute se spécialise dans le développement et la production d’organes de commandes pour utilisations exigeantes et critiques. Notre activité se structure autour de quatre domaines et cœurs de compétences qui nécessitent des savoir-faire très spécifiques: Wireless, Automation, Extreme-ATEX, & Meditec. 

Fabricant de composants électromécaniques pour la protection des personnes travaillant en environnement de production dangereux, nous fournissons un éventail de produits réputés à nos clients : 
 interrupteurs de position et de sécurité
 capteurs magnétiques codés
 détecteurs inductifs
 interverrouillages
 gâches électromécaniques
 fins de courses
 pédaliers de commande (du mono au 4 pédales)
 arrêts d'urgence
 déport de bande
 poignées multifonctions, etc. 

Les composants steute sont développés en version radio et filaires. 
De nombreuses versions sont également conçues pour résister aux environnements extrêmes : brouillard salin, nettoyage à la lance, zones explosibles II 2G 2D, vibrations, températures extrêmes de -60 à +180°C, etc. 

Grâce à l’implantation internationale de nombreuses filiales, nos  produits sont implantés dans une grande majorité de secteurs industriels et manufacturiers : automobile, aéronautique, naval, Oil & Gaz, chimie-pharma, agroalimentaire, mines et carrières, métallurgie, machine-outil, ferroviaire, industrie du bois, traitement des eaux, etc. 

Pour chacun de ces secteurs, steute propose des solutions innovantes pour l’automatisation et la sécurité des machines et installations.

Wireless & Automation : https://www.steute-controltec.com/fr/

Depuis 2010, steute est le distributeur exclusif de AMTRION en France :
 bras mobiles verticaux (charges jusqu’à 150kg), 
 de potences (charges jusqu’à 400 kg et 4m de débattement), 
 coffrets sur mesure et 
 chariots à roulette. 


STEUTE est également distributeur de la marques INXPECT : radars de sécurité sans contact SIL2/PLd pour applications indoor/outdoor.",Automation Machinery Manufacturing,2-10 employees,Privately Held,"Meylan, Auvergne-Rhône-Alpes, France",France,steute.com,https://www.linkedin.com/company/steute-france
PROTEIS SAS,"Business consulting
Energy efficiency consulting for electrical processes
Low energy indsutrial lighting application
Life cycle machinery optimisation , leakage and waste reduction consulting
Training and technical support
Export business development consulting",Automation Machinery Manufacturing,11-50 employees,Partnership,"Francheville, Auvergne-Rhône-Alpes, France",France,proteis.eu,https://www.linkedin.com/company/proteis
InduTech France,"Industrial Hot Melt Application System Solutions, related peripheral Automations, Engineering & Contracting, related Maintenance Services and general Parts Supply.
Your partner for (PUR-)HM Units, Drum Melters, Turbo Melters, Extruders, Heated Hoses, Dispensing Guns, Roll Coaters, Coating Heads, ... Engineered Systems.
When you expect a no-nonsense business philosophy.",Automation Machinery Manufacturing,2-10 employees,Privately Held,"Lille, Hauts-de-France, France",France,indutech-int.com,https://www.linkedin.com/company/indutechfrance
sileno,"We are the specialists which convert the result of the complex connection between human being, technology and data in a source of abundant and business-enhancing information.
Our company name is derived from SILENOS, a greek goddess and ruler of the sources.
With this name we refer to our standard in handling with the whole range of data sources and our competence in combining most varied technologies.
The recording of technical data of machines, plants and buildings are no longer limited to a hall, a location or a property.
In fact, new communication technologies offer entirely new perspectives regarding the monitoring, controlling and management of such data. This also gives rise to new services and business models that did not exist so far until now. We see ourselves as the communication mangers of this information. Hence we have created 3 product priorities which very often merge together in applications:

    Environmental energy efficiency management system (EnMS)

    Visualisation and operation (SCADA)

    Alarm server (Notification & Alarming)

To accomplish this task, we have innovative products on offer which are worldwide in thousands of applications in use. With our company name, we refer to our claims in dealing with various data sources and on our expertise to combine most different technologies.

With our far-reaching and proven partner network we grant customer proximity and very fast reaction times.",Automation Machinery Manufacturing,11-50 employees,Privately Held,"Paris, Île-de-France, France",France,sileno.com,https://www.linkedin.com/company/sileno
D3E Automatisme,"Solutions en automatisme et électricité industrielle. Grâce à son expertise technique et son partenariat avec plus de 100 marques référentes (Omron, Weidmuller, Sick, Patlite, Carlo Gavazzi,...), D3E Automatisme répond depuis plus de 30 ans aux enjeux techniques et technologiques des entreprises du Grand Est et région parisienne sur un large panel de thèmes : automatisme, contrôle, détection,  énergie, outillage,  sécurité, commutation, instruments de mesure, câblage.",Automation Machinery Manufacturing,11-50 employees,Privately Held,"Sainte-Savine, Grand Est, France",France,d3e.fr,https://www.linkedin.com/company/d3e-automatisme
ATEQ Poland,"Przemysłowe testery szczelności i przepływu, aparatura dla lotnictwa, testery systemów TPMS",Automation Machinery Manufacturing,11-50 employees,Privately Held,France,France,ateq.pl,https://www.linkedin.com/company/ateq
Actemium Paris Process Instrumentation,"Nous réalisons, accompagnons et sécurisons vos projets industriels en courant faible et courant fort dans les secteurs des sciences de la vie en Ile-de-France.

Nous sommes votre interlocuteur de confiance, expert fiable et disponible jusqu’au bout.",Automation Machinery Manufacturing,51-200 employees,Public Company,"Créteil, Île-de-France, France",France,actemium.fr,https://www.linkedin.com/company/actemium-paris-process-instrumentation
Selca,"Entreprise familiale et indépendante, créée en 1979 par Claude Duval, Selca est au service des clients industriels, des clients du secteur tertiaire et des particuliers. 
Historiquement Selca a développé son activité dans les secteurs industriels.

Nos équipes proposent des solutions adaptées aux problèmes rencontrés et assurent un suivi jusqu'à la finalisation des missions qui leur sont confiées.

Le domaine de l'électricité rassemble une grande variété d'activités de services faisant appel à des compétences et des métiers très divers.
Nous nous entourons de partenaires spécialistes pour assurer une offre la plus proche de vos besoins.

Selca est présente dans tous les domaines de la distribution électrique haute et basse tension, calcul d’éclairage, mise en œuvre des technologies telles que la détection d’incendie, contrôle d’accès, alarmes, GTC, ...",Automation Machinery Manufacturing,51-200 employees,Self Owned,"Beaumont-Hague, Normandy, France",France,selca.fr,https://www.linkedin.com/company/selca50
HVS SYSTEM,"Fondée en 1985, HVS GROUP accompagne les services techniques des industries et de leurs sous-traitants en leur apportant conseil, expertise et solutions personnalisées.

Notre offre s’appuie sur un large catalogue en automatismes industriels, en partenariat avec plus de 1200 marques de référence. Nous proposons également un ensemble de services adaptés aux besoins opérationnels : support technique, formation des équipes, et rationalisation des achats.

Nos domaines de spécialisation :
- Automatismes industriels
- Traçabilité
- Gestion de production
- Contrôle qualité
- Réseaux de communication
- Supervision
- Détection

Implantés sur les régions Hauts de France, Normandie, Grand Est, Centre Val de Loire, ainsi que sur la grande région Auvergne, Rhône Alpes. Nous intervenons dans des secteurs variés : automobile, agroalimentaire, sidérurgie, métallurgie, laboratoires pharmaceutiques et cosmétiques, ingénierie et fabrication de machines spéciales.

Depuis plus de 30 ans, nous mettons notre expertise au service de la performance industrielle.

Retrouvez-nous sur :
Twitter : twitter.com/HVS_Group",Automation Machinery Manufacturing,11-50 employees,Privately Held,"Taissy, Grand Est, France",France,hvsgroup.fr,https://www.linkedin.com/company/hvsgroup
CAPFLOW SAS,CAPFLOW SAS.,Automation Machinery Manufacturing,2-10 employees,Partnership,"Couëron, Pays de la Loire, France",France,capflow.fr,https://www.linkedin.com/company/capflow-sarl
Actemium Cannes,"Expert dans les domaines de l'électricité (HTA, distribution d’énergie, TGBT) et de l'automatisme (régulation, automatisme, supervision), nous proposons des solutions clés en main dédiés à la performance et à la fiabilité de l'outils industriel de nos clients en travaux neuf et en maintenance liés au process.

En proximité, et avec flexibilité, nous apportons le conseil et la réalisation de projets adaptés aux divers enjeux et contraintes du milieu industriel.

Notre savoir-faire opère principalement sur les segment de l'oil & gaz, la pharmacie et la cosmétique, l’agroalimentaire, les matériaux, l'eau et l'environnement, l'aéronautique...

L’entreprise est une filiale de Vinci Energies avec 50 collaborateurs, basée à Mouans-Sartoux .",Automation Machinery Manufacturing,11-50 employees,Public Company,"Mouans-Sartoux, Provence-Alpes-Côte d'Azur, France",France,actemium.fr,https://www.linkedin.com/company/actemium-cannes-graniousolutionsindustrielles
Marvin,"Marvin est le premier collègue virtuel autonome de gestion locative pour les professionnels de l'immobilier!

Fini le temps passé sur votre logiciel de gestion. Recrutez Marvin et passez 3 fois moins de temps sur votre gestion locative administrative

Ainsi, vous pouvez augmenter votre productivité, gagner un temps précieux et garantir une fiabilité de service à vos clients locataires et bailleurs.",Automation Machinery Manufacturing,2-10 employees,Privately Held,"Nîmes, Occitanie, France",France,marvin.immo,https://www.linkedin.com/company/marvin-bot
AUTOMATION TRAINING 'Page Officielle',"Formation 100% pratique en Automatisme Industriel :

Améliorez vos compétences en Automatisme industriel. Devenez un homme de terrain pragmatique et efficace et occupez la fonction que vous méritez.

Vous êtes Électricien/Automaticien et vous voulez booster votre carrière.

Vous êtes étudiant en électricité/automatisme et vous cherchez a être plus près de l'industrie.

Vous êtes diplômé et vous avez des difficultés à décrocher un emploi dans le domaine d'automatisme.

Vous voulez être en contact avec le matériel d'automatisme et faire des essais sur des maquettes réelles.

Vous voulez devenir automaticien et vous avez besoin d'orientation, de formation et d'accompagnement.

AUTOMATION TRAINING, grâce à ses formateurs, son savoir faire et son expérience dans le domaine industriel, vous aide à améliorer vos compétences techniques en automatisme industriel et vous donne les clés de la réussite.",Automation Machinery Manufacturing,2-10 employees,Privately Held,"Saint-Geours-de-Maremne, Nouvelle-Aquitaine, France",France,,https://www.linkedin.com/company/automation-training
Scaglia INDEVA S.A.R.L. France,"SCAGLIA INDEVA est leader mondial dans la fourniture de solution de manutention de pointe. 

Fort de son savoir-faire, INDEVA développe et commercialise une gamme complète d'aide à la manutention répondant aux exigences industrielles diverses et variées. 

La gamme INDEVA comprend aussi bien des solutions de manutentions pneumatiques que des solutions intelligentes avec poignées sensitives permettant d'améliorer la productivité et d'optimiser l'ergonomie et la sécurité des postes de travail. 

En complément de nos manipulateurs de charge, INDEVA développe et propose des AGV : véhicule autoguidé permettant l'approvisionnement de bord de ligne ou zone d'expédition en fonction de l'environnement de travail. 

Ainsi que des solutions LEAN MANUFACTURING avec une gamme complète de système modulaire permettant la conception de poste de travail, de racks dynamiques, chariots roulants et autres ...

SCAGLIA INDEVA FRANCE
info@fr.indevagroup.com
01.39.19.30.30
www.indevagroup.fr",Automation Machinery Manufacturing,2-10 employees,Privately Held,"Argenteuil, Île-de-France, France",France,indevagroup.fr,https://www.linkedin.com/company/scaglia-indeva-france
EUROBAUT,"Depuis Mai 1994, Eurobaut propose , en plus des prestations de base concernant la programmation de robots de toutes marques (ABB , KUKA , FANUC, MOTOMAN , ADEPT ou STAUBLI pour les plus connus ), et grâce à l'expérience acquise depuis près de 25 ans pour la plupart d'entre eux , une expertise lors d'un projet d'automatisation de production ou d'un projet d'intégration de nouveaux produits sur une ligne existante.

La veille technologique leur permet depuis quelques années de proposer également des techniques de recalage ou de contrôle par vision ou palpeurs mécaniques afin de répondre à de nombreux process : montage de miroiteries , dépalettisation de longerons ou de disques de frein en vrac dans un conteneur, contrôles de présence pièce , couleur , type lors de l'assemblage d'éléments ...

Utilisés essentiellement dans l'industrie automobile , les robots ont depuis quelques années amorcés une percée dans différents secteurs comme l'agro-alimentaire , le pharmaceutique , la cosmétique ...

La société a donc engagé cette diversification en travaillant par exemple pour Coca Cola Bergues , Blédina à Brive la Gaillarde, Odice à Marly , Jeumont Electric à Jeumont, Arcelor en France et en Allemagne sans délaisser le secteur automobile avec des contrats pour Renault (France et étranger comme Dacia Roumanie , Renault Slovénie...) , PSA , Volvo à Gand ou même Daimler en Espagne.",Automation Machinery Manufacturing,11-50 employees,Partnership,"Denain, Hauts-de-France, France",France,eurobaut.com,https://www.linkedin.com/company/eurobaut
Actemium Ales,"Actemium Alès, filiale du groupe Vinci Energies, fait partie de la marque Actemium, 100% dédiée à l'industrie, qui regroupe plus de 400 entreprises. Basés à Mons (30) et à Baillargues (34), nous accompagnons les industriels dans la modernisation et la performance de leur site dans les domaines de l'électricité, l'automatisme, la supervision et l'informatique industriel.

Couvrant principalement les départements du Gard (30), du Vaucluse (84), de l'Ardèche (07) et de l'Hérault (34), du dépannage à la création d'un site industriel complet, nos 60 ingénieurs et techniciens mettent tout en œuvre afin d'apporter un service de qualité.

Nos segments d'excellence : 
- Agroalimentaire 
- Chimie
- Pharmacie
- Industrie du feu
- Dépôts pétroliers",Automation Machinery Manufacturing,51-200 employees,Public Company,"Mons, Occitanie, France",France,actemium.fr,https://www.linkedin.com/company/actemium-ales
IDEM Automatisme & Electricité industrielle,"CONCEPTION, ENTRETIEN, DÉPANNAGE DE VOS INSTALLATIONS.

Depuis 47 ans, nous accompagnons les entreprises industrielles dans la concrétisation de leurs projets de l'installation et de la maintenance des machines. On met au cœur de notre métier notre expérience.",Automation Machinery Manufacturing,2-10 employees,Partnership,"Jonage, Auvergne-Rhône-Alpes, France",France,idem-automatisme.fr,https://www.linkedin.com/company/idem-automatisme
EM Ascenseurs & Automatismes,"Spécialiste dans l'installation, la maintenance et la modernisation d'ascenseurs et d'automatismes. EM Ascenseurs est une PME locale créée en 2012 avec une équipe de techniciens venant des plus grands groupes d'ascensoristes mondiaux et possédant un savoir-faire unique.

Passionné par sa région et son savoir-faire EM Ascenseurs propose un service personnalisée, réactif et disponible.

Collaborer avec EM c'est faire partie d'une famille, et dans une famille rien n'est plus important que la confiance.",Automation Machinery Manufacturing,2-10 employees,Privately Held,"Dijon, Bourgogne-Franche-Comté, France",France,em-ascenseurs.com,https://www.linkedin.com/company/em-ascenseurs
Collectif IO-Link France,"16 grands offreurs de solutions IO-Link se sont regroupés dans un collectif au sein du Gimélec. Cette initiative est née d’une volonté de se réunir afin de promouvoir cette technologie vers l’ensemble des industries françaises.

Le collectif IO-Link France vous accompagne dans votre transition vers l’usine du futur. En effet, IO-Link s’impose comme standard de communication entre les capteurs et les actionneurs sous les systèmes classiques de bus terrain. L’utilisation de l’interface standardisée permet de raccorder à la fois des capteurs analogiques sur des systèmes de bus de terrain. Ceci permet de réduire considérablement les coûts inhérents à la planification et à l’installation. Les coûts de câblage diminuent grâce à l’universalité des entrées/sorties.

BALLUFF, BAUMER, Bihl+Wiedemann, Burkert, EMERSON, FESTO, ifm electronic, Lenze, Leuze electronic,  MURR ELEKTRONIK, PEPPERL+FUCHS, OMRON, SCHMALZ, SICK, SIEMENS, SMC, TURCK BANNER",Automation Machinery Manufacturing,"5,001-10,000 employees",Non Profit,"Paris, Île-de-France, France",France,,https://www.linkedin.com/company/iolink-france
AIROD ROBOTICS,AIROD ROBOTICS fournit des solutions de robotique industrielle clés en main : de l'étude de faisabilité jusqu'à l'intégration sur site.,Automation Machinery Manufacturing,2-10 employees,Partnership,"Castelginest, Occitanie, France",France,airod-robotics.com,https://www.linkedin.com/company/airod-robotics
Metal Work France,"Metal Work is an Italian company that specialises in the production of pneumatic components for automation systems. 
Established in 1967, Metal Work started out as a small workshop manufacturing push-in fittings for compressed air systems. Since then the company has gradually extended its structure and production range to become a market leader in pneumatic fittings for automation systems. We currently market five separate product ranges: actuators, valves, FRL units, fittings and handling components, all of which appear in our 1400 pages catalogue.

The main production plant in Concesio, near Brescia, now has a total workforce of over 400. 
The Italian and worldwide sales network has a further 700 employees. 

Metal Work obtained ISO 9001 quality certification in 1992, followed by environmental certification under ISO 14001 in 2000. And since 2007 the company's occupational health and safety management system has been certified under OHSAS 18001. All these certifications have been issued by TGA-accredited German certifying body DEKRA ITS.

Product distribution and technical assistance are handled by 46 branches in Italy and abroad that are in direct daily contact with the market and offer a comprehensive before/after-sales service. Product quality and an efficient sales organisation are the cornerstones on which Metal Work has based its reputation. 
Metal Work France has been launched in 1987 to deliver the French market.

These qualities enable the company to meet all possible requirements in terms of pneumatic automation.",Automation Machinery Manufacturing,11-50 employees,Privately Held,"Saint-Thibault-des-Vignes, Île-de-France, France",France,metalwork.fr,https://www.linkedin.com/company/metal-work-france
TGS Automation,"OUR MULTIDISCIPLINARY COLLABORATORS AND SUBJECT MATTER EXPERTS ARE HERE TO TACKLE TECHNOLOGICAL CHALLENGES AND SUPPORT YOU IN YOUR PROJECTS.
Study And Analysis Of Your Needs
Project Management And Support
Design And Engineering Of Automated Systems
 Automation
 Industrial Vision
 Traceability
 Robotics
 Industrial Software Development
Assembly, Wiring, And Fine-Tuning
Technical Support, Assistance, And Expertise",Automation Machinery Manufacturing,11-50 employees,Privately Held,"Fleury-sur-Orne, Normandy, France",France,tgs-automation.com,https://www.linkedin.com/company/tgs-automation
7Robot - Club Robotique ENSEEIHT,"Nous sommes une association étudiante composée d’une équipe dynamique où toutes les filières de l’école se côtoient : Energie Electrique Electronique & Automatique, Sciences du Numérique et Mécanique des Fluides, & Environnement et tous les niveaux : étudiants, apprentis et doctorants.
Tous les ans nous participons à la Coupe de France de Robotique, évènement qui réunit des centaines d’équipes de France et d’ailleurs.",Automation Machinery Manufacturing,11-50 employees,Non Profit,"Toulouse, Occitanie, France",France,enseeiht.fr,https://www.linkedin.com/company/7robot
AMDEC 81,"La société AMDEC comporte 3 secteurs d'activité :

- Electricité industrielle et automatisme : conception d'équipements électriques automatisés, de l'étude à l'installation.

- Sécurité - protection : Sécurité des personnes en zone isolée. Protection des travailleurs en présence d'engins de manutention.

- Supervision & pilotage : Spécialiste du contrôle d'équipements à distance par satellite.",Automation Machinery Manufacturing,2-10 employees,Privately Held,"Alban, Occitanie, France",France,amdec81.fr,https://www.linkedin.com/company/amdec-81
AGESCA IDENTIFICATION,"AGESCA IDENTIFICATION is a construction company based out of 19 RUE DU 35E REGIMENT D AVIATION, BRON, France.",Automation Machinery Manufacturing,11-50 employees,Self Owned,"Bron, Auvergne-Rhône-Alpes, France",France,agesca.fr,https://www.linkedin.com/company/agesca-identification
I2S Automatisme,.,Automation Machinery Manufacturing,Self-employed,Privately Held,"Courtenay, Auvergne-Rhône-Alpes, France",France,,https://www.linkedin.com/company/i2s-automatisme
EPSILA,"Etudes des Process et Systèmes Industriels liées aux Automatismes.

Métiers : 
- automatisme
- instrumentation
- électricité
- comptage",Automation Machinery Manufacturing,Self-employed,Privately Held,"Gisors, Normandy, France",France,epsila.fr,https://www.linkedin.com/company/epsila
2HBO,"Functional Safety & Engineering services consulting. HAZOP LOPA SIL etc...
Cybersecurity services consulting SL, ML, risk assessment, cyber specification
digital transformation for upstream, midstream & downstream industries, 
Safety systems architecture and design",Automation Machinery Manufacturing,Self-employed,Privately Held,"Chatou, Île-de-France, France",France,,https://www.linkedin.com/company/2hbo
M.C.R.,"Société spécialisée en électricité et automatisme industriels
- études électrotechniques et automatismes : automate -CN - Variation de vitesse - robotique -      commande d'axes - vision 
- équipements électriques
- installations
- étude et conception de machines spéciales 
- mise en service",Automation Machinery Manufacturing,11-50 employees,Privately Held,"Metz, Grand Est, France",France,mcr-autom.com,https://www.linkedin.com/company/m.c.r.
Setia Industries S.A.S.,,Automation Machinery Manufacturing,2-10 employees,,"Gondreville, Grand Est, France",France,setia.fr,https://www.linkedin.com/company/setia-industries-s-a-s-
Isel France,"isel spécialisé dans le développement, production, distribution et service de systèmes complets de fraisage CNC. Grâce à nos système modulaire intelligent avec des interfaces ouvertes à toutes les technologies, nous sommes en mesure de dépasser vos exigences spécifiques à tous les égards.",Automation Machinery Manufacturing,2-10 employees,Privately Held,"Houdan, Île-de-France, France",France,isel.com,https://www.linkedin.com/company/isel-france
Mountdale,Mountdale provides the baking industry with engineering services ranging from turn-key project management to development of sustainable solutions including maintenance audits.,Automation Machinery Manufacturing,Self-employed,Privately Held,"Meudon, Île-de-France, France",France,mountdale.eu,https://www.linkedin.com/company/mountdale
TRANSLIGNE,"Transligne, exclusive distributor in France of Lammas products, studies and provides global solutions for various services such as assembly transfer, accumulation chain conveyors, automated cell feeding, accumulation conveyors with pallet recirculation or even electric presses.",Automation Machinery Manufacturing,2-10 employees,Privately Held,"Saint-Jean-de-Bournay, Auvergne-Rhône-Alpes, France",France,transligne.fr,https://www.linkedin.com/company/transligne
XPERT-ROBOT,"XPERT-ROBOT est spécialisée dans la maintenance et l'entretien des robots industriels. Nous travaillons sur plusieurs gammes de robots allant du petit porteur au grand porteur, de marque FANUC, ABB, Kuka, STAUBLI ou encore UR. Nous fournissons diverses prestations telle que la maintenance préventive, le dépannage sur site client, l'assistance technique, des formations opérateur, du conseil et expertise avant-projet. Notre expérience nous permet de vous apporter des réponses claires, précises et technique à vos différentes problématiques avec rapidité et professionnalisme.",Automation Machinery Manufacturing,2-10 employees,Self Owned,"Saintry-sur-Seine, Île-de-France, France",France,,https://www.linkedin.com/company/xpert-robot
LT Industrie,"LT Industrie est une agence commerciale à vocation technique et industrielle. Les relations humaines et le savoir faire technique sont le cœur de notre métier.

Notre objectif ? Vous accompagner pour obtenir le meilleur ratio coût/qualité /délai correspondant à vos exigences.

Pour y parvenir, nous nous imprégnons de vos besoins et nous faisons le médiateur auprès des sociétés que nous représentons. Votre satisfaction reste notre obsession.",Automation Machinery Manufacturing,Self-employed,Self Owned,"Marseille, Provence-Alpes-Côte d'Azur, France",France,ltindustrie.com,https://www.linkedin.com/company/ltindustrie
ANTARC-AUTOMATION,ANTARC-AUTOMATION conçoit et commercialise des passerelles intelligentes pour l'exploitation des signaux téléinformation client (TIC) disponible sur tous les compteurs ENEDIS.,Automation Machinery Manufacturing,2-10 employees,Privately Held,"Cernay-la-Ville, Île-de-France, France",France,antarc-automation.com,https://www.linkedin.com/company/antarc-automation
SGA Automation,SGA-Automation designs and manufactures automation components and robotics parts.,Automation Machinery Manufacturing,,,"Rouen, France",France,sga-automation.com,https://www.linkedin.com/company/sga-automation
MLIFT ASCENSEURS,"Mlift ascenseurs, est une entreprise , spécialisée dans les travaux de modernisation d'ascenseurs",Automation Machinery Manufacturing,2-10 employees,Privately Held,"Trappes, Île-de-France, France",France,,https://www.linkedin.com/company/mlift-ascenseurs
Ompie,"Ompie provides custom design services for electronics and software and is specialised, but not limited to, embedded systems.
One of Ompie's strong points is the combined expertise in both hardware and software, facilitating the integration of the two domains within the project.

Expertises

Ompie has skills in several domains that are related to each other, which means that a great part of your project can be taken care of:

* feasibility studies
* requirements specifications
* hardware design (schematics, component selection, PCB routing)
* development of embedded software and related PC applications (Windows)
* prototyping
* preparation for production 
* development of production test environment

Ompie has competences in the following areas:

* C, C++, C#
* MySql, SQLite
* PIC16, PIC18, PIC24, PIC32, dsPIC33
* STM32 (ARM Cortex)
* Analog electronics and sensors 
* Battery Management Systems (BMS)
* Power LEDs
* Ethernet, TCP, RS485, CAN, LIN, MODBUS
* IoT (MQTT, TLS, ...)
* PCB Routing (Eagle, OrCad)


Design methodology is very important for us and we are using dedicated software tools for version control (Git) and bug/feature tracking. Documentation is another important part of the design process.

For your international projects, we speak and write English, French, German and Dutch.",Automation Machinery Manufacturing,Self-employed,Privately Held,"Nîmes, Occitanie, France",France,,https://www.linkedin.com/company/ompie
KAPÉ Energies,"Kapé Energies réalise l'étude, la conception, l'installation et la maintenance d'équipements électriques et d'automatismes",Automation Machinery Manufacturing,2-10 employees,Privately Held,"L'Isle-Adam, Île-de-France, France",France,,https://www.linkedin.com/company/kapé-energies
EIFFEL METALLERIE,"EIFFEL MÉTALLERIE est une entreprise spécialisée dans l’installation, la réparation et le dépannage des rideaux métalliques depuis plusieurs années.

Installateurs de rideaux métalliques sur mesure expérimentés, nous possédons toutes les connaissances et l’expertise nécessaire pour effectuer les réparations et dépannages rapidement et efficacement.",Automation Machinery Manufacturing,11-50 employees,Self Employed,"Paris, Île-de-France, France",France,eiffelmetallerie.fr,https://www.linkedin.com/company/eiffel-métallerie
DLM Industry Solutions,"Our blowing and on-board weighing systems are patented models originally designed by Yves Romanet.
Developed to measure, they adapt effectively to your needs and your activities.
In partnership with LCL within the framework of aid related to the environment +, DLM offers you the possibility of being accompanied from A to Z (from the constitution of the file to the request for funding) by our administrative team.",Automation Machinery Manufacturing,11-50 employees,Partnership,"Rosny-sous-Bois, Île-de-France, France",France,dlm-sas.fr,https://www.linkedin.com/company/dlmcamionsouffleur
Odace 2i,"Optimisation, Développement, Accompagnement, Conseil et Expertise de vos solutions de supervision industrielle.
IHM, GTC/GTB, Process nous vous accompagnons pour développer votre solution.

Expert PCVUE, MIV.
Intégrateur BACNET, MODBUS, MBUS",Automation Machinery Manufacturing,Self-employed,Self Owned,"Toulouse, Occitanie, France",France,odace2i.com,https://www.linkedin.com/company/odace2i
ARDEATECH,ARDEATECH,Automation Machinery Manufacturing,Self-employed,Privately Held,"Le Crestet, Auvergne-Rhône-Alpes, France",France,,https://www.linkedin.com/company/ardeatech
Citroen Godefroy,"L'histoire automobile de Mr Hubert Godefroy commence par l'achat d'un garage en septembre 1970 dans la commune d'Hébécrevon dans le centre Manche. Au départ seul en MRA 1 an, sa femme est venue l'assister dans la partie administrative, puis un ouvrier (ancien apprenti) et 2 apprentis supplémentaires. Trois agrandissements jusqu'à 1978.C'est pendant cette année que Hubert Godefroy, devient agent Citroën.

Sept ans plus tard en 1985, il achète un batiment industriel à Saint Hilaire Petitville près de Carentan (50), afin de le transformer en garage pour la réparation automobile Mécanique, la Tolerie, et la Peinture toutes marques et créer une enseigne Citroën.

A l'époque l'ouverture du garage se fît avec 3 personnes, Mr et Mme Godefroy et un ouvrier.

Quelques mois après ce fut un nouvel employé qui vint complété l'équipe puis un tolier, un peintre et plusieurs autres mécaniciens.

Agrandissement en 1988, 1991, 1995, 1999 et 2002.

Le passage en SARL se fit en 2003 avec Mr et Mme Godefroy accompagnés de leur fille Céline et de leur fils Fabrice.
Passage aux normes Réparateur agréé en 2003.",Automation Machinery Manufacturing,2-10 employees,Partnership,"Saint-Hilaire-Petitville, Normandy, France",France,citroen-godefroy.fr,https://www.linkedin.com/company/citroen-godefroy
InoV à Saint Etienne,"InoV est un bureau d’études qui se penche sur l’optimisation des chaines de production via des systèmes de vision industrielle. A la différence des autres entreprises, InoV propose une offre complète qui permet aux clients d'avoir un seul et même interlocuteur de la genèse du projet à son intégration, et ce, grâce à nos compétences complémentaires en terme d'acquisition et de développement logiciel ainsi qu'avec les synergies avec les laboratoires du pôle optique.",Automation Machinery Manufacturing,2-10 employees,Self Employed,"Saint-Étienne, Auvergne-Rhône-Alpes, France",France,,https://www.linkedin.com/company/inov-saint-etienne
L'Automatic,"L'Automatic est une entreprise qui propose des services en automatisation en particulier ceux faisant intervenir de l'IA.

Nous proposons à nos clients d'économiser un maximum de temps et d'argent en automatisant notamment les tâches redondantes à faible valeur ajoutée.",Automation Machinery Manufacturing,Self-employed,Self Owned,"Libourne, Nouvelle-Aquitaine, France",France,npih-webdesign.com,https://www.linkedin.com/company/l-automatic
Opales,"Basé à Lons-le-Saunier dans le Jura, OPALES est spécialisé dans le domaine de la vision industrielle et intégrateur officiel Cognex (PSI).
OPALES est également intégrateur officiel des solutions de Delta Sensor dans l’industrie sidérurgique.

Opales réalise des machines de vision clé en main ou implante de la vision dans des systèmes déjà existants.
Opales dispose en interne de toutes les compétences : vision, mécanique, électrique, automatisme et informatique industrielle.",Automation Machinery Manufacturing,2-10 employees,Self Owned,"Lons-le-Saunier, Bourgogne-Franche-Comté, France",France,opales.fr,https://www.linkedin.com/company/opalesvision
HOMELY CONCEPT,"HOMELY CONCEPT est une entreprise spécialisée dans la protection solaire et la menuiserie extérieure du bâtiment.
Nous concevons, fabriquons et installons des pergolas bioclimatiques, fenêtres, volets, portes de garage, portails, abris de voiture et stores. Le tout sur mesure, dans le but de s’adapter au mieux à chacun de vos projets.

Après 10 ans de présence en région toulousaine, le groupe AT Plus (auquel Homely Concept appartient) s’implante dans la ville de Toulouse pour offrir à ses clients une représentation locale, en ayant comme unique préoccupation de vous proposer des produits de qualité au meilleur prix.
Forts d’une décennie d’expérience, le groupe AT Plus souhaite développer son antenne régionale HOMELY CONCEPT afin d’entretenir une relation de confiance avec ses clients toulousains.",Automation Machinery Manufacturing,2-10 employees,Privately Held,"Toulouse, Occitanie, France",France,homely-concept.fr,https://www.linkedin.com/company/homely-concept
DIPAC SERVICES,"DIPAC SERVICES EXPERT MULTIMARQUES D'OBSTACLES PHYSIQUES
Dépannage, maintenance et installation de portes automatiques piétonnes et véhicules",Automation Machinery Manufacturing,2-10 employees,Privately Held,"Marne-la-Vallée, Île-de-France, France",France,dipacservices.fr,https://www.linkedin.com/company/dipac-services
IoTIFIC,"IoTIFIC is an industrial automation company based out of 3 RUE DES TOUDOUZE, L HAY LES ROSES, France.",Automation Machinery Manufacturing,2-10 employees,Privately Held,"L'Hay-les-Roses, Île-de-France, France",France,iotific.net,https://www.linkedin.com/company/iotific
GEQUO,"Intégration de solutions GTB et Automatismes du bâtiment
Mise au point CVC
Commissioning",Automation Machinery Manufacturing,2-10 employees,Self Owned,"Arles, Provence-Alpes-Côte d'Azur, France",France,gequo.fr,https://www.linkedin.com/company/gequo
SV-PACK,Packaging solutions,Automation Machinery Manufacturing,11-50 employees,Privately Held,"Samois-sur-Seine, Île-de-France, France",France,sv-pack.com,https://www.linkedin.com/company/sv-pack
MLC SYSTEM,"Spécialisé dans la conception de machines sur mesure et rétrofitées, nous accompagnons les industriels dans l’optimisation et la modernisation de leurs outils de production. Que ce soit pour créer une machine adaptée à vos besoins spécifiques ou pour donner une seconde vie à vos équipements existants, nous mettons notre expertise au service de vos performances. Fiabilité, innovation et réactivité sont au cœur de notre engagement.",Automation Machinery Manufacturing,2-10 employees,Self Owned,"Thorigné-Fouillard, Brittany, France",France,mlc-system.fr,https://www.linkedin.com/company/mlc-system
GENESIO IA,"GENESIO IA révolutionne la façon de travailler des entreprises en automatisant leurs tâches quotidiennes.
Moins de charge mentale, plus de temps, plus d’efficacité, plus de résultats. On analyse vos besoins, puis on déploie des automatisations et des agents IA adaptés à votre activité.",Automation Machinery Manufacturing,Self-employed,Self Employed,"Paris, Île-de-France, France",France,genesioia.com,https://www.linkedin.com/company/genesio-ia
Proj'Automation,"Bienvenue chez Proj’Automation, votre partenaire de confiance depuis 2015 pour tous vos projets d’automatisation industrielle ! 

Nous sommes spécialisés dans l’accompagnement des intégrateurs et des industriels à chaque étape de leurs projets, de la conception à la mise en service.

Que vous soyez à la recherche d’une solution pour automatiser vos machines et process ou que vous souhaitiez améliorer la productivité de vos systèmes industriels, nous sommes là pour vous aider. 

Notre équipe qualifiée s’adapte à vos besoins spécifiques, que ce soit en optimisant vos process existants ou en concevant de nouveaux systèmes sur mesure.

Chez Proj’Automation, nous croyons que chaque défi technologique a sa solution. 
C’est pourquoi nous restons à la pointe de l’innovation pour vous offrir les meilleures solutions possibles. 
Nos services incluent la gestion de projet, l’audit, l’automatisme, la robotique, la programmation, les études électriques, et bien plus encore.

Faites-nous confiance pour transformer vos idées en réalité et booster votre productivité grâce à nos solutions d’automatisation industrielles. 

contact@projautomation.com",Automation Machinery Manufacturing,2-10 employees,Privately Held,"Beaupréau-en-Mauges, Pays de la Loire, France",France,projautomation.com,https://www.linkedin.com/company/proj-automation
MMV industrie,"MMV industrie est spécialisée dans les systèmes d'emballages industriels tel que  banderoleuses de palettes, cercleuses, scotcheuses. Autres périphériques: compresseur d'air,convoyeurs.
MMV  propose à ses clients les services suivants:
-contrat de maintenance
-dépannage
-conseil
-installation/vente",Automation Machinery Manufacturing,Self-employed,Self Owned,"Beynes, Île-de-France, France",France,,https://www.linkedin.com/company/mmv-industrie
Saint Etienne Automation Séa,"Spécialiste de robotique visuelle concernant la
manipulation de produits fragiles ou sans géométrie",Automation Machinery Manufacturing,11-50 employees,Privately Held,France,France,se-automation.com,https://www.linkedin.com/company/saint-etienne-automation-s-a
EIHMAR,,Automation Machinery Manufacturing,Self-employed,Self Employed,"Joué-lès-Tours, Centre-Val de Loire, France",France,eihmar.fr,https://www.linkedin.com/company/eihmar
FMSC,FMSC,Automation Machinery Manufacturing,2-10 employees,Partnership,"Gonesse, Île-de-France, France",France,,https://www.linkedin.com/company/fmsc-solutions
Seujet Automation,"Seujet Automation est un groupe d’entreprises franco-suisse dont la mission est d’accompagner les industriels dans le maintien de leurs chaînes de production. Afin de résoudre les problématiques d'obsolescence, Seujet met à disposition une offre mondiale de matériel d’automatisation et propose une diversité de services liés à la maintenance des équipements dans une perspective d’économie circulaire et d'insertion dans les transitions écologique et écononique actuelles. 
Livraisons express en Auvergne-Rhône Alpes, Bourgogne Franche-Compté, Suisse romande.",Automation Machinery Manufacturing,11-50 employees,Privately Held,"Annemasse, Auvergne-Rhône-Alpes, France",France,sjtautomation.com,https://www.linkedin.com/company/seujet-automation
SEMA TECHNOLOGIES Group,"Leader dans la performance et l’innovation technologique, nous sommes partenaire stratégique des industries.

Nous apportons des solutions en ingénierie pour les produits et les services de nos clients.",Automation Machinery Manufacturing,2-10 employees,Partnership,"Paris, Île-de-France, France",France,sematechnologies.com,https://www.linkedin.com/company/sematechnologiesgroup
Fracotech,"La société FRACOTECH, elle est spécialisée dans le secteur d'activité de la fabrication d'autres articles de robinetterie.",Automation Machinery Manufacturing,2-10 employees,Partnership,"Sannois, Île-de-France, France",France,fracotech.com,https://www.linkedin.com/company/fracotech
MyGlace,"Chez MyGlace, on aime créer des expériences qui font plaisir.

Notre idée est simple : 
proposer de délicieuses glaces dans des distributeurs automatiques élégants, autonomes, et faciles à installer dans des lieux de vie, de passage ou de découverte.

On imagine une pause gourmande qui surprend, qui fait sourire, et qui laisse un vrai souvenir.

Nos machines sont pensées pour s’intégrer dans des environnements exigeants, où l’esthétique, la propreté et la qualité sont essentielles.

Notre équipe travaille avec passion pour mêler technologie, goût et sens.
Parce que pour nous, la glace n’est pas juste un produit... c’est une expérience.",Automation Machinery Manufacturing,2-10 employees,Privately Held,"Mandelieu-la-Napoule, Provence-Alpes-Côte d'Azur, France",France,myglace.com,https://www.linkedin.com/company/myglace
CALPI Color S.A.S,,Automation Machinery Manufacturing,2-10 employees,,"Savigny, Auvergne-Rhône-Alpes, France",France,calpi.fr,https://www.linkedin.com/company/calpi-color-s-a-s
IDEMTECH,Idemtech est la marque de la société CSM3D implantée en Normandie depuis début 2017. Idemtech a vocation à promouvoir des solutions de mesure et de numérisation  fiables et identiques à la réalité indépendamment des contraintes  d'environnement.,Automation Machinery Manufacturing,2-10 employees,Privately Held,"Cherbourg, Normandy, France",France,idemtech.fr,https://www.linkedin.com/company/idemtech
AlsaNext SARL,"AlsaNext conçoit, fabrique, installe et garantit plusieurs centaines de portes de garage par an en Alsace, de Mulhouse à Strasbourg en passant par Colmar.

Depuis notre site de production basé à Krautergersheim, une équipe professionnelle construit pour vous des portes de garage sur mesure adaptées à tous vos besoins et toutes les situations ! 

Experts en mécanique et électronique, nos collaborateurs possèdent toutes les compétences techniques pour vous apporter un niveau de satisfaction unique, grâce à un choix de composants de qualité reconnue et une réalisation soignée. 

De cette expertise, nous tirons chaque jour le meilleur pour vous conseiller dans vos projets de construction neuve ou de rénovation avec un diagnostic personnalisé et une gamme complète de portes de garages sectionnelles isolées ou encore un large éventail de motorisations et accessoires pour le bâtiment.",Automation Machinery Manufacturing,2-10 employees,Privately Held,"Krautergersheim, Grand Est, France",France,alsanext.com,https://www.linkedin.com/company/alsanext-sarl
RobAutoMach,"RobAutoMach est spécialisé dans les machines d'automatisation et les solutions technologiques avancées. Grâce à son partenariat solide avec Kur Automation, société fondée en 1971, nous proposons des projets d'automatisation innovants et sur mesure pour diverses industries. Forts de plusieurs décennies d'expertise, nous aidons nos clients à optimiser leurs opérations, à augmenter leur productivité et à rester à la pointe de l'automatisation industrielle.

RobAutoMach specializes in automation machinery and advanced technology solutions. With its strong partnership with Kur Automation, company established in 1971, we deliver innovative and tailored automation projects for various industries. With decades of expertise, we help clients optimize operations, increase productivity, and stay at the forefront of industrial automation.",Automation Machinery Manufacturing,2-10 employees,Partnership,"Giéville, Normandy, France",France,robautomach.com,https://www.linkedin.com/company/robautomach
Besancon Automation S.A.R.L.,Besancon Automation provides design and sales automation solutions.,Automation Machinery Manufacturing,2-10 employees,,"Miserey-salines, France",France,besanconautomation.fr,https://www.linkedin.com/company/besancon-automation-s-a-r-l-
KALOCONTROL,KALOCONTROL Cabinet d'ingénierie en génie climatique // Fluide & Automatisme // MASSY,Automation Machinery Manufacturing,2-10 employees,Privately Held,"91300, Île-de-France, France",France,kalocontrol.fr,https://www.linkedin.com/company/kalocontrol
MM.CREATIV,"MM.CREATIV is an automation manufacturing company based out of 2 Rue des Grands Champs 38320 Eybens, France.",Automation Machinery Manufacturing,2-10 employees,Self Owned,"Eybens, Auvergne-Rhône-Alpes, France",France,mm-creativ.com,https://www.linkedin.com/company/mm.creativ
Lift Automatic,"Concepteurs d'appareils élévateurs, Lift Automatic élabore des solutions personnalisables et sur mesure pour s’adapter aux diverses contraintes environnantes, et ce, à travers les Alpes-Maritimes et le Var",Automation Machinery Manufacturing,2-10 employees,Self Owned,"Saint-André-de-la-Roche, Provence-Alpes-Côte d'Azur, France",France,liftautomatic.com,https://www.linkedin.com/company/lift-automatic-concepteur
FERMETURES BURGEON,"Fermetures Burgeon est une entreprise familiale spécialiste des fermetures industrielles à Saint-Quentin, dans l’Aisne. 

Nous proposons nos services et notre expérience dans les domaines de la fourniture, la pose et la maintenance (préventive & corrective) des portes industrielles, ainsi que dans la menuiserie, l’automatisation et diverses prestations de serrurerie, de métallerie et de maçonnerie.",Automation Machinery Manufacturing,2-10 employees,Privately Held,"Saint-Quentin, Hauts-de-France, France",France,fermeturesburgeon.fr,https://www.linkedin.com/company/fermetures-burgeon
PP Sim Industrie,"Forte de son expérience dans les équipements industriels, l’équipe de PPSim INDUSTRIE vous accompagne dans vos projets. De la réflexion, en passant par la conception jusqu’à la pose sur site.",Automation Machinery Manufacturing,2-10 employees,Self Owned,"Saint-Sornin-Leulac, Nouvelle-Aquitaine, France",France,pp-sim-industrie.fr,https://www.linkedin.com/company/pp-sim-industrie
EEC - Essai En Charge,"Besoin de charges d'essais pour vos contrôles réglementaires ? Jusqu'à 80 tonnes disponible + un palonnier de 2T5 à faible encombrement et facilement déplaçable.
Chaque masse à un encombrement de 1,2mx1,2m, simplicité dans la manutention, faible encombrement pour l'accès sur site, sécurité dans l'utilisation.
L'empilage des masses se fait sur des clefs pouvant jusqu'à 20tonnes.
Précision des masses +/- 2%.",Automation Machinery Manufacturing,Self-employed,Self Owned,"Krautergersheim, Grand Est, France",France,essaiencharge.alsace,https://www.linkedin.com/company/eec-essai-en-charge
CNC ELECTRIC MOTORS,"CNC ELECTRIC MOTORS, FOR ALL YOUR AUTOMATION SOLUTIONS",Automation Machinery Manufacturing,2-10 employees,Self Owned,"Lyon, Auvergne-Rhône-Alpes, France",France,cnc-electric-motors.com,https://www.linkedin.com/company/cnc-electric-motors
"Social-In, plateforme d'acquisition multicanal - Téleprospection & prospection digitale","Social In - votre Plateforme de Social Selling Solidaire 
Votre plateforme d'acquisition à impact Social ! 
Spécialisé en Téléprospection & Prospection digitale ( LinkedIn , Instagram , Mailing , etc ... )",Automation Machinery Manufacturing,2-10 employees,Privately Held,"Diebling, Grand Est, France",France,social-in.online,https://www.linkedin.com/company/social-in-prospection
EFFICIA AUTOMATION,,Automation Machinery Manufacturing,Self-employed,Privately Held,"Castagniers, Provence-Alpes-Côte d'Azur, France",France,,https://www.linkedin.com/company/efficia-automation
BUILDLIVE,"Passionate about automatism and IT. 
Buildlive accompany the industry partners who want to improve their production process. By bringing you an enriched expertise by our collaborative experiences with Airbus or Amazon. Buildlive will contribute to improve your productivity, by searching, constantly your satisfaction and that of your customers. Energy and Environment, Technical Management of Building, Security and Safety... Whatever you need, together, we will deploy the most adapted to your structure


#industrial #data 
#tbm
#automatism
#energetic #efficiency",Automation Machinery Manufacturing,2-10 employees,Privately Held,"Issou, Île-de-France, France",France,buildlive.fr,https://www.linkedin.com/company/buildlive
Hygivend Solution,"Higivend Solution is a technology-focused company that provides innovative vending solutions for hygiene products and phone accessories. We are committed to making hygiene and commodity accessible to everyone, especially in public spaces such as hotels, offices, airports, and shopping centers. Our vending machines are designed to dispense high-quality and affordable hygiene kits that include shaving kit, tooth brush with toothpaste kit, vanity kit. We also offer a range of phone cables and chargers that cater to all major smartphone brands.",Automation Machinery Manufacturing,Self-employed,Privately Held,"Marseille, Provence-Alpes-Côte d'Azur, France",France,,https://www.linkedin.com/company/hygivend-solution
ID AUTOMATION,"BIENVENUE CHEZ ID AUTOMATION

Un partenaire réactif et flexible pour vos projets industriels.

 VOS BESOINS 

Renforcer ponctuellement vos équipes avec un technicien autonome, rigoureux et formé aux dernières technologies.

 MES EXPERTISES 

• Automatisme : Programmation API & IHM (Schneider EcoStruxure, Siemens).

• Vision Industrielle : Intégration et réglages systèmes Omron.

• Électrotechnique : Conception de schémas (AutoCAD, Winrelais), câblage et diagnostic de pannes.

 DISPONIBILITÉ & MOBILITÉ 

• Secteur : Mobile sur l'axe Ain / Lyon / Drôme.

• Remote : Études et programmation à distance.

 Contact direct : contact@id-autom.fr",Automation Machinery Manufacturing,Self-employed,Self Employed,"Meximieux, Auvergne-Rhône-Alpes, France",France,,https://www.linkedin.com/company/id-automation-solutions
Intellinnova,"INTELLINNOVA est une société innovante spécialisée dans la vente et les services liés aux robots à usage professionnel. Grâce à notre expertise technologique et à notre engagement envers l’excellence opérationnelle, nous accompagnons les entreprises dans leur transition vers l’automatisation intelligente.",Automation Machinery Manufacturing,2-10 employees,Privately Held,"Bobigny, Île-de-France, France",France,intellinnova.com,https://www.linkedin.com/company/intellinnova
Under Construction,Under Construction,Automation Machinery Manufacturing,2-10 employees,Privately Held,"Villeneuve-la-Garenne, Île-de-France, France",France,,https://www.linkedin.com/company/pfamm-industrial
SWIMO becomes Orkestron,"Orkestron becomes the company public trademark that englobes Swimo, the connected @utomate 4.0 for dummies! and much more now, Maestro, Solo and so one.. the fastest real time monitoring system over any network.

It combines in one circuit all that is needed to connect sensors and relays, a multi-axis communication system (wifi, ethernet, RS485, 3G, bluetooth) and an integrated HMI or via app store APPS.

""All in one"" looks like a slogan isn't it ?

Admittedly, the industry will do without a specific automaton with limited limits, but concerning the professionals of some niches (public pools, campsites, hotels) and individuals (swimming pool, spa), what better than an optimized automaton built for a specific need?
By integrating all the components of water analysis and treatment + control of related devices, Swimo gathers around a central cabinet what others do with drawer options, and therefore higher costs.

Swimo allows to connect its pool in total autonomy, remotely controllable with exceptional reliability of analysis, for a public price from 990 € ... (mirorific as said father)

on this, I return to my occupations and invite you to discover more about , on swimo.fr or why not, to make a call and to obtain exclusive distribution in your country.",Automation Machinery Manufacturing,2-10 employees,Partnership,"Paris, Île-de-France, France",France,orkestron.com,https://www.linkedin.com/company/swimo
AddVise Consulting,Additive Manufacturing consulting agency. AddVise is committed to helping industrial companies find best technological solution with AM. We provide custom solutions for your specific needs. Specializing in 3D printing for industrial and medical use and research purposes.,Automation Machinery Manufacturing,Self-employed,Privately Held,"Vendôme, Centre-Val de Loire, France",France,addvise.fr,https://www.linkedin.com/company/addvise-consulting
MTL,La société MTL implantée en Normandie est spécialisée dans l'installation et la maintenance dans le domaine du lavage automobile et du poids lourd.,Automation Machinery Manufacturing,2-10 employees,Self Owned,"Auberville, Normandy, France",France,,https://www.linkedin.com/company/maintenance-tous-lavages
LUN'R,"Nos cabines photo personnalisées transforment chaque soirée en une expérience mémorable. Faciles à gérer et connectées, elles boostent votre visibilité en ligne tout en générant des revenus supplémentaires. Rejoignez le mouvement LUN’R et faites briller votre établissement !",Automation Machinery Manufacturing,2-10 employees,Privately Held,"Grenoble, Auvergne-Rhône-Alpes, France",France,lun-r.fr,https://www.linkedin.com/company/lun-r
Titanox Industrie SA,,Automation Machinery Manufacturing,11-50 employees,,"Nanterre, Île-de-France, France",France,titanox.net,https://www.linkedin.com/company/titanox-industrie-sa
AKIA FRANCE,,Automation Machinery Manufacturing,2-10 employees,Privately Held,"Ousse, France",France,akia-system.com,https://www.linkedin.com/company/akia-france
leblebiler,"Çorum Fen Lisesi leblebiler (Fezabot) Takımı resmî hesabı.
 TEKNOFEST 2022 Sanayide Dijital Teknolojiler ikincisi.
TEKNOFEST 2022 İnsanlık Yararına Teknolojiler Yarışması finalist.
TEKNOFEST 2023 Sanayide Dijital Teknolojiler Yarışması'nda 4 takımla finalist.
TEKNOFEST 2024 Sanayide Dijital Teknolojiler Yarışması'nda 4 takımla finalist.
İletişim için: leblebileriletisim@gmail.com",Automation Machinery Manufacturing,11-50 employees,Educational,"Centre-Val de Loire, France",France,,https://www.linkedin.com/company/leblebiler
CompoVision,"CompoVision is a start-up company which is currently developing an automated inspection tool using A.I. to help aeronautical composite manufacturers improve their industrial process.
By using our solution these companies will reduce part inspection time, thus decrease their cost per part. It will also improve quality inspection and provide a safer and more ergonomic environment for the operators. 

We want to offer a technology which combines Design Office needs with Data and A.I. expertise  to provide an inspection tool which will be ready for the industry of tomorrow.",Automation Machinery Manufacturing,2-10 employees,Privately Held,"Châteaufort, Île-de-France, France",France,,https://www.linkedin.com/company/compovision2
Alpha Automatismes,"Notre coeur de métier est le conseil, puis la fourniture de composants d'automatismes pneumatiques auprès des fabricants de machines, intégrateurs, revendeurs et industriels.
Avec un management bienveillant de nos comptes clients.
Secteurs géographiques couverts : France, DOM-TOM et livraisons SAV sur Europe et International.

Nous avons 32 années d'expérience, et notre structure légère nous permet d'être très réactifs et de proposer d'excellentes conditions d'achat.",Automation Machinery Manufacturing,2-10 employees,Privately Held,"Bayeux, Normandy, France",France,alpha-automatismes.com,https://www.linkedin.com/company/alpha-automatismes-bayeux
AVRCI,"AVRCI conçoit, installe et maintient vos équipements industriels depuis 2003. 

Automatismes, robots, vision industrielle et câblage.",Automation Machinery Manufacturing,2-10 employees,Privately Held,"Sandillon, Centre-Val de Loire, France",France,,https://www.linkedin.com/company/avrci
Aircare Pro,"Chez Aircare Pro, nous sommes spécialisés dans la manutention, l'installation, et la réparation de systèmes de climatisation pour les particuliers et les entreprises de la région lyonnaise. Forts de notre expérience et de notre expertise, nous nous engageons à offrir des services de qualité supérieure pour assurer votre confort et bien-être tout au long de l'année.

Nos Services :
Installation de climatisation : Mise en place de systèmes de climatisation adaptés à vos besoins spécifiques.
Entretien et maintenance : Vérifications régulières pour garantir le bon fonctionnement et la longévité de vos équipements.
Réparation et dépannage : Intervention rapide et efficace pour résoudre tous les problèmes de climatisation.
Conseil et expertise : Accompagnement personnalisé pour choisir les meilleures solutions de climatisation en fonction de vos attentes et de votre budget.
Pourquoi choisir Aircare Pro?
Expertise locale : Une connaissance approfondie des besoins climatiques de la région lyonnaise.
Service personnalisé : Un accompagnement sur mesure, de l'étude de votre projet à la réalisation des travaux.
Techniciens qualifiés : Une équipe de professionnels certifiés et expérimentés, toujours prêts à intervenir.
Engagement qualité : Utilisation de matériaux et de techniques de pointe pour garantir des installations durables et performantes.",Automation Machinery Manufacturing,2-10 employees,Privately Held,"Lyon, Auvergne-Rhône-Alpes, France",France,,https://www.linkedin.com/company/aircarepro
DETEC AUTOMATISMES,"AUTOMATISMES
Automatismes, Robotique, Informatique Industrielle, 
Rénovation de machines-outils,
Installations neuves et reconstructions",Automation Machinery Manufacturing,11-50 employees,Privately Held,"Montbéliard, Bourgogne-Franche-Comté, France",France,groupedetec.eu,https://www.linkedin.com/company/detec-automatismes-1
HEXA2I,"Hexa2i accompagne les industriels, intégrateurs, fabricants de machines, dans leurs projets d’automatisation, de l’étude à la mise en service, en apportant son savoir-faire et son expérience.

Expertise :
Automatisme et informatique industrielle, robotique, industrie 4.0

Services :
Etude et conception, tests atelier, mise en service, amélioration et rétrofit d'installations existantes, assistance technique, sous-traitance, dans votre entreprise ou à distance.",Automation Machinery Manufacturing,Self-employed,Self Employed,"Sedan, Grand Est, France",France,,https://www.linkedin.com/company/hexa2i
MCE-Technologies,"Founded in 2023, MCE-Technologies develops and applies advanced software to automate your machines, as well as your production lines for greater sustainability.

To contact us, please send us a request by email to contact@mce-technologies.com

We will respond to your needs as soon as possible.

Our customers are based in France and abroad.
Felsomat GmbH & Co. KG
G2 Recruitment 
Wheelabrator
E-Motors
Kliper group",Automation Machinery Manufacturing,2-10 employees,Self Owned,"8th arrondissement of Paris, Île-de-France, France",France,,https://www.linkedin.com/company/mcetechnologies
Klinkau Engineering,"Klinkau Engineering is an industrial automation company based out of 19 Rue Ferdinand B??ghin, Kunheim, Alsace, France.",Automation Machinery Manufacturing,,,"Kunheim, Grand Est, France",France,klinkau-engineering.de,https://www.linkedin.com/company/klinkau-engineering
R SIORAT,,Automation Machinery Manufacturing,2-10 employees,,"Ussac, Nouvelle-Aquitaine, France",France,siorat.fr,https://www.linkedin.com/company/r-siorat
Comotec SA,,Automation Machinery Manufacturing,2-10 employees,,"Morez, Bourgogne-Franche-Comté, France",France,comotec.com,https://www.linkedin.com/company/comotec-sa
CA2I-CONCEPT,,Automation Machinery Manufacturing,Self-employed,,"Cugnaux, Occitanie, France",France,,https://www.linkedin.com/company/ca2i-concept
Sofrainel-Technologie,"Sofrainel-Technologie est une société française spécialisée en automatismes, informatique et ingénierie électrique.
Présente en Basse-Normandie, la société intervient tant auprès des particuliers que des professionnels.

Organisée autour de 4 départements techniques et un service commercial, notre société assure ses différentes missions, à la fois en tant que cabinet de consulting, bureau d’étude, conception, développement de solutions techniques et installation de systèmes relevant de son domaine de compétence.



L’ensemble de nos prestations techniques sont réalisées dans les locaux de SOFRAINEL-TECHNOLOGIE ou directement dans ceux de nos clients, par détachement de personnel",Automation Machinery Manufacturing,2-10 employees,Privately Held,"Hérouville-Saint-Clair, Normandy, France",France,sofrainel.fr,https://www.linkedin.com/company/sofrainel-technologie
Borkane Corp,Je travaille sur l’intégration d’IA embarquée en robotique pour réinventer l’efficacité opérationnelle et redonner du temps à l’humain en automatisant les tâches répétitives.,Automation Machinery Manufacturing,Self-employed,Privately Held,"Toulouse, Occitanie, France",France,,https://www.linkedin.com/company/dpc-invest
AR-PROCESS,"Bureau d'étude en automatisme et robotique industriel, spécialiste des robots FANUC, AR-Process propose des prestations de services aux industriels de tous les secteurs d'activités.",Automation Machinery Manufacturing,Self-employed,Privately Held,"Hostun, Auvergne-Rhône-Alpes, France",France,,https://www.linkedin.com/company/ar-process
Autosur CHENOVE,le contrôle technique des grands crus est un centre labellisé Autosur qui vous accueille du lundi au vendredi de 8h30-18h et le samedi matin,Automation Machinery Manufacturing,Self-employed,Privately Held,"Chenôve, Bourgogne-Franche-Comté, France",France,controle-technique-dijon.fr,https://www.linkedin.com/company/autosur-chenove
Plegas Solutions,"Plegas offers a wide range of pneumatic and hydraulic parts, components, and solutions. Plegas offers a variety of products from top industry brands, whether it be the parts you need to build a system or the parts you need to upgrade, maintain, or repair your current system.",Automation Machinery Manufacturing,2-10 employees,Partnership,"Riorges, Auvergne-Rhône-Alpes, France",France,plegas.biz,https://www.linkedin.com/company/plegas-solutions
MonEntrepriseScale.com,"MonEntrepriseScale.com accompagne les dirigeants dans la structuration, l’automatisation et le pilotage de leur organisation afin de leur permettre de scaler sans augmenter proportionnellement leurs coûts ou leur dépendance au temps humain.

Nous concevons et déployons des systèmes sur mesure intégrant automatisation, intelligence artificielle et outils de pilotage (dashboards, workflows, bases de connaissance) pour transformer des opérations aujourd’hui manuelles en actifs techniques évolutifs.

Objectif : améliorer durablement la productivité, la scalabilité et la rentabilité de l’organisation.com",Automation Machinery Manufacturing,2-10 employees,Privately Held,"Asnières-sur-Seine, Île-de-France, France",France,monentreprisescale.com,https://www.linkedin.com/company/monentreprisescale-com
Виндер+,"Мы небольшая, но крепкая команда специалистов, занимающаяся разработкой, производством и поставками деталей, комплектующих и оборудования для производства кабельной продукции, а так же предприятий в области машиностроения. Наша цель — автоматизировать и повышать эффективность предприятий. Качество, надежность и долговечность – наши главные движущие силы.
Наши решения спроектированы для бесперебойной эксплуатации при больших нагрузках.",Automation Machinery Manufacturing,2-10 employees,Privately Held,"Brest, Brittany, France",France,vinder.by,https://www.linkedin.com/company/виндер
ILG Consulting,"ILG Consulting provides project management expertise and helps its customers being successful with their projets.
A personalized support that goes from requirements gathering and writing, project management and user acceptance testing.",Automation Machinery Manufacturing,Self-employed,Self Owned,"Vincennes, Île-de-France, France",France,ilg-consulting.com,https://www.linkedin.com/company/ilg-consulting
Colas Armor Protection,"Notre société COLAS ARMOR PROTECTION créée en 1991 fait partie du réseau de concessionnaire Fichet qui est le réseau N°1 contre le cambriolage. Nous sommes installateur de Blocs Portes Blindés FICHET SPHERIS bénéficiant de la certification BP A2P de 1 a 3 étoiles (Niveau Maximum de Protection), de Coffres forts FICHET BAUCHE A2P, de blocs serrures A2P FICHET, et notre qualité de service et de pose des produits de sécurité FICHET est reconnue par la certification A2P SERVICE.

Nous réalisons en moyenne la pose de 100 Blocs Portes Blindés FICHET SPHERIS par mois ce qui fait preuve de notre grande expérience dans la pose de Porte Blindée FICHET SPHERIS et FORSTYL, toutes ces portes sont posées par notre propre équipe de poseurs qualifiés.",Automation Machinery Manufacturing,2-10 employees,Self Owned,"Gournay-sur-Marne, Île-de-France, France",France,colas-armor-protection.fr,https://www.linkedin.com/company/colasarmorprotection
Cerebellum Automation SAS,,Automation Machinery Manufacturing,,,"Chavanod, Auvergne-Rhône-Alpes, France",France,,https://www.linkedin.com/company/cerebellum-automation-sas
IMS - Ingénierie Mesures des Systèmes,"Depuis plus de 10 ans, IMS conçoit et fabrique des systèmes uniques dédiés à la caractérisation de vos produits industriels. Vos tests nécessitent le meilleur de la mesure et du pilotage.

Nos spécialités : Ingéniérie de bancs d'essais, ingénierie de moyens de mesures, ingénierie de contrôle commande et de régulation, GTB (Gestion Technique du Bâtiment - BACS)

Nous vous accompagnons dans vos problématiques industriels de la définition du besoin à la réalisation des premiers essais sur site ...",Automation Machinery Manufacturing,2-10 employees,Self Owned,"Buc, Bourgogne-Franche-Comté, France",France,ims.sarl,https://www.linkedin.com/company/ims-ingenierie-mesures-et-services
Microautomatic,"La Société Microautomatic a été dans les années '80 précurseur de la domotique, l'immotique et les régulateurs modulaires par logiciel. Elle fabriquait les composants d'automatisme (ex. les modules de traitement des signaux analogiques dans la régulation de température de bâtiment), les instruments électroniques (ex: les régulateurs de température ambiante, les régulateurs configurable multi-canaux, les relais statiques).
Elle avait une activité d'étude et de réalisation des systèmes d'automatisme à base d'automate programmable CGEE ALSTOM et de distribution des produits : CGEE Alstom, Jumo, Syrelec, R+S.

Depuis 2018 la Société Microautomatic, riche d'expérience en ingénierie automatique et informatique pour plusieurs  industries a concentrer toutes ses compétences dans les solutions innovantes à chaque niveau de système automatique :
¤ cloud  - la télésurveillance des paramètres de process et AAO (Analyse Assistée par Ordinateur)
¤ fog - l'instrumentation autonome gérée par les niveaux supérieures et IoM (Internet of Machines)
¤ field - les appareils d'électronique de puissance remplaçant la technologie de commutation (électromécanique ou statique).",Automation Machinery Manufacturing,2-10 employees,Privately Held,"Saint-Quentin, Hauts-de-France, France",France,odeus.eu,https://www.linkedin.com/company/microautomatic
HBD CONSULT,,Automation Machinery Manufacturing,Self-employed,Self Owned,"Marcheprime, Nouvelle-Aquitaine, France",France,,https://www.linkedin.com/company/hbd-consult
The Soul of Your App,"I design and make happen software, products, processes & businesses",Automation Machinery Manufacturing,Self-employed,Self Owned,"Paris, Île-de-France, France",France,,https://www.linkedin.com/company/the-soul-of-your-app
IPS engineering,"IPS Engineering is an engineering, automation, and integrated process solutions company.",Automation Machinery Manufacturing,,,"Angers, France",France,ips-engineering.com,https://www.linkedin.com/company/ips-engineering
H.T.C. HIGH TECHNOLOGY CONSTRUCTIONS S.R.L.,"COSTRUZIONE DI NATANTI, IMBARCAZIONI E NAVI, IL CONTROLLO E LA SORVEGLIANZA DEI LAVORI PER LA REALIZZAZIONE DI NATANTI, IMBARCAZIONI E NAVI, LA VALUTAZIONE E LA STIMA IN TUTTO IL SETTORE NAVALE, LA CONSULENZA PER LA ORGANIZZAZIONE AZIENDALE DI CANTIERI NAVALI, IL CONTROLLO DELLA QUALITA  E RISPETTO AMBIENTALE, NONCHE",Automation Machinery Manufacturing,11-50 employees,,"Vars, Provence-Alpes-Côte d'Azur, France",France,,https://www.linkedin.com/company/h.t.c.-high-technology-constructions-s.r.l.
OsmozAi,"OsmozAI est une agence française spécialisée dans les agents IA et l’automatisation.
Nous concevons des agents sur mesure, connectés à vos outils (CRM, email, Notion, ERP...), capables de traiter l’information, classer, qualifier, répondre, relancer et mettre à jour vos systèmes automatiquement.

Notre approche est simple : diagnostic → prototype → déploiement → optimisation.
Objectif : réduire les tâches répétitives, fiabiliser l’opérationnel, et obtenir un impact mesurable (temps gagné, erreurs réduites, délais raccourcis).

Chaque solution est pensée pour être concrète, intégrée à votre stack, avec contrôle et traçabilité (logs, règles, validation humaine si besoin).

 France • B2B
 Contact : DM ou “Réserver un appel”",Automation Machinery Manufacturing,2-10 employees,Self Employed,"Nice, Provence-Alpes-Côte d'Azur, France",France,osmozai.com,https://www.linkedin.com/company/osmozai
Digiclick Connect Pro,"DigiClick Connect Pro digitalise les commerçants et artisans des métiers de bouche : restaurants, boulangeries, boucheries, fromageries.
 Fondée par un sous-chef de cuisine formé sur le terrain (brasserie, gastronomique, traiteur événementiel), notre agence parle le langage de vos équipes — pas celui des agences web classiques.
Ce qu'on fait :

Sites web premium au design soigné, pensés pour convertir
Commande en ligne intégrée : vos clients commandent directement depuis votre site, sans commission de plateforme
Agents IA sur mesure : réservations, mise à jour des menus, réponses clients automatisées
Cybersécurité : chaque client dispose d'un environnement privé et isolé

Notre différence : on connaît votre métier de l'intérieur. Un site qui met en valeur votre carte, un système de commande digital qui vous libère du téléphone, un agent IA qui répond à vos clients pendant le coup de feu.
 Basés en Île-de-France, on accompagne les TPE et commerçants partout en France.
 digiclickconnectpro.fr",Automation Machinery Manufacturing,Self-employed,Self Owned,"Bailly, State / Region, France",France,digiclickconnectpro.fr,https://www.linkedin.com/company/digiclick-connect-pro
Plastal S.A.S,,Automation Machinery Manufacturing,,,"Sarreguemines, Grand Est, France",France,plastal.com,https://www.linkedin.com/company/plastal-s-a-s
GENERALE ENERGIE Sàrl,"GENERALE ENERGIE Sarl is an industrial automation company based out of Rue des Fabriques, Fellering, Alsace, France.",Automation Machinery Manufacturing,,,"Fellering, Grand Est, France",France,,https://www.linkedin.com/company/generale-energie-sã rl
ADB PERF,"Convaincu que la Modélisation Open Source (Projet-Haystack) associée à l’Analytics (SkySpark  ou Tipify) sont l’avenir de la profession, ADB Perf promeut depuis 2014 ce concept auprès des acteurs (gestionnaires, ingénieurs & techniciens) du BTP. 
Une collaboration active s'établit alors entre acteurs ; elle assure le Bien Faire. Cette efficience opérationnelle et énergétique permet le Bien-Vivre et assure la qualité de l’environnement qui enchanteront nos Smart Cités.",Automation Machinery Manufacturing,Self-employed,Partnership,"Vannes, Brittany, France",France,adb-com.com,https://www.linkedin.com/company/adb-perf
SPIT S.A.S.,"SPIT S.A.S. is an industrial automation company based out of Bourg-les-Valence, Rhone-Alpes, France.",Automation Machinery Manufacturing,,,"Bourg-lès-Valence, Auvergne-Rhône-Alpes, France",France,spit.fr,https://www.linkedin.com/company/spit-s-a-s-
SYLVETI,"Automatiser le monde, libérer les humains Que le travail ne soit plus le poids des lendemains.

Nous accompagnons les industriels, agriculteurs, acteurs du bâtiment et de l’énergie dans la conception et l’optimisation de leurs systèmes automatisés.
Notre mission : fluidifier les flux de matière et de données, réduire la charge mentale et opérationnelle, et libérer les ressources humaines pour des tâches à plus forte valeur ajoutée.

Notre approche repose sur trois leviers essentiels :
 Ingénierie sur mesure : nous concevons des architectures robustes, évolutives et adaptées à chaque environnement métier.
 Vision systémique : en pensant l’automatisme comme un maillage fluide entre l’humain, les machines et les données, nous contribuons à une performance durable et circulaire.
 Engagement terrain : nous intégrons les contraintes réelles de vos équipes et de vos flux. Nos solutions sont pensées pour être utiles, sobres, fiables — et compréhensibles.

Basée en Savoie, notre entreprise puise son expertise dans un double ancrage : une culture industrielle locale forte, et une compréhension fine des enjeux contemporains (automatisation intelligente, décarbonation, autonomie des systèmes, interopérabilité).

Nos clients nous sollicitent pour :
 Réduire les coûts d’exploitation grâce à des systèmes optimisés
 Sécuriser les installations et fiabiliser les process
 Gagner en autonomie sur la gestion de leurs équipements
 Concevoir des solutions cohérentes avec leur vision d’avenir

Et si l’automatisation devenait un levier d’émancipation, autant qu’un facteur de compétitivité ?",Automation Machinery Manufacturing,Self-employed,Self Employed,"Marcieux, Auvergne-Rhône-Alpes, France",France,sylveti.com,https://www.linkedin.com/company/sylveti
ObiTec,"ObiTec — Maintenance industrielle & robotique | Ouest France | Basé à Sainte-Luce-sur-Loire
Spécialiste de maintenance robots industriels et systèmes automatisés.

Services :
- Installation et mise en service de lignes automatisées
- Maintenance avancée robots Yaskawa : dépannage, recalage axes, mécanique
- Dépannage et maintenance de systèmes automatisés
- Câblage, raccordement capteurs et automates
- Tests de performance

Disponible pour partenariats SAV avec équipementiers et intégrateurs européens.

 ObiTec — Industrial maintenance & robotics | Western France | Based in Sainte-Luce-sur-Loire
Specialist in maintenance of industrial robots and automated systems.

Services:
- Installation and commissioning of automated production lines
- Advanced maintenance of Yaskawa robots: troubleshooting, axis calibration, mechanics
- Troubleshooting and maintenance of automated systems
- Sensor & PLC wiring
- Performance testing

Available for after-sales service partnerships with European OEMs and system integrators.",Automation Machinery Manufacturing,2-10 employees,Privately Held,"Sainte-Luce-sur-Loire, Pays de la Loire, France",France,obitec.fr,https://www.linkedin.com/company/sasobitec
Seati Services,"Spécialiste de l’électricité, des automatismes et de l’informatique industrielle, Seati Services
Vous apporteras une solution dans les domaines de l’ ingénierie électrique, l’automatisation
de processus industriels, la modernisation d’installations, l’assistance électrique...
l’expérience acquise permet d’offrir à nos clients une réponse performante et adapté.",Automation Machinery Manufacturing,11-50 employees,Privately Held,"Champcueil, Île-de-France, France",France,seati-services.com,https://www.linkedin.com/company/seati-services
ROBOTEC SAS,"Robotec est une entreprise Iséroise qui, depuis 2004, vous propose des systèmes et équipements innovants pour les copropriétés, les entreprises et l’habitat ( portails automatiques, portes de garage collectives, contrôles d’accès/Interphonies, vidéos surveillance...). 

Du bureau d’études à la réalisation, nos équipes abordent chaque projet avec réactivité et passion en vous proposant une solution complète et un accompagnement sur mesure. Nous nous adressons autant aux professionnels qu'aux particuliers pour la commercialisation, l'installation et l'entretien.",Automation Machinery Manufacturing,2-10 employees,Privately Held,"Varces-Allières-et-Risset, Auvergne-Rhône-Alpes, France",France,robotec-rhone-alpes.fr,https://www.linkedin.com/company/robotec-sarl
CAC,CAC,Automation Machinery Manufacturing,2-10 employees,Privately Held,"Montpellier, Occitanie, France",France,,https://www.linkedin.com/company/control-and-automation-companies
RA2i,RA2i est situé à 3 rue Jean Perrin 72650 La Chapelle-Saint-Aubin,Automation Machinery Manufacturing,2-10 employees,Self Owned,"La Chapelle-Saint-Aubin, Pays de la Loire, France",France,ra2i.fr,https://www.linkedin.com/company/ra2i
CP Automatisme,"Nous vous accompagnons depuis plus de 20 ans dans les domaines de l’automatisme, de la robotique et de la commande numérique. Nous intervenons dans tous vos projets sur machine-outil, machine spéciale et système automatisé, robotisé.

Nous mettons à votre disposition une assistance technique de qualité pour vous aider à mener à bien tous vos projets en automatisme, câblage, robotique & commande numérique.

Nous vous proposons des services dans le cadre de la rénovation, du rétrofit ou de la mise en conformité de vos machines.

Grâce à nos partenaires mécaniques proches, nous pouvons répondre à des projets complets, de l’étude à la mise en service avec un interlocuteur unique.",Automation Machinery Manufacturing,2-10 employees,Privately Held,"Poisy, Auvergne-Rhône-Alpes, France",France,cp-automatisme-robotique.com,https://www.linkedin.com/company/cp-automatisme-robotique
ECATECH,"ECATECH est une société d’ingénierie spécialisée en automatisme industriel.

Nous proposons notre expertise en étude, conception et programmation de systèmes automatisés pour les industries manufacturières et les industries de procédés.

Nous accompagnons les industriels, les intégrateurs, les ensembliers et les bureaux d’études dans la conception et l’automatisation d’équipements industriels, de la définition du besoin jusqu’à la mise en service.

Nous proposons également des services d’amélioration continue d’installations existantes, de rétrofit de machines, de maintenance sur site et de télémaintenance.",Automation Machinery Manufacturing,2-10 employees,Privately Held,"Mutzig, Grand Est, France",France,ecatech.fr,https://www.linkedin.com/company/ecatech
Fensor,"Instrumentation industriel :

    Humidité absolue
    
    Hygromètres de process

    Miroir refroidi

    Hygromètres étalons, calibration
    Calibrateur d’humidité

    Générateurs d’humidité relative et de température
    Calibration de température & acquisition

    Bains et fours d’étalonnage de température
    
    Centrales d’acquisition pour la cartographie et la validation
    
    Mélangeurs de gaz

    Diluteurs, saturateurs, purificateurs

    Analyseur de gaz purs

    Zircone, conductivité thermique, paramagnétique
    Analyseur de gaz de process

    Thermomagnétique, zircone
    Analyseur de gaz combustion

    Infra rouge, zircone
    Analyseurs à gaz à l’émission

    Thermoparamagnétique
    Intégration de systèmes

    Systèmes d’analyses, bancs d’étalonnages, lignes d’échantillonnages, automatismes, solutions sur mesures",Automation Machinery Manufacturing,2-10 employees,Partnership,"Paris, Île-de-France, France",France,fensor.com,https://www.linkedin.com/company/fensor
Motion-Electronic,"Motion-Electronic is the trademark of Alphitan Group.

Since 1914, Alphitan is specialized in:

-	Maintenance
-	Repair
-	Overhaul
-	Improve performance of your industrial systems (Servomotor, Drive...)

With the aim to expend its scope of expertise and proposing you parts for sales, AEM has created in 2012 a web shop. 

Therefore, Motion-Electronic offers:

-	Sales of new or refurbished equipment
-	Service exchange with your equipment
-	Purchase of your equipment, defective or not

Our products :

-	Motors (brushless, D/C, asynchronous)
-	Servomotors
-	Drives
-	Power supplies
-	An extensive inventory of stock of spare parts and components (collector, connector, gear, fan...)

Our brands:

ABB robotics, Kuka, Fanuc, Indramat, Siemens, Parvex, Parker, Num, Moog, Allen Bradley, Rockwell Automation, Vickers, Schneider, Elau, Mavilor, Control techniques, Leroy Somer, etc...)",Automation Machinery Manufacturing,51-200 employees,Partnership,"L'Aigle, Normandy, France",France,motion-electronic.com,https://www.linkedin.com/company/motion-electronic
AVICARE,"AVICARE propose une solution innovante, brevetée et qualifiée scientifiquement pour prévenir les propagations de toutes les maladies d'élevage liées au transport routier, telles que : l'influenza aviaire, les salmonelles, la peste porcine Africaine ...

Fabriqué en France, notre système automatisé et embarqué est conçu pour vous accompagner au quotidien, assurant une désinfection efficace de vos poids lourds au plus proche des élevages et supprimant la pénibilité de la tâche, afin de sécuriser votre activité, vos employés et vos clients. 

Le système AVICARE dispose de toutes les fonctionnalités nécessaires :

- Traçabilité des opérations directement reportée sur votre poste de travail,
- Débouchage du réseau de pulvérisation automatisé afin de prévenir toute obturation et risque de gel,
- Stabilisation de la température du liquide désinfectant pour optimiser son efficacité.

Chaque client étant unique, nous aménageons sur mesure notre solution selon vos besoins.",Automation Machinery Manufacturing,2-10 employees,Privately Held,"Chantonnay, Pays de la Loire, France",France,avicare.fr,https://www.linkedin.com/company/avicare
Atlas Laser,"Looking for reliable and efficient coding and marking solutions?
Look no further than IZI-CODE the new brand for demanding clients worldwide!
Our passionate team is dedicated to finding the perfect product for your needs, while our commitment to safety and environmental protection ensures that our products meet relevant standards.
Join us on our mission to provide top-quality products and services to customers around the world!",Automation Machinery Manufacturing,2-10 employees,Privately Held,"Villeurbanne, Auvergne-Rhône-Alpes, France",France,izi-code.com,https://www.linkedin.com/company/atlas-laser
AIR SAS,"Entreprise de taille humaine spécialisée dans le domaine industriel, nous intervenons dans les domaines de l'automatisme, l'électricité et l'informatique.
Avec des collaborateurs motivés, A.I.R. rassemble toutes les compétences nécessaires à la bonne réussite de vos projets industriels.
Nous intervenons dans un rayon de 400 Kms autour de Caen.
Dans le cadre de projets spécialisés, nous pouvons intervenir dans toutes l'Europe avec un savoir faire reconnu.",Automation Machinery Manufacturing,11-50 employees,Self Owned,"Caen, Normandy, France",France,elec-air.fr,https://www.linkedin.com/company/air-sas
GENINDUS ENERNOV,"Spécialiste du groupe électrogène à votre service.

Vente clef en main, installation, location et maintenance de groupes électrogènes industriels de toutes puissances, neufs et occasions.
Dépannage 24h/24 7j/7

- Vente groupes électrogènes portables et industriels.
- Installation et Maintenance de groupes électrogènes
- Rachat de groupes électrogènes d'occasion
- Ventes pièces détachées d'origine
- Location de groupes électrogènes

Nous sommes Agent de la marque CUMMINS.",Automation Machinery Manufacturing,11-50 employees,Privately Held,"Crécy-la-Chapelle, Île-de-France, France",France,genindus-enernov.fr,https://www.linkedin.com/company/genindus-enernov
ICS CONSULTANTS,"ICS CONSULTANTS est une société spécialisée dans le développement de systèmes automatisés pour les bancs d'essais industriels
Ses compétences couvrent la conception électronique et le développement de logiciels sous NI LabVIEW ou NI LabWINDOWS CVI.
ICS CONSULTANTS étudie et réalise des systèmes complets en définissant les systèmes d'acquisition et les logiciels adaptés à vos besoins.
ICS CONSULTANTS répond aux demandes de rénovations de systèmes ou d'appareillages électroniques devenus obsolètes",Automation Machinery Manufacturing,2-10 employees,Privately Held,"Lognes, Île-de-France, France",France,icsconsultants.fr,https://www.linkedin.com/company/icsconsultants
Gobert Industries,"Spécialistes de l'électricité industrielle et de l'automatisme, nous concevons, installons et maintenons des solutions sur mesure. 

Grâce à notre expertise technique et notre approche centrée sur les besoins de nos clients, nous offrons des services de qualité pour sécuriser, moderniser et améliorer durablement vos infrastructures industrielles.",Automation Machinery Manufacturing,2-10 employees,Self Employed,"Abbeville, Hauts-de-France, France",France,,https://www.linkedin.com/company/gobert-industries
SUD BRETAGNE REGULATION,"Entreprise spécialisée dans les équipements électriques des domaines CVC, la fourniture de régulation et de GTC",Automation Machinery Manufacturing,11-50 employees,Self Employed,"Kervignac, Brittany, France",France,sbregul.fr,https://www.linkedin.com/company/sud-bretagne-entreprise
Factory 4.0 Erasmus+ Project,"The aims and goals of our project are:

• To strengthening of the links between 4.0 industry training and education systems and the socio-economic environment, develop more comprehensive and strategic use of Engineering Systems, ICT and Open Educational Resources in training and education systems as well as related to adult training.

• Improve work at a European level but also in a changing Engineering/ Manufacturing industrial environment. Synergies with digital policies implemented in our regions:

• To adopt a digital development strategy to foster the digital transformation of our local economy, training.

• Activities: Field survey carried out in manufacturing businesses across five stages of manufacturing.

• Development/delivery of training related to 4.0 digitisation of manufacturing processes.

• Identify the skills, competences, knowledge needed by any operator working in an industrial environment facing the challenge of digitisation.

• Development of Training materials based on the survey outcomes. Pilot Training Materials. Design of a Online Assessment tool.


Background:

In October 2012, the European Community adopted a text entitled ""a European industry stronger for economic recovery and growth ""which put forward policies for establishing the foundations of the industry of the future. This text placed special emphasis on human capital and its skills for industrial transformation. Investment in accompanying measures to increase employee skills is one of the keys to success industrial policy.

In the existing qualifications, few contents refer to this change and the new skills required. On the other hand, in some Member States, there is a lack of qualified manpower in this sector. However, if the sector wishes to develop, it needs qualified personnel, capable of to understand all the evolution related to the new technologies integrated into the production industrial.",Automation Machinery Manufacturing,2-10 employees,Educational,"Caen, Normandy, France",France,eufactory4.org,https://www.linkedin.com/company/factory-4-0-erasmus-project
sgs LUXEOLE - Innovations et Développement en EnR,"WHO-is-WATT ? WATT is LUXEOLE ! Mobilier urbain Actif & Connecté - Smart Urban Street Furniture

Sur le marché des énergies renouvelables en plein essor, LUXEOLE développe ses activités autour du concept « Energy Harvesting ». Outre la commercialisation de produits en énergie renouvelable décentralisée (éoliennes urbaines, totems hybrides personnalisables, panneaux solaires, lampadaires solaires et lampes LED), figure parmi ses projets d’actualité la conception d’une nouvelle gamme de stations de production ""multi-énergies"", baptisée Luxéole Sky Media (LSM) et sa télécommande de technologie LiFi/VLC, LiFiLook, à chiffrage optique.

L'idée : Pour permettre la réduction carbone en ville, développer des mini-réseaux de mobiliers urbains autonomes, multi-sources et multi-services, évolutifs et modulables en design et de puissance au besoin.

Le fonctionnement :
LSM est un dispositif dynamique multifonctions compact à micro-génération hybride, solaire et éolien, qui s’installe en ville ou site isolé. A la fois mât de drapeau, lampadaire ou panneau d’affichage, c'est une petite éolienne esthétique et silencieuse avec fonctionnalités autonomes d’éclairage public, affichage numérique et bornes d'accès à Internet. L’ensemble s’intègre facilement dans tout type de paysage grâce à une technologie avancée de modules d'extension de pales remplaçables, régulant la vitesse de rotation au choix. La clé sans contact LiFiLooK et interface IP Watt-is-Luxeole.com permettent aux usagers d'interagir avec la station en toute sécurité et à la vitesse de la lumière.",Automation Machinery Manufacturing,Self-employed,Self Employed,"Thorigny-sur-Marne, Île-de-France, France",France,luxeol.eu,https://www.linkedin.com/company/sgs-luxeole
Logopak Iberia,"Pionera en el Etiquetado Automático y la Trazabilidad, LOGOPAK no ha dejado de innovar, desarrollar y perfeccionar este oficio desde hace más de 40 años.
Fabricante y proveedor líder de soluciones de etiquetado industrial para productos, bandejas, cajas y palets para la logística industrial y las cadenas de suministro.

Desde 2011, Logopak es parte de PID - Possehl Identification Solutions, una división del grupo alemán Possehl, formada por un grupo de empresas independientes especializadas en el etiquetado, la codificación, el software y la producción de etiquetas para la industria de identificación de productos. 
PID es su experto y proveedor integral para la identificación de productos.

LOGOPAK es también un proveedor Eco-Responsable, comprometido con sus empleados, clientes, proveedores y con la preservación de nuestro planeta.",Automation Machinery Manufacturing,2-10 employees,Privately Held,"Wissous, Île-de-France, France",France,logopak.es,https://www.linkedin.com/company/logopak-sistemas-sl
LUTZE SASU France,"Notre vaste gamme de produits s'étend des câbles de commande hautement flexibles et des cordons aux solutions d'industrie 4.0 intelligentes dans le domaine des techniques d'interfaçage, des câbles industriels et des infrastructures Ethernet, en passant par le système de câblage AirSTREAM économique en énergie pour les armoires de commande. Il va sans dire que LÜTZE propose également une assistance adaptée pour vos applications.",Automation Machinery Manufacturing,11-50 employees,Public Company,"Beauchamp, Île-de-France, France",France,luetze.com,https://www.linkedin.com/company/lutze-sasu
ACEMI Automatismes Industriels,"ACEMI - Automatismes, Câblage & Equipement Machines Industrielles.

Nous proposons nos services aux Industriels dans les domaines suivants : 

- Automatismes Machines & Process Industriels - Programmation Automates (API) & Terminaux Opérateurs (IHM) 
  Siemens / Schneider Electric - Supervision Topkapi Logiciel AREAL - Rétrofit d'Automatismes ""vieillissants""

- Schémas électriques / pneumatiques sous IGE-XAO See Electrical Expert : Etudes - Conception - Mise à jour

- Câblage & Equipement Machines Industrielles : Dans nos Ateliers (160m2) / Sites Clients - Sécurisation Machines - 
   Mise en conformité - Distribution électrique - Alimentations Machines

- Maintenance industrielle : Dépannages machines & Process automatisés / Dépannages Machines-Outils 
   traditionnelles ou Commandes Numériques Heidenhain

Partenaire SAV Heidenhain sur la Normandie : Commandes Numériques / Systèmes de mesure - Visualisations numériques de cotes - Compteurs 2 ou 3 axes - Règles - Codeurs - Contrôle et diagnostic avec la valise Constructeur PWM9

- Distributeur ACU-RITE sur la Normandie : Visualisations numériques de cotes - Compteurs 2 ou 3 axes - Règles

- Transfert Industriel : Décâblage - Démontage - Manutention - Remontage - Câblage Lignes de Production / 
   Machines avec notre Réseau de Partenaires",Automation Machinery Manufacturing,2-10 employees,Privately Held,"La Lande-Patry, Normandy, France",France,acemi.fr,https://www.linkedin.com/company/acemi-automatismes-industriels
AS technologies,"AS technologies fabrique des matériels de mesure destinés aux industriels de l'environnement.

AS technologies est une ECO-ENTREPRISE.

Nos produits permettent :

- soit d'optimiser le transports des bennes à boues des stations d'épuration tout en permettant l'automatisation du remplisage (SACM 200 ng2, PBA400)

- soit la prévention des incendies dans la zone de stockage des ordures ménagères des UIOM (DIFO 2)",Automation Machinery Manufacturing,2-10 employees,Privately Held,"Langlade, Occitanie, France",France,as-technologies.fr,https://www.linkedin.com/company/as-technologies
R2T-AUTOMATION,"R2T-AUTOMATION c'est la programmation d'automates, systèmes d'axes complexes, interfaces hommes machines et robots:

Automatisme et motion control SIEMENS (Step 5, Step 7, TIA PORTAL, SIMOTION Scout), Mais aussi ROCKWELL, SCHNEIDER (PL7, UNITY, SoMachine).

Les robots FANUC, YASKAWA, KUKA, ABB, KAWASAKI.

Ainsi que des connaissances en vision Cognex et Keyence.

Machines neuves, modification, amélioration / optimisation, dépannage, rétrofit.

En prestation chez les intégrateurs. Mais aussi le conseil en intégration et ingénierie, ainsi que la possibilité de prendre en charge des projets dans leur globalité grâce à un réseau de partenaires complémentaires pour les clients finaux.",Automation Machinery Manufacturing,Self-employed,Self Employed,"Notre-Dame-de-Bondeville, Normandy, France",France,r2t-automation.fr,https://www.linkedin.com/company/r2t-automation
OBMI maintenance industrielle,"◇ Maintenance curative et préventive. 
◇ Installation (équipements automatisés,  machines spéciales, systèmes robotisés...)
◇ Mise en conformité machines.
◇Modification et optimisation de vos outils de production. 
◇ Accompagnements technique de vos techniciens.",Automation Machinery Manufacturing,Self-employed,Self Owned,"Cerizay, Nouvelle-Aquitaine, France",France,,https://www.linkedin.com/company/obmi-maintenance-industrielle
UTOO INDUSTRIES,"Fabricant d'automatismes et de moteurs destinés à l a protection solaire des bâtiments à usage industriel & tertiaire. 

Promotion du réseau GreenBus destiné aux bâtiments HQE",Automation Machinery Manufacturing,2-10 employees,Privately Held,"Moret-Loing-et-Orvanne, Île-de-France, France",France,utoo-industries.com,https://www.linkedin.com/company/utoo-industries
CEC France SAS,"CEC FRANCE SAS est une entreprise spécialisée dans l’intégration de solutions pour la Gestion Technique du Bâtiment. 
Fondée par Laurent Duba, elle vise à offrir un panel de services auprès des bureaux d'études, des installateurs, des proporties mais aussi aux entreprises générales du bâtiment travaillant de près ou de loin à la Gestion Technique du Bâtiment.

Ses activités s'articulent autour de 4 axes :
- Intégration,
- Audit
- Mise en service
- Maintenance 
et notre solution multimédia medic@cloud",Automation Machinery Manufacturing,2-10 employees,Partnership,"Joinville-le-Pont, Île-de-France, France",France,cecfrance.fr,https://www.linkedin.com/company/cec-france
Stone Edge,"Solution de chronométrage qui permet de maîtriser les coûts de production, d’améliorer le rendement des équipements et augmenter la rentabilité.",Automation Machinery Manufacturing,Self-employed,Privately Held,"Grenoble, Auvergne-Rhône-Alpes, France",France,stonedge.io,https://www.linkedin.com/company/stoneedge
Brevetti France,"Conception et production de chaînes portes-câbles nylon et acier BREVETTI depuis presque 50 ans.
Distribution de faisceaux et accessoires REIKU pour accastillage de robots",Automation Machinery Manufacturing,2-10 employees,Privately Held,"Genas, Auvergne-Rhône-Alpes, France",France,brevetti-france.fr,https://www.linkedin.com/company/brevetti-france
FSROBOT,"FSROBOT est une association à but non lucratif fondée par deux ingénieurs ayant pour objectif la conception, l'assemblage et la programmation de robots autonomes en vue de participer à des tournois internationaux de robots sumos.",Automation Machinery Manufacturing,2-10 employees,Non Profit,"Paris, Île-de-France, France",France,,https://www.linkedin.com/company/fsrobot
AROP-Industrie,"AROP Industrie est un concepteur et fabricant de machines spéciales qui possède les moyens nécessaires à la conception, à la fabrication et aux tests en situation réelle de ses machines.",Automation Machinery Manufacturing,11-50 employees,Privately Held,"Saint-Léonard, Grand Est, France",France,arop-industrie.com,https://www.linkedin.com/company/arop-industrie
ADR Solutions,"ADR Solutions company is componed by a multidisciplinary team with expertise in industrial robotics.

We have fined methods of work in the fields of robotics painting.
We know how to integrate robots in ATEX Aera.
We provide programming services dedicated to these professions.
We optimize your systems to make them lasting longer.
We are surrounded by a network of partners offering a variety of services related to robotics, Automation and business application of painting systems.
We can manage a project independently.
We can also manage a complex business with partners.

A mission for ADR Solutions is:

Understand the needs and advise,
Provide products that meet specifications,
Meet deadlines,
Provide quality services,
Working in the clarity and transparency.

If you want to get connected with us, just go on www.adrsolutions.fr you will get more inputs.",Automation Machinery Manufacturing,2-10 employees,Privately Held,"Auzat, Occitanie, France",France,adrsolutions.fr,https://www.linkedin.com/company/adr-solutions-sas
KATRONIC France,"Katronic France est fabriquant de débitmètres à ultrasons non intrusifs. (clamp-on)

La solution la plus facile a mettre en œuvre aujourd'hui. 
10 minutes suffisent !!
 
Pas besoin d’arrêter le process et pas de fuite au redémarrage.
Pas de problème de tenue en pression ou de température (jusqu’à 250 °C)",Automation Machinery Manufacturing,11-50 employees,Privately Held,"Vaunaveys-La-Rochette, Auvergne-Rhône-Alpes, France",France,katronic.com,https://www.linkedin.com/company/katronicfrance
SERIC SYSTEMES,"SERIC SYSTEMES installe des automatismes industriels, du contrôle d'accès et de l'interphonie. L'entreprise est basé ZA DE MONTEPY, 69210 Fleurieux Sur L'Arbresle, Auvergne rhône alpes, France.",Automation Machinery Manufacturing,2-10 employees,Privately Held,"Fleurieux-sur-l’Arbresle, Auvergne-Rhône-Alpes, France",France,seric-systemes.fr,https://www.linkedin.com/company/seric-systemes
EATOPS,"We build control rooms.

EATOPS is an engineering firm specialized in the development of control systems & control centres. We program the PLC logic to transport the data to the control room, factorize the message for the operators, and automatically recognize fault scenarios.

We are supplying the digitalization industry with custom made software applications to automate your process, remotely.

For more information please visit us at our webpage www.rivops.com",Automation Machinery Manufacturing,2-10 employees,Privately Held,"Gif-sur-Yvette, Île-de-France, France",France,eatops.com,https://www.linkedin.com/company/eatops
AEI - Automatisme et électricité industrielle,"La société A.E.I conçoit, réalise et installe des équipements électriques et d’automatismes depuis 1998 dans des domaines aussi variés que l’environnement, le traitement de l’eau, de l'air, l’agroalimentaire et l’industrie en général.",Automation Machinery Manufacturing,11-50 employees,Privately Held,"Vieux-Thann, Grand Est, France",France,a-e-i.fr,https://www.linkedin.com/company/aei-automatisme-et-électricité-industrielle
ACTEMIUM TAVAUX,"Dans un monde en évolution permanente, ACTEMIUM accélère le déploiement des nouvelles technologies.  

ACTEMIUM Tavaux est une entreprise de 140 collaborateurs et spécialisée en Ingénierie, Réalisation et Maintenance auprès d’industriels dans les domaines de la chimie, pétrochimie, sidérurgie et énergie.

Sur des installations neuves ou en rénovation, notre expertise en Mécanique et Installation Générale (Tuyauterie), Electricité HT-BT, Instrumentation, Automatisme et Informatique Industrielle, Analyse physico chimique nous permet de réaliser des projets Multi techniques et simultanées.

Rattachée au groupe VINCI Énergies, c'est à la fois une entreprise à taille humaine qui peut compter sur la solidité et les valeurs d'un grand groupe.",Automation Machinery Manufacturing,51-200 employees,Privately Held,"Tavaux, Bourgogne-Franche-Comté, France",France,actemium.fr,https://www.linkedin.com/company/actemiumtavaux
Myzer USA,Myzer provides a complete process for transporting raw material and finished product with AGV/AMR and milukrun trucks.,Automation Machinery Manufacturing,2-10 employees,Public Company,"Paris, Île-de-France, France",France,myzer.us,https://www.linkedin.com/company/myzer-usa
yubibop,"We build robotic hands to automate the most complex operations. Now, are you ready for Industry 4.0?

Automating manual, repetitive or dangerous operations is a challenge to improve both worker safety and competitiveness of industrial companies. Automation of complex tasks, that require adaptability, human hand dexterity and specific knowhow, is needed for multiple applications in multiple markets.

We provide robots with interaction capabilities mimicking and improving on human abilities, creating symbiosis between humans and machines. Our “third hand” helps the operators doing complex work, protecting them from dangerous conditions, repetitive tasks, while taking full advantage of their expertise.",Automation Machinery Manufacturing,Self-employed,Privately Held,"Châtellerault, Nouvelle-Aquitaine, France",France,,https://www.linkedin.com/company/yubibop
MAIZERAY ELECTRO-AIMANTS,"MAIZERAY ELECTRO-AIMANTS conçoit et réalise des électro-aimants linéaires, rotatifs et de verrouillages ainsi que des ventouses à émission et à rupture, des freins et embrayages électromagnétiques. La société est située à LE PONT DE GLOS 15 ROUTE D ORBEC, GLOS, France.

Mail: maizeray.electro-aimants@orange.fr",Automation Machinery Manufacturing,2-10 employees,Privately Held,"Glos, Normandy, France",France,,https://www.linkedin.com/company/maizeray-electro-aimants
ACPI Grand-Est,"Société d’ingénierie fondée en 1994, nous sommes dorénavant présent sur la région Grand-Est, depuis notre site de REIMS-BETHENY
Nous sommes spécialisés dans les domaines suivants :
- Informatique Industrielle : Applicatifs Informatiques,Bases de données, MES et superviseur, traçabilité, Cloud (AZURE), réseau
- Banc de test : Aéronautique, matériel électrique 
- Traçabilité
- L'automatisme de Process : production par ""batch"", régulation de ligne d'embouteillage
- L'audit d'organisation Industrielle : flux, Lean Management, Obsolescence Informatique et Automatisme

Notre activité Mécatronique permet également de déployer des solutions de robotiques, conventionnelles ou collaboratives.

En cours de certification EN9100 (Aero/spatial/Militaire)

Nos partenariats :
- MICROSOFT PARTNER NETWORK
- Customer System SIEMENS
- Dev Partner AVEVA (Wonderware)
- Spécialiste Historique SCHNEIDER
- Spécialiste Historique CITECT SCADA",Automation Machinery Manufacturing,2-10 employees,Self Owned,"Bétheny, Grand Est, France",France,acpi.tech,https://www.linkedin.com/company/acpi-grand-est
hormec technic sa,"Created in 1965, situated at the Bielersee, the company count today 30 employees and export their products in most of the industrialized countries of the world. Our experience and our serious make us an ideal partner for solving precision dispensing and clock technique problems. More than 5000 customers show our success.",Automation Machinery Manufacturing,11-50 employees,Privately Held,"Romain, Bourgogne-Franche-Comté, France",France,hormec.com,https://www.linkedin.com/company/hormec-technic-sa
PRO-COD SAS,"Notre métier est de Concevoir et développer des solutions d’automatisme et d’informatique industrielle, cela se traduit par les actions suivantes :

-	Etudier le besoin de notre client, comprendre ses attentes, ses difficultés afin de répondre à ses exigences en terme de coût et de délai tout en respectant l’aspect technique.

-	Concevoir une solution en mécanique, en électricité, en automatisme et en informatique industrielle, avec pour finalité le respect du cahier des charges clients.

-	Réaliser l’intervention grâce à nos équipes ou nos partenaires.

-	Accompagner notre client dans la phase de production, cela passe par les formations opérateurs, maintenance, mais aussi par le suivi de production et le suivi après vente.

Notre équipe s’engage à mettre, tout son savoir faire, ses compétences et ses connaissances, à votre service pour réaliser vos projets.

===========================================================================

Nuestra labor consiste en diseñar y desarrollar soluciones en automatización e informática industrial, esto significa lo siguiente:

-	Estudiar la necesidad de nuestro cliente, entender sus expectativas y dificultades para cumplir con sus requisitos en términos de costo y tiempo respetando el aspecto técnico.

-	Diseñar una solución en mecánica, electricidad, automatización e informática industrial a fin de respetar el catalogo de concepto del cliente.

-	Realizar la intervención con nuestros colaboradores y nuestros socios.

-	Apoyar a nuestro cliente en la fase de producción, esto no solo implica las capacitaciones de los operadores y mantenimiento, sino también el seguimiento de producción y el servicio post venta.

Nuestro equipo se compromete a poner sus saber hacer, habilidades y conocimientos a su servicio en sus proyectos.",Automation Machinery Manufacturing,2-10 employees,Partnership,"Chartres, Centre-Val de Loire, France",France,pro-cod.fr,https://www.linkedin.com/company/pro-cod-sas
NEO ADIAL,Des solutions innovantes pour une distribution clé en main,Automation Machinery Manufacturing,51-200 employees,Self Owned,"Lisieux, Normandy, France",France,adial-france.com,https://www.linkedin.com/company/neo-adial
CAMPION BANDES TRANSPORTEUSES,KEEP MOVING,Automation Machinery Manufacturing,11-50 employees,Privately Held,"Marcq-en-Barœul, Hauts-de-France, France",France,campion.fr,https://www.linkedin.com/company/campion-bandes-transporteuses
ISATEC,"Prestations de services en génie climatique dans trois domaines principaux :
- prestations de mises en services auprès des installateurs du génie climatiques ( aérauliques, hydrauliques, désenfumages,audit, etc...)
- prestations de qualifications de salles à environnements contrôlées ( contrôles particulaires, contrôles microbio, test emery, scanning,etc...)
- prestations auprès des constructeurs ( ALDES, TA, SAUTER, etc...)",Automation Machinery Manufacturing,11-50 employees,Self Employed,"La Haie-Fouassière, Pays de la Loire, France",France,isatec.fr,https://www.linkedin.com/company/isatec
van Ekeren automation,"Ik richt mij op automatiseringsoplossingen voor de industrie en de machinebouw in het bijzonder. Mijn kracht is dat ik systeem- en platformonafhankelijk kan denken en niet angstig ben om een nieuw systeem (machine of installatie) of platform (hardware of software) snel te leren en te beheersen. Dat is een van mijn grote passies.

Toch neemt dit niet weg dat ervaring met een platform soms meerwaarde heeft. Ik ben specialist in de systemen van Rockwell (Allen-Bradley) en Beckhoff (XTS). Daarnaast heb ik ervaring met de systemen van Siemens (S7, TIA Portal). Industriële controllers koppelen aan applicaties gemaakt in Visual Studio of ondersteunende tools ontwikkelen in Visual Studio (C#) behoort ook tot mijn interessegebied.

Mijn werkwijze: 

Allereerst breng ik de wens van u als opdrachtgever in kaart. Het is belangrijk om de juiste richting van het project te bepalen, zodat iedere stap het project ook verder brengt. Door de wensen op te schrijven in een opdrachtformulering worden de verwachtingen vastgelegd.

Daarna ga ik over op de uitvoering en de planning van het project. Het is mijn passie om daarbij in alles te zoeken naar de meest effectieve aanpak. De keuzes die ik hiervoor maak, communiceer ik open met u als opdrachtgever:

  - Technische perfectie of efficiëntie?
  - Zelf uitvoeren of uitbesteden?
  - Gestandaardiseerde oplossing of project-specifieke oplossing?
  - Nieuw ontwikkelen of bestaande oplossing (inkopen)?
   - Keuze van werklocatie.

Met de ervaring die ik heb, weeg ik de beste weg naar succes af. Hierbij kan ik ervoor kiezen om mijn eigen kennis te gebruiken of te verbreden, maar ook de vaardigheden van mijn netwerk benutten. In mijn overtuiging is ieder succesvol project het resultaat van effectieve en synergetische samenwerking.",Automation Machinery Manufacturing,Self-employed,Self Owned,"Lent, Auvergne-Rhône-Alpes, France",France,vanekerenautomation.nl,https://www.linkedin.com/company/van-ekeren-automation
SPLITT SAS,"SPLITT
Conception et distribution de périphériques pour machine-outil.
Des solutions simples, adaptées à vos besoins.",Automation Machinery Manufacturing,Self-employed,Self Employed,"Musièges, Auvergne-Rhône-Alpes, France",France,splitt.fr,https://www.linkedin.com/company/splitt-sas
BR Systèmes - Groupe Weber Marking Systems,"BR Systèmes, Groupe Weber Marking Systems France, est une société française, basée à Soual, dans le département du Tarn (81) à proximité de  Castres.
Nous concevons, développons et fabriquons, en nos ateliers, toutes solutions d’étiquetage et machines spéciales via les nouvelles technologies : Cobotique et Robotique.",Automation Machinery Manufacturing,11-50 employees,Partnership,"Cambounet-sur-le-Sor, Occitanie, France",France,webermarking.fr,https://www.linkedin.com/company/br-systèmes
OTOMSYS,"• 2 créateurs actionnaires avec un cumul de 45 ans dans le milieu de la machine spéciale (sidérurgie, métallurgie, plasturgie, pharma, équipementiers automobile, agro-alimentaire, cosmétique, traitement de l’eau, divers, ...)
• Compétences en
o Etude électrique/pneumatique
o Câblage
o Automatisme (Siemens, Schneider, Proface, ...)
o Robotique (Kuka, Staubli, Sepro ...)
o Informatique industrielle (In-Touch, Visual Basic, Ms SQL, Mysql...)
o Motion
o Maintenance
o Conseil et mise en place d’outil d’optimisation de performance industrielle
• Basés à Villefranche/Limas, nous travaillons sans limite de périmètre (Ex : mise en route d’un banc de test en Rep Tchèque, ....)",Automation Machinery Manufacturing,2-10 employees,Partnership,"Limas, Auvergne-Rhône-Alpes, France",France,,https://www.linkedin.com/company/otomsys
ELEC MASTER,"Spécialiste en équipement électrique, automatisme et électromécanique, ELEC MASTER propose une palette de services et de solutions pour l'industrie, le professionnel et le particulier.

Nos prestations s’adressent à toutes les entreprises industrielles d’activités diverses telles que agro-alimentaire, chimique, pharmaceutique, fonderie, automobile, BTP et également auprès des collectivités.

Toujours plus proche de son environnement, ELEC MASTER s'efforce de proposer des produits et services pour une consommation énergétique minimale et au meilleur coût. 

Grâce à sa solide expérience de plus de 50 ans et à sa disponibilité humaine, ELEC MASTER est devenu votre interlocuteur incontournable dans le tout électrique.",Automation Machinery Manufacturing,11-50 employees,Privately Held,"Nouzonville, Grand Est, France",France,master-group.fr,https://www.linkedin.com/company/elec-master
ALTICE Industrie,"Spécialiste dans les Systèmes Robotisés, Automatisés et Outillages Complexes. 

De la conception à l’intégration de cellules robotisées en passant par la fabrication d’outillages mécaniques, ALTICE Industrie, société toulousaine, intervient sur les secteurs aéronautique, spatial, défense, logistique, transport, optique, domotique ...

Grâce à l’expertise de nos différents pôles de compétences nous assurons l’étude, l’intégration, la mise au point et le suivi de systèmes industriels.

Toujours à l’écoute de nos clients nous proposons des solutions industrielles adaptées, et en totale adéquation à leurs besoins.",Automation Machinery Manufacturing,11-50 employees,Self Owned,"Toulouse, Occitanie, France",France,altice-industrie.com,https://www.linkedin.com/company/altice-industrie1
MS3D,"MS3D Développe et commercialise des systèmes de contrôle de conformité dimensionnelle de pièces manufacturées de grandes séries.
MS3D est spécialisée dans les contrôles à 100% directement sur la ligne de production de pièces de géométries complexes.
Les systèmes développés par MS3D sont dédiés à la mesure tridimensionnelle de haute précision par procédés sans contact",Automation Machinery Manufacturing,11-50 employees,Partnership,"Bruz, Brittany, France",France,mesure-systems3d.com,https://www.linkedin.com/company/ms3d
API Flow,"API Flow est une société de prestation de services dans le domaine de l’automatisme et de la robotique située près de Rennes en Ille-et-Vilaine. Je peux travailler dans divers domaines industriels tels que l’automobile, l’agroalimentaire, la pharmaceutique et bien d’autres encore.
Je suis fier de fournir à mes clients des solutions d’automatisation innovantes et adaptées à leurs besoins spécifiques. Que vous cherchiez à améliorer l’efficacité de votre processus de production, à réduire les coûts ou à augmenter la sécurité, je suis là pour vous aider. Je suis à l’écoute de mes clients pour comprendre leurs besoins et leur offrir les meilleures solutions possibles.
La satisfaction du client est ma priorité absolue et je fais mon maximum pour fournir un service de qualité. Je suis impatient de travailler avec vous pour aider votre entreprise à atteindre de nouveaux sommets d’efficacité et de réussite.",Automation Machinery Manufacturing,Self-employed,Self Employed,"Saint-Jean-sur-Couesnon, Brittany, France",France,apiflow.fr,https://www.linkedin.com/company/api-flow
MY PORTIQUE,"MY PORTIQUE – L’avenir du lavage, à portée de main.

MY PORTIQUE est une solution innovante pensée pour les professionnels du lavage auto.
Notre mission : vous donner le contrôle total de votre station, où que vous soyez.

 Plateforme de gestion à distance des portiques de lavage :
 Remise en place à distance
 Envoi de programmes personnalisés
 Suivi en temps réel de l’état des machines
 Alertes automatiques, statistiques, historiques
 Accès aux caméras de surveillance
 Gestion des bornes de paiement, crédits, et bien plus...

 Connectez toutes vos stations en un seul outil intuitif et sécurisé.
Réduisez les interventions sur site, gagnez en réactivité et améliorez la satisfaction client.

 Intégration possible avec les équipements CKSQUARE, EAS et autres matériels de lavage.
 Développé par BENCH TECH, expert en solutions pour stations de lavage.

 Envie d’en savoir plus ou de moderniser votre station ? Contactez-nous dès maintenant.",Automation Machinery Manufacturing,Self-employed,Privately Held,"Soorts-Hossegor, Nouvelle-Aquitaine, France",France,my-portique.com,https://www.linkedin.com/company/my-portique
Leonardo 3D Metrology Maroc,"Leonardo 3D Metrology Maroc est votre partenaire de confiance en métrologie dimensionnelle.
Basés à Tanger, nous tirons parti de l’expertise de notre siège en Italie pour accompagner les entreprises marocaines et internationales dans leur quête de qualité et d’innovation technologique.

Spécialistes des solutions de métrologie 3D et conventionnelle, nous intervenons au service de l’industrie, de la recherche et du développement.

Nous assurons la fourniture et l’installation d’équipements de mesure (CMM, bras articulés, scanners 3D, solutions optiques, logiciels...), 
proposons un large éventail de prestations techniques :

- Contrôle qualité,
- Rétro-conception,
- Inspection par rayons X,
- Prototypage,
- Formation,
- Maintenance,
- Étalonnage,
- Conception de moyens de contrôle sur mesure.

Notre force : un catalogue multi-marques, une expertise technique complète et un accompagnement personnalisé à chaque étape.",Automation Machinery Manufacturing,2-10 employees,Partnership,"Saint-Laurent, Brittany, France",France,leonardo3dmetrology.ma,https://www.linkedin.com/company/leonardo-3d-metrology-maroc
AUTIIS,"AUTIIS est un bureau d’études et d’ingénierie industrielle. 

Implantée à Chambéry en Savoie, AUTIIS apporte son savoir-faire pour accompagner nos clients partout en France dans les domaines suivants :

     - L'instrumentation
     - L'électrotechnique 
     - L'automatisme
     - L'informatique industrielle",Automation Machinery Manufacturing,Self-employed,Privately Held,"Chambéry, Auvergne-Rhône-Alpes, France",France,autiis.fr,https://www.linkedin.com/company/autiis
Garage Lucauto - Renault Venelles,"Entreprise familiale, développant la vente et la réparation de véhicules Renault et Dacia

Spécialisé dans les véhicules électriques

40 véhicules de courtoisie pour notre service après vente 

Nous sommes en mesure de répondre à toutes les demandes d'entretien et de vente de véhicules",Automation Machinery Manufacturing,11-50 employees,Privately Held,"Venelles, Provence-Alpes-Côte d'Azur, France",France,renault-venelles.fr,https://www.linkedin.com/company/garage-lucauto
HVS RHONE-ALPES,"Implantée au cœur de la Région Auvergne-Rhône-Alpes, HVS Rhône-Alpes fait partie de HVS GROUP fondée en 1985.

Notre agence accompagne les services techniques des acteurs industriels et leurs sous-traitants en apportant conseil, expertise et solutions personnalisées.

Basée à Pont-Evêque, à une vingtaine de minutes de Lyon, HVS Rhône-Alpes, c'est une équipe joignable et à votre écoute. Proximité, réactivité et savoir-faire technique sont au cœur de notre démarche.

Nos domaines d’expertise :
-Automatismes industriels
-Détection
-Traçabilité
-Supervision
-Gestion de production
-Contrôle qualité
-Réseaux de communication

Nos secteurs d’intervention :
-Fabricants de machines spéciales et sociétés d’ingénierie
-Agroalimentaire
-Emballage
-Laboratoires pharmaceutiques et cosmétiques
-Sidérurgie et métallurgie
-Automobile et sous-traitance

Notre mission :
Permettre à vos équipes techniques une meilleure intégration des nouvelles technologies dans vos process.

Nous proposons également des formations pour rendre vos collaborateurs autonomes ou perfectionner leurs compétences dans les domaines suivants : Vision, IHM, Supervision, Régulation et Cybersécurité.",Automation Machinery Manufacturing,Self-employed,Privately Held,"Pont-Évêque, Auvergne-Rhône-Alpes, France",France,hvsgroup.fr,https://www.linkedin.com/company/hvsrhonealpes
A2I,"Intégrateur de solutions en process industriel
Automatisme - Supervision - Informatique Industrielle",Automation Machinery Manufacturing,2-10 employees,Privately Held,"Chartres-de-Bretagne, Brittany, France",France,,https://www.linkedin.com/company/a2ibzh
RAS Concept,"Adapter des solutions techniques propre à vos besoins.
Nous mettons à votre service notre savoir-faire et notre expérience afin de vous apporter des solutions immotiques « clé en main »  pour une gestion optimale de vos installations et une maîtrise de vos consommations énergétiques. Nous nous engageons à vous apporter une réponse rapide, fiable et économique afin de respecter au mieux l’environnement.",Automation Machinery Manufacturing,2-10 employees,Partnership,"Serris, Île-de-France, France",France,rasconcept.fr,https://www.linkedin.com/company/ras-concept1
HM Groupe,"We are a German-French company in the field of electrical engineering and PLC programming services, offering exciting projects in Germany, Europe and around the world. Together with our partners, we implement automation projects for market leaders in the automotive industry and special machine construction.",Automation Machinery Manufacturing,11-50 employees,Self Owned,"Sarralbe, Grand Est, France",France,hm-ea.com,https://www.linkedin.com/company/hm-groupe-ea
Seddpack,"Spécialisés dans les machines spéciales, nous concevons et fabriquons vos machines sur mesure afin qu'elles répondent au mieux à vos besoins, avec une approche axée sur le développement durable.

Nous pouvons aussi vous accompagner sur la conception et le développement technique de votre futur produit.",Automation Machinery Manufacturing,Self-employed,Privately Held,"Lumbres, Hauts-de-France, France",France,seddpack.fr,https://www.linkedin.com/company/seddpack
ROBELMARK,"Depuis 1997, ROBELMARK est le spécialiste pour vos projets et applications de marquage, repérage, codage et traçabilité sur tout produit et emballage.

Au fil des années, nous nous sommes spécialisés dans 2 principales technologies de jet d’encre :
•	Jet d’encre thermique (technologie des cartouches d’encre HP) avec la représentation exclusive France depuis 2010 du constructeur Anser Coding Taiwan et sa gamme de codeurs U2 reconnues pour leurs simplicités, fiabilités, performances tout en restant économique, sans entretien ni maintenance.
•	Jet d’encre portatif ‘’grands caractères’’ avec la représentation officielle depuis 2007 de la gamme des pistolets de marquage Handjet du constructeur EBS Inkjet Allemagne.

ROBELMARK vous conseille et vous propose le système le mieux adapté à votre cahier des charges, en recherchant le meilleur compromis coût/qualité/performance.

Notre travail avec des acteurs importants des secteurs agroalimentaire, vinicole et brassicole nous permet de vous proposer une réelle expertise technique pour vos équipements de marquage et codage.

Notre panel clients va de l’artisan aux grands groupes et dans tous les secteurs d’activités :
Agroalimentaire, vinicole, pharmacie, cosmétique, chimie, automobile, aéronautique, métallurgie, matériaux de construction, ...",Automation Machinery Manufacturing,2-10 employees,Partnership,"Villefranche-sur-Saône, Auvergne-Rhône-Alpes, France",France,robelmark.com,https://www.linkedin.com/company/robelmark
Relitron,"Providing advanced industrial automation solutions. Our cutting-edge solutions can make your processes safer, more reliable, more efficient, and more productive.",Automation Machinery Manufacturing,Self-employed,Privately Held,"Chaum, Occitanie, France",France,relitron.com,https://www.linkedin.com/company/relitron-ltd
"SALEC - Robotique, Automatisme et électricité industrielle","Bureau d’étude issu de l’agglomération angevine et désormais implanté en Sarthe, spécialisé en robotique, automatisme et électricité industrielle, SALEC s’oriente principalement sur les machines spéciales et les process industriels. La société offre depuis 2007 une expertise reconnue dans les domaines de la robotique, de l’automatisme industriel et de l’électricité industrielle. Rayonnant dans toute la France mais aussi outre-frontières, SALEC assoie son sérieux et sa stabilité à l’aide d’une relation client solide, de cahiers des charges précis, et d’une réalisation au plus près des besoins de ses clients.",Automation Machinery Manufacturing,11-50 employees,Privately Held,"Le Lion-d’Angers, Pays de la Loire, France",France,salec.fr,https://www.linkedin.com/company/salec-automatisme
SETEL,La SETEL est une société située à Villers-Saint-Paul dans l'Oise spécialisé dans l'électricité industrielle haute et basse tension ainsi que dans l'automatisme.,Automation Machinery Manufacturing,11-50 employees,Privately Held,"Villers-Saint-Paul, Hauts-de-France, France",France,setel60.fr,https://www.linkedin.com/company/setel60
M-Innov,"La société M-Innov est spécialisée dans la commercialisation de bornes de paiement et de logiciels pour la gestion d'aires de camping-car, de parkings et d'hôtels. Nos bornes sont le cheminement et le résultat d'une réflexion approfondie au travers de nos 10 ans d'expérience ainsi que d'un savoir-faire et d'une fabrication française.",Automation Machinery Manufacturing,2-10 employees,Self Employed,"Romagnat, Auvergne-Rhône-Alpes, France",France,m-innov.com,https://www.linkedin.com/company/m-innov63540
AIS ELEC BORDEAUX,,Automation Machinery Manufacturing,2-10 employees,Self Owned,"Lormont, Nouvelle-Aquitaine, France",France,,https://www.linkedin.com/company/ais-elec-bordeaux
IMA Intégration de Moyens Automatisés,"Constructeur de machines spéciales automatisés.
Intégration de Moyens Automatisés est constructeur de machines spéciales automatisées, d’équipements et de process industriels spéciaux depuis 1995.
Nous réalisons les études techniques, la réalisation complète dans nos ateliers, l’installation sur site et la maintenance de tous types de process industriels.",Automation Machinery Manufacturing,11-50 employees,Privately Held,"Quesnoy-sur-Deûle, Hauts-de-France, France",France,ima-machines-speciales.fr,https://www.linkedin.com/company/ima-intégration-de-moyens-automatisés
CR Automatisme,"CR Automatisme est une société créée en 1991. 
Spécialisée dans la pose d'automatismes de porte et portail, de barrières levantes, de contrôles d'accès et de bornes escamotables. 
Toujours soucieux de satisfaire nos clients, nous avons fait le choix de nous entourer des meilleures marques dans le domaine de l'automatisme comme CAME et Nice. De plus un suivi régulier du bon fonctionnement des installations est proposé en complément pour toujours plus vous satisfaire.",Automation Machinery Manufacturing,2-10 employees,Self Owned,"Moret-Loing-et-Orvanne, Île-de-France, France",France,,https://www.linkedin.com/company/cr-automatisme
VISIELEC SAS,"Representative agency specialized in macine vision and video components. Visielec represents leading manufacturers and distributors in the vision industry. Main products are cameras, PCs, lenses and lighting for machine vision, inspection cameras, OEM cameras : bordlevel or zoom, IP H264 encoders and decoders, miniature lenses and many accessories.",Automation Machinery Manufacturing,Self-employed,Privately Held,"Houilles, Île-de-France, France",France,visielec.fr,https://www.linkedin.com/company/visielec
Lux Engineering Limited,"For enquiries please contact us at:       Info@Lux.Engineering

Alternatively you can contact us through one of the media platforms:

Website - http://www.luxeng.co.uk
LinkedIn - https://www.linkedin.com/company/11456347/",Automation Machinery Manufacturing,2-10 employees,Privately Held,"Colmar, Grand Est, France",France,luxeng.co.uk,https://www.linkedin.com/company/lux-engineering-limited
CodAlp Automatisme,"Bureau d'étude Automatisme industriel
Passionné par le monde de l'automatisme et de nouvelles technologies

La mission de CodAlp Automatisme : ""Accompagner les industriels et les intégrateurs dans la conception, la mise au point et l’optimisation des installations automatisées.""

Mon offre :
Accompagnement pour une nouvelle installation :
	• Analyse fonctionnelle
	• Choix de matériel
	• Programmation de tous les éléments programmables
	• Mise en route
	• Réception
	• Formation si nécessaire
	• SAV et rétrofit
Accompagnement pour une installation existante :
	• Modifications et améliorations
	• Optimisation des temps de cycle
	• Changement/ajout de matériel
	• Ajout de variantes
Accompagnement en programmation :
	• Programmation de blocs fonctionnels standards
	• Mutualisation et standardisation du code
	• Programmation Orientée Objet
		
Au forfait/en régie, à distance ou sur site, nous nous adaptons à vos besoins.",Automation Machinery Manufacturing,2-10 employees,Privately Held,"Challes-les-Eaux, Auvergne-Rhône-Alpes, France",France,codalp-autom.fr,https://www.linkedin.com/company/codalp-automatisme
Automation Technologie Solutions,"Programmation Automates:
Nous intervenons dans différents secteurs d'activité...
    Chimie
    Pharmaceutique
    Agroalimentaire
    Photovoltaïque
    Semi-conducteur
    Automobile
    Machine spéciale
    Rétrofit 

Nous programmons dans différentes gammes d'automates...
    Siemens (S5/S7)
    Automates compatibles CODESYS
    B&R Automation
    OMRON
    Automates dédiés à la sécurité(Siemens S7 Safety , B&R, Pilz...)
    Automates dédiés à la gestion d'automatisation de bâtiment(KNX...) 

Nous apportons nos compétences dans différents langages de programmations...
    C
    VBScript
    SCL,AWL
    Visual Basic
    CONTACT
    FUB
    CODESYS(IL, ST, SFC...)
    Assembleur 

Programmation HMI (Afficheur et visualisation)
Nous vous assistons dans le choix et la programmation de votre pupitre operateur ou supervision:
Nous réalisons votre supervision(vues de process, de maintenance, de courbes, de rapports...).Nous vous apportons nos compétences dans la réalisation à l'aide des logiciels suivants:
    Siemens:(Protool, WinCCFlexible, WinCC)
    Movicon
    Copadata:Zenon
    Proface: GP PRO EX
    B&R automation studio
    VAC Studio/FABLink:SECSGEM Protocole
    HMI Codesys",Automation Machinery Manufacturing,Self-employed,Privately Held,"Blodelsheim, Grand Est, France",France,,https://www.linkedin.com/company/automation-technologie-solutions
ATEMSYS,"Created in 2019, ATEMSYS enables industries to improve their competitiveness by optimising their productivity and information flows, and the traceability of their production data. 

With our extensive experience and skills in automation and industrial IT, we offer cutting-edge expertise in:
- Industrial Programmable Logic Controllers (PLCs) and supervision
- Axis controls
- PC programming and databases
- Project management of complete lines incorporating machines from third party manufacturers. 

We work with all sectors of industry: automotive, pharmaceutical, food and mechanical engineering, etc. The constant evolution of expertise, market diversity and the wide range of skills required provide us with a new and complex cross-cutting vision. 

Our engineers are multidisciplinary, applying their complex knowledge and working within a close-knit team in stimulating and friendly environment.

Our philosophy? To create lasting relationships with our customers by taking the time to listen to and understand them. 

What makes us different? Being a small structure, we are able to be responsive and flexible, and thoroughly customer-focused.

Together, we develop tailor-made solutions to give your productivity a head start and build the industry of tomorrow.",Automation Machinery Manufacturing,2-10 employees,Privately Held,"Sarre-Union, Grand Est, France",France,,https://www.linkedin.com/company/atemsys
AES Automatismes Etudes Services,"AES est un bureau d'études en automatismes industriels et en systèmes de levage. 

Spécialisée dans l’ingénierie d’équipements d’automatismes, AES exerce principalement son activité dans les secteurs du levage portuaire et de l'industrie. Notre bureau d'études conçoit des équipements électriques intégrant des automatismes pour des machines neuves ou dans un cadre de rénovation d'équipements existants. La fabrication, l'installation, la mise en service ainsi que la maintenance et la formation de ces équipements font partie des missions que nous prenons en charge.

Nous sommes également un organisme de formation agréé et pouvons dans ce cadre dispenser des formations dans tous les domaines des métiers de l'électricité, de l'automatisme et de l'informatique industrielle. Depuis 2010, l’entreprise s’est également dotée de nouvelles compétences en simulation numérique et calculs par éléments finis.

Notre entreprise s’investit dans le développement de nouvelles solutions afin d’apporter les réponses techniques et logicielles les plus adaptées aux besoins des utilisateurs tout en intégrant les évolutions technologiques constantes de notre métier.",Automation Machinery Manufacturing,2-10 employees,Privately Held,"Mérignac, Nouvelle-Aquitaine, France",France,ae-services.fr,https://www.linkedin.com/company/automatismes-etudes-services
SAM DISTRIBUTION,Venez découvrir nos produits,Automation Machinery Manufacturing,2-10 employees,Privately Held,"Pont-Évêque, Auvergne-Rhône-Alpes, France",France,sam-distribution.com,https://www.linkedin.com/company/sam-distribution
B2B FRANCE,"B2B FRANCE commercialise des solutions complètes auprès des industriels, plus particulièrement dans le secteur du conditionnement de fin de ligne et de la plasturgie.  

Nous sommes le distributeur de la solution PAL-Cut  en France. Un système entièrement automatique de distribution d’intercalaires palettes en bobines. La machine PAL-Cut découpe les intercalaires, avec précision et rapidité, à la dimension désirée selon le format de palettisation.

D'autre part, nous commercialisons en France les filtres ETTLINGER spécifiquement conçus pour la filtration de plastiques recyclés et fortement pollués.",Automation Machinery Manufacturing,2-10 employees,Privately Held,"Lyon, Auvergne-Rhône-Alpes, France",France,b2bfrance.fr,https://www.linkedin.com/company/b2b-france
JRF HYDRAULIQUE,"JRF hydraulqiue, is a specialist in the design and manufacture of custom-made hydraulic cylinders for European manufacturers in many sectors of activity (Agricultural, Building, and Public Works, Industrial Handling, Environment, Transport, Industry, Marine...).",Automation Machinery Manufacturing,51-200 employees,Privately Held,"La Roche-sur-Yon, Pays de la Loire, France",France,jrf.fr,https://www.linkedin.com/company/jrf-hydraulqiue
BLANC SOLUTIONS ELECTRIQUES,"CONCEPTION ELECTRIQUE - AUTOMATISME
Nous concevons et à développons les systèmes électriques et électroniques automatisés pour une variété d'applications, répondant aux problématiques de nos clients. 
 
 Nous travaillons pour les secteurs tels que l'industrie, les travaux publics ou encore l'énergie.

CABLAGE ET MONTAGE
Nous réalisons pour le compte de nos clients la conception et le montage des armoires et autres coffrets. 

Nous réalisons également des bancs de test. 

Nous pouvons vous proposer avec nos partenaires des solutions de fabrication/Tôlerie pour intégrer complètement vos problématiques.

PREPARATION FILERIE - FAISCEAUX
Nous fournissons pour nos clients des ensembles de câbles préassemblés et connectés en vue de leur utilisation dans la construction de systèmes électriques ou électroniques. 
Ces faisceaux de câbles peuvent être utilisés dans une variété d'applications, tels que les équipements industriels, les véhicules, les avions, les bateaux et les systèmes de communication.",Automation Machinery Manufacturing,11-50 employees,Self Owned,"Aubenas, Auvergne-Rhône-Alpes, France",France,protonservice.fr,https://www.linkedin.com/company/solutions-elec
MEC sarl,"Depuis 1995, MEC France conçoit et fabrique convoyeurs et machines spéciales en INOX. 
Nos secteurs d'activités sont l’industrie alimentaire et agro-alimentaire, l’industrie chimique, pharmaceutique et cosmétique.
Ingénierie de ligne.
Optimisation, déménagement et amélioration de lignes de convoyages.
Unique fabricant français de videuse pour méthode ancestrale.
Spécialiste de l'embouteillage et des micro-brasseries.",Automation Machinery Manufacturing,2-10 employees,Privately Held,"Pont-d'Ain, Auvergne-Rhône-Alpes, France",France,mec-france.com,https://www.linkedin.com/company/mec-sarl
Agriware,"Agriware by FEMCO: Innovation Meets Sustainability

Based in Damazan (47) and Cadours (31), FEMCO is the manufacturer behind the Agriware brand. As integrated manufacturers, we control 100% of the chain: from the design of controllers and sensors to the development of operating software.
 MCUsys: Connected Intelligence at the Heart of Your Greenhouse

Our new MCUsys controller redefines precision management. Ultra-connected, it centralizes your data in real-time for optimized resource management. It is a robust system designed for performance and data analysis, capable of hosting AI-driven decision support.
 Sustainable Technology: Ecology through Longevity

We reject planned obsolescence. For us, ecology begins by not discarding what can be modernized. We are the only company in the world to offer a major upgrade for your legacy equipment (even those installed in 2000):

    Modernize, Don’t Discard: Replacing your old motherboard with the MCUsys system transforms your original equipment into a latest-generation machine.

    Total Compatibility: Our board communicates natively with your existing input/output modules and wiring.

    A Future Without Waste: Your hardware instantly becomes communicative and AI-compatible, without the financial and ecological costs of a full infrastructure replacement or rewiring.

Global Expertise ""Made in France"":

     Manufacturing of scalable and durable controllers.

     Climate Management: High-precision sensors (Temperature, Humidity, CO2...).

     Fertigation: Intelligent systems for injection, irrigation, drainage, and recycling.

     VISIOsys Software: Remote control and monitoring of your greenhouses, with alerts sent to your smartphone.

Choosing Agriware by FEMCO means combining high technology with a responsible and sustainable vision for agriculture.",Automation Machinery Manufacturing,11-50 employees,Privately Held,"Damazan, Nouvelle-Aquitaine, France",France,agriware.com,https://www.linkedin.com/company/agriware
RMS-SYSMA,"Votre interlocuteur pour des solutions globales allant de l'acquisition de mesures jusqu'au post-traitement.

Rapprochement de SYSMA & RMS, deux spécialistes des essais, nous fournissons à nos clients les moyens et le savoir-faire pour acquérir et interpréter les données dans le cadre de la conception et de la validation de leurs produits.",Automation Machinery Manufacturing,11-50 employees,Privately Held,"Aix-en-Provence, Provence-Alpes-Côte d'Azur, France",France,rms-sysma.fr,https://www.linkedin.com/company/rms-sysma
T2A Automation,"T2A Automation est une entreprise spécialisée dans la réparation et l'installation de matériels électriques, électroniques, radio et automates sur les engins mobiles (dont hydrocureurs) ou dans le secteur de l'industrie. 
T2A automation installe également tous types d'appareillages comme des caméras, boitiers de géolocalisation, etc",Automation Machinery Manufacturing,Self-employed,Self Owned,"Estaires, Hauts-de-France, France",France,t2aautomation.fr,https://www.linkedin.com/company/t2a-automation
Airtec France,"AIRTEC France est une société spécialisée dans la commercialisation de composant d'automatisme pneumatique. Nous sommes le partenaire français du constructeur allemand : AIRTEC Pneumatic GmbH.
Nous traitons en direct avec particuliers et professionnels. Qu'il s'agisse d'une simple vente ou d'un projet demandant suivi et plans techniques, nous vous accompagnons et partageons notre expérience.",Automation Machinery Manufacturing,2-10 employees,Privately Held,"Sand, Grand Est, France",France,airtec-france.fr,https://www.linkedin.com/company/airtec-france
Best System,"L’entreprise BEST SYSTEM est spécialiste dans les domaines techniques liés à l’électricité et aux automatismes en milieu tertiaire et industriel, en intervenant dans toutes les phases clés d'un projet neuf ou de rénovation.",Automation Machinery Manufacturing,Self-employed,Partnership,"Saint-Ouen-l'Aumône, Île-de-France, France",France,,https://www.linkedin.com/company/best-system-cfo-cfa
ERMAT INDUSTRIES,"Ermat is a specialized company supplying turn key thermal installations
and their associated equipment. Our equipment are well known for their reliability and the use of brand new technology.
Quality, reactivity, delivery time and equipment performance are criterial
which enable ermat to contribute to the development of the company
with their main aluminium and steel groups.

Ermat use a lot of recent professional softwares such as :

 - CAD software AUTOCAD(R),
 - mechanical software CASTOR(R),
 - thermal software MFIELD(R)
 - electrical software SEE3000(R), SEE ELECTRICAL EXPERT(R).",Automation Machinery Manufacturing,51-200 employees,Privately Held,"Dardilly, Auvergne-Rhône-Alpes, France",France,ermat-industries.com,https://www.linkedin.com/company/ermat-industries.com
Association de Robotique de Polytech Lille,"Le but de l’association est de donner la possibilité à ses membres de participer à des compétitions internationales de robotique. Nous accueillons tout le monde, étudiants de l’école d’ingénieur Polytech Lille et de l’Université de Lille 1, chercheurs des différents laboratoires situés sur le campus de Lille 1, doctorants et ingénieurs travaillant sur des projets universitaires, mais également tous les passionnés de robotique qui voudraient mettre à profit leurs compétences ou expérience pour la réussite de l’association.

Que ce soit le RobotinoTM, les transpalettes robotisés de Balyo ou les différents véhicules du projet InTraDE, nous avons une expérience non négligeable en robotique mobile. Navigation autonome, localisation et cartographie simultanée et détection d’obstacles sont des thèmes récurrents dans nos développements.

En partenariat également avec l’ AIP Primeca de Lille, nous développons des applications pour des robots manipulateurs Kuka, ABB, Festo et le petit FANUC, dernier arrivé au laboratoire. Au delà de ça, nous organisons des formations pour les étudiants sur les robots polyarticulés cités ci dessus mais aussi sur la prise en main de framework robotique tel que ROS.

Nos participations à des compétitions nationales et internationales de robotique rejoignant certains des thèmes des formations proposées à Polytech Lille, nous encadrons et accompagnons des projets d’étudiants.",Automation Machinery Manufacturing,2-10 employees,Partnership,"Villeneuve-d'Ascq, Hauts-de-France, France",France,arpl.fr,https://www.linkedin.com/company/association-robotique-polytech-lille
SAS A2I,"Depuis sa création 1989, A2I accompagne les industriels dans la conception, le développement et
l'optimisation de leurs systèmes d'automatisme et de supervision.

Notre mission est simple : concevoir des solutions fiables, performantes et évolutives, parfaitement
adaptées aux besoins de chaque client.

Nos domaines d'expertise :
-Automatisme industriel
-Rédaction de l’analyse fonctionnelle, du cahier des charges et PID
-Informatique industrielle
-Supervision (PC VUE, TOPKAPI, AVEVA InTouch HMI... )
-Dialogue Homme-Machine (IHM/HMI)
-Développement de solutions sur mesure
-Mise en service et accompagnement technique
-Modernisation et optimisation d'installations existantes

Notre équipe de 4 collaborateurs intervient principalement en Bretagne et Pays de la Loire,
Normandie  tout en accompagnant régulièrement ses clients sur l'ensemble du territoire français.

Nos secteurs d'intervention
Nous travaillons notamment pour les industries :
-Agroalimentaire
-Carrières et matériaux
-Industrie manufacturière
-Logistique et process industriels

Ils nous font confiance
Nous accompagnons régulièrement des groupes industriels et PME reconnus, parmi lesquels :
-LACTALIS
-ENGIE 
-AXIANE
-Moulin de la Courbe
-TRANSELI
-LAFARGE
-Carrière PIGEON
-Carrière de l'Ouest
-DIANA FOOD
-OBERTHUR
-AGRIAL

Pourquoi choisir A2I ?
 Une expertise technique reconnue en automatisme industriel
Nous accompagnons nos clients dès la rédaction de l’analyse fonctionnelle de leurs process,
garantissant des solutions sur mesure parfaitement alignées à leurs besoins.
 Des solutions conçues sur mesure pour chaque process
 Une forte réactivité et une relation de proximité
 Une capacité d'intervention partout en France
 Un accompagnement de la conception jusqu'à la mise en service

Chez A2I, chaque projet est unique. Notre priorité est d'apporter des solutions robustes, pérennes
et adaptées aux enjeux industriels de nos clients.",Automation Machinery Manufacturing,2-10 employees,Self Employed,"Bruz, Brittany, France",France,,https://www.linkedin.com/company/sasa2i
Vincitore steel & Engineering Limited,"Vincitore Steel & Engineering Ltdis a mechanical and civil engineering company based in Madhya Pradesh, India. The company has been involved in the fabrication, erection and commissioning of cement, power, sugar, boiler, distillery and material handling projects both in India and abroad.",Automation Machinery Manufacturing,201-500 employees,Public Company,"Marseille, Provence-Alpes-Côte d'Azur, France",France,vincitoregroup.in,https://www.linkedin.com/company/powada-steel-engineering-limited
PRELEC,"De la définition du cahier des charges à l'analyse fonctionnelle, du développement jusqu'à la mise en service, nous vous apporterons des solutions dans les domaines électriques, de l'automatisme, de la communication industrielle, de l'acquisition de données, la codification EAN et la traçabilité de vos produits.

- Etudes et réalisations d'armoires électriques.
- Développement de programmes PLC sur différents marques.
- Modification de systèmes, intégration de nouvelles fonctionnalités à des applications existantes.
- Raccordement inter-automates, uniformisation de votre parc d'automates.
- Développement d'IHM, SCADA sur différents éditeurs.",Automation Machinery Manufacturing,Self-employed,Privately Held,"Saint-Yorre, Auvergne-Rhône-Alpes, France",France,,https://www.linkedin.com/company/prelec
NECAI,"NECAI « Nouvelle Entreprise de Conception d’Automatisme Industriels » est une société de prestation de service en électrique et automatisme. Nous sommes cinq associés, chefs de projet automaticiens et électriciens :
•	Michel LE ROY : Gérant – Chargé de projet électrique et automatisme,
•	Bertrand DELARUE : Chargé de projet automatisme,
•	Florian LE VOURCH : Chargé de projet automatisme.
•	Jean-Jacques DONNART : Chargé de projet automatisme – Roboticien,
•	Tony ATHENOUR : Chargé de projet automatisme, .

Notre SAVOIR FAIRE : Nous vous proposons une assistance technique dans les domaines de l’automatisme et de l’électricité.
•	Analyse fonctionnel,
•	Analyse organique,
•	Développement et modification d'applications de Supervision
•	Développement et modification de programme,
•	Développement et modification de schéma électrique,
•	Simulations,
•	Tests sans et avec le client final, 
•	La pré-réception, 
•	La mise au point,
•	La mise en service, 
•	L’assistance,
•	La formation,
•	Compétence et expérience en pneumatique.

Notre MISSION : Nous intervenons chez vous.
•	En complément d’une équipe en interne,
•	En apport de compétence en automaticiens,
•	Une surcharge de travail,
•	En export.

Notre RÉSEAU d’entreprise :
•	Entreprise de supervision de travaux
•	Ingénieur roboticien
•	Expert en application de vision industrielle

Nos TARIFS :
•	Je tiens à votre disposition d’autres éléments tarifaires.

Nos passeports biométrique sont à jours et prêt à servir pour toutes missions à l’export.",Automation Machinery Manufacturing,2-10 employees,Privately Held,"Betton, Brittany, France",France,necai.net,https://www.linkedin.com/company/necai
CUE BOT,Cue bot est un projet innovant incubé au sein du Pole entrepreneurial de Lorraine (PEEL) ainsi qu’à Grand Nancy Innovation (GNI). Spécialisée dans le développement de solutions robotiques avancées.,Automation Machinery Manufacturing,Self-employed,Self Owned,"Nancy, Grand Est, France",France,,https://www.linkedin.com/company/cue-bot
France Alu Color SAS,,Automation Machinery Manufacturing,2-10 employees,,"Chatte, Auvergne-Rhône-Alpes, France",France,france-alu-color.com,https://www.linkedin.com/company/france-alu-color-sas
APELEC Sarl Automatismes et Process Electriques -Boissy le Châtel 77169,"Depuis sa création en 2003, la société APELEC est spécialisée dans l'étude et l'automatisation de machines spéciales intégrant des technologies innovantes pour vous proposer une solution adaptée à vos besoins.

 

Dans le but d’offrir un service de proximité à ses clients, APELEC élargit sa présence géographique en ouvrant une agence à ROQUEMAURE, près de NIMES.

 

Nous étudions et réalisons des armoires, platines électriques, boitiers, coffrets complets avec possibilité d’intégration de cartes électroniques et/ou d’automates programmables.

 

Nous intervenons également sur vos Installations de réseaux électriques industrielles, Installation d'automatismes et de régulation, équipements de production existants pour rénover, améliorer, en assurer la maintenance préventive, la maintenance curative ainsi que la mise en conformité à la règlementation en vigueur.
-  Agence en Ile de France, installée dans un local de 600m2, situé à Boissy le Châtel en Seine et Marne (77), près de Coulommiers.
- Agence Sud, installée dans un local de 200m2, situé à Roquemaure dans le Gard (30), près de Nîmes.

Un bureau d'étude avec station de travail équipée des logiciels de DAO Solidworks Electrical et IGE-XAO.",Automation Machinery Manufacturing,2-10 employees,Privately Held,"Boissy-le-Châtel, Île-de-France, France",France,apelec.fr,https://www.linkedin.com/company/apelec-sarl-automatismes-et-process-electriques-boissy-le-châtel-77169
as gestion,"Motorao dans son engagement, propose une solution écologique permettant d’augmenter le pouvoir d’achat des particuliers et des sociétés en diminuant leurs consommations en carburant de 20 à 40% tout en réduisant de plus de 80% leurs émissions de CO2, à l’aide du kit Ecopra.
« Economiquement rentable et écologiquement responsable », Motorao est la première entreprise distributrice du kit Écopra en Ile-de-France.e ki
Le Kit Ecopra répond aux objectif des trois 20, baisse des émissions de CO2, augmentation de l'utilisation des énergies renouvelables, diminution de l'utilsation des énergies fossiles.",Automation Machinery Manufacturing,2-10 employees,Privately Held,"Saint-Denis, Île-de-France, France",France,motorao.com,https://www.linkedin.com/company/motorao
PARALLAX FRANCE,"WE ARE CREATIVE AUTOMATION, That is our motto.
For us, the creativity is not only to develop the best automation solutions, but also to maintain excellent relations with our customers and partners.
Parallax is always ready to provide complete development and support services. 
We naturally assist our customers at every step of their project, from concept development to after-sales service. 
Scalable and flexible, our hardware and software solutions give our customers a technological edge in their respective markets.",Automation Machinery Manufacturing,2-10 employees,Privately Held,"La Valette-du-Var, Provence-Alpes-Côte d'Azur, France",France,,https://www.linkedin.com/company/parallax-fr
Elekktron,"Elekktron est une société spécialisé dans le domaine électrique.

Industriel : Ajout d’installation électrique, mise en conformité ou modification d'armoire, 

Tertiaire :  Maintenance électrique de vos bâtiments, évolutions des solutions électriques avec la vie de votre bâtiment, pose de borne IRVE

Particulier : Faire entrer votre maison dans le monde de la domotique, installer des automatismes, éclairer vos extérieur et intérieur",Automation Machinery Manufacturing,Self-employed,Privately Held,"Bourgoin, Auvergne-Rhône-Alpes, France",France,elekktron.fr,https://www.linkedin.com/company/elekktron
ALPESINO,Design consultancy & Engineering Services from A to Z.,Automation Machinery Manufacturing,2-10 employees,Privately Held,"Évian-les-Bains, Auvergne-Rhône-Alpes, France",France,alpesino.com,https://www.linkedin.com/company/alpesino
Société M-innov,"Spécialisée dans la conception, la commercialisation et l’installation de bornes et systèmes monétiques pour les aires de service, campings, parkings, hôtels, billetteries.",Automation Machinery Manufacturing,2-10 employees,Self Employed,"Romagnat, Auvergne-Rhône-Alpes, France",France,m-innov.com,https://www.linkedin.com/company/sc-m-innov
SPADARO SAS,"Nous sommes une entreprise d'étude et de réalisations opérationnelles en ingénierie Automatismes, Robotiques et Développement Informatique. 

Notre cœur de métier consiste à automatiser des systèmes de production au sein de l'automobile. De plus, nous avons également pour enjeu majeur de supprimer les tâches à faible valeur ajoutée dans le but d'améliorer le quotidien des entrepreneurs, en mettant en place des automatismes par le biais de software (Enterprise Ressource Planning application métier). 

Nous réalisons également des gravures au laser pour des industries et des particuliers. Nous intervenons dans de nombreux pays à l'international.",Automation Machinery Manufacturing,11-50 employees,Privately Held,"Cambrai, Hauts-de-France, France",France,spadarocambrai.com,https://www.linkedin.com/company/spadaro-sas
Alstef Mobile Robotics,Alstef Mobile Robotics (previously BA Systèmes) is the business unit dedicated to AGV-AMR technology for the Alstef Group. Discover our new LinkedIn page: https://linkedin.com/company/alstefgroup,Automation Machinery Manufacturing,201-500 employees,Partnership,"Mordelles, Brittany, France",France,alstefgroup.com,https://www.linkedin.com/company/alstef-mobile-robotics
VA Imaging,"VA Imaging, formerly known as GeT Cameras, delivers imaging products designed for use in your innovative machines and projects. Precision drives innovation. At VA Imaging, technology becomes vision. We provide the eyes to imaging systems that transform how machines perceive the world. Our cameras capture what others cannot see—microscopic details in industrial machinery, split-second movements in sports technology, subtle changes in agricultural landscapes.

Every lens forms a story. Every pixel holds critical information. We create images that turn complex data into actionable insights. From robotic manufacturing to medical diagnostics, our technologies make it visible. Lighting, lenses and cameras become the eyes of our customer’s intelligent systems.

Our engineers speak the language of optics. Our solutions bridge imagination and technical possibility. We don't just provide equipment. We deliver the visual foundation for breakthrough innovations.

Visit our store and discover our industrial cameras, lenses and machine vision lighting: https://www.va-imaging.com",Automation Machinery Manufacturing,51-200 employees,Privately Held,"Lille, Hauts-de-France, France",France,va-imaging.com,https://www.linkedin.com/company/va-imaging
EXXACT Robotics,"EXXACT Robotics délivre des solutions d'agriculture de précision (solutions robotisées, capteurs) pour la protection des plantes. Nous nous inscrivons dans le futur de l’agriculture, avec une réponse industrielle dans le cadre d’un groupe français pionnier depuis 70 ans.
Nous amenons à la profession agricole les outils technologiques pour cibler, automatiser et tracer les travaux du quotidien dans les meilleures conditions de performance, de sécurité et de respect de l'environnement. 
EXXACT Robotics, créée en Novembre 2019, est une équipe expérimentée qui relève ce challenge, en s'appuyant sur les expertises métier du groupe EXEL Industries, leader de la pulvérisation agricole, avec les marques Berthoud, Tecnoma, Nicolas, Agrifac, Hardi ...",Automation Machinery Manufacturing,51-200 employees,Privately Held,"Épernay, Grand Est, France",France,exxact-robotics.com,https://www.linkedin.com/company/exxact-robotics
VEGA France,"VEGA is a world leader in the area of level and pressure measurement. This strong position was achieved through consistent, targeted development of innovative and trend-setting products.
Founded in the Black Forest in 1959, VEGA today employs 2,400 associates worldwide, 1.150 of whom work at the headquarters in Schiltach. Here is where solutions for the most demanding measuring tasks are conceived and brought to realisation: for chemical and pharmaceutical plants, the food industry, drinking water supply systems, sewage treatment plants, landfills, mining, power generation, oil platforms, ships and even airplanes.
With the goal of considerably simplifying level and pressure instrumentation, VEGA introduced plics, the world’s first standardized instrument platform, in 2003. What at that time seemed unthinkable for many users became a reality with plics: a standard compact housing, a simple, universal adjustment concept as well as short delivery times. Since then VEGA delivers 80 percent of its instruments within a week after ordering.

Technologies

Level
Radar, guided radar, ultrasonic, capacitive, hydrostatic, radiometric, conductive, vibration

Pressure
Process pressure, hydrostatic, differential pressure",Automation Machinery Manufacturing,11-50 employees,Privately Held,"Nordhouse, Grand Est, France",France,vega.com,https://www.linkedin.com/company/vega-fr
Automation-sense.com,"Avec plus de 100 000 visiteurs uniques par mois , plus 20 000 inscris à notre newsletter, automation-sense.com est le media leader en France et en francophonie spécialisée dans l'automatisme et l'informatique industrielle.

Nos lecteurs sont essentiellement des techniciens et ingénieurs en automatisme industriel,des responsables de bureau d'étude,des chefs de projets et responsables d'affaire.

Nous vous décortiquons quotidiennement toute l'actualité sur l'automatisation industrielle.

Nous assurons ainsi la veille technologique des automaticiens en leur présentant les nouveaux produits d'automatisation qui viennent de sortir, des interviews techniques avec des experts du domaine et constructeurs de solutions d'automatisation, des couvertures de salons industriels, des débats de haut niveau, des panels et webinaires informatifs afin d'assurer une curation plus efficace des automaticiens peu importe leur situation géographique.",Automation Machinery Manufacturing,2-10 employees,Partnership,"La Courneuve, Île-de-France, France",France,automation-sense.com,https://www.linkedin.com/company/automation-sense
OET,"OET est une société de service indépendante ayant une forte maîtrise technique dans les domaines du MES, de l'informatique, de l'automatisme, de la robotique, de l'électricité et du pesage.
L'entreprise compte 300 collaborateurs et intervient sur plus de 350 sites répartis en France et à l'étranger. Forte d'une expérience de 40 ans, acquise sur de nombreux projets d'envergure, OET sait s'engager sur des solutions clés en main, assurant la conception, l'installation et la maintenance des installations.",Automation Machinery Manufacturing,201-500 employees,Partnership,"Betton, Brittany, France",France,groupe-ovalt.com,https://www.linkedin.com/company/oet-groupe
BOSSARD - électricité & automatisme industriel,"« L’esprit d’équipe pour relever vos défis »

L’entreprise BOSSARD est une société spécialisée en électricité, en automatisme et informatique industrielle.

Depuis plus de 60 ans, la multi compétence est notre force. Conception, Ingénierie, fabrication, installation sur site et assistance, nos équipes de techniciens et d’ingénieurs accompagnent et concrétisent l’ensemble de vos projets, auprès de nombreux secteurs d’activité :  industrie, énergie, environnement.

Du capteur à la data, de la PME au groupe international, nous mettons toute notre énergie au service de vos process industriels.

Bossard en chiffres :
- CA 2023 : 13.8 M€
- +90 Collaborateurs 
- 3800 m2 d’atelier
- 2 agences sur le territoire : Orvault (44) et Aubergenville (78)
- 1 filiale en Ile de France : BASIS",Automation Machinery Manufacturing,51-200 employees,Partnership,"La Roche-sur-Yon, Pays de la Loire, France",France,bossard-sa.fr,https://www.linkedin.com/company/bossard-sa
OUIDROP,"OUIDROP est une entreprise bordelaise qui conçoit, fabrique, installe des solutions autonomes pour automatiser la remise en main propre des courses et colis. 
Notre produit phare, le Dropper : une machine tri-température autonome qui permet de retirer ses courses en totale autonomie, 24h/24 et 7j/7.",Automation Machinery Manufacturing,11-50 employees,Privately Held,"Bordeaux, Nouvelle-Aquitaine, France",France,ouidrop.fr,https://www.linkedin.com/company/ouidrop
Pagès Group,"Pagès Group provides automation solutions, superior service and greater overall value to a rapidly expanding global customer base.
 
We do automation across a range of segments, including consumer (IML automation whatever the cavitation, downstream equipment including vision, automatic case-packing, assembly, etc.), industrial (pail application including IML, vision, metal or plastic Handle Fitting machines, etc.), cosmetic and medical (Assembly systems, 6-axis robots integration, leakage control, ultrasonic welding, cutting and heat sealing, etc.).
 
Based on its 4 brands : Polymac, Pagès, Pagès Medical and Pagès Robotics, the group operates from France and Netherlands, focusing on delivering a more complete solution to plastic converters worldwide.
 
Pagès Group has 160 employees with four plants in France, one in the Netherlands and subsidiaries providing local service in China, North America and Australia. 
Our multilingual service desk handles worldwide requests in English, German, French, Dutch, Spanish and Chinese. Our international service engineers are available for global service activities.
 
We look forward to supporting your automation projects.",Automation Machinery Manufacturing,51-200 employees,Privately Held,"Foncine-le-Haut, Bourgogne-Franche-Comté, France",France,pagesgroup.net,https://www.linkedin.com/company/pagesgroup
"Michell Instruments, a DwyerOmega Brand","We’re excited to share that Michell is now part of DwyerOmega, bringing together our trusted expertise with expanded resources to serve you even better. 

This page will be sunset soon so stay connected! Follow us on LinkedIn at DwyerOmega or visit www.DwyerOmega.com to keep up with all our latest updates.",Automation Machinery Manufacturing,201-500 employees,Privately Held,"Lyon, Auvergne-Rhône-Alpes, France",France,michell.com,https://www.linkedin.com/company/michell
Invert Robotics,"Invert Robotics provides remote robotic inspection services with unprecedented levels of safety, accuracy and speed. Our main focus is in the Food Production, Chemicals, Pharmaceuticals, Aviation and Energy industries. This is not an everyday job, but a job where safety and accuracy are paramount. Besides this, Invert Robotics comes together with an agile and inventive work environment.

At Invert Robotics, we believe that it is a basic human right to work in a safe and sustainable environment where our health and safety is taken seriously by employers. 

Working in confined and hazardous spaces continues to cause serious injuries and fatalities worldwide. Our team at Invert Robotics is dedicated to developing technology that will change the future of industrial inspections in these environments.

By using technology, we can perform tasks remotely and eliminate the risks involved in working in confined and hazardous spaces. Our ultimate goal is to eliminate the need for people to enter any confined and hazardous environments providing our children with a future which is safer, more colourful and sustainable.

Contact us today to request a demo or to find out more about how we can help to improve your inspections.",Automation Machinery Manufacturing,11-50 employees,Privately Held,"Lille, Hauts-de-France, France",France,invertrobotics.com,https://www.linkedin.com/company/invert-robotics
Senstronic Group,"Senstronic manufactures proximity sensors and connection system for industrial automation, and we are specialized in critical and sensitive applications.

With over 35 years of expertise and a strong local support through our 15 subsidiaries, we study and provide dedicated solutions.

Our solutions portfolio includes standard and customised customer products of:
• Inductive sensors
• Magnetic sensors
• Capacitive sensors
• Optic sensors
• Cordsets
• Splitter boxes

Find your contact person at Senstronic here: https://www.senstronic.com/contact/senstronic-worldwide/",Automation Machinery Manufacturing,51-200 employees,Privately Held,"Monswiller, Grand Est, France",France,senstronic.com,https://www.linkedin.com/company/senstronic
HD Automatisme,"Depuis 1991, HD Automatisme est spécialisée dans la maintenance et l'optimisation d'équipements industriels (Machine-outils, Automatisme, Robotique)

Dans les domaines suivants : 
- Commande Numérique et Automate
- Electronique
- Mécanique et géométrie machine
- Etude et modernisation

Négoce de matériel de mesure et visualisateurs de cote Fagor Automation
Vitrine en ligne de pièces détachées avec demande de devis en ligne 

Nos clients : 
Automobile - Aéronautique - Formation et recherche - Mécanique générale et de précision - Industrie manufacturière - Agriculture - Agro-alimentaire - Nucléaire - Agricole",Automation Machinery Manufacturing,11-50 employees,Privately Held,"Aubigny-en-Artois, Hauts-de-France, France",France,hdautomatisme.com,https://www.linkedin.com/company/hd-automatisme
SMC France,"Créée en 1988, SMC France est implantée à Bussy-Saint-Georges (77) et emploie 142 personnes. SMC France est une filiale du groupe Japonais SMC Corporation, expert mondial en pneumatique. Fondée en 1959, SMC Corp. est une société privée dont le siège est établi à Tokyo, au Japon. Elle compte plus de 15 000 salariés dans le monde, des filiales dans 50 pays et des sites de production sur les 4 continents.
Notre société propose une gamme complète de solutions d'automatisation pour l'industrie. Département commercial, bureau d'étude, usine de production, service clients, hotline technique...tout est mis en œuvre pour apporter un service personnalisé.
L’entreprise fabrique plus de 11 000 produits de base et 600 000 combinaisons disponibles : actionneurs, distributeurs et embases, connecteurs, traitement de l'air, produits pour le vide et pour les fluides,...",Automation Machinery Manufacturing,201-500 employees,Self Owned,"Bussy-Saint-Georges, Île-de-France, France",France,smc-france.fr,https://www.linkedin.com/company/smc-france
Enhanced Information Solutions (EIS),"Enhanced Information Solutions (EIS) is a system integrator focused on computer systems that optimize manufacturing.  

From manufacturing mobile apps installed on such devices as the iPad to the implementation of full-featured Manufacturing Execution Systems (MES), EIS provides software solutions that meet manufacturing needs.  Our consultants have expertise in all stages of the software project life cycle, including vendor selection, requirements gathering/analysis, design, implementation, validation and ongoing support.  With 25+ years in the life science industry, EIS has a strong track record of repeat customers while providing work for dozens of Fortune 100 customers. 

*  MES Consulting
Providing Innovative, value-added and cost-effective solutions for the MES industry

*  Manufacturing Mobile App Development
Using mobile technology to make manufacturing more efficient

*  Software Validation
Ensuring quality, robust and reliable software

* Operational Intelligence
Networking/Security, Visualization/Reporting, Integration, Analytics, Historization, and Workflow.

* Industrial Cybersecurity
Advisory or consultancy capacity all the way to full implementation of cybersecurity strategies.

* System Integration
Synchronization of all manufacturing systems across the automation layers (i.e, ERP, MES, LIMS, CMMS, DCS, PLC and more!)

Get in touch today to learn how EIS can support your digital transformation strategy, IT, and OT needs!",Automation Machinery Manufacturing,51-200 employees,Privately Held,"Lyon, Auvergne-Rhône-Alpes, France",France,eisinc.com,https://www.linkedin.com/company/enhanced-information-solutions-eis
CRE TECHNOLOGY,"CRE Technology is a French leading manufacturer of generators and renewable energy controllers. CRE controllers are used in industry, military, Marine, Data Centers, Hospital,...
CRE Technology also offers a full range of 12 & 24V battery chargers from 3A to 40A.
The key of our success is more than 40 years’ experience and our permanent investments, innovation and design of new products.
The professionalism and experience of our teams allow us to be more responsive to customer needs.
CRE Technology's worldwide network of distributors provides a high level of service.",Automation Machinery Manufacturing,11-50 employees,Privately Held,"Biot, Provence-Alpes-Côte d'Azur, France",France,cretechnology.com,https://www.linkedin.com/company/cre-technology
ETEL S.A.,"ETEL, founded in 1974 and based in Switzerland, is a supplier 100% dedicated to direct drive technology. ETEL’s range of linear and torque motors, position and motion controllers, and high-end motion system products provide a large selection to meet nearly all customers’ needs and providing them with process improvement they have been looking for.

This clear focus allows ETEL to continue innovating in those markets where precision and dynamics are the essential factors for success. The synergies with companies belonging to the HEIDENHAIN Group have allowed ETEL to merge its respective knowledge and expertise, and proved to be a winning combination. This collaboration will be intensified and will lead to new high performance and leading-edge motion platform solutions, developed to solve the future problems of our customers before they are ever realized. Resulting from continuous R&D efforts, ETEL will continue to excel by offering uniqueness and high quality innovative products required by customers. Companies looking for a motion system partner providing high quality, precision, repeatability and reliability need look no further. ETEL has a proven record of supplying the latest technology without sacrifice which has allowed ETEL to maintain an edge on the competition.",Automation Machinery Manufacturing,201-500 employees,Privately Held,"Saint-Genix-sur-Guiers, Auvergne-Rhône-Alpes, France",France,etel.ch,https://www.linkedin.com/company/etel_2
Novexx Solutions SAS,"With more than 80 years of experience, know-how, actions and ambition, Novexx Solutions SAS is a major player in the field of printing, labelling and print and apply solutions. Based in Rungis, Novexx Solutions SAS is one of the French subsidiaries of the Indentification division of the Possehl Group, based in Lübeck, Germany.

A division established in more than 11 countries on 3 continents and a network of more than 100 certified partners, make Novexx Solutions SAS one of the international leaders.

As the manufacturer of all our labelling solutions, we guarantee our customers customised, high-quality solutions, great flexibility, high reactivity, quality materials and local support for the future innovations of our customers in the food, pharmaceutical, cosmetics and chemical sectors.

OUR FUNDAMENTALS:
Customer satisfaction: The customer is at the centre of our concerns, becoming a player in his success is our objective.

The well-being of our employees: Because the success of our company cannot exist without the men and women who make it up, preserving our ""Human Capital"", developing the commitment of our teams, increasing the well-being of our managers and employees, and encouraging the complementarity of individual intelligence, are key elements in the performance of our company.

The sustainability of our company: To increase our multidimensional long-term performance (economic, financial, social, societal and environmental) in order to create value for our clients and to create a strong and lasting bond with them.",Automation Machinery Manufacturing,11-50 employees,Privately Held,"Rungis, Île-de-France, France",France,novexx.fr,https://www.linkedin.com/company/novexx-solutions-sas
API TECH,"We develop tailor-made machines, from design to manufacturing !

Our team is able to meet the specific design needs of new machines but also to conduct studies and carry out developments in order to upgrade and renovate existing installations.

With a great experience in the industry, API Tech's competencies adapt to various sectors such as paper-milling, waste water treatment, agribusiness or medical sector.

With the company's in-house engineering department and its experts in design, production, industrial mechanic, electric and IT, API Tech delivers its turnkey products.",Automation Machinery Manufacturing,11-50 employees,Privately Held,"Seichamps, Grand Est, France",France,,https://www.linkedin.com/company/fldtech
Esbelt SAU,"Esbelt, S.A.U. was established in Barcelona in 1970 as a company specialising in the manufacturing of thermoplastic conveyor belts.
Apart from conveyor belts of PVC, TPU, TPE, polyolefine and silicone material, Esbelt also manufactures belt accessories, flat transmission and thermoweldable PU belts, as well as tools and machinery for belt fabrication.
Over the last two decades Esbelt has turned into an internationally oriented company, with exports representing 80% of the total company sales.
Our head office and factory is in Barcelona and we have subsidiaries in Germany, France, Denmark and USA.  We work with local distributors in more than 80 countries to bring our products and services closer to our uses. 
We are best at what matters to our customers: knowledge, quality, deliveries and pricing.
Under such philosophy we have developed strong relationships with a worldwide network of belt service companies.",Automation Machinery Manufacturing,51-200 employees,Privately Held,"Pujaudran, Occitanie, France",France,esbelt.com,https://www.linkedin.com/company/esbelt
B2C Engineering,"Expert System Integrator in automation, industrial IT, cybersecurity, electrical engineering, and robotics, B2C Engineering supports industries in their digital transformation.

Our mission: optimize your processes by combining performance, security, and compliance.

High standards inherited from the pharmaceutical sector
Born in the pharmaceutical industry, our expertise has been built around strict standards. Today, it adapts with agility to all industrial sectors.

Solutions aligned with your business challenges
We don’t just provide technologies — we deliver sustainable solutions tailored to our clients’ real needs.

Our approach relies on:
 Active listening for every project
 Analysis, development, validation, and commissioning
 Personalized follow-up based on your needs

Quality & controlled impact
ISO 9001:2015 and VCA–Petrochemistry certified, we ensure the quality and safety of all our interventions.

An engaged team, a controlled growth
Our strength? A dynamic, human-sized team where experience and innovation come together to tackle your industrial challenges.

 Looking for a partner to accelerate your Industry 4.0 digitalization project? Let’s talk.",Automation Machinery Manufacturing,51-200 employees,Privately Held,"Famars, Hauts-de-France, France",France,b2c-engineering.com,https://www.linkedin.com/company/b2c-engineering
Burkert France,"#Activité
Bürkert en France est une entreprise familiale située à Triembach-au-Val, en Alsace depuis 1966. La société est spécialisée dans la fabrication de systèmes de mesure, de contrôle et de régulation des liquides et des gaz. Le site de Triembach est le centre de compétences international pour les capteurs industriels. Les produits Bürkert sont utilisés dans un large éventail d’applications et d’industries.

#Expertise
Bürkert est le seul fournisseur à offrir tous les composants d’un système de régulation des fluides. Nous développons en permanence des solutions et des systèmes personnalisés ainsi que des produits innovants. A partir de notre organisation par processus, on ne cesse d'apprendre au contact quotidien avec nos clients. Cette proximité est essentielle pour notre PME.

#Bien-être au travail
Bürkert c'est l'expertise métier alliée à une expérience de vie réussie ! La culture de Bürkert repose sur un socle de valeurs fortes. Rejoindre Bürkert c’est intégrer une équipe innovante qui favorise l’autonomie et la collaboration. Bienveillance, respect mutuel et loyauté sont des valeurs fondamentales qui fondent notre culture.

Bienvenue chez Bürkert !

Pour nous contacter : 
- Service commercial : burkert.france@burkert.com
- Service communication : com.triembach@burkert.com

#industrie #regulationfluides #innovation #expertise #hautetechnologie #regulation #relationclient",Automation Machinery Manufacturing,201-500 employees,Self Owned,"Triembach-au-Val, Grand Est, France",France,burkert.fr,https://www.linkedin.com/company/burkertfrance
COVAL,"A TECHNOLOGICAL PARTNER ON A GLOBAL SCALE
Located in the southeast region of France, COVAL designs, manufactures and globally distributes high performance, advanced vacuum automation components and systems for industrial applications in all branches of activity.
COVAL is an ISO 9001: V2015 certified company, which offers innovative solutions integrating reliable and optimized components with intelligent functions. Our aim is to provide the most personalized and economic solution to a given application, while assuring significant improvement in productivity and safety
for vacuum users around the world.
COVAL has an ambition for technical excellence and innovation. As a specialist in vacuum automation, COVAL is reputed for offering reliable, personalized, cost effective and productive solutions.

COVAL references can be found in several industrial sectors (Packaging, Automotive Industry, Plastics, Graphics, Aeronautics...) where vacuum handling is important for high efficiency and productivity.
COVAL markets its products and services all over Europe, in the United States and South America through its subsidiaries and authorized distribution network. COVAL strives to provide customer-driven solutions and gives the best possible service to satisfy all its clients.",Automation Machinery Manufacturing,51-200 employees,Partnership,"Montélier, Auvergne-Rhône-Alpes, France",France,coval.com,https://www.linkedin.com/company/coval-sas-france
HumaRobotics,"Créé en 2016, HumaRobotics est un acteur majeur de la robotique collaborative en France. Basé à Paris et Bordeaux, HumaRobotics est le distributeur France de la gamme de robots collaboratifs Doosan Robotics. 

HumaRobotics s'entoure d’un réseau de partenaires-intégrateurs sur la France entière pour vous accompagner dans votre projet d’automatisation.

Challengez-nous !

En savoir + sur les robots collaboratifs Doosan Robotics : https://www.humarobotics.com/robots-collaboratifs-doosan-robotics/

En savoir + sur nos solutions : https://www.humarobotics.com/boutique/",Automation Machinery Manufacturing,2-10 employees,Partnership,"Mérignac, Nouvelle-Aquitaine, France",France,humarobotics.com,https://www.linkedin.com/company/humarobotics-france
S&T AG | S&T Group,"S&T AG changed its name to Kontron AG on June 1st, 2022, following its IoT-focus strategy. Please visit our new LinkedIn page at linkedin.com/company/kontronag.  

Kontron AG - previously S&T AG - is a growing IoT technology group with almost 5,000 employees and subsidiaries in over 20 countries around the world. The company is listed on the TecDAX and SDAX of the German Stock Exchange and is one of the leading providers of smart solutions for a host of industries. With a well-known brand and its own technologies in the fields of smart factory, railway communication systems, communication solutions and smart energy, Kontron is a well-trusted partner helping businesses undertake their digital transformation journeys in a wide range of industries to achieve their future ambitions.",Automation Machinery Manufacturing,"5,001-10,000 employees",Public Company,"La Garde, Provence-Alpes-Côte d'Azur, France",France,kontron.com,https://www.linkedin.com/company/sntgroup
Yokogawa France,"Notre société répond aux besoins, aux attentes et aux exigences de toutes les industries manufacturières, tous secteurs d’activité confondus : le pétrole et le gaz, la chimie et la pétrochimie, la production d’électricité et l’énergie, la pharmacie et la cosmétique, l’agroalimentaire, l’environnement, la métallurgie, la papeterie et la verrerie ou encore le traitement de l’eau et des déchets.

Les systèmes de contrôle-commande et de sécurité, l’instrumentation industrielle, la transformation digitale, la cybersécurité, les solutions permettant économies d’énergie et gestion performante des opérations sont notre coeur de métier depuis plus de 100 ans. 

Grâce à notre expérience centenaire et à notre expertise, nous garantissons l’optimisation de chaque procédé en proposant des solutions globales sur mesure. 

Très concrètement, notre métier consiste à déployer des solutions globales combinant :
* instruments de terrain pour la débitmétrie, la pression, la température, l’enregistrement et l’acquisition de données, 
* analyseurs physico-chimiques et analyseurs avancés,
* systèmes de contrôle-commande et de sécurité,
* automates de contrôle et d’acquisition de données, de gestion de parc, d’historisation et de gestion de l’information, 
* activités de support comme l’ingénierie, la mise en service,  l’assistance technique, la maintenance, la fourniture des pièces de rechange, la formation, 
* solutions avancées en matière de gestion de la production, des actifs de l’énergie et de la sécurité.",Automation Machinery Manufacturing,51-200 employees,Public Company,"Vélizy-Villacoublay, Île-de-France, France",France,yokogawa.com,https://www.linkedin.com/company/yokogawa-france
ORBITVU,"We drive market innovation and produce automated product photography solutions.

Thanks to vast product range Orbitvu can meet the expectations of numerous branches of business ranging from jewellery, fashion to automotive parts and electronics. With own R&D and production departments, as well as over 20 years of experience in the field of photography, Orbitvu has gained trust of clients worldwide. At present our products are sold to over 50 countries across the world and we have our showrooms in London, Berlin, Barcelona and Paris. Thanks to this, Orbitvu’s modern solutions keep gaining popularity and professional product photography standards have entered a higher level.

ORBITVU Privacy Policy: https://orbitvu.com/privacy-policy/",Automation Machinery Manufacturing,51-200 employees,Public Company,"Paris, Île-de-France, France",France,orbitvu.com,https://www.linkedin.com/company/orbitvu-ltd
Elneo,"Are your industrial installations truly aligned with your production ambitions?

In industry, every unplanned shutdown, every underperforming or poorly integrated piece of equipment comes at a cost, whether in time or money. Finding the right partner who truly understands your on-the-ground constraints is not easy. That is exactly what we have been providing for over 55 years.

ELNEO is made up of experts who adapt to your reality.

We are active in Belgium, France & Netherlands and operate across three areas:

- Compressors: compressed air production and treatment
- Pneumatics: components, systems, and automation solutions
- Instrumentation: measurement, control, and regulation of your production processes

Our teams deliver tailor-made solutions designed to last, whether it’s a new project, a one-off intervention, or long-term support.

 A project, a breakdown, or an optimisation in mind? Talk to our experts. We are here to turn your technical challenges into concrete solutions.",Automation Machinery Manufacturing,51-200 employees,Partnership,"Aix-en-Provence, Provence-Alpes-Côte d'Azur, France",France,elneo.com,https://www.linkedin.com/company/elneo
VISIONERF,"With thousands of solutions fitted, in all business sectors and worldwide, VISIONERF can offer you incomparable experience and a vital technological lead
The business experience of the VISIONERF teams means we can always offer an innovative and productive response, combining robotics, mechanics, process control, computing and vision
Our solutions for 3D Vision, Optical Sorting, Control & Inspection, Eggs candling offer reliable answers to your problems and proven industrial robotic vision applications or not.",Automation Machinery Manufacturing,11-50 employees,Public Company,"Nuaillé, Pays de la Loire, France",France,visionerf.com,https://www.linkedin.com/company/visionerf
Opto,"We automate Microscopy
 
Opto produces intelligent digital Microscopes and Vision Sensors as
Imaging and Job Modules. AI ready.

- for Medtech & Industry Applications 
- in Standard and custom versions",Automation Machinery Manufacturing,51-200 employees,Privately Held,"Montboucher-sur-Jabron, Auvergne-Rhône-Alpes, France",France,opto-group.com,https://www.linkedin.com/company/optogroup
Beckhoff Automation France,"New Automation Technology

Beckhoff propose des systèmes ouverts d’automatisation reposant sur une technique de commande sur base PC. La gamme de produits couvre les grands domaines du PC Industriel, des composants d‘E/S et de bus de terrain, de techniques de motion et des logiciels d’automatisation. Pour tous ces domaines, des gammes de produits sont disponibles et peuvent fonctionner en tant que composants individuels ou intégrés dans un système complet de commande, compatibles entre eux. Notre philosophie « New Automation Technology » est synonyme de solutions de commande et d’automatisation universelles et ouvertes ; ces solutions sont mises en œuvre dans les applications les plus diverses, allant de la machine-outil CNC aux systèmes d’automatisation intelligents des bâtiments.",Automation Machinery Manufacturing,11-50 employees,Privately Held,"Daix, Bourgogne-Franche-Comté, France",France,beckhoff.fr,https://www.linkedin.com/company/beckhoff-automation-france
TUFFIGO RAPIDEX,"Tuffigo Rapidex is the French leading manufacturer in ventilation and feeding systems & equipment for animal husbandry buildings (poultry, swine, rabbits, cattle...). 
From design to manufacturing, the company draws on its 50 years’ experience and a skilled team of engineers to provide tailor-made solutions according to all climatic conditions & building configuration.. Known for its focus on innovation, the company is leading the industry on the concept of connected farms with unique solutions.

Tuffigo Rapidex belongs to the Christien Défi group together with
CIDEX Polyester; a manufacturer of silos and tanks
CIDEX Boiler: Welding assemblies and boiler making
PLASTIGRAF: Plastic injection (grouting)
STIBEL: Installation and Service for Tuffigo Rapidex products

The Christien Défi group enables synergies between enterprise in order to answer all our customer needs.",Automation Machinery Manufacturing,51-200 employees,Privately Held,"Saint-Évarzec, Brittany, France",France,tuffigorapidex.com,https://www.linkedin.com/company/tuffigo-rapidex
MONSAPO,"We convert used cooking oil into eco-friendly cleaning products using automated and monitored machines for collective catering, hotels, restaurant chains, and factories. Save 40% on cleaning supplies without the need for logistics in oil collection or regulatory constraints, all while making a positive environmental impact. Our products offer safe, ecological cleaning solutions that protect the health of your clients and collaborators.",Automation Machinery Manufacturing,2-10 employees,Privately Held,"Paris, Île-de-France, France",France,monsapo.com,https://www.linkedin.com/company/monsapo
TPL Vision,"TPL Vision are experts in high brightness LED Illumination Solutions for Machine Vision, Identification and Robotics applications.

TPL Vision specialises in large field of view illuminations suitable for use in a huge range of Industrial Automation applications, and Modular solutions for Identification, Traceability and other Machine Vision applications. Our innovative lighting designs perfectly fit the most demanding of production and processing environments, yet still provide users with quick and easy integration with their camera systems. Technical support and feasibility services provided by our Machine Vision experts support you in identifying the best lighting for your projects. TPL Vision also provide custom illumination solutions, so if you don't see what you need in our catalogue range, come and have a chat about your requirements. 

Delivering excellent service is at the centre of everything we do at TPL Vision, including:

Innovative product designs - 4 x winner of Vision Systems Design Innovators Awards (2017, 2018, 2019, 2022), Gold Medal Award Winner (2019)
Technical support and feasibility services - ensuring you get the support needed to identify the correct illumination for your projects 
Responsiveness - short lead times & shipping for the majority of our products
Reliability - 3 year warranty and lifetime >50k hours* (see https://www.tpl-vision.com/warranty/)
Free evaluation loan service -  for 15 days

TPL Vision is an ISO 9001 certified company.",Automation Machinery Manufacturing,11-50 employees,Privately Held,"La Chevrolière, Pays de la Loire, France",France,tpl-vision.com,https://www.linkedin.com/company/tpl-vision
NOVEXX Solutions,"NOVEXX Solutions stands for outstanding products and integrated solutions when it comes to industrial labeling and identification along the supply chain. As a former division of Avery Dennison, NOVEXX Solutions combines 50 years of top-class expertise from a global player with the straightforward flexibility of a powerful mid-size enterprise. The product and service portfolio of NOVEXX Solutions includes hardware and software solutions, high-quality consumables, and professional on-site service. NOVEXX Solutions operates in eleven locations across three continents.
www.novexx.com

Imprint: http://www.novexx.com/de/imprint/",Automation Machinery Manufacturing,51-200 employees,Public Company,"By, Bourgogne-Franche-Comté, France",France,novexx.com,https://www.linkedin.com/company/novexx-solutions-gmbh
Testamatic Systems Private Limited,"Testatmatic’s expertise team with vast experience in Advanced Manufacturing Engineering & Hardware In Loop Testing ( HIL) , all our Automated Test Equipment ( ATE)  solutions adopts best practices of manufacturing domain for production and VnV which will have the flawless, Built-in quality, IPC standards, Single minute change over fixtures, Health and Safety (HSF) and intuitive user experience software platform with 6 Sigma statistical tools  - Yield management, Cp Cpk, GR&R and more.
Being an alliance partners to National Instruments we are authorized to render solutions on NI's hardware and Software platform
To unleash productivity and profitability of manufacturing we provide industry 4.0 brownfield connectivity and data analytics software to monitor real time Production trend parameters, OEE, Traceability, Yield management & Repairs.",Automation Machinery Manufacturing,11-50 employees,Privately Held,"Toulouse, Occitanie, France",France,testamatic.com,https://www.linkedin.com/company/testamaticsystems
Actemium Rennes,"Actemium Rennes, basé à Cesson-Sévigné (35) compte 90 collaborateurs et fait partie du réseau d’entreprises de VINCI Energies dédié à l’industrie. Nous concevons et mettons en œuvre des solutions personnalisées d’instrumentation, d’automatisation, de robotique et d’informatique industrielle. 
https://www.actemium.fr/implantations/actemium-rennes/presentation/

Nos métiers:
- chargé(e) d'études automatisme / électrotechnique / robotique / mécanique / informatique
- électricien(ne) chef de chantier / conducteur de travaux
- technicien(ne) d'affaires / responsable d'affaires adjoint
- responsable d'affaires 
N'hésitez pas à consulter nos offres sur le site jobs.vinci.com ou à contacter Caroline Huefler, en charge du recrutement.",Automation Machinery Manufacturing,51-200 employees,Self Owned,"Cesson-Sévigné, Brittany, France",France,,https://www.linkedin.com/company/actemium-rennes
BARCODIS,"Barcodis est un acteur majeur des solutions d’étiquetage, de traçabilité et d’identification automatique. Avec 65 M€ de chiffre d’affaires, plus de 40 ans d’expérience et un modèle intégré associant production, technologies, logiciels et services, le groupe accompagne les plus grandes entreprises industrielles françaises dans la digitalisation et la sécurisation de leur supply chain et de leurs données.
Co-pilote opérationnel et technologique de nos clients, nous accompagnons plus de 5000 clients dont Sanofi, Safran, Hermès, Famille Mulliez.
C’est au quotidien que nous démontrons notre utilité́ et notre valeur, en concevant et mettant en place les solutions les plus performantes, innovantes et adaptées au besoin de chacun de nos clients selon leurs secteurs (Pharmacie, Transports & Logistique, Retail, Agroalimentaire, Industrie Manufacturière), leur taille et leur problématique.

> 40 experts et techniciens, 220 collaborateurs, une hotline internalisée
> 24 agences commerciales et techniques réparties sur toute la France
> Une conception & fabrication 100% française, zéro sous-traitante : 3 sites de production en France 
> Des solutions end-to-end et une vision holistique : audit sur site, infogérance et maintenance de parcs d’imprimantes et de terminaux portables, édition de logiciels code-barres, formation, ...
> Des machines reconnues par la profession : ETI3200 et ETI4200
> Des certifications des principales marques partenaires telles que Zebra, Teklynx, Loftware, Honeywell, Sato, Epson, Soti, Datalogic, Toshiba, Unitech.
> 1er fabricant français de systèmes et d’équipements d’impression pose
> 1er revendeur d’imprimantes industrielles
> 1er mainteneur d’imprimantes industrielles
> 1er revendeur de solution d'éditique en France
> 1er revendeur de films Armor IIMAK",Automation Machinery Manufacturing,201-500 employees,Partnership,"Villebon-sur-Yvette, Île-de-France, France",France,barcodis.com,https://www.linkedin.com/company/barcodis
IVM Technologies SAS,"3D modeling solutions designed to optimize and reduce cost for subsea asset inspections. -  Reveal the hidden and bring your asset to life

At #IVMTechnologies we develop, design and build 3D reconstruction solutions using high accuracy photogrammetry technology. Our products enable faster, easier and cost-effective 3D reconstruction to enhance inspections and bring your asset to life.

IVM Technologies products are used in the following markets

Subsea Construction
Inspection, Maintenance & Repair
Decommissioning
Renewables
Civil engineering
Ports and Harbours
Ship inspection
Dam and Lake inspection
Defense",Automation Machinery Manufacturing,11-50 employees,Privately Held,"Marseille, Provence-Alpes-Côte d'Azur, France",France,ivm-technologies.com,https://www.linkedin.com/company/ivm-technologies-sas
SBC | Saia Burgess Controls,"Welcome to SBC, your partner for automation applications for industry, buildings and infrastructure. Our Saia PCD systems provide the critical difference for energy-efficient automation that remains compatible over the long term and flexible in upgrading.

Saia-Burgess Controls AG is a wholly owned subsidiary of the Honeywell Group. It has been developing, producing and selling measurement and control systems since 1978. The extremely durable products are used above all in the heating, ventilation and air-conditioning sector. With annual turnover of 93 million dollars and over 250 employees, this Swiss company headquartered in Murten is a valued manufacturer of infrastructure automation solutions for buildings, energy, infrastructure and machinery.

For additional information on how SBC processes your personal information please visit: https://www.saia-pcd.com/en-gb/privacy-statement/",Automation Machinery Manufacturing,201-500 employees,Public Company,"Saint-Germain-en-Laye, Île-de-France, France",France,saia-pcd.com,https://www.linkedin.com/company/saia-burgess-controls
SEEB AUTOMATION - Solutions industrielles automatisées,"Forte de son expérience, SEEB AUTOMATION décline son activité autour de trois métiers : l'ingénierie, la gestion de process et l'automatisme. Notre société propose des solutions industrielles sur-mesure, répondant aux exigences particulières de ses clients. SEEB AUTOMATION bénéficie également d'un vrai savoir-faire dans les machines spéciales, le montage mécanique et les prestations",Automation Machinery Manufacturing,51-200 employees,Privately Held,"Saint-Priest-en-Jarez, Auvergne-Rhône-Alpes, France",France,groupeseeb.com,https://www.linkedin.com/company/seeb-automation
Sauter Régulation SAS,"Filiale d’un groupe suisse à dimension internationale, fondé en 1910, SAUTER Régulation SAS est leader sur le marché français et luxembourgeois, dans le secteur de l’efficacité énergétique. SAUTER Régulation propose une gamme complète de produits, solutions et services pour l’optimisation du confort et de l’énergie. Notre Chiffre d’Affaires est de 25 millions d’euros, nous employons plus de 120 personnes et couvrons l’ensemble du territoire français et luxembourgeois à travers l’implantation de nos 6 Directions Régionales et 3 Directions Marchés.",Automation Machinery Manufacturing,51-200 employees,Partnership,"Mulhouse, Grand Est, France",France,sauter.fr,https://www.linkedin.com/company/sauter-france
Double E Group,"Double E Group is a comprehensive resource for advanced web handling accessories for the paper, film, and foil web converting and packaging industries.  

The company's product line includes core chucks, core shafts, safety chucks, brakes, web guides, rollers, core cutters, core plugs, and large diameter reel spools. It also includes slitting systems and knife holders, as well as pre-configured roll stands and slitting modules. These complete solutions help customers to upgrade existing lines and/or add processing capabilities to get more production out of existing machines. 

The goal of the Double E Group is always to help converters run their lines faster, with more efficiency, and less down time while also providing ergonomic solutions to help ensure operator safety. In fact, the Double E Group introduced carbon fiber core shafts to the converting industry over 25 years ago, offering a lightweight (yet equally as strong) alternative to traditional heavy steel winding shafts. With tens of thousands of carbon fiber shafts in service all over the world, Double E Group is the recognized leader in the technology.

In addition to its corporate headquarters in the USA, the Double E Group has offices and service facilities in Italy, England, Germany, France, Mexico, and Colombia. An extensive number of agents represent Double E Group in dozens of other countries around the world.",Automation Machinery Manufacturing,51-200 employees,Privately Held,"Houdan, Île-de-France, France",France,ee-co.com,https://www.linkedin.com/company/double-e-company
Scortex,"Scortex, French company founded in 2016, subsidiary of the Trigo Group, leader in quality inspection. Scortex produces automated quality control solutions with artificial intelligence to improve visual quality inspection in industrial production. With an experienced team of 30 experts in computer vision, machine learning, software and data engineering, its solutions, Spark, has won numerous awards and serve major players in the cosmetics, automotive, electronics and packaging industries over 4 continents.",Automation Machinery Manufacturing,11-50 employees,Privately Held,"Paris, Île-de-France, France",France,scortex.io,https://www.linkedin.com/company/scortex
Weber Marking Systems France,"Weber Marking Systems, fabricant & fournisseur mondial en solutions industrielles d'identification, étiquetage et marquage jet d'encre !

Weber Marking Systems France : une expertise globale pour des résultats en local
Implantée à Toulouse, avec deux sites de production machines et étiquettes dans le sud de la France, la filiale du Groupe Bluhm Weber allie réactivité, capacité d’innover et adaptabilité au service d’un monde industriel exigeant et pluriel. La force internationale du Groupe repose sur l’engagement de 1 200 collaborateurs, dont 45 pour l’équipe France. La volonté de toute l’entreprise se décline sur un double axe : l’innovation en permanence et la qualité comme référence !

Un univers de solutions
La vaste combinaison des matériels et des services se décline en 3 familles :
- Une gamme étendue de solutions pour l’étiquetage dont la fabrication des lignes d’étiquetage et machines spéciales dans le sud de la France ;
- le marquage jet d’encre des produits et des emballages ;
- la fourniture d’équipements associés et de consommables dont la production d’étiquettes à Toulouse.
L’expérience et l’inventivité de l’entreprise génèrent une offre pertinente pour les industriels, en tout lieu et en toute circonstance.

Nous sommes à votre disposition pour un conseil personnalisé, individuel et gratuit directement sur votre site!

Weber Marking Systems France
Parc Garonna, 15 Avenue Mercure
31130 Quint-Fonsegrives

Tél. : +33 (0)5 62 47 27 37
Fax : +33 (0)5 62 47 16 26
info@webermarking.fr

Mentions légales: https://www.webermarking.fr/mentions-legales.html",Automation Machinery Manufacturing,11-50 employees,Partnership,"Quint-Fonsegrives, Occitanie, France",France,webermarking.fr,https://www.linkedin.com/company/weber-marking-systems-france
Irian Mecatronics,"Irian Mecatronics is a designer of Analysis Equipments High pressure | High temperature 

You can rely on our teams to cater to your specific needs and guide you throughout your project.

With the skills we have developed, we can work in all industrial sectors such as chemistry, aeronautics, agribusiness as also petrophysics, a sector in which our teams have honed their expertise and specialization over the years, from the laboratory to the field.

We put our values into action each day and place our network of industrial and scientific partners at the service of your projects.",Automation Machinery Manufacturing,11-50 employees,Self Owned,"Morlaàs, Nouvelle-Aquitaine, France",France,irian-mecatronics.com,https://www.linkedin.com/company/irian-mecatronics
EFFILUX,"EFFILUX is a worldwide leader in the development and manufacturing of innovative LED light systems for industrial environment. Our wide range of plug and play products combined with our expertise in designing custom solutions make us able to answer any need from our customers all around the globe.
During 15 years, we have designed and manufactured thousands of solutions that answer customers' needs in many areas from warehouse management systems to quality checks on production lines. We are proud that all this adventure has been based on the LED technology which is energy-saving and human friendly and makes our company a real contributor for a more sustainable industry.

Today, based on our customers' trust and our team efforts, we have checked many milestones including:
• Have a full control over our production cycle with all the critical elements manufactured in-house including our PCBA at Effilux France.
• Get the ISO 9001 certification.
• Ensure high responsiveness and technical support to our customers by a very qualified sales team composed of engineers.

This success is above all collective and relies on the expertise of our collaborators and their daily commitment.",Automation Machinery Manufacturing,51-200 employees,Privately Held,"Les Ulis, Île-de-France, France",France,effilux.com,https://www.linkedin.com/company/effilux
Binar Handling Group,"Binar Handling's headquarter is in Trollhättan, Sweden, with subsidiaries in China, France and Germany. All with their own, local application engineering capability. As part of the Schmalz Group, we are integrated into a large international distributor network around the world. In Sweden and China, the Binar Handling company offers the complete Schmalz portfolio of handling systems. 

With more than four decades of experience, we develop and provide global ergonomic handling solutions and smart Quick-Lift systems that optimize production and improve workplace safety worldwide. Our products and solutions are precise, easy to handle, and act like an extension of the human arm. 

Our customers mainly come from the manufacturing, automotive, industrial product (including windows and doors), and engineering industries. No matter if you are looking for a standardized or specialized solution, we help you make your working day easier.

We help people stay healthy at work.

Visit us at www.binarhandling.com",Automation Machinery Manufacturing,51-200 employees,Privately Held,"La Haie-Fouassière, Pays de la Loire, France",France,binarhandling.com,https://www.linkedin.com/company/binar-handling
E.T.A. SPA,"Founded in 1978 in Italy, E.T.A. SPA has established itself in the industrial automation's world for over 40 years and represents a safe and recognized point of reference for the global market, guaranteeing quality and completeness of its range of products.

E.T.A. Group has 4 production units, 3 commercial branches abroad (Great Britain, France and Poland) and a widespread sales network throughout Italy and in the world in more than 40 countries; You can count on qualified people who collaborate with team spirit, competence and reliability, on a company with a flexible spirit and work, on certified design and high quality enclosures that fully comply with international industry standards.

For three generations, ETA has been by your side, with a precise mission: to guarantee effective customer service and maximum reliability, thanks to a competent and passionate team.
In perfect harmony between experience and innovation, ETA embarks with you on a journey made up of unrivaled skills, mutual trust between customers and business partners and a strong desire to continue ""being ETA.""

Our product solutions suitable for various application sectors:
_Solutions for industrial automation - In carbon steel sheet and HSLA, a cabinet system
modular assembled or flat-pack, modular, monobloc, compact, wall-mounted boxes, terminal boxes, modular and monobloc cabinets, suspension systems for HMIs, ducting systems, thermal management.

_ Solutions for harsh environments - In AISI304L and AISI316L stainless steel sheet, in aluminum alloy for outdoor applications and with specific surface treatments, EMC, with anti-seismic design.

_ Solutions for IT business - The complete ABACUS system for cabling, server, data center applications.",Automation Machinery Manufacturing,51-200 employees,Privately Held,"Saint-Étienne-du-Rouvray, Normandy, France",France,eta.it,https://www.linkedin.com/company/e-t-a-spa
Agileo Automation,"Empowering OEMs with Advanced Control and Connectivity Solutions for Production Equipment

Agileo Automation specializes in delivering control and connectivity solutions for production equipment, supporting OEMs serving leading industrial companies worldwide.

With a strong foundation in software services for semiconductor, electronic and photovoltaic equipment manufacturers, Agileo Automation also provides solutions for LED, Medical, Aeronautics, Advanced Manufacturing, and Testing systems (e.g., materials strength testing). We support our clients at every stage, from machine design through seamless integration with factory IT systems across global production facilities.

Our Products:

    A2ECF-SEMI: A comprehensive software framework for developing control software for robotized equipment (e.g., cluster tools), enabling communication with users (GUI) and factory IT systems (MES/Host/EAP).

    Agil'GEM: A SECS/GEM library to connect production equipment to MES (or Host) systems in semiconductor fabs.

    Agil'GEM300: A connectivity library building on Agil'GEM to implement GEM300 automation standards, including E40 for Process Job, E94 for Control Job, and E87 for Carrier Management.

    Speech Scenario: An MES simulation software based on SECS/GEM standards for enhanced factory communication testing and validation.

At Agileo Automation, our software solutions are integrated by our dedicated teams or by our customers' teams, ensuring high adaptability and performance on production tools globally.",Automation Machinery Manufacturing,11-50 employees,Privately Held,"Montauban, Occitanie, France",France,agileo.com,https://www.linkedin.com/company/agileo-automation
IESA Automation,"IESA specialises in electrical engineering applications - designing, building and installing innovative solutions for industry. We provide advice, services and know-how on Electrical installations, automation and industrial simulators coupled with a strong internationnal outlook and research-centred approach.",Automation Machinery Manufacturing,51-200 employees,Partnership,"Vienne, Auvergne-Rhône-Alpes, France",France,iesa-group.com,https://www.linkedin.com/company/iesa---electrical-&-automation-engineering
Terabee,"Intelligent 3D sensing for Smart Buildings

Terabee is a leader in People Counting devices that help maximize your building and real estate assets. From room occupancy, to dwell time, and HVAC integration, Terabee sensors provide accurate data for informed decision-making and energy and cost savings.

From the early days of mobile robotics and Industry 4.0, Terabee has been at the forefront of advanced sensing, for greater business value.

What makes Terabee different?
 
- We cover a multitude of complementary technologies from the physics to the final implementation
- We produce sensor modules and cameras for you to integrate
- Our engineers can tailor systems to meet your needs, including sensor hardware, algorithms, control systems, integration & support
- Terabee People Counting Services which encompasses Professional Services, Support and Maintenance Services, Device Management Services and IoT Platform services

Smart Building | People Counting | Smart Retail",Automation Machinery Manufacturing,11-50 employees,Privately Held,"Saint-Genis-Pouilly, Auvergne-Rhône-Alpes, France",France,terabee.com,https://www.linkedin.com/company/terabee
Arol Energy,Conception of biogas upgrading units.,Automation Machinery Manufacturing,11-50 employees,Privately Held,"Le Bourget-du-Lac, Auvergne-Rhône-Alpes, France",France,arol-energy.com,https://www.linkedin.com/company/arol-energy
NOVAL,"[FR] NOVAL intervient dans la conception et la fabrication de produits à caractère innovant, dans les domaines de la mécatronique. NOVAL s'appuie sur les compétences de ses bureaux d'études Electronique et Mécanique, ainsi que sur son unité de production pour offrir à ses clients une solution globale, de l'étude à la fabrication en série du produit.

[EN] NOVAL - Creating Movement
NOVAL is active in the conception and the manufacture of innovative products in the domain of mechatronics.  NOVAL relies upon the abilities of our Electronics and Mechanics study and design offices as well as our production unit to offer our clients a complete solution, from study to prototype to series production of the product.

STREET AUTOMATION 
    For the OOH (Out of Home) Media and Street furniture market, NOVAL offers a wide range of cost effective solutions such as display systems, sharebike station, ... We serve the major OOH Operators as well as many partners worldwide.

HOME AUTOMATION
    In the BUILDING market, NOVAL designs catalogs, specifics and OEM products which are offered at different levels of integration to customers and partners including mains builders, building's facade installer, aluminum millwork providers,

YACHT AUTOMATION
    In the field of YACHTING, based on customer's specifications, NOVAL designs and produces solutions for prestigious customers.

We sell our solutions in many countries including Australia, Belgium, Brazil, Chile, Denmark, Finland, France, Germany, India, Ireland, Italy, Lebanon, Mexico, Norway, Poland, Spain, Sweden, Switzerland,Turkey, UK, ...",Automation Machinery Manufacturing,11-50 employees,Partnership,"Auterive, Occitanie, France",France,noval-france.com,https://www.linkedin.com/company/noval
CEJN France,"Nous fournissons au marché mondial des raccords rapides haute performance pour l'hydraulique, le pneumatique, les fluides et les gaz. Dans une optique de satisfaction totale de nos clients, notre développement se concentre sur des solutions innovantes, conduisant à des produits de qualité supérieure.
Nous proposons des solutions d'ingénierie conçues en collaboration avec nos clients. Notre force réside dans nos solutions techniques intelligentes, ainsi que dans la qualité et l'efficacité. En collaboration avec nos clients, nous ne développons pas seulement ce qui est demandé aujourd'hui, mais nous faisons également des percées inattendues dans le développement futur.
Chez CEJN, nous sommes unis autour de cinq valeurs fondamentales : sécurité, environnement, qualité, innovation et performance. Ils sont nos pierres angulaires et définissent qui nous sommes, comment nous travaillons,  et ce en quoi nous croyons et défendons.",Automation Machinery Manufacturing,2-10 employees,Privately Held,"Évry-Courcouronnes, Île-de-France, France",France,cejn.com,https://www.linkedin.com/company/cejn-france
FSI France,"FSI FRANCE takes part in the  4.0 revolution via the collaborative robotic as Expert Integrator for UNIVERSAL ROBOTS.

The collaborative robot will release the operator from every painful and repetitive tasks in order to leave him only the work which involves ""added value"".

We deliver turnkey solutions including :

- Functionnal study
- Risk analysis
- Engineering & Building
- Robot cell starting & Training course
- After-sales service",Automation Machinery Manufacturing,11-50 employees,Partnership,"Wittelsheim, Grand Est, France",France,fsi-france.fr,https://www.linkedin.com/company/fsi-france
qmt,"RECOGNIZED LEADER - Solutions for testing and quality control

Since its foundation in 1989, hundreds of test and quality control systems have been developed, installed and maintained worldwide for a renowned clientele in watchmaking, aeronautics & defense, rail, automotive, medical, electrical engineering and energy.

At the heart of qmt , a dynamic and multidisciplinary team, driven by technology and creativity, it is united around strong corporate values. Testing and quality control are qmt's trades, industry is the passion of its employees, precision is its distinction.

qmt sees the future big. Through vision, through hearing, through innovative solutions integrating artificial intelligence, qmt limits the number of imperfections in manufactured products.",Automation Machinery Manufacturing,11-50 employees,Privately Held,"Barraux, Auvergne-Rhône-Alpes, France",France,qmt-group.com,https://www.linkedin.com/company/qmtgroup
Actemium Pays de Loire Automation,"ACTEMIUM PAYS DE LOIRE AUTOMATION, entreprise du groupe VINCI Energies, est spécialisée dans l'automatisme industriel, avec des projets dans des secteurs aussi variés que l'agroalimentaire, l'automobile, la transitique, l'emballage, le froid industriel ou le traitement de surface. Située au cœur du Maine-et-Loire, entre Angers Saumur et Cholet, notre équipe d'une cinquantaine de collaborateurs est en pleine croissance.",Automation Machinery Manufacturing,51-200 employees,Privately Held,"Montilliers, Pays de la Loire, France",France,aepr.fr,https://www.linkedin.com/company/actemiumpaysdeloireautomation
Railtechniek van Herwijnen BV,"Railtechniek van Herwijnen is an industry-leading company in the development, production and installation of Overhead and Floor Conveyor Systems. 

Railtechniek conveyor systems are widely used in the automotive industry, paint finishing industry and window- and door production. 

The company is active since 1983 and has subsidiaries in the Netherlands, Belgium, Germany, United Kingdom, France, Italy, Moldova and Türkiye.",Automation Machinery Manufacturing,51-200 employees,Privately Held,"Fontenay-Trésigny, Île-de-France, France",France,railtechniek.com,https://www.linkedin.com/company/railtechniek-van-herwijnen-bv
PHOENIX CONTACT SAS,"Phoenix Contact is a globally present, Germany-based market leader. Our group is synonymous with future-oriented components, systems, and solutions in the fields of electrical engineering, electronics, and automation.

Follow: http://phoe.co/linkedin",Automation Machinery Manufacturing,51-200 employees,Privately Held,"Émerainville, Île-de-France, France",France,phoenixcontact.fr,https://www.linkedin.com/company/phoenix-contact-france
KELENN Technology,"KELENN Technology est une entreprise spécialisée dans les systèmes industriels de vision automatique, tracking et impression jet d'encre.
Implantée à IGNY (Paris sud), avec des filiales aux États-Unis et en Inde, la société conçoit, développe et commercialise sur le marché mondial ses solutions auprès des équipementiers et des intégrateurs, pour les usines de productions les plus performantes.",Automation Machinery Manufacturing,11-50 employees,Privately Held,"Igny, Île-de-France, France",France,kelenntech.com,https://www.linkedin.com/company/kelenntechnology
Kinetrol,"Kinetrol is a global market leader of automation and control solutions to all manner of processes and industrial applications. 

Our range of pneumatic actuators, fail-safe spring units and position controllers provide unrivalled speed, accuracy and service life.

With our 65+ years of experience and international distribution network, Kinetrol can supply and support you no matter where you are in the world.

Contact us today!",Automation Machinery Manufacturing,201-500 employees,Privately Held,"Annecy, Auvergne-Rhône-Alpes, France",France,kinetrol.com,https://www.linkedin.com/company/kinetrolltd
STOBER France,"Un partenaire. Toutes les possibilités.
STOBER développe et produit des entraînements d'excellence depuis 1934 et est actif au niveau international sur 13 sites avec environ 1000 employés. Avec des systèmes d'entraînement parfaitement adaptés et hautement efficaces pour les mouvements exigeants, STOBER convainc les fabricants de machines dans un large éventail d'industries et de marchés dans le monde entier.

Tout d'une seule source.
Le système d'entraînement STOBER, composé de réducteurs, de moteurs, de câbles et de variateurs, est modulaire et librement évolutif - pour des concepts de machines parfaitement adaptés, compacts et puissants. Il peut être adapté et combiné pour répondre à vos besoins individuels dans presque toutes les industries et domaines d'application.

Besoin de solutions spéciales ?
De nombreux produits phares uniques et des adaptations spécifiques au projet le rendent possible. Avec une approche globale de votre projet, nous travaillons ensemble pour développer des solutions individuelles qui sont parfaitement adaptées à vos besoins. Nous sommes engagés pour trouver des solutions et soutenir vos visions et projets",Automation Machinery Manufacturing,11-50 employees,Privately Held,"Caluire-et-Cuire, Auvergne-Rhône-Alpes, France",France,stoeber.de,https://www.linkedin.com/company/stober-france
STS Sensors,"Since 1987, STS Sensors has been a leading manufacturer of advanced sensor solutions. Processing an extensive portfolio encompassing pressure sensors, pressure transducers and submersible sensors. STS offers advanced measurement solutions for water and industrial applications. 

Clients place their trust in our sensor solutions due to unparallelled precision and reliability, coupled with strong expertise from our team of sensor experts.

With decades of experience, STS has become a market leader with a strong global presence. Customers can find our expert partners for sales and services throughout Europe, North America, and Asia. STS Sensors Group is headquartered in Sirnach, Switzerland",Automation Machinery Manufacturing,201-500 employees,Public Company,"Villy-le-Pelloux, Auvergne-Rhône-Alpes, France",France,stssensors.com,https://www.linkedin.com/company/sts-sensor-technik-sirnach-ag
COPAS SYSTEMES,"A network of local agencies for personalized, high-performance services, from installation to maintenance.",Automation Machinery Manufacturing,201-500 employees,Privately Held,"Guilherand-Granges, Auvergne-Rhône-Alpes, France",France,copas-systemes.fr,https://www.linkedin.com/company/copas-systemes
European Robotics,"European Robotics is the first French-owend company, founded in 2015 to manufacture and distibute an industrial robot. The mission : to enhance the businesses' performance and agility through leveraging technical solutions that prioritize human involvement. Based in Belfort, France, European Roboticsestablishes itself in the robotics market with it's collaborative modular robot, MORFOSE, which is already emerging to play a strong role in the future industry.",Automation Machinery Manufacturing,2-10 employees,Privately Held,"Belfort, Bourgogne-Franche-Comté, France",France,european-robotics.fr,https://www.linkedin.com/company/european-robotics-old
Psycle Research,"Psycle advises and supports industrial companies in the integration of Artificial Intelligence solutions.
With the help of state-of-the-art technologies (in AI and software development), we provide you with technical expertise and step-by-step support in the integration and mastery of these solutions.
Psycle focuses more specifically on quality control in industry.
We enable companies to automate most processes for detecting production anomalies and defects.",Automation Machinery Manufacturing,11-50 employees,Privately Held,"Lacroix-Saint-Ouen, Hauts-de-France, France",France,psycle.fr,https://www.linkedin.com/company/psycleresearch
BC MAINTENANCE EQUIPEMENTS MOBILES,"Filiale du Groupe Baudin Châteauneuf,  BC Maintenance a pour mission d’assurer à ses clients le suivi de leurs installations et de maintenir leur performance, leur niveau de fiabilité et de sécurité grâce à une maintenance adaptée.
Maintenir vos installations c’est à la fois être assuré du respect de vos obligations réglementaires, avoir la garantie du bon fonctionnement continu de vos installations, optimiser la durabilité de vos investissements, garantir le confort des utilisateurs au quotidien tout en optimisant les coûts...
Pour tout cela, vous pouvez compter sur un partenaire expérimenté et proche de vous, qui intervient sur toute la France grâce à ses agences régionales situées à Dunkerque, Orléans, Nantes, Bordeaux, Chambéry, Montpellier, Lyon et Paris.
 
LES DOMAINES D’INTERVENTION
Équipements scéniques
Mobilités piscines privées ou publiques
Ascenseurs et monte-charges
Équipements portuaires/fluviaux/ponts mobiles
Appareils de levage/Équipements spéciaux
Gestion technique Bâtiment (télémaintenance, vidéo protection, contrôle d’accès, domotique)
Gestion d’énergies (performance énergétique)
 
LES PRESTATIONS PROPOSÉES
Maintenance préventive et corrective
Réparation ponctuelle
Mise en conformité
Dépannage 7j/7 et 24h/24
Suivi régulier de la fiabilité des installations
Installation d’équipements complémentaires

 maintenance industrielle, équipements scéniques, maintenance préventive & corrective, télémaintenance, sécurité, performance énergétique, conformité réglementaire...",Automation Machinery Manufacturing,11-50 employees,Self Owned,"Gentilly, Île-de-France, France",France,bcmaintenance.fr,https://www.linkedin.com/company/bc-maintenance-equipements-mobiles
MECH-I-TRONIC,"MECH-I-TRONIC is an international federation of highly specialized companies delivering custom mechatronic solutions for industrial automation.

We envision a future where intelligent machines transform manufacturing. By bringing intelligence, connectivity and advanced services into the core of mechatronic solutions, we help customers turn machine data into insights, improve performance and unlock new value across the production line.

Across our companies, we combine expertise in mould manufacturing, automated assembly, plastic extrusion, in-line quality control and packaging integration. By integrating mechanics, electronics, software and process know-how, we develop tailored solutions for demanding industrial applications where precision, reliability and long-term performance matter most.

What makes MECH-I-TRONIC distinctive is its model: more than a group, it is a federation of entrepreneurs and industrial specialists united by a shared vision. Rooted in the legacy of our founding families, we combine complementary capabilities to accelerate innovation, strengthen customer support and help shape the future of smart manufacturing.",Automation Machinery Manufacturing,"1,001-5,000 employees",Privately Held,"Marcillé-la-Ville, Pays de la Loire, France",France,mechitronic.com,https://www.linkedin.com/company/mechitronic
IRIS Inspection machines,"Our ambition is to be the most trusted supplier of glass inspection systems to the packaging industry using glass containers. As a leader in technology, we anticipate customer needs and provide long term and cost efficient support for our solutions in the field of glass quality control. This long term partnership with our customers is the key for a sustainable development of our company.

With more than 15% of the company turnover reinvested in Research and Development every year, development the IRIS Team is constantly working on the future versions of software of tomorrow’s EVOLUTION Machines with a challenge: to increase the precision of hollow glass inspection and detection of defects in order to maximize the productivity of the glass container manufacturing process. The IRIS strategy is a long term strategy based on partnerships developed with manufacturers of quality glass containers.",Automation Machinery Manufacturing,11-50 employees,Privately Held,"Bron, Auvergne-Rhône-Alpes, France",France,iris-im.com,https://www.linkedin.com/company/iris-inspection-machine
Lavance,"Présent en France depuis près de 40 ans sur le marché du lavage de véhicules, le Groupe Lavance y a acquis une position de leader.
Cette reconnaissance du marché, nous la devons à la relation de confiance que nous avons su construire avec nos clients et que nous nous engageons à mériter chaque jour.

Le Groupe Lavance commercialise des portiques, des centres haute pression, des tunnels et des systèmes de recyclage des eaux aussi bien pour les véhicules légers que pour les poids lourds et les bus.

Le Groupe Lavance est composé de trois entités : Lavance Équipements, Lavance Services et Lavance Exploitation (commercialisée sous la marque Superjet). Cette organisation permet au Groupe de répondre  avec professionnalisme aux attentes du marché du lavage automobile et poids lourd : conseils avertis pour construire une offre innovante et différenciante, solutions de financement, accompagnement jusqu’à la mise en service de la station de lavage, maintenance, exploitation de stations de lavage...
 
Lavance, ce sont des talents qui ont la volonté de donner une longueur d’avance à leurs clients.",Automation Machinery Manufacturing,51-200 employees,Self Owned,"Le Rheu, Brittany, France",France,lavance.com,https://www.linkedin.com/company/groupe-lavance
ICE SAS,"ICE SAS (Industrielle de Contrôle et d’Équipement) is a company specialised in the design, manufacturing, installation and marketing of protective relays and control/monitoring systems of HV/MV electrical networks.

ICE SAS is present in France and internationally through its sister companies and its partners’ network.

ICE SAS has more than 600,000 protective relays installed worldwide. ICE SAS is a leader in classified relays for nuclear plants.

Fields of activity: generation, transmission, distribution, railway and industry.

Products portfolio: digital and static protective relays, automation and measuring equipment, control-command systems, arc fault detectors, regulators and supervision systems. 

Associated services: network & application studies, installation, commissioning technical support and training.

Brands: ICE, CEE and Technirel.

Our energy at your service since 1947.",Automation Machinery Manufacturing,51-200 employees,Privately Held,"Alfortville, Île-de-France, France",France,icelec.com,https://www.linkedin.com/company/icesas
Jobotto,"Distributeur officiel de robots de service Pudu Robotics 

Nos robots de service sont conçus pour répondre aux besoins de divers secteurs tels que les restaurants, les hôpitaux, les écoles, les bureaux et les bâtiments gouvernementaux.  Avec des produits exportés dans plus de 60 pays et utilisés dans plus de 600 villes à travers le monde, nous sommes fiers de contribuer à la transformation de l'expérience client et des opérations commerciales. 

Nous nous engageons à offrir des solutions robotiques de pointe qui améliorent l'efficacité, la précision et l'expérience globale de vos clients. Rejoignez-nous dans cette aventure passionnante et découvrez comment la robotique peut propulser votre entreprise vers de nouveaux sommets.

Ensemble, nous construisons l'avenir avec la robotique au service de votre réussite.",Automation Machinery Manufacturing,11-50 employees,Self Owned,"Paris, Île-de-France, France",France,jobotto.fr,https://www.linkedin.com/company/jobotto
SYSAXES,"Sysaxes est un acteur majeur dans le domaine de la robotique collaborative en France. Depuis sa création en 2014, l'entreprise se spécialise dans la distribution de solutions robotiques innovantes, en partenariat avec des fabricants renommés tels qu'Universal Robots, Mobile Industrial Robots (MiR), Asyril, et Mecademic. Avec plus de 2 000 robots vendus à travers le pays, Sysaxes s'appuie sur une équipe d'experts issus du monde de l'intégration pour offrir un service de conseil, de support technique, de formation, et de maintenance de haut niveau. L'entreprise opère depuis deux sites stratégiquement situés à Allenjoie et Brignais, et continue de croître grâce à sa capacité à répondre aux besoins spécifiques des industries en matière d'automatisation. Sysaxes se distingue également par son centre de formation dédié aux produits Universal Robots et MiR, garantissant ainsi une utilisation optimale des technologies de robotique collaborative. En choisissant Sysaxes, les entreprises peuvent s'attendre à une amélioration significative de leur productivité, une flexibilité accrue dans leurs processus, et un retour sur investissement optimisé grâce à des solutions sur mesure et un accompagnement personnalisé.",Automation Machinery Manufacturing,11-50 employees,Privately Held,"Allenjoie, Bourgogne-Franche-Comté, France",France,sysaxes.com,https://www.linkedin.com/company/sysaxes
di-soric GmbH & Co. KG,"For over 40 years, di-soric GmbH & Co. KG has been producing and selling sensors featuring a wide variety of technologies. These sensors are used in industrial automation—primarily in assembly and handling technology, in the automotive, electronics and pharmaceutical industries and in packaging technology. Other important cornerstones of our product range are innovative vision sensors and code readers, and high-quality LED lighting for machines and image processing.

Our own ambition is to benefit you. When we develop products and solutions to handle your tasks, we alway strive to make them both as simple and as practical as possible.

We draw upon our high level of technical know-how and a clear view of the developments of tomorrow to support our customers – today and in the future – with precise, non-disruptive and efficient production processes.",Automation Machinery Manufacturing,201-500 employees,Privately Held,"Meylan, Auvergne-Rhône-Alpes, France",France,di-soric.com,https://www.linkedin.com/company/di-soric-industrie-electronic-gmbh-&-co-kg
Asserva,"Since 1978, Asserva designs, develops, makes, installs and provides the after-sales service of automated solutions for the pig, calf farm and industry.

Its passion: the research and development of concepts in the service of the breeder.

Its purpose: meeting the challenges of performance, profitability and working conditions necessary for competitiveness of the companies of its customers

Its role: understand, translate, anticipate the expectations of the breeders to facilitate the breeding. 4500 customers grant their confidence from France and abroad.",Automation Machinery Manufacturing,51-200 employees,Privately Held,"Lamballe, Brittany, France",France,asserva.com,https://www.linkedin.com/company/asserva
AE Partner,"We what to create a strong connection between the organization and partners. 

AE Partner specializes in designing and producing complex automation systems and electrical panels since 1996. Over time we have gained experience and are exporting our panels worldwide which are always qualified to meet local norms and rules, standards, regulations. 

At AE Partner, we are specialized in and offer: 

 designing electrical documentation and producing Electrical Panels including Distribution Panels, Motor Control Centers (MCC), and Programmable Logic Controllers (PLC) Panels; 

 creating final installations for automation equipment; 

 consulting within the fields of outsourcing and machine safety analysis; 

 creating custom-designed Electrical Cabinets, Containers, E-houses as well as Standard Cabinets. 

Together, we want to add value and offermore thanjust asupply. Therefore, our business, connection style, and performance are based on five core values – honesty, openness, teamwork, integrity, and mutual respect. 

We value our team and treat it with the same values as we treat our customers and partners. For us, our professional team is the key to success. It is enabling a smoother process towards targets and offers the right solution to your automation obstacle. Our teams' strengths become benefits for our clients.  

We believe that we can produce quality panels because we follow all the instructions. We see every little nuance that could cause difficulties in the development process and panels use, promptly communicate with the customer and offer solutions to complete the panel perfectly. This work approach applies absolutely to all of our customers. 

If You are looking for a partner in industrial automation with experience working worldwide, AE Partner is a match for You. 

Learn more about what can AE Partner offer Your business at https://www.aepartner.dk/electrical-panels/",Automation Machinery Manufacturing,"501-1,000 employees",Public Company,"Ry, Normandy, France",France,aepartner.dk,https://www.linkedin.com/company/aepartner
OptiSense GmbH & Co. KG,"Maximum miniaturisation in coating thickness measurement
OptiSense is the world's leading provider of photothermal measuring systems for coating thicknesses on a wide variety of substrates. 

All good things ...
come in threes. Our OptiSense portfolio proves that the best things usually come in threes. Whether industrial test systems, mobile measurement devices or services, our solutions are guaranteed to get to grips with any measurement task, no matter how demanding. 

Since the PaintChecker sensors are developed and manufactured in-house, we can also offer you tailor-made solutions for the most unusual applications.

Success takes experience
We start as a spin-off of the Fraunhofer-led Optics Centre NRW in Bochum. Now we are at home in Haltern am See for over 10 years",Automation Machinery Manufacturing,11-50 employees,Public Company,"Lille, Hauts-de-France, France",France,optisense.com,https://www.linkedin.com/company/optisense-gmbh-&-co-kg
OCENE International,"• OCENE EST LE SPÉCIALISTE RECONNU EN TRAITEMENT DE L'EAU, HYGIÈNE, ENVIRONNEMENT : 
OCENE couvre l’ensemble des besoins en traitement de l'eau, hygiène, environnement dans les secteurs élevage, végétal, industrie et collectivités au niveau national et international.
Nous apportons des réponses adaptées à la taille et à la complexité de vos projets.
Avec notre expérience, nos compétences, notre expertise terrain, nous sommes en mesure de répondre à l’ensemble de vos besoins et de vos exigences.

• OCENE VOUS CONSEILLE AFIN DE VOUS AIDER À ATTEINDRE VOS PERFORMANCES ET VOS SUCCÈS :
OCENE a pour ambition de vous accompagner dans vos objectifs de performance et de succès.
Nous nous appuyons sur l’expertise de nos équipes d’ingénierie, de nos équipes terrain et sur celle de nos partenaires amont et aval. 
La recherche de solutions spécifiques, l’innovation, le savoir-faire et la qualité de service constituent le socle d’une relation solide et durable avec nos clients. 

• LES MISSIONS D’OCENE S’ARTICULENT AUTOUR DE SES 3 MÉTIERS :
Au fil de son développement OCENE a intégré plusieurs métiers complémentaires.
Aujourd'hui, le savoir-faire et l'expertise d'OCENE se situent sur les métiers de l'eau, de l'hygiène, de l'environnement.
OCENE vous accompagne pour vous aider à :
améliorer la productivité dans votre secteur d’activité,
maitriser le statut sanitaire de votre exploitation,
répondre à vos préoccupations en terme de gestion environnementale.

• L'ACCOMPAGNEMENT AU COEUR DE NOTRE ENGAGEMENT :
La complémentarité de nos métiers, le professionnalisme et la réactivité de nos équipes, la qualité de nos services nous permettent de vous guider tout au long de votre conduite d’exploitation.
Aider et conseiller en proposant des solutions efficaces en traitement d’eau, hygiène et environnement pour produire bien et mieux...Depuis plus de 40 ans, les équipes OCENE sont à vos côtés au quotidien.",Automation Machinery Manufacturing,51-200 employees,Privately Held,"Louvigné-du-Désert, Brittany, France",France,ocene-industrie.fr,https://www.linkedin.com/company/ocene-france
Elutions,"Elutions is a global, US-based Artificial Intelligence company that empowers corporations to dynamically optimize activity across the value chain, transform performance and profitability and gain competitive advantage through its enterprise-level AI solution, Maestro. By autonomously identifying and implementing directives that enhance end-to-end efficiency, reliability, uptime, quality and yield, Maestro delivered more than $1B in client value across verticals such as oil & gas, manufacturing and utilities in 2019.",Automation Machinery Manufacturing,51-200 employees,Privately Held,"Lyon, Auvergne-Rhône-Alpes, France",France,elutions.com,https://www.linkedin.com/company/elutions
Commercy Robotique,"As a French loyal and innovative partner, Commercy Robotique offers global and lasting solutions to improve your industrial efficiency thanks to welding robotisation. Commercy Robotique is a department of Cimlec Industrie, a subsidiary of the Industrie division of SPIE Industrie & Tertiaire specialising in the fields of electrical engineering, automation and industrial robotics.",Automation Machinery Manufacturing,"1,001-5,000 employees",Privately Held,"Commercy, Grand Est, France",France,commercy-robotique.com,https://www.linkedin.com/company/commercy-robotique
Weidmüller France,"Weidmüller – Votre partenaire en connectivité industrielle.

En tant qu’expert dans le domaine de la connectivité industrielle, de l’automatisation et de la digitalisation, nous répondons aux exigences de nos clients et partenaires dans le monde entier depuis plus d’un siècle. Nous connaissons parfaitement les industries et les marchés de nos clients.
Nous développons des produits, des solutions et des services dédiés aux secteurs industriels de la puissance, des signaux et des données. Afin d’accompagner nos clients à relever les défis relatifs à la transformation de l’industrie, nous leur proposons également des solutions personnalisées et innovantes, basées sur la digitalisation leur permettant d’optimiser leur productivité.",Automation Machinery Manufacturing,11-50 employees,Public Company,"Pontoise, Île-de-France, France",France,weidmuller.fr,https://www.linkedin.com/company/weidmüller-france
ERM Automatismes,"ERM propose des solutions et prestations d'études techniques dans quatre domaines :

Didactique : Solutions didactiques pour les formations techniques.
ERM est un leader français des solutions didactiques pour les formations techniques.

Robotique : Solutions robotiques et mécatroniques pour l’industrie, les services et la formation.
ERM, sous sa marque ERM Robotique, a développé une gamme de solutions robotiques et mécatroniques pour l’industrie, les services et la formation.

Fab & Test : Solutions de fabrication et test de pièces prototypes et petites séries.
ERM, sous sa marque ERM Fab&Test, propose des solutions de fabrication et test de pièces prototypes et petites séries (Imprimantes 3D, découpe/gravure laser...).

Énergies : Solutions d’alimentation électrique autonome.
ERM, via sa marque ERM Energies, est engagée dans la fourniture de solutions d’alimentation électrique de sites isolés et en autoconsommation. Ces solutions font appel aux énergies renouvelables et sont reconnues par nos clients pour leur performance et leur robustesse.

---------------

ERM provides solutions and engineering design services in four areas:

Didactic: Teaching Solutions for technical training.
ERM is a French leader in educational solutions for technical training.

ERM Robotique: Robotic and mechatronic solutions for industry, services and training.
ERM under its brand ERM Robotique has developed a range of robotic and mechatronic solutions for industry, services and training.

ERM Fab & Test: manufacturing solutions, test prototypes and small series.
ERM under its brand Fab & Test offers manufacturing solutions and test prototypes and small series (3D printer, cutting / laser engraving ...).

ERM Energies: Autonomous power supply solutions.
ERM Energies is engaged in providing power solutions for remote sites and consumption. These solutions are based on renewable energy and are recognized by our customers for their performance and robustness.",Automation Machinery Manufacturing,11-50 employees,Privately Held,"Carpentras, Provence-Alpes-Côte d'Azur, France",France,erm-automatismes.com,https://www.linkedin.com/company/erm-automatismes-industriels
Burkert Danmark A/S,"Bürkert er en globalt ledende og innovativ leverandør af produkter og løsninger til automationsopgaver. Det omfattende produktprogram til at måle, styre og regulere væsker og gasser finder anvendelse i en mangfoldighed af brancher, lige fra vandbehandling, fødevare-, farma- og bio-virksomheder, laboratorier og dentalvirksomheder samt rumfartsteknik. Med en produktportofolio på mere end 30.000 produkter er Bürkert en af de få leverandører på markedet, der kan klare hele loopet med måling, styring og regulering af processer. Produktprogrammet går lige fra magnetventiler og procesventiler til sensorer for niveau, flow, tryk, pH, ledningsevne og temperatur, og produkterne udmærker sig ved, at de kan sammensættes til komplette kontrolsystemer. Systemerne kan skræddersyes lige fra et ukompliceret on/off system til mere komplekse proceskontrolsystemer.

Bürkert koncernen har hovedsæde i Ingelfingen i Tyskland, 5 produktionsfabrikker, 5 systemhuse i Tyskland, Kina og USA, og datterselskaber i mere end 30 lande. Bürkert beskæftiger på globalt plan 3.700 medarbejdere, heraf 32 medarbejdere i det danske selskab i Skovlunde.",Automation Machinery Manufacturing,11-50 employees,Public Company,"Triembach-au-Val, Grand Est, France",France,burkert.dk,https://www.linkedin.com/company/burkert-danmark
Groupe Sigma,"Se déployant sur l’ensemble des Hauts-de-France, le groupe Sigma, avec ses 100 collaborateurs, peut intervenir dans les meilleurs délais, répondant ainsi à une stratégie de proximité géographique, humaine et technique. Des années d’expérience et le sérieux de nos équipes dédiées, nous permettent d’intervenir sur différents types de prestations :
 Haute Tension / Basse Tension
 Courant Faible
 Automatisme
 Robotique
 Machines Spéciales
 Maintenance électrique
 Informatique industrielle",Automation Machinery Manufacturing,51-200 employees,Privately Held,"Brillon, Hauts-de-France, France",France,sigma-france.fr,https://www.linkedin.com/company/groupe-sigma-france
Actemium Lyon Saint-Étienne,"Actemium Lyon Saint Étienne porte une offre multi techniques s’appuyant sur des expertises clés :

 L’Automatisation et le Pilotage des processus industriels
 L’intégration de logiciels et de solutions MES
 La définition et l’architecture des infrastructures IT & OT
 La Tierce Maintenance Applicative de vos unités de production
 La maîtrise d’une Offre Ensemblière
 Une expertise reconnue en Data Science

Actemium Lyon Saint Étienne se structure désormais autour de deux entités complémentaires :

 Actemium Lyon Process Automation (Anciennement SRTI)
 Actemium Saint Étienne (Historiquement COURBON)

Rattachées au groupe VINCI Énergies, ce sont à la fois des entreprises à taille humaine qui peuvent compter sur la solidité et les valeurs d'un grand groupe.

Sur les installations neuves ou en rénovation, nous intervenons sur votre process industriel : de l’électricité au système de gestion, du capteur à l'ERP.
Forts de notre expérience de vos procédés industriels, nos compétences pluridisciplinaires, notre taille et notre organisation vous garantissent la mise en œuvre de solutions fiables adaptées à vos enjeux.
Nous nous engageons au-delà de la réalisation d’un projet : nous vous accompagnons de la définition de votre besoin à la maintenance de vos installations en France comme au Grand International, et nous assurons la formation de vos équipes.",Automation Machinery Manufacturing,51-200 employees,Privately Held,"Saint-Étienne, Auvergne-Rhône-Alpes, France",France,actemium-process-automation.com,https://www.linkedin.com/company/actemium-lyon-process-automation
CRYOFORMA,"CRYOFORMA - Experts en Froid de Proximité, Commercial et Industriel

En tant que leader dans le domaine du froid, CRYOFORMA excelle dans trois domaines clés, façonnant l'avenir du secteur.

1. Automatisme et Supervision Frigorifique
Créateurs de programmes d'automatisme avancés, nous concevons des systèmes de production frigorifique NH3/CO2 et bien plus encore. Notre expertise en automatisation garantit des solutions sur mesure pour répondre à vos besoins spécifiques.

2. Mise en Service et Optimisation
Au-delà de la simple mise en service automatisme, nous mettons au point l'ensemble de votre système frigorifique, y compris les salles des machines et les CTA, groupe d'eau glacées... Notre approche va au-delà de l'automatisme, assurant l'efficacité maximale de chaque composant pour des performances optimales.

3. Formations Techniques d'Exception
En tant qu'experts, nous offrons des formations techniques approfondies. Différenciateurs, nous intervenons directement sur vos propres machines, sur site, pour des formations pratiques inégalées. En collaboration avec Mickaël Bellet, Expert National WorldSkills France, nous partageons notre savoir-faire exceptionnel.

À Propos de Nos Leaders:

   *** Simon Lor-Saw, Président de CRYOFORMA, Meilleur Ouvrier de France Frigoriste, Expert International WorldSkills.
   *** Mickaël Bellet, Expert National WorldSkills France et Coach Performance WorldSkills.

Rejoignez-nous dans la quête de l'excellence frigorifique. Ensemble, créons des solutions novatrices et optimisons vos systèmes pour un impact maximal.

 Contactez-nous pour des solutions frigorifiques sur mesure.",Automation Machinery Manufacturing,2-10 employees,Privately Held,"Lyon, Auvergne-Rhône-Alpes, France",France,,https://www.linkedin.com/company/cryoforma
SPOOLEX,"Since 1955, we provide optimized solutions for webformed products converting all over the world

3 Our activity is organised in 3 separated departments::

 Calemardby Spoolex our CONVERTING MACHINERY division: Range of Slitter-rewinders, Spooling and Jumbo spooling lines, Slitting or Splicing benches for various industries. Thanks to our expertise in automation and robotic, we offer from simple machine to fully automated cell!

 Decoup+ by Spoolex, our ULTRASONICS division : Ultrasonic cutting and/or welding systems. From handheld devices to units to be integrated on existing line or machines

 Roll Concept by Spoolex, our INDUSTRIAL ROLLERS division: Low inertia rollers and winding cores based on our weel-known Alveotube profiles

Organisation :
 Sales department with market specialists to ensure the most appropriate answer to each specific need
 Well-equipped testing laboratory featuring slitter-rewinders, spooling and Jumbo spooling lines, turret-winder, but also ultrasonic cutting/welding devices
 Integrated Enginnering department
 Workshop for all our equipment mounting and control
 After-sales department dedicated to Customer Services: commissioning, training, spare-parts, devices repair and retrofits",Automation Machinery Manufacturing,51-200 employees,Partnership,"Roche-la-Molière, Auvergne-Rhône-Alpes, France",France,spoolex.com,https://www.linkedin.com/company/spoolex
MECASPIN,"MECASPIN est un fabriquant français spécialisé dans la conception de préfileuses industrielles à destination des fabricants de pieuvres électriques. Découvrez notre gamme de fileuses industrielles entièrement fabriquées en Vendée.
Les machines de la gamme MS sont le fruit d’une longue expérience dans le domaine. Elles allient à la fois une automatisation complète et une rapidité inégalée tout en assurant une robustesse et une simplicité à l’usage pour limiter et faciliter les opérations de maintenance.

MECASPIN peut également vous accompagner dans l’organisation de vos process de filage pour optimiser l’intégration de votre pré-fileuse dans votre atelier.
Mecaspin offre des solutions complètes clés en main pour vos ateliers électriques",Automation Machinery Manufacturing,11-50 employees,Privately Held,"Givrand, Pays de la Loire, France",France,mecaspin.fr,https://www.linkedin.com/company/mecaspin
ERIGIUM,"Notre offre consiste à réaliser des projets clé en mains pour le compte de clients industriels dans le domaine de l’électricité et de l’automatisation des procédés.

Nos prestations débutent par la conception d’une solution technique adaptée (ingénierie en électricité et en automatisme). Une fois la solution validée avec le client, nous approvisionnons les matériels nécessaires et fabriquons les armoires électriques.

Une phase de chantier est alors menée sur le site du client pour la mise en place de l’installation. Nous assurons ensuite les essais, la mise en service et la formation à l’utilisation.",Automation Machinery Manufacturing,2-10 employees,Partnership,"Chambéry, Auvergne-Rhône-Alpes, France",France,erigium.fr,https://www.linkedin.com/company/erigium
FADILEC - Groupe Fauché,"Depuis 1994, FADILEC réalise des solutions clé en main dans les domaines de l'Automatisme, de l'Informatique Industrielle, de la Robotique et de la cybersécurité industrielle.

Fondé par Didier Farigoule, Fadilec Groupe est devenu au fil des années, un acteur incontournable des solutions d’automations complexes auprès de grands donneurs d’ordre du monde industriel, des secteurs du nucléaire, de l'aéronautique, de la pharmacie, de la chimie, de l'agroalimentaire et de l’Oïl&Gas...
En rejoignant le Groupe Fauché, nous renforçons en synergie et nous élargissons notre positionnement, nos moyens et nos offres sur nos marchés et secteurs.

Nous réalisons les projets de nos clients en leur proposant une automatisation sur mesure et sécurisée de leur système. Nous les accompagnons également dans leur transformation vers l’usine du futur. 

Notre croissance se caractérise par notre stratégie de développement, l’expertise technique de nos équipes, notre participation dans la transition numérique et digitale. Nous œuvrons pour l'innovation dans la Clean et la GreenTech.

Des équipes réactives, de l’implication, de l’audace et une ambiance conviviale sont les maîtres-mots de nos bureaux d’études de Vénissieux (69) et Laudun (30).",Automation Machinery Manufacturing,11-50 employees,Privately Held,"Laudun-l'Ardoise, Occitanie, France",France,fadilec-groupe.fr,https://www.linkedin.com/company/fadilec-groupe
AFEO - ASCENSEURS & AUTOMATISMES,"AFEO est une société spécialisée dans l'installation, la maintenance, le dépannage et le remplacement de vos équipements multimarques, dans le domaine des ascenseurs, escaliers mécaniques, fermetures, automatismes et accessibilité.

Créée en janvier 2016 par Rémi PEGOUD, professionnel ascensoriste depuis 2006, la société AFEO n’a cessé de se déployer d’un point de vue géographique et technique pour répondre à toutes vos demandes.
Notre siège social est situé à Genas et nous intervenons sur toute la région Auvergne-Rhône-Alpes, en Bourgogne, Franche-Comté, ainsi qu’en Ile-de-France.

AFEO vous propose des solutions pour tous vos équipements : ascenseurs, escaliers, EPMR, portes industrielles, monte-charges, portails, portes piétonnes... Des produits qui répondent à toutes vos exigences en termes de qualité, de sécurité, de performance et de durabilité.

AFEO vous accompagne tout au long de la durée de vie de vos équipements : installation, maintenance, dépannage, remplacement, travaux de modernisation... Nos techniciens rigoureux et nos outils performants, nous permettent de respecter nos engagements de réactivité et d’efficacité.

Depuis 2021, la société SÉMA a rejoint la famille AFEO. Spécialisée dans l’installation d’ascenseurs, d’élévateurs, de plateformes élévatrices, de chaises monte-escaliers, ils nous apportent de nouvelles compétences et expertises en termes d’accessibilité du bâtiment.

Découvrez nos atouts :
•	Un service de qualité labellisé HANDIBAT
•	Des produits sélectionnés chez des fournisseurs de confiance 
•	Une proximité avec nos clients sur un large territoire
•	Un contrat d’entretien privilégié 

AFEO, c’est aussi une entreprise à forte valeur humaine où les collaborateurs sont engagés, impliqués avec un fort esprit d’équipe. Nous avons à cœur de fédérer nos équipes autour de valeurs communes telles que le respect, l’engagement, la convivialité et la responsabilité. Nous sommes toujours à la recherche de nouveaux talents, contactez-nous !",Automation Machinery Manufacturing,51-200 employees,Partnership,"Genas, Auvergne-Rhône-Alpes, France",France,afeo.fr,https://www.linkedin.com/company/afeo-ascenseurs-automatismes
SensoPart France,"SensoPart compte parmi les premiers fabricants de capteurs optiques et de systèmes d’analyse d’image dans le secteur de l’automatisation. Notre but est d’avoir toujours une longueur d’avance pour pouvoir offrir à nos clients le produit le plus novateur possible sur le marché. Nous vous aidons ainsi à gravir le chemin vers l’usine digitale. Pour pouvoir toujours offrir les technologies les plus récentes, nous investissons plus que ce qui se fait dans notre branche au niveau recherche et développement et travaillons avec des universités de renom et des instituts de recherche. De nombreux produits à succès sont nés d’idées d’hier : on ne pourrait aujourd’hui tout simplement pas penser à l’automatisation sans ces produits. Cependant, nous ne nous reposons pas sur nos lauriers – nous avons encore beaucoup d’autres idées pour l’avenir.",Automation Machinery Manufacturing,11-50 employees,Privately Held,"Genay, Auvergne-Rhône-Alpes, France",France,sensopart.com,https://www.linkedin.com/company/sensopart-france-sarl
Liburdi Dimetrics,"Founded during the rise of mechanized welding in the 1960s, Liburdi Dimetrics has spent more than four decades advancing orbital welding technology and code construction services across the power generation, oil & gas, and chemical industries. As the first company to introduce orbital welding technology to nuclear construction, Liburdi has played a leading role in new power plant construction and repair worldwide, including pioneering the world’s first remote containment weld overlay repair through Liburdi GAPCO in 1983. Today, Liburdi’s GoldTrack welding system is recognized globally for delivering reliable code-quality welds in demanding field applications, while the company continues to support industries including nuclear, fossil, gas, solar, and hydro power with highly productive mechanized welding solutions backed by decades of expertise.",Automation Machinery Manufacturing,51-200 employees,Public Company,"Chassieu, Auvergne-Rhône-Alpes, France",France,liburdidimetrics.com,https://www.linkedin.com/company/liburdi-dimetrics
Averna Powered by Spherea France,"Dedicated to the design, production, distribution of Power products and equipment and Instrumentation means (RF & Hyper Systems, specific Test Benches, Acquisition Systems), SPHEREA Power & Instrumentation brings together skills and know-how of ARCALE, Puissance+ and NoiseXT within the same entity.",Automation Machinery Manufacturing,51-200 employees,Privately Held,"Toulouse, Occitanie, France",France,spherea-pi.com,https://www.linkedin.com/company/averna-france-sp&i
ELIWELL FRANCE,Régulation électronique et systèmes de télésurveillance pour les domaines du froid commercial et du conditionnement d’air,Automation Machinery Manufacturing,11-50 employees,Partnership,"Villeneuve-la-Garenne, Île-de-France, France",France,eliwell.fr,https://www.linkedin.com/company/eliwell-france
Seb'Automatisme,"Depuis 2008, l’entreprise a fondé son développement grâce à une forte amélioration des compétences et des équipements.
Chaque machine que nous concevons est unique suite au projet que nous développerons ensemble.
Spécialiste de la fabrication de machines spéciales, de la robotique, de l’ingénierie mécanique et électrique, nous assurerons vos projets de la conception à l’intégration au sein de votre entreprise.",Automation Machinery Manufacturing,11-50 employees,Privately Held,"Marnaz, Auvergne-Rhône-Alpes, France",France,sebautomatisme.com,https://www.linkedin.com/company/seb-automatisme
Mondon Winding & Converting Machines,"MONDON is one of the leaders in the design and manufacture of automatic turret winders and unwinders. 

Your industry – plastic, nonwoven, paper or tyre – must be as productive and qualitative as possible to ensure an optimal result. Because improving your efficiency and the versatility of your equipment is essential for you, MONDON has built its offer around the following points:

- High-performance and productive machines
- Technology and performance
- Industry 4.0 – tracking key metrics to help you excel in your industry",Automation Machinery Manufacturing,11-50 employees,Self Owned,"Saint-Pal-de-Mons, Auvergne-Rhône-Alpes, France",France,mondon.com,https://www.linkedin.com/company/mondon-winding-converting-machines
ASTEC Digital,"Announcing ASTEC Digital (was MINDS Automation Group Inc.), a single-vendor technology solution for the Rock to Road value chain.

In an increasingly complex world, ASTEC Digital simplifies things with a single-vendor technology solution. Best-in-class tools span industrial automation, plant telematics, and mobile telematics.

Customers benefit from an integrated product portfolio. Our experience across the spectrum of Rock to Road business sectors provides the knowledge and resources to invest in industry-leading innovations that drive value for customers.",Automation Machinery Manufacturing,11-50 employees,Privately Held,"Le Montat, Occitanie, France",France,astecdigital.com,https://www.linkedin.com/company/astecdigital
brasystemes,"Conception d’automatisme, programmation robotique, réalisation de schémas électriques... braSystèmes met ses compétences et son savoir-faire au service de l’industrie !
De la prise en compte du besoin client (étude et audit) au développement de la solution adaptée (programmation et installation), notre bureau d’étude développe et conçoit des systèmes innovants pour répondre aux différents enjeux de la production industrielle.

UN ACCOMPAGNEMENT ET UNE PRISE EN COMPTE DES BESOINS DE NOS CLIENTS !

Concevoir, adapter ou modifier les process d’une chaine de production... Notre objectif est de satisfaire pleinement nos clients en répondant à leurs besoins :
•	Etude des besoins et ingénierie,
•	Audit et diagnostique, 
•	Analyse fonctionnelle et étude de faisabilité, 
•	Conception, réalisation et programmation,
•	Rénovation de systèmes et rétrofit, 
•	Installation et mise en route 

Conseil, échange, expertise, adaptabilité et réactivité sont des valeurs auxquelles nous tenons et que nous avons à cœur de déployer dans les relations que nous nouons avec nos partenaires !",Automation Machinery Manufacturing,2-10 employees,Privately Held,"Beaupréau, Pays de la Loire, France",France,brasystemes.fr,https://www.linkedin.com/company/brasystemes
CODA Systèmes,"CODA Systèmes, your quality control partner!

From project support to turnkey solutions, we are experts in industrial vision and measurement.

- Feasibility study & design
- Integration & commissioning
- Training

Contact us for a tailored study and optimize the quality of your production with our customized support.",Automation Machinery Manufacturing,11-50 employees,Privately Held,"Paris, Île-de-France, France",France,coda-systemes.fr,https://www.linkedin.com/company/coda-systemes
GEMESIS SAS,"We develop simple, scalable, customs systems and software for advanced technology. 

We help engineer to build complex solutions faster, safer with :

Scalable Modular Understandable User-friendly software design.

We help software engineers to create Architecture for large LabVIEW application software.",Automation Machinery Manufacturing,2-10 employees,Privately Held,"Vaulx-en-Velin, Auvergne-Rhône-Alpes, France",France,gemesis.eu,https://www.linkedin.com/company/gemesis-sas
Command Alkon EMEA + APAC,"Command Alkon's innovative technology solves today's challenges and shapes tomorrow's heavy building materials operations.

Command Alkon develops and delivers Smart Automation Solutions for the ready mix concrete-, precast concrete-, aggregates and asphalt industry. Command Alkon provides her solutions, experience and knowlegde world wide, with offices in the USA, Brazil, UK, France, Malaysia, India, Australia and The Netherlands.

Integrated solutions overview:

Batching and Process Control
Order Management
Truck Planning
Production Planning
Real Time and Operational planning optimization engines
Mobile Cloud based order-, sales-, commerce and jobsite solutions
Track & Trace, auto Statussing and navigation
Quality Control
Quarry planning and logistics

Check out our website: https://europe.commandalkon.com/",Automation Machinery Manufacturing,"501-1,000 employees",Privately Held,"Cergy, Île-de-France, France",France,commandalkon.com,https://www.linkedin.com/company/commandalkonemea
ecos systems,"ecos systems enables organizations to be safer, slimmer & swifter.

With its strong technological backbone, ecos systems offers solutions to better manage your keys, cars, tools, rooms, employees and visitors.
ecos systems replaces complexity and manual work with key cabinets, electronic lockers and interactive terminals connected to a web software.

Since launching in 2002 we have been serving customers across industries from healthcare, automotive, manufacturing and governments. The company is headquartered in Grossostheim, Germany with offices in France, Hungary and the United States. Our team of more than 100 people work hard everyday serving over 30.000 customers.",Automation Machinery Manufacturing,51-200 employees,Privately Held,"Chanteloup-en-Brie, Île-de-France, France",France,ecos-systems.com,https://www.linkedin.com/company/ecos-systems-gmbh
Proditec,"Proditec is a world leading manufacturer of automated inspection solutions for the pharmaceutical and the mint industries.

When human eyes or manual measurements are simply not efficient enough, automatic inspection machines provide defect-free production as well as realtime data collection that are critical for process control and process improvement.",Automation Machinery Manufacturing,51-200 employees,Privately Held,"Pessac, Nouvelle-Aquitaine, France",France,proditec.com,https://www.linkedin.com/company/proditec
Markem-Imaje France,"Markem-Imaje delivers intelligent identification and traceability solutions, services and expertise to empower our customers with the right information across the supply chain—keeping products authentic, safe and connected.
We offer the industry’s most comprehensive range of marking and coding systems seamlessly integrated with trusted software, services and consumables.

Markem-Imaje is a wholly-owned subsidiary of the US-based Dover Corporation.
We partner with our customers to unlock the power of information in codes. Through an extensive global network, we innovate and deliver smarter printing, brand protection and consumer engagement solutions. Together we optimize supply chain efficiencies, achieve sustainability and compliance objectives, connect products and protect brands.

This is intelligence, beyond the mark.",Automation Machinery Manufacturing,"501-1,000 employees",Privately Held,"Châteauneuf-sur-Isère, Auvergne-Rhône-Alpes, France",France,markem-imaje.com,https://www.linkedin.com/company/markem-imaje-france
ISYBOT,"ISYBOT : l'automatisation agile
 
ISYBOT est concepteur et fabricant de robots collaboratifs ou ""Cobots"", c’est-à-dire des robots travaillant en collaboration avec les ouvriers. 
 
Ses cobots travaillent avec les ouvriers et permettent de :
- réduire la pénibilité des postes de travail
- multiplier leur productivité 
- valoriser les postes manuels
 
ISYBOT s'appuie sur une innovation technique de rupture, issue de 15 ans de R&D menée au sein du CEA LIST. Il s’agit d’une technologie d’actionnement qui augmente la sécurité d’utilisation du cobot, offre à ses clients une grande facilité d’implantation par une meilleure sécurité et une grande intuitivité.",Automation Machinery Manufacturing,11-50 employees,Partnership,"Gif-sur-Yvette, Île-de-France, France",France,isybot.com,https://www.linkedin.com/company/sybot
Groupe Socafluid,"La réussite des équipes du Groupe Socafluid prend ses racines dans une forte culture technique et une excellente connaissance des problématiques rencontrées par les utilisateurs de nos technologies. 

Spécialistes de l'automatisation industrielle, nos sociétés françaises sont expertes en pneumatique, fluidique, préhension et robotique. Répartis dans la France entière, notre équipe de commerciaux s'engage à vous fournir des solutions adaptées à vos applications.
 
Qualité, technicité et réactivité sont au coeur de notre politique d'engagement pour vous fournir des produits performants au plus près des nouvelles technologies industrielles.",Automation Machinery Manufacturing,11-50 employees,Privately Held,"Villefranche-sur-Saône, Auvergne-Rhône-Alpes, France",France,groupe-socafluid.fr,https://www.linkedin.com/company/groupe-socafluid
ACEREL,"EXPERTISES 

électricité industrielle (courants forts, courants faibles) 
 automatisme / informatique industrielle
 Robotique industrielle
 Instrumentation 

 COMPETENCES

1 Conception : BE elec, autom et méca 
2 Réaliser : atelier de fabrication + gestion d'affaires
3 Intégrer : installation sur site client
4 Maintenance

Les équipes ACEREL 
Passionnées par l’industrie depuis plus de 40 ans
 200 collaborateurs
 5 agences

Fort d’un profond ancrage régional, nous bénéficions d’une connaissance des hommes et infrastructures industrielles dans lesquelles nous évoluons. Notre présence quotidienne sur les sites Clients renforce notre autonomie et l’acquisition des connaissances des installations, elle favorise aussi la qualité de la relation humaine.",Automation Machinery Manufacturing,51-200 employees,Self Owned,"Offranville, Normandy, France",France,acerel.fr,https://www.linkedin.com/company/acerel
HYDROSCAND France,"Hydroscand France is the french subsidiary of the swedish HYDROSCAND Group leader in northen countries on the Hydraulics and industrials hoses and connectors.

Implemented in more than 16 countries, HYDROSCAND created the Hydroscand France beginning of 2010.
Starting with 8 peoples, the French subsidiary is already 40 people over 7 branches (Chalon sur Saone, Le Havre,Dijon, Le Creusot, Quimper, Toulouse et Metz)",Automation Machinery Manufacturing,51-200 employees,Privately Held,"Chalon-sur-Saône, Bourgogne-Franche-Comté, France",France,hydroscand.fr,https://www.linkedin.com/company/hydroscandfrance
TURCK BANNER France,"Turck Banner est votre partenaire mondial pour l'automatisation des usines, des process et de la logistique dans de nombreuses industries. Avec nos solutions d’automatisation numériques connectées, nous sommes l'un des pionniers de l'industrie 4.0 et de l'IIoT. En tant que spécialiste de la technologie d’automatisation décentralisée et de capteurs intelligents, Turck Banner apporte l'intelligence aux machines et assure une détection, une transmission et un traitement fiables des données de production du capteur jusqu’au cloud, non seulement avec des solutions d'E/S robustes en IP67, mais aussi avec des logiciels et des services conviviaux.
Nos solutions d'automatisations augmentent la disponibilité et l'efficacité des machines et des installations dans de nombreuses industries et applications, de l'industrie alimentaire, pharmaceutique ou chimique à l'industrie automobile et aux machines mobiles en passant par l'intralogistique et l'emballage. La connaissance des applications spécifiques à l'industrie, acquise grâce à un échange intensif avec les clients, combinée au développement et à la production d'électronique au plus haut niveau, fournit des solutions optimales pour les tâches d'automatisation de nos clients. 
Plus de 5000 employés dans le monde développent, produisent et vendent des produits et des solutions dans les domaines des capteurs, des bus de terrain, de la commande, du cloud, des technologies de connexion et d'interface, ainsi que des IHM et de la RFID. Notre réseau mondial de production et de vente comprend plus de 30 filiales ainsi que des agences dans 60 autres pays. Des sites de production modernes en Allemagne, en Suisse, en Pologne, aux États-Unis, au Mexique et en Chine nous permettent d'être flexibles et de répondre rapidement aux exigences des marchés locaux à tout moment.",Automation Machinery Manufacturing,11-50 employees,Self Owned,"Bailly-Romainvilliers, Île-de-France, France",France,turckbanner.fr,https://www.linkedin.com/company/turck-banner-sas
PCFR POOLCOP,"About PCFR POOLCOP
PCFR POOLCOP is a French company based in the Vaucluse, committed to revolutionizing pool care with smart, sustainable, and user-friendly solutions.

At the heart of PoolCop is a simple belief: swimming pools should be a source of enjoyment, not complexity or environmental concern. Pool owners aren’t expected to be experts in chemistry, hydraulics, or filtration—they just want a clean, healthy, and hassle-free pool.

We champion streamlined, sustainable, and intelligent pool management—empowering professionals with innovative solutions, enhancing owners' enjoyment, and minimizing environmental impact.

Long before automation became an industry trend, we recognized the need for intelligent, eco-conscious solutions that reduce excessive water, energy, and chemical use. By extending the lifespan of pools and equipment and eliminating guesswork from maintenance, we make pool care simpler and more efficient for both owners and professionals.

Our intelligence isn’t just theoretical—it’s rooted in real-world expertise, common sense, and a deep understanding of how pools behave individually. The result? Smarter, more adaptable, and more sustainable pool management for all.

Keywords : Smart Pool Technology, Pool Automation, Intelligent Pool Management, Pool Maintenance, Innovation, Swimming Pool Efficiency, Water Conservation Solutions, Sustainable Pool Care, Chemical Reduction, Energy-Efficient Pools, Water and Energy Savings, Reliable Pool Care, Professional Pool Management, Data Driven Pool Care, Predictive Maintenance, Precision and Reliability, Future of Pool Care",Automation Machinery Manufacturing,11-50 employees,Privately Held,"Cucuron, Provence-Alpes-Côte d'Azur, France",France,poolcop.com,https://www.linkedin.com/company/pcfr-poolcop
Automatisme Diffusion Services,"Distributeur de produits d'automatisme en région Rhone-Alpes depuis 1984.
Nous vous accompagnons vos besoins de maintenance, d'amélioration et construction d'ensembles automatisés.

Notre démarche place la satisfaction de nos clients au cœur de notre action. Nous entretenons une relation partenaire du conseil jusqu'à la mise en oeuvre des produits ou solutions, celà vaut aussi pour la logistique.

Nous mettons au service de vos projet plus de 25 ans d'expérience en automatisation. 

Nous sommes agréé par de grandes marques marques : Eaton, Wago, Lenze, Minimotor, Proface, Yaskawa, Leuze, Ditel, Puls, ISS, SNT-Disoric, Sick pour les principales

 contact@automatisme-diffusion.fr   04 75 32 44 80
 Site web : https:/www.automatisme-diffusion.fr",Automation Machinery Manufacturing,2-10 employees,Privately Held,"Félines, Auvergne-Rhône-Alpes, France",France,automatisme-diffusion.fr,https://www.linkedin.com/company/automatisme-diffusion
Percipio Robotics,"Our passionate and invested team designs and implements robotic solutions to fit your specific needs of grasping and assembling tiny components with a high-reaching accuracy. 
Our main know-how:
- Manipulation of components up to 5 μm
- Accuracy of assembly up to  +/- 0.5 μm
- Development of cobotic or automatic platforms for micro-assembly, thanks to our patented grippers, our flexible vision software, and our experience since 2011.
We know that the industrial world is changing fast and needs reactivity and adaptivity. That is why we propose modular solutions to fit your products and the size of your production. 
Working closely together at each step:
We are convinced that working together (with your knowledge of the product and our expertise) is the key to developing astonishing and performant solutions and push further the limits of miniaturization. We are eager to share with you our know-how in micro-robotics.

You are struggling to manipulate or assemble your components and nobody was found to do this?
            -> It is time to contact us!!",Automation Machinery Manufacturing,11-50 employees,Partnership,"Besançon, Bourgogne-Franche-Comté, France",France,percipio-robotics.com,https://www.linkedin.com/company/percipio-robotics
PL SYSTEMS UNITRONICS FRANCE,"API+IHM+E/S+VFD+Drives & Moteurs le tout-en-un !

Accompagnant le développement rapide de l'automatisation industrielle depuis presque 20 ans sur le territoire hexagonal, PL Systems Unitronics France, premier fournisseur d'Automates Programmables avec Interface Homme Machine intégrée, développe et fabrique des produits innovants et fiables. Nous répondons aux exigences des clients dans tous les secteurs de l'industrie, du bâtiment, de l'agriculture, de l'environnement ...

PL Systems Unitronics France c'est une équipe de 22 employés, une force de vente de 12 personnes sur l'ensemble de la France, 5 agences commerciales aux Ulis (91), à Viennes (38), à Albi (81), et à Saint Laurent Blangy (62).

Les solutions techniques UNITRONICS que nous commercialisons sont reconnues internationalement avec plus de 150 points de vente dans le monde. 

Outre des produits issus des toutes dernières technologies, nous offrons une large palette de services:
- Accompagnement projets clients 
- Développement programmes et mise en service
- Formations logiciels 
- Assistance technique téléphonique 
- Service après vente",Automation Machinery Manufacturing,11-50 employees,Privately Held,"Les Ulis, Île-de-France, France",France,pl-systems.fr,https://www.linkedin.com/company/pl-systems-unitronics
MINITRUCKS ROBOTICS,"Minitrucks Robotics est une entreprise innovante spécialisée dans la conception de véhicules robotisés compacts, puissants et radiocommandés pour la manutention industrielle. Fabriqués en France, nos minitrucks offrent une solution performante pour les environnements contraints et les charges lourdes, là où les engins classiques atteignent leurs limites.

Grâce à notre technologie électro-hydraulique de pointe, nos équipements sont adaptés aux secteurs exigeants tels que le nucléaire, l’industrie lourde, le BTP ou la logistique. Chaque robot est personnalisable selon les besoins du client, et pilotable à distance pour plus de précision, de sécurité et de productivité.

Présents en France et en Europe (Roumanie, Pologne, Turquie...), nous accompagnons nos partenaires dans leur transformation industrielle, avec une expertise terrain et un savoir-faire 100 % français.

Vous recherchez une solution robuste pour automatiser la manutention dans vos environnements complexes ? Contactez-nous dès maintenant pour une démonstration ou une étude personnalisée.
*****************
Minitrucks Robotics is a pioneering company specializing in the design of compact, powerful, and remote-controlled robotic vehicles for industrial handling. Proudly manufactured in France, our minitrucks offer high-performance solutions in constrained environments where conventional equipment falls short.

Powered by advanced electro-hydraulic technology, our machines are tailor-made for demanding sectors such as nuclear, heavy industry, logistics, and construction. Each robot can be customized to meet specific client needs and operated remotely for greater precision, safety, and productivity.

With a growing presence across Europe—including France, Romania, Poland, and Turkey—we support industrial transformation through hands-on expertise and 100% French engineering.

Looking for a robust solution to automate handling in your complex environments? Contact us today for a personalized demo or consultation.",Automation Machinery Manufacturing,11-50 employees,Privately Held,"Vénissieux, Auvergne-Rhône-Alpes, France",France,minitrucks-robotics.fr,https://www.linkedin.com/company/minitrucks-robotics
JVM Europe,"We believe that every patient has the right to receive the correct medication – if it is one pill a day or if it is 10 pills a day. Patients should not have to worry if their pharmacy, hospital or caregiver is giving them the correct dosage at the correct time. Our products ensure that this worry is taken away and our solutions offer unparalleled accuracy and security. 

Our solutions can benefit the corner pharmacy with a few hundred customers, as well as a large hospital pharmacy with thousands of patients. Our products can be configured for any size business, and our customers are secure in the knowledge that they are helping their customers and patients in a highly effective and safe way, with an almost 0% chance of mistakes.

It is our vision to live in a world where any medication can be given safely and efficiently to all patients, with no fear of mistaken dosages.

Our mission, therefore, is to provide automated pharmaceutical solutions of the highest quality enabling our customers to deliver the right medicine in the right dosage at the right time and to the right patient.

Customer Commitment - Partnership - Innovation - Passion - Leadership – Quality

We take our vision of enduring excellence for the brand and for our customers seriously. Our corporate culture ensures that this occurs in an engaging and collaborative environment. We are steadfast in our adherence to these values that guide our interactions with customers, and colleagues. We believe our values are what make us unique and are essential to building a culture of excellence.

Today JVM Europe BV is the European leader in pharmaceutical automation solutions, with more than 1000 systems installed throughout Europe, and 10,000 worldwide.

JVM Europe (formerly known as HD Medi) was formed in June 2008 as a joint venture between the Dutch company, Dijkstra Vereenigde B.V. and the South Korean company, JVM Ltd. In July 2014, JVM Europe became a fully owned subsidiary of JVM Ltd.",Automation Machinery Manufacturing,51-200 employees,Privately Held,"Loos, Hauts-de-France, France",France,myjvm.eu,https://www.linkedin.com/company/jvm-europe
FEGE,"Since 2013, FEGE is part of NSC Groupe and is composed of 45 people. Based in Vouziers (France), FEGE has more than 27 years of know-how in robotics and handling solutions for packaging lines.
Our automatism, mechanical and electrical experts develop tailor-made and innovative solutions to answer customers' needs.
FEGE equipments are designed and manufactured in our workshop, then installed through the world.
Leading companies in food & beverage, personal & home care markets trust on us for their complex end-of-line projects.",Automation Machinery Manufacturing,11-50 employees,Self Owned,"Vouziers, Grand Est, France",France,fege.fr,https://www.linkedin.com/company/fege
Groupe API,"Le Groupe API, intégrateur de solutions de pilotage des process et des infrastructures tertiaires et industrielles, poursuit activement son développement.

Depuis plus de 25 ans, nous accompagnons nos clients dans la mise en place et la maintenance de leurs outils de conduite.

Afin d'optimiser les installations de nos clients, nous apportons toute notre expérience de conception et de réalisation dans les domaines de l'électricité, de l'automatisme, de l'informatique industrielle, de la GTB et de la robotique, dans le but de proposer une prestation des plus complémentaire.

Soucieux de conserver notre proximité avec nos clients, nous leur apportons au quotidien les services de conseil, d'assistance technique et de maintenance.",Automation Machinery Manufacturing,51-200 employees,Privately Held,"Yffiniac, Brittany, France",France,groupe-api.fr,https://www.linkedin.com/company/groupeapi
SCHUNK France,"Pionnier des technologies de serrage d'outils et de pièces, de préhension et d'automatisation, SCHUNK génère des gains de productivité pour ses clients et partenaires du secteur grâce à son portefeuille de composants, d'applications, de systèmes et de services, et ce depuis 80 ans.

Pour y parvenir, 3 700 employés —à travers le monde dans 10 usines et 34 filiales— travaillent en étroite collaboration avec des partenaires commerciaux dans 75 pays. S'appuyant sur des partenariats étroits avec ses clients et une collaboration au sein de réseaux d'innovation, SCHUNK développe des technologies d'avenir pour un large éventail de secteurs, tels que l'automobile, l'électronique, l'aérospatiale et les life science.  L'objectif est toujours de rendre l'industrie du futur plus efficace, plus respectueuse des ressources et plus saine, conformément au concept de la Healthy Factory.

__________________________________________________________
Mentions légales
SCHUNK SE & Co. KG
Spanntechnik | Greiftechnik | Automatiisierungstechnik
Bahnhofstr. 106 - 134
D-74348 Lauffen/Neckar
Tél. +49-7133-103-0
Fax +49-7133-103-2399
info@de.schunk.com
www.schunk.com

Numéro d'identification TVA : DE812197298

Siège Social : Lauffen/Neckar
HRA 789324, tribunal local de Stuttgart

Associé pers. responsable : SCHUNK Beteiligungs SE
Siège Social : Lauffen/Neckar
HRA 789324, tribunal local de Stuttgart

Président du Conseil d'administration :
Henrik A. Schunk

Conseil d'administration :
Kristina I. Schunk (présidente du conseil d'administration/CEO)
Falk Bäurle (COO/CFO)
Timo Gessmann (CTO)
Karl Heckl (CSO)",Automation Machinery Manufacturing,11-50 employees,Privately Held,"Marne-la-Vallée, Île-de-France, France",France,schunk.com,https://www.linkedin.com/company/schunk-intec-france
Mtec,"The MTEC group made up of MC3S and AMCA, offers a full range of industrial performance service.",Automation Machinery Manufacturing,11-50 employees,Privately Held,"Soultz-Haut-Rhin, Grand Est, France",France,groupe-mtec.com,https://www.linkedin.com/company/groupe-mtec
ROBOPLANET,"Expertise Maritime,
Vente d'appareils innovants et réalisation de prestations de Contrôle non-destructif par Ultrasons,
(Mesures et cartographie de corrosion des navires, citernes, et autres structures métalliques ou plastiques)
Etude et fabrication de Robots",Automation Machinery Manufacturing,2-10 employees,Privately Held,"Nantes, Pays de la Loire, France",France,roboplanet.fr,https://www.linkedin.com/company/roboplanet
LARRAIOZ ELEKTRONIKA,"LARRAIOZ ELEKTRONIKA es una empresa líder en soluciones de #automatización para #máquinas y procesos industriales, destacando especialmente sus productos de #mecatrónica (#robots industriales, #actuadores eléctricos lineales y rotolineales, etc.) y su línea de desarrollo de sistemas basados en microprocesadores (sistemas embebidos) para control de procesos industriales e interfaces hombre-máquina (HMI).

Durante más de 25 años, en los que ha atendido a más de 2000 clientes y participado en proyectos por toda la geografía española, LARRAIOZ ELEKTRONIKA ha demostrado siempre su compromiso con las necesidades del cliente, con independencia de su tamaño, investigando constantemente sobre nuevos productos, y desarrollando -cuando es necesario- soluciones propias para resolver de forma eficiente las más complejas labores de automatización.

-----------

LARRAIOZ ELEKTRONIKA is a company leader in automation solutions for machinery and industrial processes, with particular emphasis on mechatronic products (industrial robots, linear and rotolinear electric actuators, etc) and on the development of microprocessor-based embedded systems for industrial process monitoring devices and human-machine interfaces (HMI). 

For over 25 years, having served more than 2000 clients and participated in projects throughout the whole Spanish geography, LARRAIOZ ELEKTRONIKA has always demonstrated its commitment to the customer needs, regardless its size, by constantly researching new products and developing, when necessary, its own solutions to solve efficiently the most complex automation tasks.

Temas que tratamos: #robots, #robótica, #industria40
-----------

Marcas (Brands): Kawasaki Robotics, A&R, B&R, Elap, IAI, LinMot, Smac, Codesys, Takebishi y Asyril.

También puede encontrarnos en (You can also find us on):
https://www.youtube.com/user/LarraiozElectronica
https://twitter.com/LarraiozE
https://www.facebook.com/Larraioz-Elektronika-108261096572489/
https://automation.larraioz.com",Automation Machinery Manufacturing,11-50 employees,Privately Held,"Guéthary, Nouvelle-Aquitaine, France",France,larraioz.com,https://www.linkedin.com/company/larraioz-electrónica-industrial
Ovoconcept,"Ovoconcept is specialised in poultry processes and engineering. Based in Brittany, at the heart of Europe's leading poultry region, our Company supports professionals (egg producers, egg packing stations, hatcheries, and egg processing units) in the development of eggs and egg products.

From design to the completion, thanks to our R&D office, each project goes through an in-depth study and customised monitoring in order to manage the equipment and processes.

For us, technology is worthless unless it perfectly meets the objectives fixed by our customers. This is why we encourage dialogue and a ""big picture"" approach to the project in order to offer the most appropriate solutions for each request. We always have one goal in mind: better meet your needs!",Automation Machinery Manufacturing,11-50 employees,Privately Held,"Quessoy, Brittany, France",France,ovoconcept.eu,https://www.linkedin.com/company/ovoconcept
CERIMATEC,"Les femmes et les hommes de CERIMATEC s’engagent à fournir aux clients industriels des solutions mécatroniques en lignes, machines, cellules robotisées et services associés.

Ces solutions sont des leviers de Valeur Ajoutée, elles permettent d’atteindre les objectifs d’Excellence Opérationnelle de nos Clients.

Elles sont parfaitement intégrées dans leur écosystème humain, technologique et environnemental.

Nous intervenons sur des secteurs industriels exigeants tels que la Cosméto-Pharmaceutique, l’Agro-alimentaire, la Logistique ou encore l’Automobile, l’Aéronautique, etc.

Nos équipes Services accompagnent au quotidien nos clients dans le maintien et l’amélioration de la performance des machines et lignes robotisées, avec des interventions adaptées aux besoins clients.

CERIMATEC, né en Décembre 2022 de la fusion des entités historiques CERI et SERIMATEC du groupe CERI, rejoint le groupe PCI pour amplifier sa diversification autour des solutions mécatroniques robotisées de gestion de flux en milieu industriel. 

Les produits et marques des entreprises historiques CERI et SERIMATEC perdurent, l'équipe CERIMATEC en reprend la pleine exploitation.

Vous avez un besoin, un projet d'une nouvelle ligne automatisée, robotisée ? Venez échanger avec nous : commercial@cerimatec.fr

Vous souhaitez optimiser ou maintenir vos lignes existantes ? Notre équipe Services est à votre écoute : services@cerimatec.fr",Automation Machinery Manufacturing,11-50 employees,Privately Held,"Val-de-Reuil, Normandy, France",France,cerimatec.fr,https://www.linkedin.com/company/cerimatec
Shick Esteve (Rians),"Shick Esteve is a complete ingredient automation solutions provider. We design, manufacture, install and service ingredient automation systems for customers worldwide. Our expertise includes automation of bulk, minor/micro, liquid ingredients and process design. Our industry leading IIOT platform includes data acquisition, recipe/batch management and traceability. Project services include engineering, project management, testing, site services and after sales support.",Automation Machinery Manufacturing,51-200 employees,Privately Held,"Rians, Centre-Val de Loire, France",France,shickesteve.fr,https://www.linkedin.com/company/esteve-sas
MT Systems - Industrial Solutions,"Founded in 1994 and based in Perpignan, MT Systems is the world leader in the washing of reusable crates for the food industry, crates for packaging fruit and vegetables, meat, bakery products and even fish.

Established in 6 countries in Europe (France, Spain, Portugal and Germany) and North America (United States and Canada) with 14 washing sites, the Group achieved sales of nearly € 100 million in 2020, washing more than 700 million bins.

MT SYSTEMS enjoys a central position within a circular ecosystem bringing together producers, food retailers and suppliers of reusable packaging. The development of this ecosystem, which replaces the classic formats of disposable crates (cardboard, wood, polystyrene), makes it possible to meet public health requirements (decontamination of containers), to reduce solid waste and food waste, and to respond the logistics automation ambition of actors in the agro-food industry.",Automation Machinery Manufacturing,"1,001-5,000 employees",Privately Held,"Perpignan, Occitanie, France",France,mt-systems.fr,https://www.linkedin.com/company/mt-systems-orca
Realization and Innovation for Industry TFZ,R2i tfz est une organisation commerciale Marocaine qui centralise les achats de plusieurs fabricants dans le domaine industriel à l international. Son activité principale est basé sur le secteur Automobile et ses sous traitants au niveau National et International de part un stock disponible dans la zone franche de Tanger.,Automation Machinery Manufacturing,2-10 employees,Self Owned,"Lauzun, Nouvelle-Aquitaine, France",France,r2itfz.com,https://www.linkedin.com/company/r2i-tfz
Actemium Le Havre Process Control,"Since 1981, Actemium Le Havre Process control has been a reference company for offering Solutions & Services in the world of industry. 
We are specialized in: - Project Management - Automation - Industrial IT Our mission, for almost 40 years, is to make our industrial partners more efficient thanks to our process and technical expertise. Thanks to our experienced and multidisciplinary team of 60 engineers and technicians, we offer expertise in Petrochemicals, Chemistry, Food Processing, Pharmaceuticals, Port Infrastructure, Water and Glassware. (Find several of our project references on our website). 
We offer our own software solutions: 
- The CPI software package: For all the functions necessary for the realization of applications, control and monitoring. 
- The GPAC software package: A simple and efficient management system to manage all loading and storage activities.
 Do not hesitate to contact us for more information!",Automation Machinery Manufacturing,51-200 employees,Privately Held,"Notre-Dame-de-Gravenchon, Normandy, France",France,actemium.fr,https://www.linkedin.com/company/actemium-le-havre-process-control
Cimlec Industrie,"Cimlec Industrie is the preferred partner of industrials in the optimisation of their production tool. We offer them a local support in the achievement of their projects, and help them evolve towards industry 4.0.

We guarantee a turnkey comprehensive offering in the following fields:
•	Automation
•	Electrical Engineering
•	Integration
•	Robot programming (through our Tenwhil department)
•	Arc welding robot cells (through our Commercy Robotique department)
•	Metalworking
•	Languepin spot welding machines

We operate mostly in the fields of automotive/equipment suppliers, transportation/logistics and chemistry/pharmaceutics/energy.

We have 2 subsidiaries in Europe: Cimlec Industrial, in Romania, and Commercy Robótica, in Spain.

Cimlec Industrie is a subsidiary of the Industrie division of SPIE Industrie & Tertiaire specialising in the fields of electrical engineering, automation and industrial robotics.

To join us: http://www.cimlec.fr/en/careers/latest-job-postings",Automation Machinery Manufacturing,201-500 employees,Privately Held,"Les Mureaux, Île-de-France, France",France,cimlec.fr,https://www.linkedin.com/company/cimlec-industrie-clf-satrem
WEBEN,"Our expertise is the integration of modular equipment with industrial robots. We provide one-stop, flexible, and turnkey solutions to customers,  implemented in various areas such as stamping, body in white, machining, assembly and general industry activities. After years of development, WEBEN has become a renowned supplier of intelligent manufacturing.",Automation Machinery Manufacturing,201-500 employees,Privately Held,"Famars, Hauts-de-France, France",France,weben-smart.com,https://www.linkedin.com/company/weben
Forx,"Forx est un gerbeur AMR français conçu pour faciliter les flux logistiques au sein d'un bâtiment. Autonome, flexible, accessible et totalement sécurisé, il s'adapte à différents types d'applications.

Notre ambition chez Forx est de démocratiser l'accès aux Robots Mobiles Autonomes pour les petites, moyennes ou grandes entreprises.",Automation Machinery Manufacturing,11-50 employees,Privately Held,"Meaux, Île-de-France, France",France,forx.rent,https://www.linkedin.com/company/forx-amr
Energence,"Depuis plus de 25ans, Energence conçoit et met en œuvre des solutions de commande et de contrôle pour applications industrielles. 
Issue des secteurs du génie frigorifique et climatique, Energence renforce et élargit ses champs de compétences en s’appuyant sur des équipes hautement qualifiées. 
Structure à taille humaine, Energence regroupe des collaborateurs passionnés et expérimentés aux profils variés tels que des chargés d’affaires, des chargés de réalisation, des automaticiens, des informaticiens et des électriciens.",Automation Machinery Manufacturing,11-50 employees,Privately Held,"Brignais, Auvergne-Rhône-Alpes, France",France,energence.eu,https://www.linkedin.com/company/energence-sas
Actemium Clermont Process,"Actemium Clermont Process est positionnée en ingénierie et travaux d’automatisation de procédés industriels : conception, fabrication, installation et mise en service en automatisme et robotique.

Nous sommes spécialistes des procédés de fabrication des pneumatiques (assemblage, cuisson, transitique) et des procédés de production des matériaux d’isolation (laine de roche), l’agroalimentaire, du ""life & science"", de l'industrie bois/papier, l'énergie et l'environnement, et de la logistique et du transport. 

Nos expertises se situent dans les secteurs de la traçabilité, la robotique, la sécurité machine, les machines spéciales, la vision process par caméra, la télémaintenance et la sureté industrielle.",Automation Machinery Manufacturing,51-200 employees,Public Company,"Chamalières, Auvergne-Rhône-Alpes, France",France,actemium.fr,https://www.linkedin.com/company/actemium-clermont-process
Groupe Legris Industries,"Legris Industries is a diversified industrial group with family owners holding the bulk of its shares. 
   
Groupe Legris Industries currently counts five Divisions:
   
- Clextral: the word leader in twin-screw extrusion technology and turnkey plants for food processing, paper pulp and specialty chemicals.
  - Keller: a global expert in turnkey plants, equipment and services for heavy clay building materials (brick and tile factories).
- Laulagun Bearings: a specialist of bearings equipment for a range of industries, including wind power, lifting and construction equipment and water treatment.
- Mep: a world leader in metal-cutting equipment for a variety of industries, including construction, automotive, manufacturing, metal refining and petrochemicals.
- Schiederwerk: a world leader in the design and production of power-supply systems for high-intensity lighting, for medical engineering, and for industrial equipment.",Automation Machinery Manufacturing,"1,001-5,000 employees",Privately Held,"Paris, Île-de-France, France",France,legris-industries.com,https://www.linkedin.com/company/groupe-legris-industries
HUPICO,"QUALITY, CREATIVITY AND AN EXCELLENT SERVICE HAVE THE HIGHEST PRIORITY AT HUPICO.

Since 1994, HUPICO has been active in the world of industrial automation as exclusive dealer of a wide range of top products. Over the years, HUPICO has become an added value in Belgium, the Netherlands, Luxemburg and France. Its customers are mostly machine builders who are representing all kinds of markets. 

HUPICO's product range can be divided into: 

- Feeding and assembly systems
- Robotics & vision
- Intralogistics
- Smart glasses & AR

HUPICO always looks for the best and most creative solution to your problem.

Want to stay informed? Subscribe to our newsletter. 

Our Hupi team is constantly looking for new colleagues. Check our website www.hupico.be for the job vacancies!",Automation Machinery Manufacturing,11-50 employees,Privately Held,"Le Versoud, Auvergne-Rhône-Alpes, France",France,hupico.com,https://www.linkedin.com/company/hupico
CIP Automation,"Crée en 2004, CIP est une société spécialisée dans l'automatisation des process de l'industrie agroalimentaire et pharmaceutique. 
Notre expertise nous permet de répondre à des projets allant de la machine spéciale jusqu'à l'atelier de fabrication clé en main en passant par l'ingénierie et la conduite de projet.",Automation Machinery Manufacturing,11-50 employees,Self Owned,"Lamballe, Brittany, France",France,groupe-ovalt.com,https://www.linkedin.com/company/cip-automation
RMI - RÉNOVATION MACHINES INDUSTRIELLES,"MAINTENANCE
Préventive, curative, prédictive et améliorative

CONSTRUCTION, RECONSTRUCTION, MODIFICATION et RETOOLING
* De la conception à l'intégration *
Bureau d'études mécanique, électrique, automatisme et CN
Intégration de process
Remise en état, réparation, échange de broches, boîtiers multibroches, rails et patins, vis à billes, réducteurs...
Contrôle et remise en géométrie de machines-outils, grattage, nivelage, alignement, ball-bar...
Réalisation, implantation, câblage armoires électriques
Développement et modifications de programmes automates (NUM, FANUC, SIEMENS, TELEMECANIQUE, HEIDENHAIN, SCHNEIDER, MITSUBISHI...)
Numérisation de machines-outils
Mise en service, mise au point, modification d'installations
Mise en conformité, Rétrofit

SERVICES
Service Après-Vente
Dépannage toutes technologies
Transfert / Déménagement
Usinage

ACHAT-VENTE
Machines-Outils
Robots
Revente de Matériel de contrôle (UHL)
Revendeur Exosquelette MATE
Revendeur de matériel JW Froelich

FORMATION
Centre de formation sur site ou atelier
Formation grattage",Automation Machinery Manufacturing,11-50 employees,Self Owned,"Nomeny, Grand Est, France",France,sasrmi.com,https://www.linkedin.com/company/rmi-rénovation-de-machines-industrielles
MILLIRIS,"MILLIRIS conçoit et fabrique des solutions industrielles sur mesure : armoires électriques, faisceaux, automatismes, machines spéciales et lignes de production complètes.
Basée à Saintes et Lyon, l’entreprise allie réactivité, proximité et exigence technique pour accompagner les industriels dans leurs projets d’équipement, de modernisation et de transition durable.",Automation Machinery Manufacturing,51-200 employees,Privately Held,"Libourne, Nouvelle-Aquitaine, France",France,milliris.com,https://www.linkedin.com/company/milliris
OCA - Ouest Convoyeur Automatisme,"Convoyeurs aériens et systèmes automatisés, OCA conçoit des solutions de manutention aérienne à destination de l’industrie. 

Agroalimentaire, automobile, traitement de surface, application peinture, agencement de magasins et événementiel, blanchisserie ou bien encore aéronautique, logistique, plateforme e-commerce, construction navale ou industrie pharmaceutique et cosmétique... nous nous adressons à l’ensemble des secteurs industriels.

Notre objectif : proposer une offre sur-mesure ou clé en main afin de répondre à chaque problématique liée au transport, au transfert ou à la manutention de charges plus ou moins volumineuses.

Orion, Calypso, Polaris ou bien encore Astron, Télesto, Boréal, Meteor ou Cassiopée... Nous avons choisi des noms pour nos produits qui évoquent l’univers céleste. Pourquoi ? En rapport avec la dimension aérienne de nos solutions, mais aussi et surtout car la force, la puissance et le mystère qui sont associés au monde stellaire résonnent parfaitement avec les systèmes de convoyage imaginés par notre marque. Nous concevons des convoyeurs aériens performants et ingénieux qui sont à la hauteur des ambitions de nos clients !",Automation Machinery Manufacturing,11-50 employees,Privately Held,"Montilliers, Pays de la Loire, France",France,oca.fr,https://www.linkedin.com/company/oca-ouest-convoyeur-automatisme-manutentionaerienne
Acemia,"Acemia has been designing and manufacturing intelligent conveying and intralogistics solutions for the food industry for 40 years.

We support you in organizing and optimizing your production lines with high-performance, reliable systems perfectly adapted to your industrial constraints.

Present in France and internationally, Acemia operates across a wide range of food sectors.

Our goal: streamline your product flow, secure your processes, and improve the overall performance of your production lines.",Automation Machinery Manufacturing,11-50 employees,Privately Held,"La Chevrolière, Pays de la Loire, France",France,acemia.fr,https://www.linkedin.com/company/acemia
BLAISE Industries,"Automatisme, Informatique industrielle et Cyber Sécurité

Bénéficiant d'une expérience de 15 années, BLAISE Industries a développé un savoir-faire dans les domaines de l’automatisme et de l’informatique industrielle. Nous intervenons dans vos projets de l’étude jusqu’à la mise en service finale dans les domaines suivants.

-	Automatisme 
-	Supervision
-	Informatique Industrielle
-	Cyber Sécurité
-	Electricité Industrielle
-	Maintenance Industrielle
-	Suivi de fabrication
-	Gestion de production
-	Reporting
-	Traçabilité
-	Télémaintenance
-	GTC / GTB (Gestion des astreintes, télémaintenance)
-	etc.",Automation Machinery Manufacturing,2-10 employees,Privately Held,"Auppegard, Normandy, France",France,blaise-industries.fr,https://www.linkedin.com/company/blaise-industries
Phoenix Mecano France,"La société Phoenix Mecano France, fondée en 1979, est la filiale française du groupe suisse Phoenix Mecano AG.

Fondé en 1975 et coté à la Bourse suisse depuis 1988, le groupe Phoenix Mecano est un acteur mondial de référence dans les domaines des boîtiers et composants industriels, occupant une position de leader sur de nombreux marchés. Son siège social est situé à Stein am Rhein, en Suisse.

Le groupe emploie environ 7 000 collaborateurs à travers le monde et a réalisé un chiffre d’affaires de 779,5 millions d’euros en 2024. Il est spécialisé dans la fabrication de produits de niche et de solutions systèmes destinés aux secteurs de l’ingénierie mécanique, de la mesure et du contrôle, de la technologie médicale, de l’aérospatiale et des énergies alternatives.",Automation Machinery Manufacturing,11-50 employees,Privately Held,"Fontenay-sous-Bois, Île-de-France, France",France,phoenix-mecano.com,https://www.linkedin.com/company/phoenix-mecano-france
OROK - Airport Robotics,"OROK provides a smart and patented solution for the automation of the baggage and cargo handling in the airside part of the airport. Our system is focused on bringing more profitability, more reliability and more security.

We are among the first ones in the world to provide such a complete system for the airports: we offer a fleet of Autonomous Guided Vehicles (AGV), monitored by a supervisor-server allowing the execution of data analytics  and incorporation of AI in order to improve logistic flows. Our solution comes with auto-loading and unloading stations to enable end-to-end automation, from terminals to aircraft and vice versa. Our robots are electric, allowing a greener transformation of the airports, and omnidirectional which helps improving GSE manoeuvrability and reduce its footprint within the airport.
And finally, our solution improves health standards by introducing a contactless journey of the baggage and eliminates the human factor accident / incident rate.

Created in 2018, OROK is a French startup accelerated by the prestigious École Polytechnique in 2018 and the winner of the ADP Cargo Challenge in the startup category in 2020.",Automation Machinery Manufacturing,11-50 employees,Privately Held,"Bourgoin-Jallieu, Auvergne-Rhône-Alpes, France",France,orok.aero,https://www.linkedin.com/company/orok-aero
SASI,"SASI est expert dans la conception, la maintenance et le contrôle des procédés industriels. De l'étude à la réalisation des travaux jusqu'a la maintenance, le bureau d'études et l'atelier de SASI propose leurs savoir-faire à l'industrie.  Les compétences multi technique de SASI en électricité, automatisme, instrumentation et mécanique permettent une vision globale des installations et le déploiement de solutions optimisé et sur mesures.",Automation Machinery Manufacturing,51-200 employees,Privately Held,"Haguenau, Grand Est, France",France,sasi-industrie.com,https://www.linkedin.com/company/sasi-industrie
NOVACOM,"NOVACOM is a company that is headquartered and based in the heart of Europe near Lille in the north of France. The company has been designing, manufacturing, and developing vacuum handling components for more than 29 years.

As a genuine vacuum specialist and leader on the market, NOVACOM has never ceased to innovate and develop since its inception. The company now has the most extensive line of vacuum components in Europe, meeting the needs of all applications in industrial environments: suction cups, ejectors (vacuum pumps), and pneumatic transport, economic blowing, vacuum and pressure switches, vacuum filters, E.O.A.T, air nippers, gripping heads and other vacuum accessories.",Automation Machinery Manufacturing,51-200 employees,Self Owned,"Rosult, Hauts-de-France, France",France,novacom-vide.com,https://www.linkedin.com/company/novacomvide
ElyoRobotics,"EEPI Robotics is an expert in the design of special machines based on robotic arms. We support our customers throughout all their robotisation projects since 1990. Our references include leaders in the pharmaceutical, food, packaging, energy, automotive and aeronautics industries, as well as an increasing number of varied industries requiring automation.",Automation Machinery Manufacturing,11-50 employees,Privately Held,"Mommenheim, Grand Est, France",France,eepi-robotics.com,https://www.linkedin.com/company/elyorobotics
KEB Automation France,"SOCIETE FRANCAISE KEB is a Management Consulting company located in ZI LA CROIX SAINT NICOLAS, LA QUEUE EN BRIE, Val De Marne, France.",Automation Machinery Manufacturing,11-50 employees,Privately Held,"La Queue-en-Brie, Île-de-France, France",France,keb-automation.com,https://www.linkedin.com/company/keb-france
ERRIC GROUPE,"ERRIC Solutions Robotiques

Entreprise familiale créée en 1976. Elle est dirigée aujourd'hui par le petit fils du fondateur, M. Claude DUFOUR.

Implantée depuis l'origine au cœur d'un territoire unique habité de femmes et d'hommes passionnés par la production et les défis techniques depuis 200 ans : 
 LA VALLEE DE L'ARVE.

L'entreprise, réalise des solutions d'automatisation depuis son origine et intègre des robots poly articulés depuis plus de 20 ans.

Une équipe de 20 collaborateurs réalise en interne la totalité des solutions robotisées dans un atelier de 2000m2 dédié à vos projets.",Automation Machinery Manufacturing,11-50 employees,Privately Held,"Scionzier, Auvergne-Rhône-Alpes, France",France,erric.fr,https://www.linkedin.com/company/erricsolutionsrobotiques
NOVAXION,"NOVAXION propose des équipements et logiciels de pointe dans le domaine de la production automatique de verre et le graissage à la machine. Cette entreprise  appartient a la société RONDOT Group. 

NOVAXION provides state-of-the-art equipement and software in the field of automatic glass production and machine lubrication. This society is a RONDOT Group subsidory.",Automation Machinery Manufacturing,11-50 employees,Privately Held,"Saint-Rémy-de-Provence, Provence-Alpes-Côte d'Azur, France",France,novaxion.fr,https://www.linkedin.com/company/novaxionfr
Icone-Automation,"Créé en 1985, Icône Automation est spécialisée dans la conception, l’intégration, la mise en service et la maintenance de systèmes automatisés et informatisés pour les outils de production et les moyens d’essais. Icône Automation a développé depuis de nombreuses années son expertise dans la conception et la réalisation de contrôles commandes en milieu sensible.

Capable de prendre en compte les particularités de votre secteur d’activité, Icone saura vous accompagner dans la réalisation des systèmes d’automatisation et d’informatisation de vos process industriels.

Nos métiers :
- La Pharmacie & Chimie
- L'Energie
- L'Aérospatiale & Aéronautique
- L'Oil & Gas
- Le Process manufacturier
- L'Hydro électricité

Spécialiste de l'environnement ADF, Icone réalise l'étude, la fabrication et la mise en service de vos armoires de contrôle certifiées ATEX.",Automation Machinery Manufacturing,11-50 employees,Privately Held,"Noyarey, Auvergne-Rhône-Alpes, France",France,iconeautomation.com,https://www.linkedin.com/company/iconeautomation
ForTest,"ForTest designs and manufactures leak testing and flow testing tools. Always with an eye on innovation, since 2012 the company has been based in Modena in the former Maserati factories and boasts clients in Italy and around the world, working in many sectors, such as automotive, agriculture, oil hydraulic, irrigation, mechanical, electronics, biomedical and packaging.",Automation Machinery Manufacturing,11-50 employees,Privately Held,"Marseille, Provence-Alpes-Côte d'Azur, France",France,fortest.com,https://www.linkedin.com/company/fortest
Pizzato France,"Depuis plus de 40 ans, Pizzato Elettrica opère dans le monde entier dans le domaine de l'automatisation et de la sécurité industrielle, ainsi que dans le secteur des systèmes de levage. 
L'entreprise familiale compte environ 400 employés travaillant dans les usines de Marostica, dans le nord-est de l'Italie. 
La gamme de produits de Pizzato Elettrica comprend : 
- des interrupteurs de position 
- des dispositifs de sécurité
- des modules de sécurité 
- des dispositifs de signalisation et de contrôle pour les interfaces homme-machine 
- des interrupteurs à pédale 
- des systèmes de levage 

Pizzato Elettrica propose des solutions complètes et innovantes qui garantissent la sécurité des machines, de l'environnement et des opérateurs. 
Aujourd'hui, l'entreprise est capable de produire plus de 12 millions de versions d'articles qui sont vendus dans plus de 80 pays. 
Les solutions de Pizzato Elettrica sont adoptées dans de nombreuses industries, dont : 
- l'emballage 
- le bois 
- le plastique 
- les métaux 
- l'alimentaire 
- la pharmaceutique 
- l'automobile 
- le ferroviaire 
- les ascenseurs et bien d'autres. 

Tous les produits de Pizzato Elettrica sont entièrement conçus, testés et développés dans les usines de l'entreprise à Marostica. 
L'entreprise est ainsi en mesure de répondre à tout moment aux demandes spécifiques de ses clients, en proposant une gamme complète de produits et de solutions technologiquement avancées. 
Les clients qui utilisent les produits de Pizzato Elettrica sont sûrs de choisir des dispositifs de qualité certifiée, résultat d'un processus scrupuleusement contrôlé à chaque étape de la chaîne.
Pizzato France a été fondée en 2016 afin d’offrir un soutien technique et commercial direct et constant à ses Clients et à son Réseau de Vente dans le Pays.",Automation Machinery Manufacturing,201-500 employees,Privately Held,"Boves, Hauts-de-France, France",France,pizzato.com,https://www.linkedin.com/company/pizzatofrance
PERAX l'alternative,"PERAX, près de Toulouse, conçoit et déploie des solutions de télégestion et de supervision durables, interopérables et adaptées aux besoins des acteurs de l’eau et de l’énergie.

Notre approche : allier technique, indépendance, coopération et éco-conception.

• Indépendance : une entreprise à taille humaine, sans actionnaire, privilégiant proximité, transparence et réactivité, avec plus de 80 % de fournisseurs français.
• Coopération : à l’écoute de nos partenaires, nous favorisons la co-conception, le multipartenariat et l’accompagnement expert.
• Éco-conception : des solutions sobres, réparables et évolutives, assemblées et testées dans nos locaux en Occitanie, pour garantir performance et pérennité.

PERAX, c’est l’engagement d’une entreprise indépendante, de solutions responsables et d’équipes à l’écoute.
Nous sommes également membres des réseaux @SNECOREP et IME, engagés pour le développement de solutions industrielles durables et innovantes.",Automation Machinery Manufacturing,2-10 employees,Privately Held,"Bouloc, Occitanie, France",France,perax.com,https://www.linkedin.com/company/perax-technologies
ID Automation,"Depuis 1990, nous nous sommes spécialisés dans l'électricité, l'automatisme et l'informatique industriels. Au fil des années, nous avons développé nos compétences et bousculé nos habitudes de travail, avec notamment une passation de gérance et l’entrée au sein du groupe de PME bretonnes : Ovalt. Ces changements nous ont permis d’évoluer pour proposer à nos clients de nouveaux services complémentaires.

Chez ID Automatisme ce qui fait notre particularité c’est la maitrise de l’ensemble des applications de l'automatisme. La confiance que nous accordent nos clients vient de notre capacité à rester réactifs et souples à l’égard de leurs différentes demandes.

Fort de notre expérience nous avons continué de nous développer pour atteindre aujourd'hui un chiffre d’affaires de 5 millions d’euros pour une quarantaine de collaborateurs. Entreprise bretonne, située à Locminé, nous intervenons sur toute la France et à l’étranger, quelques centaines de clients nous ont déjà fait confiance.",Automation Machinery Manufacturing,11-50 employees,Self Owned,"Plumelin, Brittany, France",France,groupe-ovalt.com,https://www.linkedin.com/company/id-automatisme
FLI - France Linéaire Industrie,"France Linéaire Industrie is a French company with several years' expertise in linear systems. 

Our experience in this specific branch of industry together with our perfectly mastered applications enables us to meet our client's needs quickly and efficiently. 

To offer comprehensive service to our clients, we have a manufacturing workshop wich allows us to carry out the orders following tailor-made plans.  All of our machines are capable to work on hard metal: for example, precision shafts and ballscrews. The workshop was created in 2001 to broaden our capacities and to establish a specialized production facility.

Our company's major asset is the ready access to a wide range of raw materials used in the production of linear guides and the amplitude of stock in dedicated systems to linear guides with always on stock more than :

• 130 tones of precision shaft
• 50 000 ballbushing
• 10 000 housing for ballbushing
• 30 000 cam followers
• 1 600 meters of ballscrews and trapezoidal spindle
• 1 300 ballscrews nut
• 3 000 meters of linear guideway rails 
• 6 500 linear guideway blocks",Automation Machinery Manufacturing,11-50 employees,Partnership,"Janneyrias, Auvergne-Rhône-Alpes, France",France,fli-industrie.fr,https://www.linkedin.com/company/fli-france-lineaire-industrie
LARBALETIER,"Concepteur et fabricant de mobilier, notre savoir-faire est basé depuis 1977 sur le travail des matériaux dont l’aluminium. La maîtrise d’un outil industriel en constante évolution, nous permet de vous proposer une large gamme de produits pensés, conçus et fabriqués en France. Soucieux de répondre au plus juste à vos attentes, nous vous accompagnons dans la globalité de votre projet en réalisant des produits sur-mesure.",Automation Machinery Manufacturing,51-200 employees,Privately Held,"Fontaine-les-Grès, Grand Est, France",France,larbaletier.fr,https://www.linkedin.com/company/larbaletier
Tech Drive - Industrial automation,"Industrial automation, Distributor and integrator of mechatronics, speed controller and process line.

Tech Drive offers a range to accompany you in your choice of project and meet each of your industrial requirements; Variable speed drives | High speed electric motors HYPERION X | Planetary gearbox | Supervision touch screens HMI ESA Automation | Chiller and industrial thermal management | Autonomous industrial cobots 7 axes Kassow Robots | Complete range of pneumatic and hydraulic SMC | Actuators & electric cylinders.

 infos@techdrive.fr |  01 69 38 85 10
 https:/www.techdrive.fr",Automation Machinery Manufacturing,11-50 employees,Privately Held,"Saint-Pierre-du-Perray, Île-de-France, France",France,techdrive.fr,https://www.linkedin.com/company/techdrive-automatisme-industriel
EAS change systems,"We help you produce just-in-time with higher speed and more flexibility. 
Thanks to EAS change systems, the clamping and release of molds and dies is done in minutes instead of hours. Our high quality mono- and multi couplers serve a diversity of branches.

EAS offers quick clamping and quick changing systems for plastic injection molding machines (QMC) and metal stamping presses (QDC), as well as multi coupler solutions. The company also offers consulting and engineering expertise to ensure maximum machine productivity. 
Designed and built for integration into existing as well as new equipment (OEM), our solutions include:
•	Adaptive clamping systems
•	Ejector couplers
•	Mono & multi coupler systems
•	Mold change tables & transportation vehicles
•	Inspection & mold tilting units
•	Die lifters
•	Pre-rollers
•	Project management
•	Application engineering
•	System installation
•	Service and maintenance
•	ROI calculations
 
The system solutions of EAS are sold directly to original equipment manufacturers (OEMs), specialized tool distributors, and end users. 

Our manufacturing, engineering and research & development operations are located in the Netherlands, France and China. Being a truly global enterprise, the company has a large sales and service presence on every continent thanks to dedicated partner companies and their local distributors.",Automation Machinery Manufacturing,51-200 employees,Privately Held,"Sainte-Hélène-du-Lac, Auvergne-Rhône-Alpes, France",France,easchangesystems.com,https://www.linkedin.com/company/eas-holding-b-v-
Robotiques Cyborg,Partenaire exclusif d'Autoxing en France et en Espagne.,Automation Machinery Manufacturing,11-50 employees,Privately Held,"Clamart, Île-de-France, France",France,robotiquescyborg.fr,https://www.linkedin.com/company/robotiques-cyborg
STERKELEC,"Fondée en 1991, STERKELEC apporte conseil et expertise auprès des services techniques des industries et de leurs sous-traitants. Nous proposons une offre d’automatismes industriels en partenariat avec nos fournisseurs ainsi qu’une gamme de services comprenant : support technique, assistance technique sur site client ainsi que formation.
STERKELEC exerce son activité sur les régions Pays de Loire, Bretagne, Basse Normandie, Centre et Nouvelle Aquitaine. Notre expertise et notre organisation dans le domaine de l'automatisme, de la vision industrielle et de la cobotique nous permettent de proposer  des études de faisabilité gratuites à partir de cahier des charges clients.

Ces études sont basées sur l'expression et l'analyse de vos besoins présents et à venir concernant différents domaines :
•	Systèmes de vision industrielle
•	Identification industrielle
•	Automates et réseaux industriels
•	Sécurité machine 
•	Gestion d'axes / Convoyage intelligent
•	Robotique Collaborative
•	Systèmes de capteurs optiques et laser
•	Terminaux opérateurs tactiles et panels PC
STERKELEC intervient dans de multiples secteurs d’activité tels que : automobile, agro-alimentaire, aéronautique, marine, produits de consommation, laboratoires pharmaceutiques et cosmétiques ou encore les sociétés d’ingénieries et de fabrication de machines spéciales.",Automation Machinery Manufacturing,11-50 employees,Partnership,"Les Sorinières, Pays de la Loire, France",France,sterkelec.com,https://www.linkedin.com/company/sterkelec
TAUR,"French brand of robotic platforms dedicated to logistics and last-meter delivery solutions. We design and assemble our robots in the Auvergne Rhône Alpes region. 

A wide range of products and navigation solutions allows us to meet the most critical expectations of our customers. 

TAUR is adaptive and versatile, offering customization, specific adjustments and support for change (by human factor integration and organizationnal design) to facilitate the commitment and engagement of your staff.",Automation Machinery Manufacturing,2-10 employees,Privately Held,"Lyon, Auvergne-Rhône-Alpes, France",France,taur-robotics.fr,https://www.linkedin.com/company/taur-robotique
CCS Inc.,"From 1993, CCS advanced the machine vision industry by developing LED lighting for inspection that Created Customer Satisfaction for both manufacturers and their consumers, who demanded safe, high-quality goods. Today, CCS leads the machine vision world in innovation with thousands of products including lights, controllers, and accessories. 

CCS and its group brands—EFFILUX and Gardasoft—provide complete support that ensures each customer gets a lighting solution that performs exactly as needed. CCS's global network of employees is dedicated to helping manufacturers catch the most important details in an inspection, so that their customers never receive anything less than their highest quality.",Automation Machinery Manufacturing,201-500 employees,Privately Held,"Les Ulis, Île-de-France, France",France,ccs-grp.com,https://www.linkedin.com/company/ccs-inc-jp
Défitech,"L’entreprise Défitech est née d’un long parcours et savoir-faire dans l’industrie de production. Défitech conçoit des préhenseurs mousse et ventouse pour la robotique, cobotique et machine. Notre bureau d’études intégré vous propose une prise en charge de vos projets spécifiques de la conception à la livraison. 
Notre objectif est de vous proposer des préhenseurs « prêt à monter » sur vos robots. Notre maitrise du carbone nous permet de réaliser des ensembles complets et complexes en combinant robustesse, ultra-légèreté et design. 
Notre corps de métier, le carbone, nous permet aussi de vous proposer de l'usinage de pièces en carbone sur mesure.",Automation Machinery Manufacturing,2-10 employees,Self Owned,"Albens, Auvergne-Rhône-Alpes, France",France,defitech.fr,https://www.linkedin.com/company/défitech-ingenierie-360°
MERGER SAS,"Since 1947, the company MERGER designs and manufactures speed Gearboxes in France. Owned by the MERGER family until the 2000s, MERGER was then owned by a subsidiary of General Electrics for 8 years. At this time, the company was moved to the city of Lyon. MERGER has been taken over since 2014 by an industrial family from Lyon, specialized in industrial mechanics. This new shareholder allows MERGER to recover their original values. The service, the proximity and the reactivity of our teams bring today a new boom to the design and the manufacture of speed gearboxes. Since 2019, MERGER and PIV FRANCE combined the two factories.",Automation Machinery Manufacturing,11-50 employees,Privately Held,"Corbas, Auvergne-Rhône-Alpes, France",France,merger.fr,https://www.linkedin.com/company/mergergearbox
Selmoni SA,"Selmoni est spécialisée dans les activités industrielles liées à l'électricité, aux automatismes et à l'informatique. L'entreprise fabrique des coffrets et des armoires électriques ainsi que des pupitres de commande et elle en assure l'installation et la mise en route chez ses clients. Elle réalise également pour leur compte des études électrotechniques et des études de programmation pour des installations automatisées. Elle effectue enfin des prestations de maintenance industrielle sur des outils de production automatisés et des machines spéciales. Ses compétences dans ce domaine s'étendent à la mécanique, à l'électrotechnique, aux systèmes pneumatiques et hydrauliques.",Automation Machinery Manufacturing,11-50 employees,Partnership,"Altkirch, Grand Est, France",France,selmoni.fr,https://www.linkedin.com/company/selmoni_sa
Actemium Nantes,"Actemium Nantes, filiale du groupe VINCI Energies, fait partie de la marque Actemium, 100 % dédiée à l'industrie, qui regroupe plus de 400 entreprises.
Situé à Nantes et la Roche sur Yon, Actemium Nantes vous propose 4 offres :
- automation
- levage industriel et portuaire
- piping solutions
- maintenance

N'hésitez pas à nous contacter pour plus d'informations !",Automation Machinery Manufacturing,51-200 employees,Privately Held,"Saint-Aignan-Grandlieu, Pays de la Loire, France",France,actemium.fr,https://www.linkedin.com/company/actemium-nantes44
FLEXIM France,"As a leader in the field of clamp-on ultrasonic flow measurement, FLEXIM offers the ideal flow meter solutions - even for the most demanding challenges. Whether it are liquids or gases, extreme temperatures, high pressures and highly variable flow rates in thick walled pipes, our range of FLUXUS permanent and portable flowmeters are the measurement system of choice. Highly accurate, reliable and rugged, FLEXIM’s clamp-on ultrasonic flow meters easily withstand the roughest and most hazardous applications – ranging from the Chemical Industry to the Oil and Gas Sector, where the FLUXUS flow meter also stands its place Offshore. With more than 25 years of engineering experience, FLEXIM also offers you solutions for a real time concentration analysis with laboratory accuracy. Depending on the individual application, PIOX analyses the process by ultrasound or optically by measuring the refractive index. Every generation of FLEXIM flow meters and process analysers is directly driven by customer and industry needs and our focus and dedication is directed towards providing the highest quality equipment with the best support and service possible.",Automation Machinery Manufacturing,11-50 employees,Public Company,"Limonest, Auvergne-Rhône-Alpes, France",France,emerson.com,https://www.linkedin.com/company/flexim-france-sarl
Klearia,"Klearia is a cutting-edge technology company specialising in microfluidics for analytical and synthetic chemistry. 

We develop instruments and processes that make industrial chemistry more precise, more sustainable and quicker to implement.

Our expertise spans three sectors where microfluidics creates a real competitive advantage:

- Water Analysis: Autonomous monitoring of micropollutants with PANDa. On-site analysis, without a laboratory.
- Cosmetics & Perfumery: Thanks to our patented DCT (Droplet Control Technology), we formulate high-performance nano-emulsions, including alcohol-free fragrances and cosmetics.
- Food Industry: Application of DCT for alcohol-free formulation and process optimisation, from quality control to industrial scale-up, whilst preserving the integrity of sensitive active ingredients.

Beyond our instruments, we act as an R&D partner: we design, prototype and industrialise our microfluidic solutions tailored to your specific challenges.",Automation Machinery Manufacturing,2-10 employees,Partnership,"Nice, Provence-Alpes-Côte d'Azur, France",France,klearia.com,https://www.linkedin.com/company/klearia
Partner Automation SAS,"Bureau d’études en Electricité, Automatisme et Informatique industrielle. Etude technique, Réalisation, Conseil, Audit, Assistance, Dépannage, Maintenance et Fourniture de matériel.
Automate, Interface opérateur, Système de supervision.

Activité principale dans l’automatisation d’installations de Réfrigeration Industrielle.",Automation Machinery Manufacturing,Self-employed,Privately Held,"Vertou, Pays de la Loire, France",France,partner-automation.fr,https://www.linkedin.com/company/partner-automation-sas
CR System,"Intégrateur immoticien depuis 2010, CR SYSTEM vous accompagne de la conception à la réalisation de vos bâtiments intelligents.

Grâce à notre expertise multi technique : génie climatique, électricité courants forts et faibles, informatique industrielle, nous mettons en œuvre des solutions de Gestion Techniques et Energétique des Bâtiments globales, performantes et innovantes.

Nous maîtrisons parfaitement nos chantiers grâce à notre propre service électricité, constitué d’une équipe de professionnels de l’électricité industrielle (études, câblages, armoires électriques).

CR SYSTEM propose des solutions d’immotiques « clé en main » : Conception, études, installation, programmation, mise en service, maintenance.

CR SYSTEM est toujours à la pointe de l'innovation en terme de Smart Building :
GTEB BIM-Exploitation, IoT, hébergement cloud, géolocalisation, géoguidage, géofencing, web services.

Nos développements sont toujours orientés client utilisateur  :
Interfaces graphiques animées de haute qualité et épurées. Vos données importantes sont accessibles en un minimum de click, sans pollution visuelle.
Vous contrôlez et pilotez vos bâtiments à distance depuis votre tablette tactile, smartphone, PC, etc. 

CR System vous accompagne dans l'exploitation de vos Smart Building :
Audit
Maintenance
Support technique et formation 
Amélioration, extension, évolution des installations d'immotique
Suivi et optimisation énergétique",Automation Machinery Manufacturing,11-50 employees,Partnership,"Saint-Ouen-l'Aumône, Île-de-France, France",France,crsystem.eu,https://www.linkedin.com/company/cr-system
Zinsser Analytic,"Zinsser Analytic is well known for the design and production of robotic liquid and powder handling workstations and high-quality consumable items, to a wide range of fields – pharmaceutical, fine chemical, petrochemical, agrochemical, electronic, material science, food and beverage, personal care, cosmetics, and environmental monitoring. With global coverage and an in-house team of hardware and software engineers, we are perfectly placed to provide a superlative level of service that our customers have come to expect.

Our workbench automation systems are custom designed from our range of available hardware tools for liquid and powder handling, weighing, heating/cooling/mixing, capping/decapping, filtration, SPE, inline evaporation, integrated analysis - giving rise to a wide portfolio of robotic workstations for compound synthesis, solubility testing, polymorph, and salt screening, formulation design, sample preparation and coating systems for diagnostic kit manufacture.

We also offer a wide range of plastic and safe liquid scintillators, glass and plastic counting vials, a range of biological sample oxidizers, and a very low-level scintillation counter. We also manufacture and supply more than 1,000 different microsyringes for precision sampling and dosage for use with commercially available instrumentation and also for manual use. In addition, we also supply vials and bottles manufactured from high-quality materials for packaging, sample handling, and sample storage.

[11:18 AM] Lewsza, Grzegorz
Zinsser Analytic is an Ingersoll Rand Business. Ingersoll Rand is a global market leader with a broad range of innovative and mission-critical air, fluid, energy, and medical technologies, providing services and solutions to increase industrial productivity and efficiency.",Automation Machinery Manufacturing,51-200 employees,Self Owned,"Antony, Île-de-France, France",France,zinsser-analytic.com,https://www.linkedin.com/company/zinsser-analytic-gmbh
VERSA,"Founded 30 years ago, VERSA offers innovative solutions and positions itself in many sectors including agri-food, distribution, automotive, aerospace and freight. Following its tradition of innovation, VERSA is a key player integrating technology close to the manufacturing, logistics and supply chain teams in the heart of the regions. VERSA's ability to provide production sites and their partners with real-time real-time information and the best action makes it a key player in Industry 4.0 through its three capabilities: • Consulting and Integration in Industrial Computing and Automation • Real-Time Production Agility and Supervision Software (Incl. MES) enhancing ERPs • Industrial Workstations for Traceability, Control and Optimization (Reception control Order picking, Check before dispatch, In/Out Transportation cloud proof, X Party Logistics Control, Stock control in/out...)",Automation Machinery Manufacturing,11-50 employees,Privately Held,"Saint-Renan, Brittany, France",France,versa-info.com,https://www.linkedin.com/company/versa-informatique-industrielle-automatismes
Actemium Cornouaille,"Actemium Cornouaille est une entreprise de la marque VINCI Energies, basé à Concarneau, est une entreprise spécialisée dans le domaine d’électricité industrielle depuis 1957.

Nous proposons des offres sur mesure d’ingénierie, d’intégration, de production et de services d’assistance à nos clients, en nous appuyant sur notre sens de la réactivité et de mobilité. 

Nos domaines d’expertises : 
-	Ingénierie électrique HTA et BT
-	Contrôle commande
-	Mécatronique
-	Energies renouvelables

Nos métiers :
-	Responsable d’affaires H/F
-	Chargé(e) d’études automatisme/électricité
-	Technicien(ne) d’affaires 
-	Monteur
-	Chef(fe) d’équipe",Automation Machinery Manufacturing,11-50 employees,Public Company,"Concarneau, Brittany, France",France,actemium.fr,https://www.linkedin.com/company/actemium-cornouaille
ERPA,"Special Machines
Automation and Supervision Programming
CAD - CAD studies
Digital Controls and Robots Integration
Wiring Cabinets and Machines
Machinery Troubleshooting",Automation Machinery Manufacturing,2-10 employees,Privately Held,"Louverné, Pays de la Loire, France",France,,https://www.linkedin.com/company/erpa-53
BOWE FRANCE,"Intralogistique  => machines de tri de colis, convoyage, transitique, WMS,WCS
Editique =>  Mise sous plis  
Suites logicielles  => web services, suivi de production, traçabilité, solutions postales, CI PREMIUM
Technologies de robotisation  => AGV, AMR
Pré post façonnage => Arts graphiques, transactionnel, marketing direct
Sérialisation => Décommissionnement, traçabilité, suivi, RFID",Automation Machinery Manufacturing,11-50 employees,Privately Held,"Noisy-le-Grand, Île-de-France, France",France,bowe.com,https://www.linkedin.com/company/bowe-france
ARMECA système,"ARMECA SYSTÈME – Ingénierie de précision pour l’industrie

ARMECA SYSTÈME est une entreprise marocaine spécialisée dans le génie mécanique et l’automatisme, offrant des solutions sur mesure aux secteurs de l’automobile, de l’aéronautique et de l’industrie en général.

 Nos domaines d’expertise
	•	Usinage de précision : fabrication de pièces techniques complexes sur machines numériques.
	•	Construction métallique : réalisation de structures métalliques adaptées aux besoins industriels.
	•	Automatisme industriel : conception et mise en œuvre de systèmes automatisés pour optimiser les processus de production.

 Implantation

Implantée à Tanger, nous accompagnons nos clients ( constructeur et équipementier) sur le territoire Marocain et également en exportant nos moyens en Europe avec une étude et realisation dans nos locaux au Maroc.

 Notre engagement

Nous nous engageons à fournir des solutions innovantes et de haute qualité, en mettant l’accent sur la satisfaction client et l’amélioration continue.

 Contact

Pour en savoir plus sur nos services ou collaborer avec nous, n’hésitez pas à nous contacter :
	•	 Zone Industrielle Gzenaya, Tanger, Maroc
	•	 +212 531 045 322 / +212 674 574 050
	•	 www.armeca-sys.com",Automation Machinery Manufacturing,11-50 employees,Privately Held,"Penne-d'Agenais, Nouvelle-Aquitaine, France",France,armeca-sys.com,https://www.linkedin.com/company/armeca-system
ACTEMIUM REUNION,"Né de la maintenance des centrales électriques des sucreries de l’île, la société SETB connue depuis 2014 sous le nom ACTEMIUM Réunion, propose l’étude, la conception, la réalisation de l’ingénierie électrique et automatisme de tous les métiers industriels de l’ile.

Les équipes d’ACTEMIUM Réunion accompagnent leurs clients avec une approche à la fois locale (par la proximité des collaborateurs) et globale avec des solutions expertes (avec le tissage du réseau ACTEMIUM). Ces dernières se traduisent en autre par des offres ensemblières dans les métiers de la logistique et de la robotique qui couvriront l’ensemble des besoins clients de la mécanique jusqu’à l’informatique en passant par l’électrification.",Automation Machinery Manufacturing,51-200 employees,Public Company,"Paris, Île-de-France, France",France,actemium.fr,https://www.linkedin.com/company/actemium-reunion
Luctor Belting Europe,"Welkom in de wereld van 24/7 transportbandenservice, waar betrouwbaarheid, kwaliteit en service centraal staan. 

Al meer dan vijftig jaar is Luctor Belting Europe dé specialist in het leveren, monteren, repareren en optimaliseren van transportbanden. Of het nu gaat om de voedingsindustrie, logistiek of zware industrie, wij bieden op maat gemaakte oplossingen die uw bedrijfsprocessen soepel laten verlopen. 

Met vestigingen in Nederland, België en Frankrijk en wereldwijde leveringen zijn wij altijd dichtbij. Onze flexibele aanpak, diepgaande expertise en 24/7 service zorgen ervoor dat wij niet alleen producten leveren, maar complete oplossingen bieden 

Wij zijn trots op onze ISO-9001 en VCA-P certificeringen, die de hoge standaarden van kwaliteit en veiligheid die wij bieden, onderstrepen. Van nieuwe installaties tot preventief onderhoud en spoedreparaties: ons vakkundig team staat altijd voor u klaar. 

Wij geloven in duurzame samenwerkingen en het volledig ontzorgen van onze klanten. Samen zorgen we ervoor dat uw productie altijd in beweging blijft. 

Uw product, onze oplossing.",Automation Machinery Manufacturing,51-200 employees,Public Company,"Paris, Île-de-France, France",France,luctorbelting.com,https://www.linkedin.com/company/luctorbeltingeurope
URBACO S.A.,"Established in 1986, Urbaco today is the world leader on the retractable bollard access control market and amongst the top European companies for fixed bollard and street furniture sectors. 

In 2004, Urbaco became part of the CAME Group, the world leader in automation, barriers and automatic doors. A partnership destined for great success, which allows for even greater offering of products and services to municipal, industrial, commercial and residential users. 

The company is continuously developing to meet numerous and prestigious orders worldwide. Besides global products, systems and solutions, Urbaco along with its partners and collaborators is committed to further developing its range of services (including research and development, after sales service and maintenance) and best honour the trust clients have placed in the company.",Automation Machinery Manufacturing,51-200 employees,Privately Held,"Vedène, Provence-Alpes-Côte d'Azur, France",France,came.com,https://www.linkedin.com/company/cameurbaco-sa
Polysoude UK,"Orbital Welding specialists. We provide precision orbital welding equipment and services. Our work supports safety-critical and regulated environments.

Based in Greater Manchester, offices worldwide.

The team in our UK office are:
Colin Parish - General Manager
Gary Hulme - After Sales and Service Manager
Jonathan Brothwood - Technical Sales Engineer
David Martins - International Welding Specialist
Ashley Taylor - After Sales and Service Engineer
Michelle Ashcroft - Administrator

We offer:
- Orbital welding: tube to tube and tube to tubesheet in every size and wall thickness
- Automated welding: TIG Hot or Cold Wire – Plasma
- Weld overlay / cladding: TIG or TIGer Hot or Cold Wire
- Services

Results are high quality, value-added, innovative and technically proven solutions, in response to the demands of market-leading global companies from various industries such as:
 Energy production (power stations)
 Gas and oil industry (on and offshore)
 Nuclear industry (fuel, waste, etc.)
 Boiler construction
 Chemical industry
 Heat exchanger
 Food and beverage industries
 Aeronautics and aerospace engines
 Pharmaceutical industry
 Microelectronics (chip production)

POLYSOUDE has been in business for 60 years, operating across the UK and internationally. We have developed a network of over fifty local partners. This is in addition to our own 14 subsidiaries, which provide a combination of sales and services.

We have built up a relationship with our customers based on trust. Our strength lies in our collaborative approach, backed up by specialists working in synergy and adopting a “Zero Risk / Zero Defects” approach in dealing with customers. We are at the forefront of Orbital Welding R&D. Our experts' combination of experience and innovation has led to them being acknowledged as trailblazers in the field.

Contact us for advice, discuss your requirements or your next project. Email us admin.uk@polysoude.com or phone us - 01942 820935",Automation Machinery Manufacturing,"1,001-5,000 employees",Privately Held,"Nantes, Pays de la Loire, France",France,polysoude.com,https://www.linkedin.com/company/polysoude-uk
ARIAMIS,"ARIAMIS is a company with more than 16 years’ experience in thermal engineering management focused largely on sea and land transportation.
We are known for our expertise in designing, integrating and certifying thermal systems and have developed and honed our skills on multiple projects, especially involving electric motors, internal combustion engines and hybrid vehicles. We mainly specialize in:


•	Heat transfer;

•	Systems engineering with a focus on design, modelling and simulation;

•	Creating and developing design/certification packages for thermal system management;

•	Energy management optimization for hybrid and electric vehicles via electric actuators.



As a leading specialist in thermal systems, we place innovation at the center of our strategy. At ARIAMIS, we assist our customers with large-scale projects ranging from preliminary studies to build and implementation.",Automation Machinery Manufacturing,11-50 employees,Privately Held,"Nanterre, Île-de-France, France",France,ariamis.fr,https://www.linkedin.com/company/ariamis-engineering
PYGMATEC,"Spécialiste en robotique pour l'industrie.
- Robotique industrielle
- Cobotique / Robotique Collaborative
- Robotique Mobile / AGV",Automation Machinery Manufacturing,2-10 employees,Partnership,"Joué-lès-Tours, Centre-Val de Loire, France",France,pygmatec.com,https://www.linkedin.com/company/pygmatec-sas
Pharmathek France,"Fondée en 2007 par l’ingénieur Alexander Von Liechtenstein, Pharmathek est spécialisée dans la conception, la fabrication et l’installation de robots de stockage pour les pharmacies.
Grâce à plus de 1000 pharmacies équipées en Europe, nous sommes aujourd’hui un acteur de référence dans le domaine de la robotisation pharmaceutique.

Depuis ses débuts, Pharmathek place l’innovation au cœur de sa démarche pour offrir aux pharmaciens des solutions fiables, performantes et adaptées à leurs besoins.
Tous nos robots sont conçus, produits et assemblés dans notre usine de Vérone, en Italie, avec une attention portée à chaque détail de la production.",Automation Machinery Manufacturing,51-200 employees,Privately Held,"Lambesc, Provence-Alpes-Côte d'Azur, France",France,pharmathek.com,https://www.linkedin.com/company/pharmathek-france
Actifive Concept,"Fort de 30 ans d'expérience dans le domaine de la machine-outil et de la robotique, Actifive Concept offre une gamme complète de solutions pour améliorer votre productivité.

Nous sommes passionnés par le développement de solutions d'avenir et intervenons dans différents secteurs d'activités tels que le luxe, le médical, l'automobile, la mécanique, l'industrie et l'aéronautique.

Actifive Concept est également distributeur et intégrateur des solutions HALTER (cellules robotisées), CNC Autodoor (systèmes d'ouverture de porte CNC) et CNC LiftArm (bras de levage) sur les territoires français et suisse.",Automation Machinery Manufacturing,2-10 employees,Privately Held,"Saint-Vulbas, Auvergne-Rhône-Alpes, France",France,actifive-concept.com,https://www.linkedin.com/company/actifive-concept
ARAXE Distributeur HEIDENHAIN,"ARAXE distribue, répare & intégre exclusivement les produits de la marque HEIDENHAIN depuis 1979.
Ce choix assumé et maintenu durant toutes ces années nous a permi d'acquerir une connaissance approfondie de la gamme et d'apporter à nos clients un service toujours plus performant.",Automation Machinery Manufacturing,11-50 employees,Partnership,"Versailles, Île-de-France, France",France,araxe.com,https://www.linkedin.com/company/araxe
B&S Robsim.Sarl,"Robsim is a company that is specialized in technological development and that is located in Haguenau, a city in east of France. We are inovating in several fields including automation, industrial robots, automobile applications and collaborative robotics. Our company develops electronic tools and cutting-edge software for a wide variety of robots and therefore applicable to any kind of industry.

With over 15 years of experience, our company can offer you perfectly custom solutions for all your production plant automation and optimization needs.
      ________________________________________________________________

ROBSIM est une entreprise située à Haguenau en Alsace spécialisée dans le développement technologique. Nous innovons dans les domaines de l'automation, des robots industriels, des applications automobiles mais également dans la robotique collaborative. Notre société développe des outils électroniques et des logiciels de pointe pour un large éventail de robots et sait ainsi s'adapter aux caractéristiques de nombreux secteurs. 

Forts de nos 15 ans d’expérience, nous sommes persuadés de pouvoir vous apporter des solutions adaptées aux défis du contexte actuel.",Automation Machinery Manufacturing,11-50 employees,Privately Held,"Haguenau, Grand Est, France",France,robsim.com,https://www.linkedin.com/company/b-s-robsim-sarl
Actemium Clermont Ingénierie & Travaux,"Actemium Clermont Ingénierie & Travaux met ses compétences et ses hommes au service des industriels dans tous les domaines de l’électricité, de l’automatisme, de la robotique, de la supervision et de l’informatique industrielle. 
Proches et très réactives par rapport aux attentes de nos clients, nos équipes interviennent dans les meilleurs délais avec les compétences requises et les formations techniques nécessaires à leurs domaines.",Automation Machinery Manufacturing,51-200 employees,Public Company,"Chamalières, Auvergne-Rhône-Alpes, France",France,actemium.fr,https://www.linkedin.com/company/actemium-clermont-ingénierie-travaux
Delta Electricité Electronique Etudes (D3E),"Fondée en 1982, D3E est une entreprise régionale qui réalise des travaux et installations électriques dans les secteurs industriels, tertiaires et désormais le résidentiel.

Depuis 43 ans, notre savoir-faire s'est affirmé dans de multiples domaines : 

• Génie électrique
• Procédés industriels
• Systèmes de sécurité
• Réseaux de communication
• Gestions techniques du bâtiment
• Efficacité énergétique

Notre équipe de 100 collaborateurs qualifiée et polyvalente est donc capable de vous accompagner, clés en main, dans tous vos projets électriques.

Entreprise aux multiples qualifications (MASE, CEFRI, QUALIFELEC, QUALIFOUDRE), notre méthode de travail se résume en 3 mots : écoute, réactivité et performance.

Notre PME s'est construite sur des valeurs fortes et possède une grande capacité d'adaptation, nous sommes très sensibles aux innovations et sommes tournés vers l'avenir.",Automation Machinery Manufacturing,51-200 employees,Privately Held,"Manosque, Provence-Alpes-Côte d'Azur, France",France,delta3e.com,https://www.linkedin.com/company/delta-electricité-electronique-etudes-d3e-
EVTech 富特科技,"Founded in August 2011, EV-Tech is a Chinese national high-tech enterprise focusing on core components of new energy vehicles. We are a main tier1 supplier of on-board chargers (OBC), onboard DC/DC converters and off-board products such as DC WALLBOX for new energy vehicles.

At present, the CNAS certified automotive grade laboratory and automotive grade product development system have been built, the first base in Anji of China has been put into production, the second base as the company's investment projects are being promoted in the construction, at the same time, in order to adapt to the rapid development trend of the industry,to meet the needs of customers to expand the production of the base in South China is also in the process of preparation for the construction. 

In addition, in order to accelerate the development of overseas markets, the French wholly-owned subsidiary EV-Tech SAS has also been established, and set up a liaison office in Japan, laying a solid foundation for good service to international customers.

The company has an excellent customer structure, covering domestic traditional automobile manufacturers, domestic car-making new force manufacturers and overseas automobile manufacturers, etc. It is one of the few on-board high-voltage power supply enterprises in China that support international first-class vehicle manufacturers and high-end brand new energy vehicles. Existing customers include Renault, STELLANTIS, ICS, GAC, Great Wall, Azure, EJT, Xiaopeng, BYD, Chang'an, Zero Run and many other domestic and foreign well-known OEMs.

And in recent years, we have been awarded with the honors of Outstanding Supplier and Quality Contribution Award by a number of OEMs such as GAC, Great Wall, Azure and so on.",Automation Machinery Manufacturing,"1,001-5,000 employees",Partnership,"Versailles, Île-de-France, France",France,zjevt.com,https://www.linkedin.com/company/zhejiang-ev-tech-co-ltd
Serimatec,"Serimate, société spécialisée dans l'automatisation, la transitique et la robotisation standard ou personnalisée.",Automation Machinery Manufacturing,11-50 employees,Privately Held,"Val-de-Reuil, Normandy, France",France,serimatec-sn.com,https://www.linkedin.com/company/serimatec-louviers
Actemium Orléans,"Actemium Orléans est au cœur de la performance industrielle. Chaque jour, nos experts accompagnent leurs clients par des solutions techniques sur mesure.

Soucieux des enjeux actuels, nos équipes possèdent des compétences techniques permettant de répondre à de nombreux enjeux tels que l'amélioration de la productivité, la réduction des coûts ou encore la RSE.",Automation Machinery Manufacturing,51-200 employees,Public Company,"Saran, Centre-Val de Loire, France",France,actemium.fr,https://www.linkedin.com/company/actemium-orléans
PLC & Process,"PLC Process is the leader of automation worldwide. Well known specialist in the gas industry, PLC Process can help you to develop your production and your business using its knowledge in the industry.
PLC Process can work in other industries as well to solve your problems.",Automation Machinery Manufacturing,2-10 employees,Self Owned,"Asprières, Occitanie, France",France,plcprocess.com,https://www.linkedin.com/company/plc-process
CMAT,"CMAT, your partner for customised overhead handling solutions!

Specialists in overhead conveyors (rope and chain), roller conveyors and much more, we support you from design to commissioning of your projects.
With CMAT, you benefit from a complete service:

- Customised study and design

- Turnkey installation

- Maintenance and after-sales service tailored to your needs

Our expert technicians will follow your project from A to Z and guarantee a solution that is perfectly suited to your business and your products. 

On request, we can visit your site to carry out a personalised diagnosis.
Do you need a new installation, retrofit, maintenance or compliance? CMAT is there to provide you with the ideal solution.

Need assistance or spare parts? Our after-sales service responds to all your requests.

Contact us to find out more:

Email: cmat@cmat.fr
Tel: (+33) 2 51 10 65 65",Automation Machinery Manufacturing,11-50 employees,Privately Held,"Saint-André-des-Eaux, Pays de la Loire, France",France,cmat-convoyeuraerien.fr,https://www.linkedin.com/company/cmat
OPEX France,"OPEX Corporation est plus qu'un fabricant de machines.  Nous réimaginons continuellement la technologie afin d'assurer l'avenir de nos clients. 

Grâce à une approche innovante, nous concevons des solutions automatisées uniques qui soutiennent nos clients afin qu'ils puissent résoudre les défis commerciaux les plus urgents d'aujourd'hui et de demain. Nos solutions évolutives d'automatisation des entrepôts, des documents et du courrier améliorent le flux de travail, accélèrent le changement et rendent l'infrastructure plus efficace. 

Nous sommes une entreprise familiale comptant plus de 1.600 employés dévoués qui innovent, fabriquent, installent et entretiennent des produits qui contribuent chaque jour à transformer l'industrie. Nous sommes à l'écoute de nos clients, nous nous respectons mutuellement et nous travaillons ensemble pour aider à réimaginer l'avenir grâce à des solutions automatisées.

Chez OPEX, nous sommes l'automatisation de la prochaine génération.

Déclaration d’activité enregistrée sous le numéro 1991033291 auprès du préfet de la région Ile de France. Cet enregistrement ne vaut pas agrément d'État.",Automation Machinery Manufacturing,"1,001-5,000 employees",Privately Held,"Villebon-sur-Yvette, Île-de-France, France",France,opex.com,https://www.linkedin.com/company/opex-france
Moog France,"Moog Industrial, filiale de Moog Inc., est fabricant et intégrateur mondial de produits et de systèmes de contrôle de mouvement de haute précision. Moog propose des solutions haute performance combinant les technologies électriques, hydrauliques et hybrides pour aider les entreprises recherchant la performance pour développer leurs machines de nouvelle génération. De la conception et la fabrication de produits et de solutions à la fourniture d'un soutien consultatif d'experts, Moog collabore avec ses clients dans de nombreux domaines industriels, tels que l'industrie lourde, l'industrie métallurgique, l'industrie du plastique, les applications navales, militaires et civiles, ou bien encore la formule 1.",Automation Machinery Manufacturing,"10,001+ employees",Public Company,"Tigery, Île-de-France, France",France,moog.fr,https://www.linkedin.com/company/moog-france
Itris Automation,"Itris Automation, a Schneider Electric company, is a software engineering company that provides development tools for the verification, conversion and documentation of PLC codes to complement the programming tools of international PLC vendors. 

As PLC programs become bigger and more complex, the need to ensure their quality and maintain them at the lowest possible cost has never been greater. Thanks to their advanced technologies, Itris Automation supports their customers, whether project managers, developers, quality managers, or industry experts, in improving their development processes and therefore in delivering higher quality programs in shorter timeframes. 

With a team that is known for its vast experience and expertise in computer science and automation, Itris Automation’s aim is to provide innovative solutions to optimise their clients’ development processes.

Visit our website www.itris-automation.com to find out more!

#industrialautomation #automation #PLC #softwarequality",Automation Machinery Manufacturing,11-50 employees,Privately Held,"Grenoble, Auvergne-Rhône-Alpes, France",France,itris-automation.com,https://www.linkedin.com/company/itris-automation
SOLU-TECH,"Qui sommes-nous ?

Nous sommes une équipe à votre écoute. Notre valeur ajoutée, c'est l'alliance entre les besoins de nos clients que nous écoutons, et notre savoir-faire dans la haute technologie au service de la production. Nous privilégions depuis toujours la proximité et l'écoute afin de mieux cerner chaque problématique le plus précisément et fidèlement possible en établissant avec chacun de nos clients, comme avec nos fournisseurs, des relations de collaboration constructives basées sur un partenariat solide à long terme. Des noms aussi prestigieux que Siemens et ABB sont devenus des références pour notre entreprise ; ce sont des partenaires qui ont depuis reconnu notre compétence. 

Notre taille nous permet de répondre avec souplesse dans plusieurs domaines de compétences tels que :
-	l’automatisme
-	l’informatique industrielle
-	le contrôle/vision
-	la robotique
-	les machines spéciales

Mais nous ne faisons pas que répondre à vos besoins, nous vous aidons également à les améliorer. Vous souhaitez rationaliser une ligne de production, améliorer la qualité de vos produits ou même faire face à de nouveaux besoins nécessitant la mise en place d'idées nouvelles, nous sommes là, prêts à vous apporter des solutions ""clés en main"" que nous saurons faire avancer au gré des évolutions technologiques. 
Votre réussite industrielle et commerciale sera le résultat de notre travail en équipe avec vous, dans un esprit de recherche permanente, d'innovation, de compétitivité et bien sûr de confiance.

Votre performance passe aussi par SOLU-TECH.",Automation Machinery Manufacturing,11-50 employees,Partnership,"Rosheim, Grand Est, France",France,solu-tech.fr,https://www.linkedin.com/company/solu-tech
MécaTheil,"Grâce à notre équipe polyvalente de techniciens et d'ingénieurs, nous sommes en mesure de maîtriser l'intégralité de chaque projet : Pré-étude, Conception CAO mécanique et électrique, Usinage, Montage, Câblage, Programmation, Mise au point, Installation sur site, Formation des personnels intervenant sur la machine, Service après-vente.",Automation Machinery Manufacturing,11-50 employees,Privately Held,"Lafeuillade-en-Vézie, Auvergne-Rhône-Alpes, France",France,mecatheil.fr,https://www.linkedin.com/company/mecatheilrobotique
Elsys,"Get your building smarter and energy efficient is our job

Elsys Solutions is a company specialized in design, installation and maintenance  of Building Management System (BMS), building automation system (BAS) and HVAC controllers / PLC for the control of many equipments (AHU, Cooling Tower, chiller, pressurized air....).

We have already installed more than 600 BMS in FRANCE, THAILANDE, MADAGASCAR, MAURITIUS, MOROCCO, REUNION ISLAND",Automation Machinery Manufacturing,11-50 employees,Partnership,"Gallargues-le-Montueux, Occitanie, France",France,elsys.fr,https://www.linkedin.com/company/elsys
BV Industrie,"Fort de mes 20 années d'expérience en tant que technicien de maintenance en automatisme, électricité et informatique industrielle, j'interviens sur vos besoins en maintenance curative, prédictive ou amélioration (veille technologique, gestion d'obsolescence)",Automation Machinery Manufacturing,Self-employed,Self Employed,"Seilhac, Nouvelle-Aquitaine, France",France,,https://www.linkedin.com/company/bv-industrie
ADEC AUTOMATISMES,Je vous propose mon savoir-faire dans les domaines de l'automatisme et de l’informatique industrielle.,Automation Machinery Manufacturing,Self-employed,Privately Held,"Villeneuve-lès-Montréal, Occitanie, France",France,adec-automatismes.fr,https://www.linkedin.com/company/adec-automatismes
SELMEC FRANCE,"Nous sommes un groupe capable de vous fournir des solutions efficaces aux problèmes d'automatisme, de robotique, de sécurité machine et de schématique électrique. N'hésitez pas à nous contacter pour vos projets ou vos remises à niveau de machine.",Automation Machinery Manufacturing,2-10 employees,Self Owned,"Thaon-les-Vosges, Grand Est, France",France,selmec.com,https://www.linkedin.com/company/selmec-france
Partenium 3D: sous traitance en métrologie et contrôle tri-dimensionnel,"Partenium 3D est votre nouveau partenaire en métrologie et contrôle tri-dimensionnel sur la région sud est. Nous sommes basés à Alès (Gard) et vous proposons la sous traitance du contrôle de vos pièces mécaniques et étalonnage des instruments de mesure. Nous pouvons contrôler des pièces jusqu'à 2000X1000X800!
Contactez nous pour devis et information : contact@partenium3d.fr",Automation Machinery Manufacturing,2-10 employees,Privately Held,"Saint-Hilaire-de-Brethmas, Occitanie, France",France,partenium3d.fr,https://www.linkedin.com/company/partenium-3d
L-ions Energy,"Confiez vos travaux d’électricité à un professionnel en Isère
L-ions Energy prend en charge tous vos travaux d’électricité dans le secteur industriel et tertiaire.

Fort d’une expérience de 15 ans dans le domaine, votre électricien vous assure des prestations de qualité. 

Votre artisan est titulaire d'un triple CAP en électrotechnique, en froid et climatisation et en maintenance des équipements de système informatique.

Votre électricien industriel prend en charge l’installation des armoires électriques et des boites de commutation.",Automation Machinery Manufacturing,Self-employed,Self Employed,"Saint-Martin-d'Hères, Auvergne-Rhône-Alpes, France",France,,https://www.linkedin.com/company/l-ions-energy
Meltrade Automatika Ltd.,Main distributor  of Mitsubishi Electric in Hungary.,Automation Machinery Manufacturing,11-50 employees,Public Company,"Salon-de-Provence, Provence-Alpes-Côte d'Azur, France",France,meltrade.hu,https://www.linkedin.com/company/meltrade
Clôtures de l'Ouest devient LIPPI,"La société Clôtures de l'Ouest, répartie au sein de 4 agences à Rennes, Saint-Brieuc, Lorient et Brest met tout son savoir-faire et son expertise à votre service. Clôtures, portails, contrôles d'accès... que vous soyez un particulier ou un professionnel, nous répondons à tous vos besoins.

Un stock disposant de plus de 1000 références permettent de répondre à toutes les demandes,
Un service automatismes, composé de 4 techniciens itinérants et d’un service hotline, permet de vous assurer un bon fonctionnement de vos installations.

Chaque agence est organisée pour être à votre écoute et répondre à vos attentes commerciales, techniques et administratives.",Automation Machinery Manufacturing,11-50 employees,Self Owned,"Vern-sur-Seiche, Brittany, France",France,cloturesdelouest.com,https://www.linkedin.com/company/groupe-atoll-clôtures-portails
Psycle Analytics,"Psycle Analytics accompagne des PME & ETI a repousser les limites de leurs données et accélérer leurs transformations numériques. 
Psycle Analytics, spécialiste du traitement de la donnée par l'Intelligence Artificielle, conseille, construit et développe des applications business basées sur la donnée pour transformer le cycle décisionnel de demain.",Automation Machinery Manufacturing,2-10 employees,Privately Held,"Compiègne, Hauts-de-France, France",France,,https://www.linkedin.com/company/psycle-analytics
AUTOMACTION SARL,"Prestations en automatisme et robotique, de l'analyse fonctionnelle jusqu'à la mise en service, ou pour modification d'équipement existant, nous sommes là pour vous !",Automation Machinery Manufacturing,Self-employed,Self Employed,"Surzur, Brittany, France",France,,https://www.linkedin.com/company/automaction-sas
ATB 08,"Conception et réalisation de machines automatisées pour l'agro-industrie, l'agriculture, la maraichage et la valorisation de déchets organiques.",Automation Machinery Manufacturing,2-10 employees,Partnership,"Beaumont-en-Argonne, Grand Est, France",France,atb-08.com,https://www.linkedin.com/company/atb-08
Composite Robotics,"We provide full-scale robotic automation services for the industry,
including industrial robot and collaborative robot programming, CNC programming, electrical and mechanical design, and construction.",Automation Machinery Manufacturing,2-10 employees,Privately Held,"Auvergne-Rhône-Alpes, France",France,compositerobotics.com,https://www.linkedin.com/company/composite-robotics
JETT TECHNIC,,Automation Machinery Manufacturing,Self-employed,Self Employed,"Gaillon-sur-Montcient, Île-de-France, France",France,,https://www.linkedin.com/company/jetttechnic
AUTOMATISME ET REGULATION (SAAR),"Etude, fabrication et mise en service d'armoires électriques à destination de l'industrie et du génie climatique.",Automation Machinery Manufacturing,2-10 employees,Privately Held,"Bezannes, Grand Est, France",France,,https://www.linkedin.com/company/automatisme-et-regulation-saar
2i Process,"Études, réalisations et conseils dans le secteur de l’automatisme, l'informatique et l’informatique industrielle.",Automation Machinery Manufacturing,2-10 employees,Privately Held,"Échirolles, Auvergne-Rhône-Alpes, France",France,2iprocess.fr,https://www.linkedin.com/company/2i-process
AJAutomation,"Nous sommes fabriquant de machines spéciales pour l'industrie et les laboratoires
Nous étudions tout type de demande mécanique ou d'automatisme.
assemblage, contrôle, robot, banc de test, vision",Automation Machinery Manufacturing,2-10 employees,Privately Held,"Massy, Île-de-France, France",France,rivetage.com,https://www.linkedin.com/company/ajautomation
GEGEO Solutions / ASU / GSI,GEGEO Solutions est une SASU spécialisée dans le conseil en B to B. C'est la société mère de ASU et GSI.,Automation Machinery Manufacturing,2-10 employees,Privately Held,"Saint-Marcel-lès-Valence, Auvergne-Rhône-Alpes, France",France,gegeo.fr,https://www.linkedin.com/company/gegeo-solutions
New Mat Mecatronics,Entreprise New-Mat Mecatronics spécialiste dans le domaine de la robotique et automatisme industriel modulaire.,Automation Machinery Manufacturing,2-10 employees,Privately Held,"Le Plessis-Bouchard, Île-de-France, France",France,new-mat.fr,https://www.linkedin.com/company/new-mat-mecatronics
IO2A,"IO2A possède le savoir-faire pour mener des projets fédérant l'automation, l'informatique industrielle, les liaisons avec l'informatique de gestion, mais également l'électricité.

Ces projets pluridisciplinaires sont coordonnés par un Pilote Projet qui est votre interlocuteur privilégié.

IO2A investit régulièrement dans la Recherche et le Développement afin d'offrir des solutions innovantes, de haute technologie et à forte valeur ajoutée, en informatique industrielle et en automation.",Automation Machinery Manufacturing,Self-employed,Privately Held,"Combronde, Auvergne-Rhône-Alpes, France",France,io2a.com,https://www.linkedin.com/company/io2a
SIMAM,"Depuis plus de 20 ans, SIMAM développe et conçoit des solutions clés en main pour la manutention des charges et l'aménagement des postes de travail.
SIMAM étudie, fabrique, et installe sur site :
- des systèmes d'assistance au levage (bras manipulateurs, poutres roulantes, palans...)
- des systèmes de manutention (préhenseurs, convoyeurs, tables élévatrices...)

SIMAM apporte également des solutions dans le domaine de la Distribution et de la Maintenance Industrielle des sytèmes de Transmission Mécanique",Automation Machinery Manufacturing,2-10 employees,Privately Held,"Saint-Pierre-Lès-Elbeuf, Normandy, France",France,simam.fr,https://www.linkedin.com/company/simam
ASTEQ TECHNOLOGIES,"ASTEQ TECHNOLOGIES is a French supplier and distributor of industrial equipment that offer different products and solutions to guarantee a smart and flexible production environment, whatever is the industry sector (aeronautics, automotive, chemicals and petrochemicals, plastics, energy, manufacturing, ...).
We focus on providing the fast growing industry in North Africa and all over the world with one of the deepest and widest selections of industrial equipment.",Automation Machinery Manufacturing,2-10 employees,Privately Held,"Antony, Île-de-France, France",France,asteq-technologies.com,https://www.linkedin.com/company/asteq-technologies
ACCES CONCEPT (Fermetures automatiques du bâtiment),"Notre équipe est spécialiste de la fermeture automatique des bâtiments. 

Nous assurons l'installation, la maintenance et le dépannage des systèmes de fermeture automatique de l'habitat et de l'industrie dans la région Auvergne-Rhône-Alpes. 

Nos installations pour l’habitât: 
Portails, portes de garages, motorisation, clôtures, brises-vue, gardes-corps, carports, fenêtres, volets 

Nos installations pour l'industrie: 
Portails automatiques, barrières automatiques, portes sectionnelles, portes souples rapides, rideaux métalliques, niveleurs de quais",Automation Machinery Manufacturing,2-10 employees,Privately Held,"Chassieu, Auvergne-Rhône-Alpes, France",France,acces-concept.fr,https://www.linkedin.com/company/acces-concept-sarl
ALTO-Instruments,"Alto-Instruments propose des solutions et services pour la mesure et la régulation des fluides.
Nous commercialisons différentes technologies de débitmètres pour gaz et liquides et proposons des services d'étalonnage sous accréditation ISO 17025 sur gaz réels et liquides à viscosité variables.
Nous commercialisons également des systèmes d'humidification et d'échantillonnage de gaz .",Automation Machinery Manufacturing,2-10 employees,Privately Held,"Saint-Maur-des-Fossés, Île-de-France, France",France,alto-instruments.fr,https://www.linkedin.com/company/altoinstruments
EWAB Engineering S.A.S.,SMART INDUSTRIAL AUTOMATION - CONVEYOR - ROBOTICS - EXPERTS IN MATERIAL FLOW - CONNECTING MACHINES - GLOBAL PRESENCE,Automation Machinery Manufacturing,201-500 employees,Privately Held,"Sausheim, Grand Est, France",France,ewab.com,https://www.linkedin.com/company/ewab-engineering-sas
Distributeur de Plaisir,"Distributeurs automatiques clés en main, conception, approvisionnement, image de marque, assistance complète.",Automation Machinery Manufacturing,2-10 employees,Self Employed,"Sargé-lès-le-Mans, Pays de la Loire, France",France,distributeurdeplaisir.com,https://www.linkedin.com/company/distributeur-de-plaisir©️
Siemens Digital Industries Customer Services FR,"Siemens Digital Industries Customer Service FR est votre partenaire privilégié pour maximiser la performance de vos opérations industrielles à travers une gamme complète de services traditionnels, digitaux et projets. Notre objectif est d'accompagner nos clients dans leur transformation numérique tout en assurant la fiabilité et la continuité de leurs installations.

Services traditionnels :
Support technique
Intervention & maintenance
Contrat de service
Pièces de rechange & réparation
Formation professionnelle

Services digitaux :
Services digitaux pour l'automatisation industrielle (FA), l'industrie de processus (PA) et la motorisation (MC)
Cybersécurité

Services projets :
Rétrofit & modernisation
Projets de digitalisation

Grâce à nos solutions sur mesure, qu'il s'agisse de services de maintenance ou de la mise en place de technologies digitales avancées, nous aidons nos clients à relever les défis de l'Industrie 4.0 tout en garantissant un service client de premier ordre.

Travaillons ensemble pour assurer votre succès industriel !

#SupportTechnique #ServiceClient #Maintenance #Cybersécurité #Automatisation #TransformationNumérique #Digitalisation #Rétrofit",Automation Machinery Manufacturing,"10,001+ employees",Public Company,"Courbevoie, Île-de-France, France",France,siemens.com,https://www.linkedin.com/company/siemens-digital-industries-customer-services-fr
Vicivision France,,Automation Machinery Manufacturing,11-50 employees,Privately Held,"Douvaine, Auvergne-Rhône-Alpes, France",France,vicivision.com,https://www.linkedin.com/company/vicivision-france
WALTHER en France,"WALTHER S.A.R.L est la société nationale française de Carl Kurt Walther GmbH & Co. KG, une société allemande leader dans le développement et la fabrication de systèmes de connexion rapide de haute qualité.

Avec sa marque WALTHER-PRÄZISION, Carl Kurt Walther GmbH & Co. KG (fondée en 1931) développe et fabrique depuis 1951 des mono- et multi-coupleurs et des systèmes d'amarrage destinés à être utilisés partout où des liquides, de la vapeur, des gaz, des signaux électriques ou optiques et de l'énergie électrique doivent être transférés et connectés ou déconnectés en toute sécurité.",Automation Machinery Manufacturing,2-10 employees,Privately Held,"Lisses, Île-de-France, France",France,walther.fr,https://www.linkedin.com/company/walther-sarl
LOC LEVAGE,LOC LEVAGE est présent sur Angers et rayonne sur l’ensemble des Pays de la Loire.,Automation Machinery Manufacturing,2-10 employees,Partnership,"Chemillé-en-Anjou, Pays de la Loire, France",France,loc-levage.fr,https://www.linkedin.com/company/loc-levage
Securitest | Contrôle technique,"Découvrez nos trois centres : 

Evreux
    Adresse : 63 Rue Saint-Sauveur, 27000 Évreux
  Contact : 02 32 31 31 28

  Gravigny 
    Adresse : 128 Av. Aristide Briand, 27930 Gravigny
  Contact : 02 32 31 18 03

  Conches-en-Ouche 
    Adresse : 128 Le Chemin de Beaubray, 27190 Conches-en-Ouche
  Contact : 02 32 60 19 90",Automation Machinery Manufacturing,2-10 employees,Privately Held,"Évreux, Normandy, France",France,controlissimo.fr,https://www.linkedin.com/company/securitestcontrôletechnique
Enable Automation,,Automation Machinery Manufacturing,2-10 employees,Self Owned,"Le Loroux-Bottereau, Pays de la Loire, France",France,,https://www.linkedin.com/company/enableautomation
FCPI Fourniture Caoutchouc Plastique Industriel,Création de tout produit sur plan ou d'après un model en Caoutchouc ou Plastique à destination de la Maintenance Industrielle,Automation Machinery Manufacturing,2-10 employees,Self Employed,"Irigny, Auvergne-Rhône-Alpes, France",France,fournitures-caoutchouc-plastique-industriels-lyon.fr,https://www.linkedin.com/company/fcpi-fourniture-caoutchouc-plastique-industriel
ERPAC,"Depuis plus de 35 ans, ERPAC accompagne les acteurs de l'industrie dans l'optimisation et la modernisation de leurs processus de production. Spécialistes des solutions sur-mesure, nous transformons les défis techniques de nos clients en succès opérationnels.

Notre savoir-faire clé en main :
 Électronique : Étude, conception et production de cartes électroniques personnalisées pour maximiser vos performances.
 Électrotechnique : Conception et câblage d'armoires électriques robustes, adaptées aux environnements industriels les plus exigeants.
 Automatisme : Programmation et intégration de systèmes d'automatisation intelligents et connectés pour booster votre productivité.

De l'étude initiale à l'installation sur site, notre équipe d'ingénieurs et de techniciens expérimentés met l'innovation et la qualité au cœur de chaque projet.",Automation Machinery Manufacturing,11-50 employees,Privately Held,"La Guerche Sur l'Aubois, Centre Val De Loire, France",France,erpac.fr,https://www.linkedin.com/company/erpac
F.K.W SPIROFLUX,"Fondée en 1978, la Société Spiroflux dont le siège social se trouve à Gardanne, France, est spécialisée dans la fourniture d’équipements destinés à la gestion de matière avant transformation pour l’industrie des matières plastique.

Aujourd’hui c’est la société FKW « spiroflux » qui prend la relève notre objectif principal est toujours la satisfaction de nos clients et une recherche permanente de solutions innovantes en matière de développement de nouvelles technologies. 
Spiroflux était le leader sur le marché dans ce domaine et FKW compte bien le rester.

Le nom de FKW Spiroflux est synonyme de qualité dans le secteur de l’industrie plastique. 
FKW Spiroflux transmet tout un savoir-faire pour le traitement de granulés, poudres ou broyés.

FKW vous accompagne tout au long de votre projet, autant dans la définition technique que dans la réalisation, le montage et le suivi de l’installation.

Les nouveaux dirigeants de FKW (ancien employés Spiroflux) veulent mener à bien une entreprise à la pointe du progrès qui s’ouvre de plus en plus vers le marché international, FKW est un choix incontournable pour la gestion de vos flux matières.",Automation Machinery Manufacturing,2-10 employees,Partnership,"Mimet, Provence-Alpes-Côte d'Azur, France",France,fkw-spiroflux.com,https://www.linkedin.com/company/f-k-w-spiroflux
2API,"2API is a consumer goods company based out of 11 RUE CHOBOURDIN, HERLIES, France.",Automation Machinery Manufacturing,Self-employed,Self Owned,"Herlies, Hauts-de-France, France",France,2api.fr,https://www.linkedin.com/company/2api
Établissement Baey,"l'Établissement Baey Joël est spécialisé dans l'électricité industrielle, le bobinage de moteurs électriques et l’automatisme. Composée de techniciens professionnels et d'un bureau d'études l’entreprise est capable d’apporter des solutions techniques précises.",Automation Machinery Manufacturing,11-50 employees,Privately Held,"Nérac, Nouvelle-Aquitaine, France",France,etsbaeyjoel.fr,https://www.linkedin.com/company/établissement-baey-joël
LUCAS VISION INDUSTRIELLE,Entreprise spécialisée en Vision Industrielle. Nous sommes un partenaire dans la mise en place de toutes vos solutions en Vision Industrielle et nous vous accompagnons de la définition du besoin jusqu'à la mise au sein de votre process. Nous sommes Keyence Vision Integrator,Automation Machinery Manufacturing,,Privately Held,"Thorigné-d'Anjou, Pays de la Loire, France",France,lucas-vision-industrielle.fr,https://www.linkedin.com/company/lucas-vision-industrielle
SOPROLEC,"Soprolec est une entreprise française experte en automatisme industrielle, qui conçoit, fabrique et distribue une gamme complète de motorisations, contrôleurs d’axes, automates programmables et accessoires pour la commande numérique, avec livraison rapide et solutions personnalisées en France.
Distributeur officiel Kinco et Leadshine, elle propose aussi applications clés en main, intégrant logiciels CNC, IHM, variateurs et supports, pour répondre efficacement aux besoins techniques les plus exigeants.",Automation Machinery Manufacturing,2-10 employees,Privately Held,"Savigné-l'Évêque, Pays de la Loire, France",France,soprolec.com,https://www.linkedin.com/company/soprolec
Robots Everywhere,"Robots Everywhere est la startup Française spécialisée dans le service robotique. Nous démocratisons la robotique en la transposant du monde de l'industrie à celui du service grand public. Nous créons des modules de services 24h/24, débarrassant l'humain des tâches répétitives.",Automation Machinery Manufacturing,2-10 employees,Privately Held,"Nice, Provence-Alpes-Côte d'Azur, France",France,robotseverywhere.eu,https://www.linkedin.com/company/robots-everywhere
GPIS - Global Process Industrial Systems,"GPIS est une entreprise leader dans la conception, la fabrication, l’installation et la maintenance des « Machines Spéciales » : 
les machines de production robotisées, automatiques ou semi-automatiques.

A travers notre partenariat avec l'un des meilleurs fabricants italiens qui concrétise le fruit d’une longue expérience dans 
le domaine depuis 1980 à travers ses 5 filiales, Mexico, Brazil, Morocco, Poland et la république tchèque.

Nous vous offrons notre savoir-faire et l’expertise de notre partenaire pour la gestion de vos projets : de la conception jusqu’à l’implantation dans vos locaux en passant par le prototypage, l’industrialisation, la fabrication, la mise en production et la maintenance.
A partir de votre process et vos besoins, nous finalisons, vous et notre équipe du bureau d’études, le cahier des charges afin d’aboutir dans la confidentialité, aux solutions techniques et financières les mieux adaptées.",Automation Machinery Manufacturing,2-10 employees,Partnership,"Belfort, Bourgogne-Franche-Comté, France",France,gpis.ma,https://www.linkedin.com/company/gpis-sarl-global-process-industrial-systems
Artiqe,"Bienvenue chez Artiqe, leader dans la création d'assistants virtuels novateurs. Notre entreprise révolutionne la manière dont les entreprises fonctionnent en automatisant les processus, répondant aux questions des clients et générant des leads de manière autonome. Grâce à notre expertise en intelligence artificielle avancée, nos assistants virtuels sont capables d'offrir un support client exceptionnel 24 heures sur 24, 7 jours sur 7, tout en libérant les ressources humaines pour des tâches plus stratégiques. Chez Artiqe, nous mettons l'innovation au cœur de tout ce que nous faisons, créant ainsi une expérience client plus fluide, des opérations plus efficaces et une croissance accélérée pour nos clients. Rejoignez-nous dans cette révolution numérique et transformons ensemble l'avenir des entreprises.",Automation Machinery Manufacturing,2-10 employees,Partnership,"Paris, Île-de-France, France",France,,https://www.linkedin.com/company/artiqe
CIMSIDE,"CIMSIDE est une entreprise, qui existe depuis plus de 12 ans.  

Nous sommes un cabinet d’étude et d’ingénierie, spécialisé dans l'informatique industrielle, l’automatisme (fourniture et programmation de tout type d’automates), le contrôle commande (SNCC, DCS,APS) et la supervision (SCADA) pour une meilleur gestion des process de fabrication (continus, batch ou discrets). 
Nous accompagnons aussi nos clients dans l’amélioration de leur performance industrielle (TRS, traçabilité, contrôle..) à travers des outils comme les MES (Manufacturing Execution System), qui permettent notamment de relier la production à la gestion globale de l’entreprise.
Nous avons mis en place un pôle Recherche et Développement, dont l’objet est de trouver des solutions vertes pour diminuer les coûts énergétiques des industries. 


Nous sommes une société indépendante, ce qui nous permet de privilégier en toute neutralité l'intérêt de nos clients et de mieux répondre à leur besoin. 

Nous plaçons l'humain au cœur de notre développement : ""lorsque 2 forces sont jointes, leur efficacité est double"" Isaac Newton.",Automation Machinery Manufacturing,Self-employed,Privately Held,"Doussard, Auvergne-Rhône-Alpes, France",France,cimside.fr,https://www.linkedin.com/company/cimside
ROBOT INDUSTRIES France,"Robot Industries - distributeur et intégrateur d’une large gamme de robots et de lignes d’automatisation industrielle, vient soutenir les petites et moyennes entreprises ainsi que les entreprises en Roumanie dans des domaines tels que: automatismes, usines, centres logistiques, zones de production, zones commerciales, espaces de stockage, constructions, HoReCa, métallurgie, prise de contrôle du bois, nettoyage ...",Automation Machinery Manufacturing,201-500 employees,Privately Held,"Paris, Île-de-France, France",France,robotindustries.fr,https://www.linkedin.com/company/robot-industries-france
DAPS | distribution automatique innovante,"Vous êtes artisan, fleuriste, boulanger ou commerçant? Multipliez les points de vente en mettant à disposition vos produits 24/7 y compris durant vos horaires de fermeture !",Automation Machinery Manufacturing,2-10 employees,Privately Held,"Niort, Nouvelle-Aquitaine, France",France,fr-daps.fr,https://www.linkedin.com/company/daps-distribution-automatique
ARKERION,"Arkerion
Transformez votre vision en réalité.

Nous sommes spécialisés dans la conception et l’expertise de machines spéciales pour optimiser les processus industriels. Grâce à notre maîtrise en robotique, automatisation, et conception mécanique, nous accompagnons les entreprises dans leurs défis technologiques, de la planification à la mise en œuvre.

Basés à Beauvais, nous collaborons avec des leaders comme ABB et FANUC pour fournir des solutions sur mesure, fiables et innovantes. Découvrez comment nous pouvons transformer vos idées en projets concrets et performants !

 Contactez-nous : www.arkerion.fr",Automation Machinery Manufacturing,Self-employed,Self Owned,"Beauvais, Hauts-de-France, France",France,arkerion.fr,https://www.linkedin.com/company/arkerion
Prodeegy,"Prodeegy is an AI based industrial testing and diagnostic solution, offering automation of QA/QC for manufacturing, refurbishing and product rental companies.

Prodeegy is flexible, automated and able to test, validate and diagnose a broad range of products using AI and robotics. 

Prodeegy can be integrated into a production line for new product testing, an after-sale service and refurbishing centers for qualification, testing and diagnostics as well as product rental return for quality control.",Automation Machinery Manufacturing,11-50 employees,Privately Held,"Paris, Île-de-France, France",France,prodeegy.ai,https://www.linkedin.com/company/prodeegy
MDI Désenfumage,"Christophe LASSORT professionnel du DESENFUMAGE depuis 1996 vous apporte son expertise pour toutes vos études, travaux et maintenance.",Automation Machinery Manufacturing,2-10 employees,Self Employed,"Sainte-Colombe-en-Bruilhois, Nouvelle-Aquitaine, France",France,sarl-mdi.fr,https://www.linkedin.com/company/mdi-désenfumage
AEI - GROUPE API,"AEI, automatismes électricité industrielle, est une société à responsabilité limitée active depuis 28 ans. Établie à QUIMPER (29000), elle est spécialisée dans le secteur d'activité de la conception d'ensemble et assemblage sur site industriel d'équipements de contrôle des processus industriels.",Automation Machinery Manufacturing,2-10 employees,Self Employed,"Quimper, Brittany, France",France,,https://www.linkedin.com/company/aei-groupe-api
Sarl Fermetures Philippe,,Automation Machinery Manufacturing,2-10 employees,Partnership,"Kervignac, Brittany, France",France,fermeturesphilippe.com,https://www.linkedin.com/company/sarl-fermetures-philippe
sarl I.D.S Elec 63 (Industrie Domestique Services),"Entreprise d’électricité générale.                                              
Nos prestations concerne l’installation de domotique.
Nous pouvons dépanner vos installations électriques, électromécaniques, machines tournantes.
Technicien de maintenance industrielle, nous proposons également des services d’alignement laser pour vos machines tournantes, et poulies courroies.",Automation Machinery Manufacturing,2-10 employees,Privately Held,"Montaigut-en-Combraille, Auvergne-Rhône-Alpes, France",France,ids-elec63.fr,https://www.linkedin.com/company/i-d-s-elec-63
E.M.I,"Nous sommes quelques associés/passionés qui ont fondé une entreprise a fort potentiel d'évolution et de développement. Nous avons pour ambition de révolutionner le business des services aux entreprises industrielles. Notre aventure débute dans la fabrication, la conception, et l'exploitation de centrales à béton innovantes. nous sommes passionés d'innovation technologique et par le travail de qualité proche de nos client.",Automation Machinery Manufacturing,2-10 employees,Privately Held,"Chambéry, Auvergne-Rhône-Alpes, France",France,,https://www.linkedin.com/company/emisociete
RDeVe Automatismes & Robotique,"La société RDeVe a pour objectif de satisfaire ses clients dans leurs projets en Automatisme et Robotique. 
Depuis la définition du besoin à la rédaction de l’analyse fonctionnelle, en passant par la détermination  du matériel, jusqu’à sa programmation et mise en service, la société RDeVe s’efforcera, avec rigueur et qualité, de réaliser et développer vos projets.
Riche d’une expérience de plus de 20 ans, dans des secteurs d’activités divers et variés, RDeVe apportera son expertise à travers cette expérience, tout en évoluant avec les technologies d’aujourd’hui",Automation Machinery Manufacturing,2-10 employees,Partnership,"Étupes, Bourgogne-Franche-Comté, France",France,rdeve.com,https://www.linkedin.com/company/rdeve-automatismes-robotique
SEMA,"SEMA aide les entreprises industrielles à répondre aux enjeux mécaniques, électriques et automatiques de leurs installations en optimisant leur process et sans multiplier les prestataires.

De la conception à l’installation, de l’armoire électrique à la trémie, SEMA c’est une offre globale et intégrale.

Nous vous apportons une offre inédite dans le monde industriel : elle permet aux entreprises d’avoir un interlocuteur unique pour toutes les problématiques liées à l’électricité, l’automatisme et la mécanique industrielle.
Un service sur-mesure et suivi de A à Z, pour un véritable gain de temps au service de votre productivité industrielle.",Automation Machinery Manufacturing,2-10 employees,Self Owned,"Dieulefit, Auvergne-Rhône-Alpes, France",France,sema26.fr,https://www.linkedin.com/company/semaelectromécanique
PROLIOTECH,"Gestion des plans d'allumage, économies d'énergie, productivité. 
Une bonne solution pour la planète et votre image de marque.",Automation Machinery Manufacturing,2-10 employees,Partnership,"Thizy-les-Bourgs, Auvergne-Rhône-Alpes, France",France,proliotech.com,https://www.linkedin.com/company/proliotech
VIENNE FROID,"Vienne Froid Régulation  : Etude électrique, Câblage armoire électrique, Développement automatisme , Supervision et traçabilité. 

Vienne Froid Concept : Etude frigorifique, conception de centrale frigorifique, optimisation énergétique, conception de skid hydraulique, fluide frigorigène naturel ( Ammoniac et CO2).",Automation Machinery Manufacturing,2-10 employees,Self Owned,"Pont-Évêque, Auvergne-Rhône-Alpes, France",France,vienne-froid.fr,https://www.linkedin.com/company/vienne-froid
Etudes Automatisme industriel,,Automation Machinery Manufacturing,2-10 employees,,"Frépillon, Île-de-France, France",France,eai-automatisme.fr,https://www.linkedin.com/company/etudes-automatisme-industriel
GARAGE MALLE Saint Aubin Du Cormier,"- Vente véhicules neufs & d'occasion

- Réparation & entretien

- Carrosserie

- Dépannage",Automation Machinery Manufacturing,11-50 employees,Self Owned,"Saint-Aubin-du-Cormier, Brittany, France",France,peugeot.fr,https://www.linkedin.com/company/garage-malle-saint-aubin-du-cormier
MSI MESURE ET SIMULATION INDUSTRIELLE,La société MSI est spécialisée dans l'étude et la fabrication de bancs d'essais.,Automation Machinery Manufacturing,2-10 employees,Privately Held,"La Ciotat, Provence-Alpes-Côte d'Azur, France",France,,https://www.linkedin.com/company/msi-mesure-et-simulation-industrielle
DOOR SYSTEMES,"DOOR SYSTEMES is a mining & metals company based out of 7 ALLEE DES EPINETTES, TORCY, France.",Automation Machinery Manufacturing,2-10 employees,Privately Held,"Torcy, Île-de-France, France",France,doorsystemes.com,https://www.linkedin.com/company/door-systemes
Scalyx,"Chez Scalyx, nous transformons la manière dont les entreprises travaillent. Nous créons des applications web intelligentes et automatisées qui optimisent vos processus, réduisent les tâches répétitives et vous font gagner un temps précieux.

Grâce à l’intelligence artificielle, nous vous aidons à :

-Automatiser vos flux de travail pour une productivité maximale.
- Simplifier la gestion de vos données et de vos projets.
- Créer des solutions sur-mesure adaptées à vos besoins spécifiques.

Notre mission : permettre aux entreprises de se concentrer sur ce qui compte vraiment, tout en laissant la technologie gérer le reste.",Automation Machinery Manufacturing,2-10 employees,Self Owned,"Cabriès, Provence-Alpes-Côte d'Azur, France",France,scalyx.fr,https://www.linkedin.com/company/scalyx1
ARVIN AUTOMATISMES,"Arvin Automatismes 
Conception d'automatismes industriels
Réalisation de schémas électriques
Réalisation d'armoires et coffret de commandes
Programmation d'automates et HIM
Installation et mise en service",Automation Machinery Manufacturing,2-10 employees,Partnership,"Quetigny, Bourgogne-Franche-Comté, France",France,,https://www.linkedin.com/company/arvin-automatismes
AyWheel Solutions,"AyWheel Solutions accompagne les entreprises dans leur transformation numérique en automatisant leurs processus bureautiques et administratifs.
Spécialisée dans la robotisation Excel, les scripts AHK et la création d’outils sur mesure, AyWheel simplifie vos tâches répétitives, fiabilise vos données et optimise votre performance.

Find a solution or a robot.",Automation Machinery Manufacturing,Self-employed,Self Owned,"Goussainville, Île-de-France, France",France,,https://www.linkedin.com/company/aywheel-solutions
TECHNI PROCESS AUTOMATION,TECHNI PROCESS AUTOMATION est spécialiste de l'automatisation des procédés industriels depuis plus de 30 ans pour vous permettre de répondre à vos objectifs de compétitivité.,Automation Machinery Manufacturing,2-10 employees,Privately Held,"Montbrison, Auvergne-Rhône-Alpes, France",France,techni-process-automation.fr,https://www.linkedin.com/company/techni-process-automation
FABELEC SAS,"Expert dans la régulation de chauffage / Climatisation et Gestion Technique Centralisée (GTC)
Partenaire Solution SIEMENS
FABELEC souhaite vous faire bénéficier de son expérience et de son 
savoir-faire pour optimiser le bon fonctionnement selon vos besoins.
La société accomplie selon le projet à :
- l'étude technique
- la réalisation de l'armoire électrique
- l'élaboration de l'installation électrique avec raccordements des équipements
- la programmation élaborée du système, la mise en service et la formation du personnel",Automation Machinery Manufacturing,2-10 employees,Privately Held,"Saint-Étienne-du-Bois, Auvergne-Rhône-Alpes, France",France,fabelec-regulation.fr,https://www.linkedin.com/company/fabelec-sas
Hyundai Besançon HESS Automobile,"Concessionnaire HYUNDAI à Besançon, groupe HESS Automobiles.",Automation Machinery Manufacturing,11-50 employees,Privately Held,"Besançon, Bourgogne-Franche-Comté, France",France,hyundai-besancon.fr,https://www.linkedin.com/company/hyundai-besançon-hess-automobile
TurboPerfo,"Turboperfo offers a wide range of turbochargers destined to passenger cars and utility vehicles, as well as industrial, agricultural and even marine engines.

Cooperation with leading brands such as BorgWarner, Garrett, IHI, KKK, Holset, Schwitzer, etc. 

For each repair of the turbocharger, highest quality parts are used.

All our services and products are available for national and international delivery.",Automation Machinery Manufacturing,2-10 employees,Privately Held,"Grenoble, Auvergne-Rhône-Alpes, France",France,turboperfo.com,https://www.linkedin.com/company/turboperfo
LVPIA,"LVPIA : Entreprise de conseil et bureau d'étude en ingénierie, vous accompagne tout au long de vos projets industriel et vous aide à satisfaire vos clients.

Fondé en 2019, LVPIA a été crée dans le but de répondre à un besoin de support technique automatisme d’un grand groupe multi-sectoriel fort réalisant des lignes de production complète de nouvelle génération pour le compte d’un constructeur automobile français.

Outre le suivi de l’ensemble du périmètre automatisme avec plus de 8 fournisseurs pour une quarantaine d’équipements industriels sur différentes technologies tels que des automates programmables industriels de sécurité (FANUC ou SIEMENS), des caméras vision COGNEX, KEYENCE ou PRECITEC, de soudure laser TRUMPF, presse KESTLER ou même d’ultrason M2M, c’est avant tout la fonction de traçabilité et pilotage de l’ensemble de la ligne de production industrielle qui a été moteur pour accompagner notre client final dans cette transition vers ses usines du futur.",Automation Machinery Manufacturing,Self-employed,Self Owned,"Paris, Île-de-France, France",France,lvpia.fr,https://www.linkedin.com/company/lvpia
ROBSYTECH,"ROBSYTECH distribue, en France, la gamme de robots industriels YAMAHA. Nous proposons des solutions innovantes et personnalisées pour aider nos clients à améliorer leur efficacité, leur productivité et leur rentabilité.

De nombreux produits sont disponibles, tels que : des axes électriques, des robots SCARA, des robots cartésiens, des moteurs linéaires, des convoyeurs modulaires linéaires.

Nous assurons également le service après-vente, le support technique et la formation des utilisateurs sur ces produits.",Automation Machinery Manufacturing,2-10 employees,Privately Held,"Mérignac, Nouvelle-Aquitaine, France",France,robsytech.fr,https://www.linkedin.com/company/robsytech
"CIS Conceptie, Inovatie si Servicii","Robotica si automatizare industriala

Experienta si cunostintele tehnice ale echipei CIS , permit societatii sa se pozitioneze pe piata de servicii ce se adreseaza industriilor de productie automatizata.
Prestatiile noastre :
- Procese industriale, electricitate, reparatii electromecanice, masini-unelte, mentenanta, masini speciale.
- Studiul si realizarea de automatizari in robotica industriala, electricitate si informatica industriala.
- Studiul si realizarea de masini industriale robotizate integrand tehnologia numerica asociata cu mecanica.
- Studiul si realizarea de posturi de asamblaj, semi-automate /automate.
- Reabilitare la nivel electric, automat si mecanic ale mijloacelor de productie.

Experienta si cunostintele tehnice ale echipei CIS, permit societatii sa se pozitioneze pe piata de servicii ce se adreseaza industriilor de productie automatizata.",Automation Machinery Manufacturing,11-50 employees,Privately Held,"La Chapelle-Saint-Aubin, Pays de la Loire, France",France,,https://www.linkedin.com/company/cis-conceptie-inovatie-si-servicii
Prim' Automatismes,"Prim' Automatisme , spécialiste du mouvement , distribution de matériels isel pour la France",Automation Machinery Manufacturing,2-10 employees,Partnership,"Dreux, Centre-Val de Loire, France",France,isel.com,https://www.linkedin.com/company/prim-automatismes
Seujet Automation,Seujet Automation — le média qui rend l’industrie claire et actionnable :  décryptages •  guides express •  tendances #automatisation #maintenance. En plus :  approvisionnement •  réparation •  reprise d’équipements.,Automation Machinery Manufacturing,11-50 employees,Privately Held,"Grésy-sur-Aix, Auvergne-Rhône-Alpes, France",France,sjtautomation.com,https://www.linkedin.com/company/seujet-automation-eu-switzerland
PierAgro,"Pieragro est spécialisée dans la vente de matériel conchylicole ainsi que l’installation de système de Refroidissement des bassins d’eau de mer avec filtration et traitement UV.

Pieragro représente les sociétés suivantes :

– CMagro pour le Matériel neuf standard et sur-mesure,
– EED pour les Refroidisseurs d’eau
– GERMI pour les stérilisateur UV.

Pieragro, c’est aussi du négoce de matériels d’occasion.",Automation Machinery Manufacturing,2-10 employees,Partnership,"Saujon, Nouvelle-Aquitaine, France",France,pieragro.fr,https://www.linkedin.com/company/pier-agro
V-IMPROVE,"Spécialiste en automatisme et maintenance industrielle je vous aide à optimiser vos processus de production. 

Vous avez des projets de rétrofit, d'amélioration de systèmes existants, de support pour vos préventif lors d'arrêt technique ?

Faites confiance à mon expertise pour optimiser la productivité et la durabilité de vos installations industrielles.",Automation Machinery Manufacturing,Self-employed,Self Employed,"Castelnau-d'Estrétefonds, Occitanie, France",France,,https://www.linkedin.com/company/v-improve
Dashmesh Digital CNC Cutting Solution ( CNC & Laser Systems),"Dashmesh Digital CNC Cutting Solution is a Ujjain-based company specializing in precision CNC routing and CO2 laser engraving and cutting services, delivering high-quality fabrication solutions for materials such as acrylic, wood, metal, PVC, and composites. With expertise in advanced tools like AutoCAD and CorelDRAW, the company transforms ideas into accurate and customized products for industries including advertising, interior design, manufacturing, and construction. Focused on innovation, efficiency, and customer satisfaction, Dashmesh Digital ensures precise execution through modern machinery, skilled operation, and strict quality control at every stage of production. From concept design to final output, the company offers reliable, cost-effective, and timely solutions tailored to client requirements, aiming to build long-term relationships while continuously upgrading technology and expanding capabilities to become a trusted name in the CNC and laser cutting industry.",Automation Machinery Manufacturing,2-10 employees,Privately Held,"Bourgogne-Franche-Comté, France",France,,https://www.linkedin.com/company/linkedin-dashmesh-digital-cnc
SRA ASCENSEURS,"S.R.A ASCENSEURS le transport vertical.

Avec plus de 10 années d'expérience, la société SRA, entreprise française, intervient dans plusieurs domaines de l'ascenseur.

Notre métier, vous satisfaire.",Automation Machinery Manufacturing,2-10 employees,Privately Held,"Saint-Leu-la-Forêt, Île-de-France, France",France,sra-ascenseurs.fr,https://www.linkedin.com/company/s.r.a.-ascenseurs
EDIA Services,"EDIA Services propose des solutions dans le domaine de l'automatisme. Etudes, programmation, mise en service et suivi de projet dans les domaines de: 

- l'automatisme industriel
- la gestion des bâtiments et de l'énergies
- la domotique  et l'immotique

Nous trouvons des solutions et réalisons  vos projets dans un esprit de fiabilité, d'optimisation et de coût optimum.",Automation Machinery Manufacturing,2-10 employees,Privately Held,"Miniac-sous-Bécherel, Brittany, France",France,ediaservices.fr,https://www.linkedin.com/company/edia-services
EURODIEC,"Nous fabriquons des systèmes embarqués pour les environnements des presses de découpes et d'emboutissages:
 -> Contrôleur d'effort
 -> Came électronique
 -> Contrôle d'outil.
Nos partenaires: 
> Deutschmann Automation est une société allemande située près de Francfort. Elle conçoit et fabrique des composants réseau innovant pour le secteur de la communication de données industrielles « Industrie 4.0 ».
> Lazersafe est le leader des systèmes de protections des opérateurs sur les presses plieuses.
Depuis 20 ans, Eurodiec met tout son savoir-faire dans le domaine de l'automatisme industriel au service de ses clients afin de leur offrir la meilleure solution.",Automation Machinery Manufacturing,2-10 employees,Partnership,"Nangis, Île-de-France, France",France,eurodiec.com,https://www.linkedin.com/company/eurodiec
Label Automation,"Label Automation propose des solutions complètement automatisées (robots) pour Pharmacies, Hôpitaux et Grossistes/Répartiteurs.",Automation Machinery Manufacturing,11-50 employees,Privately Held,"Paris, Île-de-France, France",France,labelpharma.eu,https://www.linkedin.com/company/label-automation
easy control,"THE AUTOMATION REVOLUTION
Plug and play. No coding. Affordable.
Make your own smart automated system and manage it over the internet.
Electricians, makers, engineers, inventors: You can now design and make any relevant and affordable automated system and manage it online.

Before the advent of Easy Control, you had to rely on electronics and ICT specialists to be part of the automation world. With Easy Control, you are empowered to design and create any kind of automated solution, from simple prototypes to sophisticated industrial systems.

If you know how to describe your need, Easy Control will make it real for you. 
Easy control is suitable for any kind of application. From hobbyists to industries. From conception to operation.

Go build solutions for a better world! Energy efficiency. Smart Cities. Prototype. Smart Agriculture. Culture or Education....
There are things to invent and improve everywhere.",Automation Machinery Manufacturing,2-10 employees,Privately Held,"Tours, Centre-Val de Loire, France",France,easycontrol.io,https://www.linkedin.com/company/easycontrolltd
RailTechnique France,"Railtechnique France is a leading company in the development, production and installation of overhead conveyor systems.

Railtechniek Van Herwijnen BV, our parent company, has been active since 1983 and has subsidiaries in the Netherlands, the United Kingdom, France, Germany, Italy and Moldova.",Automation Machinery Manufacturing,2-10 employees,Partnership,"Fontenay-Trésigny, Île-de-France, France",France,railtechnique.fr,https://www.linkedin.com/company/railtechniquefrance
ARTechnologies,Conseils et services dans le domaine des automatismes industriels,Automation Machinery Manufacturing,Self-employed,Privately Held,"Aydat, France",France,artechnologies.fr,https://www.linkedin.com/company/artechnologies
Artilab,"Artilab est une association fondée en mars 2017 par un collectif d’habitants passionnés par les techniques de l’ébénisterie, de la ferronnerie, de l’électronique et du numérique.",Automation Machinery Manufacturing,2-10 employees,Partnership,"Montluel, Auvergne-Rhône-Alpes, France",France,artilab-cotiere.fr,https://www.linkedin.com/company/artilab-cotiere
FD2E,"La Sté FD2E est spécialisée dans l'étude, la fabrication et l'installation d'armoires électriques dans le domaine du Chauffage, Ventilation et Climatisation.",Automation Machinery Manufacturing,2-10 employees,Self Owned,"Saulzoir, Hauts-de-France, France",France,fd2e.com,https://www.linkedin.com/company/fd2e
VIKALEX Technologies,"Constructeur français situé à Portes-Lès-Valence, spécialisé dans la conception d'automates pour les laboratoires, centres de recherches et industriels. 

Notre activité est axée autour de la manipulation de liquides, dont l’échelle dépend de l’application : Du nano litre pour les centres de recherche et l’industrie (automobile, cosmétique), au micro et millilitre pour les laboratoires d’analyses.
Grâce à l’expertise de nos pôles techniques, notre savoir faire couvre également les besoins en déplacements robotisés d'échantillons, convoyage, et caractérisation de liquides. 

Nous concevons en étroite relation avec nos clients, des automates sur mesure qui répondent durablement aux besoins de leur activité.  
Faire confiance à VIKALEX c’est s’assurer une solution adaptée, rapide et flexible, tout en misant sur une fiabilité à long terme.

Pour plus d'informations et une plaquette de présentation, rendez-vous sur http://www.vikalex.fr",Automation Machinery Manufacturing,2-10 employees,Privately Held,"Portes-lès-Valence, Auvergne-Rhône-Alpes, France",France,vikalex.fr,https://www.linkedin.com/company/vikalex-technologies
NUR WAGEN,"Centre d'automobile, Concession automobile, Accessoires & pièces automobiles · Réparation automobile.

Quelque soit le problème rencontré sur votre véhicule, les spécialistes de notre atelier y remédieront.

Dotés d’une expérience d’au minimum 3 ans, nos mécaniciens sont continuellement formés à la réparation des nouveaux véhicules de marques allemandes.",Automation Machinery Manufacturing,11-50 employees,Privately Held,"Montayral, Nouvelle-Aquitaine, France",France,nurwagen.com,https://www.linkedin.com/company/nur-wagen
99% Done,Devenez une agence IA First. Nous implémentons des systèmes boostés par l'IA pour accélérer votre croissance.,Automation Machinery Manufacturing,2-10 employees,Self Owned,"Paris, Île-de-France, France",France,,https://www.linkedin.com/company/99-done
TYSAP,"TYSAP est une société spécialisée dans l'automatisme et l'informatique industrielle, offrant une gamme complète de solutions intégrées pour les secteurs industriels et tertiaire 
Forte de son expertise technique et de son équipe de professionnels qualifies, 
TYSAP accompagne ses clients dans la transformation et l'optimisation de leurs processus
industriels",Automation Machinery Manufacturing,2-10 employees,Self Owned,"Bezons, Île-de-France, France",France,,https://www.linkedin.com/company/tysap
AGTF,"Nous sommes spécialisé dans la GTB/GTC Gestion Technique du Bâtiment , courant faibles, vidéo surveillance et contrôle d’accès depuis plus de 20 ans dans ce domaine d’activité.

Nous maitrisons parfaitement le domaine de la régulation de climatisation de l’analyse fonctionnelle , la mise en place d’automate , des réglages de PI PID , la mise en service avec nos metteurs au point jusqu’au dossier de DOE.",Automation Machinery Manufacturing,2-10 employees,Partnership,France,France,agtf.fr,https://www.linkedin.com/company/agtf
SAITEC Automatismes,"Nous réalisons l’étude et le câblage de vos armoires électriques suivant vos demandes. 
Nous programmons sur les marques Schneider, Siemens, Omron et d’autres suivant les applications et vos exigences.
Nous réalisons également la maintenance mécanique et électrique",Automation Machinery Manufacturing,2-10 employees,Self Owned,"Roanne, Auvergne-Rhône-Alpes, France",France,saitec-industrie.fr,https://www.linkedin.com/company/saitecautomatismes
Dynamic Control,"Dynamic Control is a specialized automation solutions provider operating at the intersection of industrial technology and digital innovation. We deliver comprehensive automation services across both industrial applications and cutting-edge data, information, and software domains.
Our expertise includes advanced robot programming and special machine development, enhanced by our proprietary object recognition technology that enables machines to interact intelligently with their environments. We design and manufacture customizable components, including precision grippers that can be tailored to meet specific client requirements.
At Dynamic Control, we bridge the gap between physical automation and digital intelligence, helping businesses optimize their operations with flexible, responsive, and forward-thinking automation solutions.",Automation Machinery Manufacturing,2-10 employees,Privately Held,"Paris, Île-de-France, France",France,dynamic-control.fr,https://www.linkedin.com/company/dynamic-control
AMi (Automatisation de Moyens industriels),"L'activité de la société AMi s'adresse aux industriels créant ou améliorant leurs outils de production.
Elle propose à ces entreprises ses services dans le domaine de l'automatisme et de l'informatique industrielle.
Très expérimentée dans les moyens de production automatisés, AMi conçoit, réalise et maintient le logiciel de tous systèmes.",Automation Machinery Manufacturing,2-10 employees,Privately Held,"Feldkirch, Grand Est, France",France,ami-automatisation.fr,https://www.linkedin.com/company/ami-automatisation-de-moyens-industriels-
Ecom-system,"projets:

audits, études, réalisations, automatismes, GTB, GTC, GTE,
souhaite travailler avec des intégrateurs, des bureaux d'étude, des maitres d’œuvres,
des gestionnaires de bien immobilier, des responsables techniques.

Je recherche des TPE, PME, en complémentarité de compétences pour répondre à des appels d'offre dans leur globalité.

Je recherche des fabricants de condenseur ainsi que de panneau rayonnant pour mon projet de production d'eau dans les pays en voie de développement, grâce à l'énergie solaire.",Automation Machinery Manufacturing,Self-employed,Self Employed,"Chaville, Île-de-France, France",France,,https://www.linkedin.com/company/ecom-system
CD PRO AUTOMATISMES,"Automatismes d'accessibilité pour les personnes à mobilité réduite (fauteuils monte escaliers, plateformes élévatrices, élévateurs verticaux...), portes automatiques, rideaux métalliques, portes de garage, ascenseurs, volets roulants...",Automation Machinery Manufacturing,2-10 employees,Privately Held,"Cagnes-sur-Mer, Provence-Alpes-Côte d'Azur, France",France,cdproautomatismes.fr,https://www.linkedin.com/company/cd-pro-automatismes
GOMEZ TECHNOLOGIES,,Automation Machinery Manufacturing,11-50 employees,,"Bart, Bourgogne-Franche-Comté, France",France,gomezelec.fr,https://www.linkedin.com/company/gomez-technologies
Automated Monitoring Solutions,"Automated Monitoring Solutions is an innovative startup that offers comprehensive solutions for effective control and management of business processes. The project includes two unique products that help to improve the productivity and safety of workers. The first product is a smart tablet that analyzes the health and performance of workers, and gives them recommendations on how to improve their indicators. The second product is a modern camera that automatically tracks and optimizes various types of work, such as construction, oil extraction, office organization, and more.",Automation Machinery Manufacturing,2-10 employees,Partnership,"Nice, Provence-Alpes-Côte d'Azur, France",France,,https://www.linkedin.com/company/automated-monitoring-solutions
Société Industrielle de Mesure,Nous développons un pH-mètre sans obligation de calibration,Automation Machinery Manufacturing,2-10 employees,Privately Held,"Dijon, Bourgogne-Franche-Comté, France",France,mister-ph.fr,https://www.linkedin.com/company/société-industrielle-de-mesure
A2P TUQUET,"A2P TUQUET, entreprise familiale et artisanale, située dans l'Oise à Chaumont en Vexin, est spécialisée dans la vente, l'installation et la réparation de systèmes de fermetures manuels et automatiques, tels que :

- Portails battants, coulissants, télescopiques, repliables, autoportants (alu, fer, bois, pvc),
- Portes de garage (sectionnelles, latérales, enroulables, basculantes),
- Portes industrielles,
- Clôtures et garde corps,
- Barrières levantes,
- Bornes escamotables,
- Contrôle d'accès (notamment système Intratone) 

Forte de 12 années d'expérience, A2P TUQUET vous garantit des solutions adaptées à vos besoins et contribue chaque jour à améliorer votre confort et votre sécurité grâce à nos systèmes de motorisations performants mais également grâce à la compétences de nos techniciens.
Nos propres équipes se chargent des installations et réparations, nous n'avons pas recours à la sous-traitance.

Nous sommes à votre écoute et vous faisons bénéficier du conseil d'un spécialiste.

Nous disposons d'un showroom sur Chaumont en Vexin qui vous accueille du lundi au vendredi (samedi sur rdv), afin de vous faire découvrir nos produits.

N'hésitez pas à nous contacter pour tout renseignement, voire à visiter notre site web dans un premier temps : www.a2p-tuquet.fr

A très bientôt",Automation Machinery Manufacturing,2-10 employees,Self Employed,"Chaumont-en-Vexin, Hauts-de-France, France",France,a2p-tuquet.fr,https://www.linkedin.com/company/a2p-tuquet
Control Mareg,"Control-Mareg provides process measurement and control components to major organizations in the industrial sector, oil, gas, energy, chemical and pharmaceutical companies.
Having developped specific know-how in pneumatic controllers, the company is today a reference supplier in the energy sector.
Working closely with standard industrial process equipment manufacturers, the company supplies a wide range of products, pneumatic and electropneumatic regulators, relays, pressure and temperature switches,  mass flow meters, transducers, transmitters, etc.",Automation Machinery Manufacturing,2-10 employees,Privately Held,"Bailly, Île-de-France, France",France,control-mareg.com,https://www.linkedin.com/company/control-mareg
Hetronic France,"Hetronic France est située à Revingy-sur Ornain (Meuse) et partenaire d’assemblage de Hetronic International en Oklahoma (USA). La mission de Hetronic est de concevoir et de produire des systèmes de télécommande radio sûrs et fiables, pour et avec des clients de secteurs différents. Notre objectif est de garantir que vos machines et processus commerciaux soient exploités de manière plus sûre, plus efficace et plus économique.",Automation Machinery Manufacturing,2-10 employees,Privately Held,"Revigny-sur-Ornain, Grand Est, France",France,hetronic.fr,https://www.linkedin.com/company/hetronic-france
Progapi,"Prestataire de service - Programmation Automate Programmable Industriel, ProgAPI a été créée en Juillet 2023 et dispose d'une longue expérience dans le domaine de la machine spéciale et l'industrie.
Bureau d'étude spécialisé dans la programmation, l'ingénierie et bientôt la réalisation de machines de productions, proposant ses services aux fabricants de machines spéciales et aux entreprises disposant de parcs machines. Automatisme, informatique industrielle, électrotechnique, gestion qualité (industrie 4.0) sont nos spécialités",Automation Machinery Manufacturing,Self-employed,Partnership,"Lens, Hauts-de-France, France",France,progapi.fr,https://www.linkedin.com/company/progapi
GreenWake Technologies,,Automation Machinery Manufacturing,2-10 employees,Privately Held,"Villeurbanne, Auvergne-Rhône-Alpes, France",France,gnw-tech.com,https://www.linkedin.com/company/greenwake-technologies
WOS Partners,"Sur le marché de la construction bois en forte évolution technique et énergétique, SPIT PASLODE développe sa division spécialisée Hors Site : WOS Partners.

Fort de plus de 70 ans d’expertise dans le domaine de la fixation, ponctués de nombreuses innovations techniques, avec des produits fabriqués à 75% en France et 90% en Europe, SPIT PASLODE est le seul fabricant de fixations apportant des solutions sur toute la chaine de valeur de ses clients aussi bien dans l’artisanat, dans les PME que dans l’industrie Hors-Site.

 Notre valeur ajoutée : une offre de solutions de la conception à la connexion

 Nos points forts : 
 Une gamme de solutions automatisées la plus complète du marché
 Un support technique de l’avant projet à la formation des utilisateurs
 Une disponibilité des produits partout en Europe

Pour une étude de votre projet, consultez notre expert : service.automatisation@spit.com",Automation Machinery Manufacturing,201-500 employees,Privately Held,"Bourg-lès-Valence, Auvergne-Rhône-Alpes, France",France,spitpaslode.fr,https://www.linkedin.com/company/wos-partners
ARTEMION Automatisme industriel,"Prestations de services dans l'ingénierie spécialisé dans le domaine de l'électricité, l'automatisme et l'informatique industrielle:
_Définition et rédaction de cahiers des charges en collaboration avec le client,
_Analyse fonctionnelle et définition de la structure d’un système,
_Programmation et mise en service de systèmes automatisés,
_Retrofit et revamping de votre outil de production,
_Adaptation de vos équipements aux futures évolutions réglementaires,
_Développement de supervision pour le traitement de données et la traçabilité,
_Conception et réalisation d’interfaces pour le dialogue homme-machine (HMI),
_Rédaction de descriptif technique pour les futurs utilisateurs,",Automation Machinery Manufacturing,Self-employed,Self Owned,"Saint-Victor-la-Coste, Occitanie, France",France,artemion.fr,https://www.linkedin.com/company/artemion-ea
SAP2i,SAP2i est une entreprise spécialisée dans l'étude et l'intégration de solutions en automatisme industriel.,Automation Machinery Manufacturing,11-50 employees,Privately Held,"Longvic, Bourgogne-Franche-Comté, France",France,sap2i.fr,https://www.linkedin.com/company/sap2i
IAPI,"Spécialistes dans la gestion des asservissements de position.
Conceptions, réalisations de systèmes automatisés pour machines industrielles.
Depuis 1998, nous avons conçu une gamme de solutions dédiée au pilotage scénique. La pertinence de nos choix et le sérieux de nos réalisations nous ont permis de devenir un acteur majeur européen.
Nous avons conçu EasyScène, utilisant un noyau en temps réel afin de s’affranchir des problèmes temporels liés aux systèmes d’exploitation et également d’être conforme aux fonctions de sécurité liées à la norme 61508.",Automation Machinery Manufacturing,11-50 employees,Self Employed,"Boulazac Isle Manoire, Nouvelle-Aquitaine, France",France,iapi.fr,https://www.linkedin.com/company/iapi-informatique-automatisme-prestations-industrielles
InterTech Development Company,"InterTech is a manufacturer of turnkey automated systems and instrumentation with proven technology for leak and functional testing registered to ISO 9001 and accredited to ISO 17025
Leading companies worldwide depend on InterTech to ensure that their products meet the performance standards dictated by the demand for high quality.
We are focused on supporting the medical and automotive industries with the latest and most reliable test technology.",Automation Machinery Manufacturing,51-200 employees,Privately Held,"Villeurbanne, Auvergne-Rhône-Alpes, France",France,intertechdevelopment.com,https://www.linkedin.com/company/intertech-development-company
PELSS,Electricité et automatismes industriels en France et à l'étranger,Automation Machinery Manufacturing,11-50 employees,Privately Held,"Tournan-en-Brie, Île-de-France, France",France,pelss.fr,https://www.linkedin.com/company/societe-pelss
AQMO-ISSA,"AQMO-ISSA vous accompagne durant toute la durée de vie de vos équipements de production (fours, étuves, autoclaves, machines-outils, bancs d’essais, lignes de fabrication, d’assemblages, de convoyage).

AQMO-ISSA vous propose son expertise et ses services dans les démarches de mise en conformité suivant la norme AMS2750 dans le cadre du NADCAP.",Automation Machinery Manufacturing,11-50 employees,Privately Held,"Villeneuve-lès-Bouloc, Occitanie, France",France,aqmo-issa.fr,https://www.linkedin.com/company/aqmoissa
"IPSIA ""Intégrateur process"" (Intégrateur Process de Supervision Informatique et Automatisme)","IPSIA ""Intégrateur process"" (Intégrateur Process de Supervision Informatique et Automatisme)

Nous sommes une équipe de techniciens et d’ingénieurs spécialisés. Chacun est spécialiste dans son domaine, nous permettant ainsi de répondre avec précision à chacune de vos problématiques : revamping process, développement d’ un automate programmable, codage d’une interface homme-machine dans les domaines de la transitique, des process, de la robotique. 
Nous partageons notre savoir-faire avec vous en vous formant aux logiciels de CAO et DAO : Caneco, AutoCAD Electrical et See Electrical Expert. Nous vous permettons également d'obtenir votre habilitation électrique BT/ HT électricien et non-électricien.",Automation Machinery Manufacturing,11-50 employees,Self Owned,"Luzinay, Auvergne-Rhône-Alpes, France",France,ipsia.fr,https://www.linkedin.com/company/ipsia-intégrateur-process-intégrateur-process-de-supervision-informatique-et-automatisme-
ARTech-process,"ARTech-process is an international company specializing in robotics and automation. It provides you with follow-up in your various projects, from study to reliability through commissioning and optimization.",Automation Machinery Manufacturing,Self-employed,Self Owned,"Givenchy-en-Gohelle, Hauts-de-France, France",France,artech-process.com,https://www.linkedin.com/company/artech-process
LCD AUTOMATISME,"Réalisation d'armoires électriques pour l'Industrie et le Tertiaire.
Études électriques.
Réalisation de schémas électriques sous SEE ELECTRICAL EXPERT.
Automatismes industriels.
Rétrofit d'armoires et d'automates.
Câblage machines sur site.",Automation Machinery Manufacturing,2-10 employees,Partnership,"Jarnosse, Auvergne-Rhône-Alpes, France",France,lcd-automatisme.fr,https://www.linkedin.com/company/lcd-automatisme
Comp'Aut,"Comp'Aut le spécialiste du mouvement linéaire et rotatif est à votre écoute pour construire une offre standard ou sur mesure grâce à la distribution des marques partenaires suivantes : 

Axom, STEDAM, Atek, Axor, Cleveland Lineartechnik, ContElec, Dimetix, DINA, Eltra, Jakob, Micronor, Novotechnik, Tamagawa, Tex

Quelque soit la taille de votre projet, l'expertise de l'équipe ainsi que les partenariats privilégiés avec nos fournisseurs vous permettront de mener vos projets vers le succès.",Automation Machinery Manufacturing,2-10 employees,Privately Held,"Annecy, Auvergne-Rhône-Alpes, France",France,compaut.com,https://www.linkedin.com/company/composants-automatisation
RVM Systems France,"Des origines nordiques, une approche à taille humaine et un accompagnement de long terme

RVM Systems est une entreprise familiale suédoise spécialisée dans les machines de collecte des emballages (RVM) et les solutions complètes pour les systèmes de consigne (#DRS). Nous concevons, fabriquons, installons et assurons la maintenance de solutions de récupération pour le retail il, le secteur CHR et les espaces publics à travers l'Europe.

Originaire des pays scandinaves, où le retour des bouteilles n'a jamais été une simple obligation réglementaire, mais une habitude à cultiver, nous avons passé des décennies à faire fonctionner le système de consigne sur les marchés les plus exigeants au monde. Aujourd’hui, nous mettons cette expérience au service de tous les pays prêts à boucler la boucle.
Être une entreprise familiale, ce n’est pas seulement notre structure. C’est notre façon de fonctionner. Aucune barrière entre votre défi et notre solution. Des personnes qui répondent au téléphone, qui connaissent votre magasin et qui comprennent qu’une machine en panne n’est pas un simple ticket dans un système, mais un client qui attend.

Nous fournissons des solutions complètes de récupération des emballages, des logiciels, l'installation, la maintenance et l'intégration avec les gestionnaires de systèmes de consigne. Un seul partenaire sur du long terme.

Ce qui nous différencie, notre ingénierie nordique éprouvée à grande échelle. Une organisation allégée et agile qui évolue au rythme de vos besoins, et non de notre bureaucratie. Et un engagement qui ne prend pas fin à la signature du contrat. 

Bienvenue dans le monde de la circularité",Automation Machinery Manufacturing,2-10 employees,Self Owned,"Clermont-Ferrand, Auvergne-Rhône-Alpes, France",France,rvmsystems.com,https://www.linkedin.com/company/rvm-systems-sas
TM - Technimanut,"Technimanut est une entreprise française qui conçoit, fabrique et installe des systèmes de manutention aérienne ainsi que des équipements annexes aux convoyeurs aériens. 

Nous créons des solutions sur-mesure à destination des petites, moyennes et grandes entreprises industrielles, nationales comme internationales. 

Nos installations aériennes permettent notamment :

 d’optimiser les cadences de production 
 de préserver les opérateurs industriels des troubles musculosquelettique (TMS) 
 de libérer l’espace au sol dans les espaces industriels 

Technimanut recense déjà des centaines d’installations dans le monde de par sa spécialisation dans le secteur automobile et ses convoyeurs Power & Free pour charges légères. 

Entourés d’ingénieurs, nous apportons également des solutions de manutention inédites dans tous les secteurs d’activité : industriel, agroalimentaire, blanchisserie, application peinture, pharmaceutique, cosmétique, plateformes logistiques, aéronautique...",Automation Machinery Manufacturing,2-10 employees,Privately Held,"Cerizay, Nouvelle-Aquitaine, France",France,technimanut.com,https://www.linkedin.com/company/techni-manut-systemes-manutention-aerienne
SNERO,"Fabrication d'outillages de presse, découpe et emboutissage de tôle à froid",Automation Machinery Manufacturing,11-50 employees,Privately Held,"Meslay-du-Maine, Pays de la Loire, France",France,snero.fr,https://www.linkedin.com/company/snero
SENGA sas,"Founded in 1976 and based in ANNECY, Haute-Savoie, France Google (Android 11), SENGA is specialised in the field of industrial pneumatic automation (compressed air). We are present in France and Europe with our large network of distributors. Offering our customers the benefits of our experience and passion, we do our best to provide optimal responses to market needs. We are committed to innovation and quality in our products. Our customers are professionals present in various sectors of activity: industry, industrial maintenance, transport (railways, trucks, vehicles), food processing, special machinery, medical, pharmaceutical, car garages, etc.
We offer a wide range of products dedicated to technological performance in the pneumatic energy sector: push-in fittings, push-on fittings (bicone, DIN), safety couplings, piping systems for compressed air, flow regulators, valves, tubes, pneumatic cylinders, Filters Regulators Lubricators, pneumatic valves, solenoid valves, pressure gauges and many more...

Contact us : https://www.senga.fr/index.php/en/contact",Automation Machinery Manufacturing,11-50 employees,Privately Held,"Annecy, Auvergne-Rhône-Alpes, France",France,senga.fr,https://www.linkedin.com/company/sengasas
FABTEC INDUSTRIES,"Fabtec Industries est une PME industrielle basée en Occitanie, spécialisée dans la conception et la fabrication de machines spéciales sur mesure.

L’entreprise s’appuie sur :
– un bureau d’études pluridisciplinaire (mécanique, mécatronique, automatisme),
– un atelier intégré de fabrication et d’assemblage.

Fabtec accompagne des industriels, des organismes de recherche et des acteurs de l’innovation, de la phase de conception jusqu’à la mise en service de machines opérationnelles.

Ses réalisations couvrent notamment :
– des machines et bancs de test spécifiques,
– des équipements industriels sur mesure,
– des machines de process,
– des systèmes mécaniques et mécatroniques complexes.

Aujourd’hui, Fabtec Industries traverse une phase critique et recherche activement des solutions industrielles, partenariales et financières pour préserver l’outil de production, les compétences et les emplois.

L’entreprise reste pleinement mobilisée sur ses projets et ouverte aux échanges avec :
– partenaires industriels,
– donneurs d’ordres,
– investisseurs pragmatiques,
– acteurs capables de créer des mises en relation utiles.",Automation Machinery Manufacturing,2-10 employees,Privately Held,"Mauguio, Occitanie, France",France,fabtec.fr,https://www.linkedin.com/company/fabtec-industries
INVT France,"INVT France — Automatisation industrielle & solutions énergétiques

INVT est un groupe international spécialisé dans l’automatisation industrielle et les solutions énergétiques, présent dans plus de 100 pays et régions. Nos technologies accompagnent les industriels dans l’amélioration de leurs performances, de leur efficacité énergétique et de la fiabilité de leurs installations.

Cette page est le point de contact officiel d’INVT pour le marché français et les partenaires francophones en Europe. Vous y découvrirez nos innovations, nos réalisations, les actualités du groupe, des retours d’expérience clients ainsi que les événements auxquels nous participons en France et en Europe.

Nos solutions couvrent notamment :
 l’automatisation industrielle
 les variateurs de vitesse, servosystèmes et systèmes de contrôle
 les onduleurs photovoltaïques et les solutions de stockage d’énergie
 les infrastructures pour centres de données
 les solutions de gestion de l’énergie

Suivez INVT France pour découvrir nos dernières innovations, suivre nos projets et échanger avec nos équipes sur les technologies qui façonnent l’industrie de demain.",Automation Machinery Manufacturing,"5,001-10,000 employees",Public Company,"Paris, Île-de-France, France",France,invt.com,https://www.linkedin.com/company/invt-france
MAZELLA PROCESS INDUSTRIES,"Spécialisés dans les domaines de l’automatisme, la sécurité machine, l’électrotechnique, le pneumatique et le process industriel; nous intervenons dans différents secteurs d'activités(traitement de l’eau, chimie, agro-alimentaire, aéronautique, etc...).

Nous sommes capables de prendre en charge l’étude et la réalisation complète de Process d’automatismes.(Études et réalisation d’armoires électriques, chantier, programmation, Afficheurs, Supervision)

Par ailleurs, étant implantés à Azay-le-Rideau, proche des grands axes routiers tourangeaux, nous sommes idéalement placés pour vous permettre un dépannage rapide de vos installations.",Automation Machinery Manufacturing,2-10 employees,Privately Held,"Azay-le-Rideau, Centre-Val de Loire, France",France,mpi-elec.com,https://www.linkedin.com/company/mazella-process-industries
JC3D INDUSTRY,JC3D Fabricant de machines de remplissage et conditionnements pour le remplissage/bouchage pour parfums et cosmétiques,Automation Machinery Manufacturing,11-50 employees,Self Owned,"Lavilledieu, Auvergne-Rhône-Alpes, France",France,jc3d-industry.com,https://www.linkedin.com/company/jc3d-industry
Ardetem-Sfere,"ARDETEM SFERE est une société française spécialisée dans l’étude et la construction de modules électroniques pour la mesure et le contrôle de process industriels et réseaux électriques. ARDETEM SFERE c’est également la compétence d’un constructeur, une équipe de spécialistes, ingénieurs et techniciens, motivés par la recherche et l’innovation.",Automation Machinery Manufacturing,11-50 employees,Privately Held,"Soucieu-en-Jarrest, Auvergne-Rhône-Alpes, France",France,ardetem-sfere.com,https://www.linkedin.com/company/ardetem-sfere
GCEI France,"Solutions innovantes pour la gestion des ressources dans le domaine de la télégestion (mesure, analyse et commande). 
Créateur de projet personnalisés.",Automation Machinery Manufacturing,2-10 employees,Privately Held,"Perpignan, Occitanie, France",France,gceifrance.fr,https://www.linkedin.com/company/gcei
ACTEMIUM SENLIS,"Dans un contexte marqué par les évolutions technologiques et les nouveaux défis industriels, Actemium Senlis aide ses clients à optimiser en permanence leur performance industrielle. 
Ingénierie électrique - Courants forts et Courants faibles - Instrumentation et Régulation - Contrôle / Commande - Réalisation et Pilotage chantier",Automation Machinery Manufacturing,51-200 employees,Public Company,"Verneuil-en-Halatte, Hauts-de-France, France",France,actemium.fr,https://www.linkedin.com/company/actemium-senlis
Occitaline,"Occitaline conçoit, développe et fabrique des produits d’infrastructure réseau de GTB (Gestion Technique du Bâtiment). 
Nous sommes animés par la conviction de développer des produits qui apportent plus de confort d’utilisation et de fiabilité tout en restant abordables.",Automation Machinery Manufacturing,2-10 employees,Partnership,"Colomiers, Occitanie, France",France,occitaline.com,https://www.linkedin.com/company/occitaline
Eco Energie Service,"Eco Energie Service est une filiale du Groupe NDC.

Elle est experte dans l'intégration de systèmes de Gestion Technique de Bâtiment (GTB), de Domotique pour l'habitat haut de gamme et pour la Gestion Technique de Bateaux (Yacht).

La gestion automatisée et informatisée des installations techniques d'un bâtiment, d'une maison ou d'un bateau permet le pilotage des équipements et améliore la performance énergétique par une meilleure gestion des consommations d'énergies.

Par exemple, l’efficacité énergétique d’un bâtiment repose sur trois axes bien distincts. Le premier concerne sa structure (isolation), le second ses équipements (chauffage, climatisation, ventilation, éclairage, ...) et le troisième sa gestion (pilotage des équipements). Eco Energie Service  conçoit et déploie des services et des solutions techniques sur les axes deux et trois.

Nous travaillons pour des maîtres d’ouvrages publics et privés. Nous sommes partenaires de sociétés d’exploitation et d’installateurs en génie thermique, climatique, électrique et des constructeurs de Yachts.

Notre action s’inscrit dans la lutte contre le réchauffement climatique et la réduction des gaz à effet de serre. L’association des différentes expertises des hommes et femmes de notre société constitue la chaîne de l’amélioration de la performance énergétique. Elle démarre par l’audit énergétique, se poursuit par l’étude des solutions techniques, la réalisation des travaux et enfin le suivi de la performance pour vous garantir le meilleur résultat.",Automation Machinery Manufacturing,2-10 employees,Privately Held,"La Teste-de-Buch, Nouvelle-Aquitaine, France",France,ecoenergieservice.fr,https://www.linkedin.com/company/ecoenergieservice
CM2A,"Nous sommes spécialistes des solutions automatiques de transport, réception et étourdissement des volailles. Chaque projet est conçu sur-mesure et intégralement pris en charge par notre équipe multidisciplinaire d'experts.",Automation Machinery Manufacturing,11-50 employees,Privately Held,"Rostrenen, Brittany, France",France,,https://www.linkedin.com/company/c-m-2-a
Infautelec Process,"INFAUTELEC réalise des prestations de service en automatisme et en informatique industrielle, principalement dans les secteurs gaz, pétrolier et pétrochimie.",Automation Machinery Manufacturing,11-50 employees,Partnership,"Serres-Castet, Nouvelle-Aquitaine, France",France,infautelecprocess.com,https://www.linkedin.com/company/infautelec-process
AUMA France,Motorisation de robinetterie industrielle,Automation Machinery Manufacturing,11-50 employees,Partnership,"Taverny, Île-de-France, France",France,auma.com,https://www.linkedin.com/company/auma-france
REGUL'ACTION,"Intégrateur multimarques en automatisme, régulation, et GTB :

REGUL'ACTION vous propose ses services d'ingénierie dans l'automatisme, la régulation et la GTB.",Automation Machinery Manufacturing,2-10 employees,Privately Held,"Nogent-sur-Marne, Île-de-France, France",France,regulaction.fr,https://www.linkedin.com/company/regul-action
AQC - Automate Quality Control,The next step in Textile Automation : an in-line machine for automatic defect detection.,Automation Machinery Manufacturing,2-10 employees,Privately Held,"Champs-sur-Marne, Île-de-France, France",France,aqc-industry.com,https://www.linkedin.com/company/aqc-automate-quality-control
Ponchon,"Ponchon's goal is to launch the 3rd agricultural revolution: the automation.
We carry out from A to Z straddlers and compatible tools adapted to the needs of vegetable farmers.

Ponchon was founded in 2018 by two engineers experienced in service robotics (StanleyRobotics), autonomous vehicle (Valéo, Navya) and industry world (Airbus).
We aim to improve vegetable farming with adapted workstations, task automation and introduction of new green technologies.",Automation Machinery Manufacturing,2-10 employees,Partnership,"Paris, Île-de-France, France",France,ponchon.io,https://www.linkedin.com/company/ponchon
INNOV ROBOTICS,"INNOV ROBOTICS accompagne les entreprises et  leurs dirigeants  dans toutes les étapes de leur projet de robotisation : prise de décision, calcul du retour sur investissement, analyse du marché, réalisation du cahier des charges, suivi du projet de robotisation, mise en place et réalisation du plan de formation des différents acteurs (méthode, bureau d’étude, production, maintenance).
INNOV ROBOTICS, de par son indépendance et sa polyvalence,  intervient  sur les différentes marques de robots présentes sur le marché (Kuka, Abb, Staubli, Motoman, Fanuc, Adept, Mitsubishi, Universal Robot, Comau...)  ainsi que sur les différents process industriels (Palettisation,  soudure...) et moyens associés tels que la vision industrielle (Keyence, Cognex , Fanuc,...) .
 Grâce à son personnel expérimenté et pédagogue, INNOV ROBOTICS saura vous proposer des solutions optimales et personnalisées selon les besoins de votre entreprise.
INNOV ROBOTICS réalise également tous les documents techniques (modes opératoires, maintenance ) propres à chaque installation industrielle.
INNOV ROBOTICS intervient dans toute la France et dispose de robots, de systèmes de vision et d’automates  programmables conditionnés pour être utilisés dans vos locaux.




INNOV ROBOTICS guides and assists companies and their managers in their robotization projects. INNOV ROBOTICS  also trains your employees to use and maintain your new manufacturing facilities or control facilities.
Thanks to its expertise in different brands (Kuka, Abb, Staubli, Motoman, Fanuc, Adept, Mitsubishi, Universal Robot, Comau ...) , in different industrial processes (palletization, welding, vision systems (Keyence, Cognex , Fanuc,...) ..., but also thanks to its experienced and teacher-skilled staff, its full independence from robot manafacturers, INNOV ROBOTICS will offer you optimal and customized solutions according to your company ‘s needs.
INNOV ROBOTICS creates teaching aid for proceedings and maintenance in French and in English corresponding to your industrial installations.
INNOV ROBOTICS works throughout  France and has several training robots supplied by the major brands,vision systems and programmable logic controllers ready to be used in your business premises.",Automation Machinery Manufacturing,2-10 employees,Partnership,"Mérignac, Nouvelle-Aquitaine, France",France,innov-robotics.com,https://www.linkedin.com/company/innovrobotics
AVM AUTOMATION,"AVM AUTOMATION is an automation components manufacturer based at, RAEDERSHEIM, France.
Leader in linear quide units for pneumatic or electric cylinder, screwing grippers for cosmetic or hygiene bottles, pneumatic handling.",Automation Machinery Manufacturing,2-10 employees,Self Owned,"Raedersheim, Grand Est, France",France,avm-automation.fr,https://www.linkedin.com/company/avm-automation
Automatisme Industriel Caribeen / AIC,"Une société jeune fondée par des gens compétents et expérimentés, son service technique basé en Guadeloupe lui permet un intervention rapide dans toute les Antilles. 
Nos secteurs d'activité sont l'industrie , la régulation froid commercial et industriel, et toutes les activités ayant recourt à l'automatisme industriel.
 Nous travaillons sur les marques automates Scheinder, Siemens, Danfoss, ainsi que PCvue et WinCC pour l'informatique industrielle. Fort de 30 ans d'expérience sur le terrain, nos techniciens sont en mesure d'intervenir sur toutes les autres marques pour répondre aux demandes des clients.",Automation Machinery Manufacturing,2-10 employees,Partnership,"Saint-Jean-des-Ollières, Auvergne-Rhône-Alpes, France",France,aic-caraibes.fr,https://www.linkedin.com/company/automatisme-industriel-caribeen
DPS ALSACE,"Created in 2011, DPS Alsace enables industries to improve their competitiveness by optimising their productivity and information flows, and the traceability of their production data. 

With our extensive experience and skills in automation and industrial IT, we offer cutting-edge expertise in:
- Industrial Programmable Logic Controllers (PLCs) and supervision
- Axis controls
- PC programming and databases
- Project management of complete lines incorporating machines from third party manufacturers. 

We work with all sectors of industry: automotive, pharmaceutical, food and mechanical engineering, etc. The constant evolution of expertise, market diversity and the wide range of skills required provide us with a new and complex cross-cutting vision. 

Our engineers are multidisciplinary, applying their complex knowledge and working within a close-knit team in stimulating and friendly environment.

Our philosophy? To create lasting relationships with our customers by taking the time to listen to and understand them. 

What makes us different? Being a small structure, we are able to be responsive and flexible, and thoroughly customer-focused.

Together, we develop tailor-made solutions to give your productivity a head start and build the industry of tomorrow.",Automation Machinery Manufacturing,2-10 employees,Privately Held,"Schiltigheim, Grand Est, France",France,dps-alsace.fr,https://www.linkedin.com/company/dps-alsace
Binar Handling SAS,"A propos de nous:

Binar Handling vous donne l’opportunité d’améliorer votre
productivité et votre efficacité tout en respectant l’ergonomie des postes de travail. Avec nos produits de fabrication Suédoise, nous pouvons vous proposer la meilleure solution de manutention adaptée à votre process de fabrication.

Faisant partie intégrante du groupe Schmalz GmbH, notre expérience et notre savoir-faire spécialisés dans le domaine du levage et de la manutention nous permettent de vous fournir des équipements et des solutions adaptés aux diverses problématiques liées à la préhension et à la manutention. Nos manipulateurs électriques sont précis, faciles d’utilisation et répondent à une large exigence en terme d’ergonomie.

Nos produits Quick-Lift permettent de manipuler tout type de charges dans tous les secteurs industriels. Nos solutions techniques et les applications que nous proposons sont personnalisées en fonction des problématiques de sécurité et d’ergonomie sur chaque poste de travail. Chaque demande est étudiée et réalisée en partenariat avec le client, depuis l’étude des diverses solutions techniques disponibles, des simulations et la réalisation de prototypes, jusqu’à la fin de vie du produit.

Pour plus de renseignements complémentaires, nous vous invitons à visiter notre site internet.

______________________________________________________________________________
(In English) 

Binar Handling gives the opportunity for your company to improve it’s productivity and efficiency, without ever overlooking the ergonomic concerns of the user. With our Swedish produced products we can ensure you one of the world’s leading lifting and handling solutions. 

As a part of the company group, Schmalz GmbH, we have genuine knowledge and specialized know-how to ensure your company of a adapted lifting solution for your problem. Our products are precise, easy to handle and have high demands on ergonomics.",Automation Machinery Manufacturing,11-50 employees,Privately Held,"La Haie-Fouassière, Pays de la Loire, France",France,binarhandling.com,https://www.linkedin.com/company/binar-handling-france
Key Automation France by BS Automatisme,"Key Automation France est spécialisé dans les automatismes de portes et portails ainsi que les éclairages d'extérieur. 
Avec plus de 15 ans d'expérience, les équipes de Key Automation France mettent leur savoir faire à votre service et vous conseille dans vos projets. Key Automation France, c'est aussi une large gamme de produits de qualité et au design innovant.",Automation Machinery Manufacturing,2-10 employees,Partnership,"Marcilly-lès-Buxy, Bourgogne-Franche-Comté, France",France,key-automation.com,https://www.linkedin.com/company/key-automation-france
PROVAR SASU,"Notre objectif ? Donner une meilleure expérience aux clients sur l'ensemble des prestations que nous proposons.

Spécialisée dans le domaine des variateurs industriels et des systèmes automatisé et systèmes SCADA/Supervisions multimarques, nous intervenons dans toute la France et à l'étranger.

*Domaine des Variateur de vitesse multimarques :

- Mise en service 
- Maintenance préventive : 
 Statique/dynamique 
- Dépannage programmé ou d'urgence 
- Astreinte 
- Téléassistance 
- Conseils et expertises VVD
- Rétrofits des installations VVD
- Formation 
 (Schneider Electrique, Siemens, ABB)

*Domaine des systèmes automatisé et des systèmes SCADA / Supervisions :

- Modifications et rétrofits de machines automatisées 
- Développement et modification de programmes automates 
- Mise en service et programmation des PLC 
 (Siemens, Schneider Electric, Omron et robot Fanuc) 
- Interface de supervision 
 (Schneider Electric, Citec, Aveva, Siemens) 
- Téléassistance 
- Conseils et expertises en automatisme 
- Maintenance 
- Formation

Nous intervenons dans les secteurs:
- De l'eau
- Chimie
- Agroalimentaire
- Traitement des déchets
- Carrière 
- Naval
- Etc ...",Automation Machinery Manufacturing,2-10 employees,Self Employed,"Lyon, Auvergne-Rhône-Alpes, France",France,,https://www.linkedin.com/company/provar-sasu
SERA-GILLET SARL,"Sera-Gillet accompagne les scieries pour la conception, fabrication et mise en service de machines automatisées.",Automation Machinery Manufacturing,11-50 employees,Self Owned,"Tonneins, Nouvelle-Aquitaine, France",France,,https://www.linkedin.com/company/sera-gillet-sarl
Astec Digital / ERMIIS,"Announcing Astec Digital (was MINDS Automation Group Inc.), a single-vendor technology solution for the Rock to Road value chain.

In an increasingly complex world, Astec Digital simplifies things with a single-vendor technology solution. Best-in-class tools span industrial automation, plant telematics, and mobile telematics.

Customers benefit from an integrated product portfolio. Our experience across the spectrum of Rock to Road business sectors provides the knowledge and resources to invest in industry-leading innovations that drive value for customers.",Automation Machinery Manufacturing,11-50 employees,Privately Held,"Le Montat, Occitanie, France",France,ermiis.com,https://www.linkedin.com/company/astecdigital-ermiis
OCD (Outils Coupants Développement),"OCD est une société française spécialisée dans la conception, la fabrication, l'affûtage et la vente d'outils coupants destinés aux professionnels (artisans et groupes industriels)",Automation Machinery Manufacturing,11-50 employees,Privately Held,"Les Herbiers, Pays de la Loire, France",France,ocd-france.fr,https://www.linkedin.com/company/outils-coupants-développement-ocd
ELECTRICITE INDUSTRIELLE J. TRICOT,"Notre entreprise familiale à taille humaine (près de 40 collaborateurs), existant depuis plus de 50 ans est située dans l’agglomération de Nancy et est spécialisée dans les domaines de l’électricité industrielle, l’automatisme, la supervision et la télégestion.
Nous intervenons principalement dans le quart Nord-Est de la France auprès de nombreux clients dans des secteurs très diversifiés tels que l’industrie agro-alimentaire, les énergies renouvelables, l’assainissement et l’agriculture.
Nous sommes connus et reconnus par nos clients pour la qualité de nos travaux, notre sens du service et notre professionnalisme.",Automation Machinery Manufacturing,11-50 employees,Partnership,"Jarville-la-Malgrange, Grand Est, France",France,eai-tricot.fr,https://www.linkedin.com/company/electricite-industrielle-j.-tricot
AUption,Merci de nous avoir suivi.,Automation Machinery Manufacturing,Self-employed,Privately Held,"Aubière, Auvergne-Rhône-Alpes, France",France,auption.fr,https://www.linkedin.com/company/auption.fr
APPLI-TEC,APPLI-TEC is an engineering consultancy.,Automation Machinery Manufacturing,11-50 employees,Privately Held,"Pont-salomon, France",France,applitec-automatisme.com,https://www.linkedin.com/company/appli-tec
Sodéfa & Intégrale,"Sodéfa et Intégrale sont deux sociétés distinctes travaillant en partenariat de manières régulières.  
Sodéfa étant spécialisé en automatisation/conception d’armoires électriques et Intégrale étant spécialisé dans la régulation CVC, nous pouvons vous proposez une solution globale, de l'étude à la mise en œuvre, en répondant au mieux à vos besoins.",Automation Machinery Manufacturing,11-50 employees,Privately Held,"Dammarie-les-Lys, Île-de-France, France",France,sodefa.fr,https://www.linkedin.com/company/sodéfa-intégrale
ASCII,"ASCII est une société d'ingénierie et de services crée en 1997. Spécialisée dans le développement et la mise en œuvre d'applications en automatismes et informatiques, sa vocation est de réaliser des applications avec une part de développement logiciel sur différents types de matériel permettant le contrôle et la commande de procédés principalement industriels.

ASCII c'est une équipe de personnel technique pluridisciplinaire en automatisme, électrotechnique, informatique industrielle et ingénierie process.

Pour répondre aux besoins clients, ASCII est structurée en 5 pôles majeurs :
	Informatique industrielle et de gestion :
Le service informatique a développé le logiciel de supervision et de traçabilité OPSYS. 
Il permet un suivi de la production en temps réel et gère les historiques des données afin de respecter les obligations de traçabilité dans l’entreprise.
Nos langages de programmation : VB.net, C++, C#, ....
Les bases de données : Oracle, SQL Server, AS400 ....
Nous intégrons des plateformes de supervision : Archestra, Panorama, WinCC ....

	Automatisme :
Le service automatisme développe sur diverses plateformes de programmation pour tous types d’automates, des plus récents aux plus anciens et assure le suivi et l’amélioration des installations.

	Electricité industrielle : Le service est spécialisé dans l’électricité industrielle 

· Distribution générale et divisionnaire basse tension
· Armoire de puissance et d’automatisme
· Equipements pour machines spéciales en neuf ou en rénovation
· Etude, modification et mise en conformité

	Réseaux :
Spécialiste des réseaux de communication Modbus, Profibus, ASI, Ethernet, GSM ...

	Formation :
Formations à la carte, organisées chez le client ou en nos locaux, la société ASCII est un organisme de formation agréé.",Automation Machinery Manufacturing,2-10 employees,Self Owned,"Escout, Nouvelle-Aquitaine, France",France,ascii.fr,https://www.linkedin.com/company/ascii-escout
Micro-Epsilon FR,"Micro-Epsilon est une PME familiale, leader dans le domaine de la métrologie. Depuis plus de 50 ans, nous proposons régulièrement des produits à la pointe de la technologie et mettons des solutions inégalées à la disposition de nos clients, en termes de mesures et d'essais de précision. 

Notre portefeuille englobe les capteurs pour la mesure de déplacement et de distance en passant par les systèmes de mesure dimensionnelle et de détection des défauts avec la mesure de température IR et la reconnaissance des couleurs.",Automation Machinery Manufacturing,2-10 employees,Self Owned,"Saint-Germain-en-Laye, Île-de-France, France",France,micro-epsilon.fr,https://www.linkedin.com/company/micro-epsilon-fr
PRACMAS,"Entreprise spécialisée en automatisme et informatique industrielle. 

Développement d'automates et de robots :
 Conception et programmation d'automates industriels pour diverses applications, telles que le contrôle de processus de fabrication, la logistique, etc.
 Développement de robots industriels pour automatiser des tâches répétitives ou dangereuses dans les usines.

Automatisation industrielle :
 Intégration de systèmes d'automatisation dans les environnements de production existants pour augmenter l'efficacité, la productivité et la sécurité.
 Mise en œuvre de capteurs, d'actionneurs et de contrôleurs pour surveiller et contrôler les processus industriels.

Automatisation de spectacles :
 Conception et programmation de systèmes d'éclairage automatisés pour des spectacles en direct, des événements artistiques, des concerts, etc.
 Intégration de systèmes de contrôle pour coordonner la musique, les lumières, les effets spéciaux et d'autres éléments dans les productions artistiques.

Optimisation des chaînes de production :
 Analyse des processus de production existants pour identifier les goulots d'étranglement, les inefficacités et les possibilités d'amélioration.
 Proposition et mise en œuvre de solutions pour améliorer la productivité, réduire les temps d'arrêt et optimiser l'utilisation des ressources.

Formation et support technique :
 Fourniture de formations spécialisées sur l'utilisation des équipements et des logiciels d'automatisation.
 Assistance technique continue pour garantir le bon fonctionnement des systèmes.

Contactez-nous pour obtenir votre devis !",Automation Machinery Manufacturing,2-10 employees,Privately Held,"Vedène, Provence-Alpes-Côte d'Azur, France",France,pracmas.com,https://www.linkedin.com/company/pracmas
MM Technologies,"MM Technologies accompagne ses clients en proposant des solutions end-to-end du cycle de vie du moyen de production (Conception - Intégration -Maintenance).

MM Technologies réalise l'intégration et le développement pour de nombreux projet:
-Machines spéciales
-Automatisme
-Robotique
-Robot collaboratif
-Analyse d'images industrielles
-Informatique industrielle

Nous accompagnons aussi nos clients dans leur transition digitaleen proposant une expertise en support informatique.",Automation Machinery Manufacturing,Self-employed,Self Owned,"Toulouse, Occitanie, France",France,,https://www.linkedin.com/company/mm-technologies-
METRIOS VICIVISION France,"Simplifier vos contrôles dimensionnels en production avec nos machines de mesure optique. Nos projecteurs de profil METRIOS et nos machines de mesure scan optique VICIVISION sont conçus pour fonctionner directement en production afin d’augmenter votre productivité et optimiser vos contrôles dimensionnels. Réalisez toutes vos mesures 2D en quelques secondes. Toutes les mesures sont obtenues d’un simple clic, via une interface claire et intuitive afin de faciliter le travail des opérateurs.",Automation Machinery Manufacturing,51-200 employees,Partnership,"Les Ulis, Île-de-France, France",France,mvfrance.fr,https://www.linkedin.com/company/metrios-vicivision-france
EFMT - Etudes et Fabrication de Matériels Techniques,"Depuis plus de 30 ans, EFMT est un acteur majeur dans le domaine des Appareils à Pression et des Systèmes d’Extinction par CO2, Gaz Neutres et Inhibiteurs.

Nous intervenons depuis l’Etude, la Conception, la Fabrication et les Services dans les domaines suivants :

• Equipement d’Atelier de Traitements des Appareils à Pression et de Chargement Gaz.
• Unité de Mélange et de Filtration Gaz.
• Système d’Epreuve Mobile ou Fixe allant jusqu'à des Pressions de 1000 BAR (voir au dessus).
• Fourniture de tous types de Bouteilles, Réservoirs, Robinets et Vannes.
• Système de Protection Incendie par Gaz.
• Chargement de Gaz Neutres (IG01, ARGON, IG55, ARGOGENE, IG100, AZOTE), Inhibiteurs (FM200, HFC227ea, FE13, HFC23, CEA 410, Halon) ou CO2.
• Traitement des Appareils à Pression.
• Intervention sur site pour mise en sécurité et manutention des appareils à pression.
• Transport ADR

Nos compétences et prestations sont notamment reconnues par les Organismes notifiés : 
ANPI, APRAGAZ, CNPP, BUREAU VERITAS ainsi que par de nombreux Industriels.

Ainsi, la société EFMT, à travers ces personnels et la qualité de ces prestations, 
est votre partenaire privilégié pour répondre à l’ensemble de vos besoins.",Automation Machinery Manufacturing,11-50 employees,Partnership,"Cormeilles-en-Parisis, Île-de-France, France",France,efmt.fr,https://www.linkedin.com/company/efmt
EKS InTec (France),"EKS InTec se positionne comme un partenaire de référence pour les acteurs de l'industrie de la mobilité, en les accompagnant sur les problématiques de développement, de conception et de solutions logicielles.

Notre expertise et nos services couvrent  :
 la simple planification des processus
 la conception de stations et de lignes de production complètes de fabrication de carrosseries
 une solution complète de virtualisation des processus de production, en vue de leur optimisation, via notre suite logicielle RF::Suite

Avec la RF::Suite, EKS InTec propose un environnement de développement digital complet. 

La mise en service d’une nouvelle ligne de production s'avère très longue, depuis le premier cycle à vide jusqu’à la montée en cadence pour atteindre les objectifs définis, et les risques de dérives sont réels et monopolisent d’importantes ressources et d’efforts.

Avec la RF::Suite, une suite logicielle de simulation développée en interne, EKS InTec propose une solution virtuelle complète d'ingénierie et de mise en service des installations de production, qu'elles soient simples ou complexes, et de leurs équipement spéciaux.

Grâce à la RF::Suite, nous sommes capable de modéliser un jumeau numérique permettant de procéder à la mise en service virtuelle d'installations complètes de production. 

Notre RF::Suite offre ainsi une alternative innovante et sécurisante pour la gestion des tâches de planification, d'analyse et de maintenance prédictive des installations physiques de production.

Par ailleurs, EKS InTec est initiateur de nombreux projets de recherche internationaux et s'inscrit comme acteur de l'innovation et comme l'intégrateur des solutions digitales des processus de production de demain.",Automation Machinery Manufacturing,2-10 employees,Self Owned,"Croissy-sur-Seine, Île-de-France, France",France,eks-intec.com,https://www.linkedin.com/company/eks-intec-france
SECMI & ADDAX,"Since 1971, SECMI & ADDAX has been providing solutions to industry in maintenance, bespoke equipments and machines thanks to an available and versatile team (design office, boilermaking, welding, mechanical repair and assembly, machining, electricity, automation); SECMI & ADDAX also design and manufacture a renowned range of handling equipment and another range of metal recycling machines. ""Workshop of manufacture boiler making mechanical machining painting electricity / recycling machine (cable stripper, glass jar deconditioner, mud mixer), handling and lifting accessories (pallet lifter, hydraulic hook, rotator, clamshell bucket, wood grab), wire mesh protections, conveyor, overhead crane, spreader"".",Automation Machinery Manufacturing,11-50 employees,Partnership,"St-Étienne, Auvergne-Rhône-Alpes, France",France,secmi-manut.com,https://www.linkedin.com/company/secmi-manut
Automatismes Innovations,"Vous êtes une entreprise ou un particulier cherchant à automatiser vos ouvertures pour plus de commodité et de sécurité ou encore soucieux de contrôler l'accès à vos installations ?
Automatismes Innovations est votre partenaire de confiance pour des solutions d'automatisation et de gestion d'accès de haute qualité.",Automation Machinery Manufacturing,Self-employed,Self Employed,"Montreux-Château, Bourgogne-Franche-Comté, France",France,,https://www.linkedin.com/company/automatismes-innovations
L&P Engineering,Conception et réalisation de systèmes automatisés,Automation Machinery Manufacturing,2-10 employees,Partnership,"Gries, Grand Est, France",France,lp-engineering.fr,https://www.linkedin.com/company/lp-engineering-fr
Codaloop,"Codaloop offers services in Industrial Automation, Electrical, and Robotics.",Automation Machinery Manufacturing,Self-employed,Privately Held,"Le Bourget-du-Lac, Auvergne-Rhône-Alpes, France",France,codaloop.com,https://www.linkedin.com/company/codaloop
FINERN AUTOMATION INTERNATIONAL,"FINERN is a Technology Leader in automated production system (APS) in E-cigerette, automotive, new energy and food industries. And it serves some of the most advanced intelligent manufacturing clients across the world. FINERN is committed to provide comprehensive solutions to its clients. FINERN has established 4 R&D centers in China as well as overseas offices in Hong Kong, Vietnam, US and France to ensure our commitment of being Trusted Partnership Choice for its clients.",Automation Machinery Manufacturing,"501-1,000 employees",Privately Held,"Paris, Île-de-France, France",France,finern.com,https://www.linkedin.com/company/finern-automation-international
H2C,"H2C est une société spécialisée dans la GTB/GTC, avec un focus sur la supervision et la régulation des systèmes CVC (chauffage, ventilation, climatisation).

Nous accompagnons les industriels, le tertiaire et les facility managers dans la conception, la mise en œuvre et l’optimisation de leurs installations techniques, avec une approche pragmatique, orientée terrain et exploitation.

 Contact : contact@h2c-gtb.fr",Automation Machinery Manufacturing,Self-employed,Self Owned,"Reims, Grand Est, France",France,,https://www.linkedin.com/company/h2c-–-régulation-cvc-gtb
SOFIMA SAS,"Une structure dynamique et adaptable
En tant que fournisseur de sous-traitants de l'industrie automobile, nous contribuons à ce que nos clients respectent les critères parmi les plus exigeants de l'industrie en garantissant les respect des contraintes QCD de nos projets. 
Parce que chaque Client et chaque projet est unique, nous assurons un suivi continu et personnalisé par un interlocuteur dédié qui permet d'offrir transparence et visibilité tout au long du développement du projet et de conserver son historique. 
Nous sommes un spécialiste de l'automatisation de lignes de production pour le secteur de la fonderie aluminium. 
Nos solutions sont adaptables et personnalisables aux besoins spécifiques de nos clients, et s'appuient sur nos gammes de produits, tels que:
- Portiques linéaires
- Carrousel
- Coquilleuses
- Préhenseurs
- Equipements annexes, tels que Transbordeur de coquilleuse, Démasselotteuse, ...",Automation Machinery Manufacturing,11-50 employees,Partnership,"Vaiges, Pays de la Loire, France",France,sofima-sas.com,https://www.linkedin.com/company/sofima-sas
IPBE Bornes Escamotables & bornes foraines,"À l’écoute de nos clients et au-delà de la fabrication, la préoccupation principale d’IPBE est de répondre aux problématiques des communes. Notre métier est d’abord d’être à l’écoute, pour pouvoir ensuite développer et proposer la solution que le client attend.
Admirer une ville avec un équipement urbain qui évolue, pour toujours plus de praticité et d’esthétisme est la meilleure des récompenses pour notre société.",Automation Machinery Manufacturing,11-50 employees,Privately Held,"La Ciotat, Provence-Alpes-Côte d'Azur, France",France,ipbe.fr,https://www.linkedin.com/company/ipbe-bornes-escamotables
Industrial Automation Experts,"Community of Industry 4.0 enthusiasts. Discussion of innovations in the field of industrial automation and digitalization, IIoT (Industrial Internet of Things), cybersecurity.

- Industrial automation news from around the world
- Communication and networking trends
- Innovative technologies
- Complex and simple solutions based on modern computing equipment
- Communication with leading specialists in various industrial fields

Here you can share the latest industry news, find like-minded people, talk about out-of-the-box solutions and help each other with technical issues.",Automation Machinery Manufacturing,51-200 employees,Non Profit,"Heugas, Nouvelle-Aquitaine, France",France,,https://www.linkedin.com/company/industrialautomationexperts
AUTOMATISME VISION SERVICE,"AUTOMATISME VISION SERVICE réalise de la programmation, maintenance, dépannage dans l'industrie pour les équipements industriels, systèmes automatisés, armoire électrique pour tout type de process.",Automation Machinery Manufacturing,2-10 employees,Privately Held,"Saint-Maximin-La-Sainte-Baume, Provence-Alpes-Côte d'Azur, France",France,automatisme-vision-service.com,https://www.linkedin.com/company/automatisme-vision-service
SERPPAV,"SERPPAV entreprise familiale, spécialiste dans l’installation, la maintenance et le dépannage des fermetures industrielles.",Automation Machinery Manufacturing,11-50 employees,Partnership,"Cébazat, Auvergne-Rhône-Alpes, France",France,serppav.eu,https://www.linkedin.com/company/serppav
AUTOMATISMES INDUSTRIELS DE TOULOUSE,"AUTOMATISMES INDUSTRIELS DE TOULOUSE is an industrial PLC programming and supervision company based in Toulouse, France.",Automation Machinery Manufacturing,2-10 employees,Self Owned,"Toulouse, Occitanie, France",France,aitls.com,https://www.linkedin.com/company/automatismes-industriels-de-toulouse
AMP,"- AMP vous propose la conception et la réalisation clé en main de vos machines spéciales, quelque soit votre secteur d’activité. 
     - Créée en 2008, AMP vous accueille dans ses locaux de 400m2 situés au cœur du Vimeu, proche de l’autoroute A28.
     - Une équipe dynamique et motivée de 8 personnes à l’écoute des besoins, du devis à la réalisation finale.",Automation Machinery Manufacturing,2-10 employees,Privately Held,"Friville-Escarbotin, Hauts-de-France, France",France,amp80.com,https://www.linkedin.com/company/amp-automatisme-mecanique-de-picardie
FBS Electricité,"FBS — Expertise & accompagnement en génie électrique.

Partenaire des industries et acteurs du BTP, nous intervenons sur des projets techniques d’envergure dans des secteurs variés : Pétrochimie, Pharmaceutique, Agroalimentaire, Data centers, Tertiaire.

De la conception à la maintenance, nos équipes vous accompagnent avec réactivité, savoir-faire et engagement.

Vous avez un projet ? Parlons-en.",Automation Machinery Manufacturing,11-50 employees,Self Owned,"Sotteville-lès-Rouen, Normandy, France",France,fbs-elec.fr,https://www.linkedin.com/company/fbs-electricité
REA JET France,"REA JET France, filiale du Groupe REA Elektronik GmbH, fournit des solutions de Marquage, Identification & Traçabilité, pour tous types de marchés (""industrie"", ""pharma"", ""cosmétique"", ""alimentaire"", ...). 

Toutes nos solutions sont ""Made in Germany"".

De telles solutions intègrent les technologies ""jet d'encre"" (jet dévié, haute résolution, gros caractères), ""laser"" (CO2 et fibre), ""étiquetage"" et ""vérification"" des codes (codes à barre, Datamatrix, QR, ...).

Pour plus d'informations sur nos technologies et solutions, merci de visiter notre site web : https://www.rea-jet.com/fr-fr/index.html",Automation Machinery Manufacturing,2-10 employees,Privately Held,"Mulhouse, Grand Est, France",France,rea-jet.com,https://www.linkedin.com/company/rea-jet-france
ACS,"Notre société est spécialisée dans l'étude, l'intégration et l'installation d'équipements électriques en milieu industriels (Agro-alimentaire, cosmétiques, pharmaceutique, avionique, collectivités)
De l'étude à la mise en service en passant par la réalisation des armoires électriques ainsi que par le câblage sur site, nous intervenons sur toute la France ainsi qu'à l'étranger.
Nous développons également pour nos clients des programmes automates  et IHM (Schneider, Siemens, Proface)",Automation Machinery Manufacturing,11-50 employees,Privately Held,"Pleumeleuc, Brittany, France",France,acs35.fr,https://www.linkedin.com/company/acs35
Ghilde,"Automation became the core of industry’s progress, reliability and safety. Ghilde is a Specialist Automation Service Company expert in the Distributed Control Systems applications. Headquartered in Paris, France, where it has been founded in 1996, Ghilde has an exceptional expertise in petrochemical, oil refinery and industrial applications.
Proposing of efficient and innovative technology services, including quality control, has always been the company's main objective. 
The rigor is an essential skill that Ghilde applies to the understanding of client’s requirements, engineers recruitment and projects follow-up.
In January 2007, Ghilde has opened a new branch, Ghilde ME, in the Kingdom of Saudi Arabia. Ghilde ME shares the same competences, Know-how and rigor of its mother company. 
Ghilde Engineers are very well trained and capable of achieving complex task in the Distributed Control Systems software integration and implementation.",Automation Machinery Manufacturing,11-50 employees,Partnership,France,France,ghilde.com,https://www.linkedin.com/company/ghilde
Label Automation France,"LABEL, acronyme de LABoratoire ÉLectronique, est une entreprise fondée en 1973.

Notre mission est d‘imaginer et de développer des robots qui enrichissent la vie des gens. 
Nous fabriquons des machines intelligentes auxquelles nous déléguons tous les processus de gestion. 

Du chargement au prélèvement en passant par l‘optimisation interne, nous éliminons les aspects répétitifs et physiquement exigeants du travail quotidien.",Automation Machinery Manufacturing,51-200 employees,Privately Held,"Paris, Île-de-France, France",France,labelpharma.eu,https://www.linkedin.com/company/label-automation-france
ACPI Fermetures,"Plus de 40 ans passés dans le domaine des portes automatiques, depuis la fabrication jusqu’à la pose, en passant par le dépannage, la réparation, dans des domaines aussi variés que le collectif, le particulier, l’industrie, le commerce, ainsi que dans des métiers riches et divers comme la fabrication, le conseil, les achats, la vente et le pilotage d’équipes.

La société ACPI Fermetures que je créé aujourd’hui, fort de ces expériences riches et variées, est à votre disposition pour vous aider et vous conseiller dans vos projets d’équipements ou de changement de portes et portails.

Depuis le choix du type de porte ou portail, sa matière, son fonctionnement, ses capacités, jusqu’à la pose, la formation des utilisateurs. 

Je suis à votre disposition et serai ravi de pouvoir vous conseiller ainsi que répondre à vos exigences : mes connaissances, mes expériences sur un très grand nombre de types et de marques de portes Françaises ou Européennes sont à votre disposition.",Automation Machinery Manufacturing,2-10 employees,Self Owned,"Gargenville, Île-de-France, France",France,,https://www.linkedin.com/company/acpi-fermetures
ISARTEC,"ISARTEC est une société indépendante basée à Fléville-Devant-Nancy, forte d'une vingtaine d'Automaticiens avec son implantation Vosgienne.

Elle est spécialisée dans le process Agroalimentaire Laitier et intervient auprès des grands acteurs du secteur, clients finaux ou ensembliers, dans toute la France et à l'étranger.",Automation Machinery Manufacturing,11-50 employees,Privately Held,"Fléville-Devant-Nancy, Grand Est, France",France,isartec.com,https://www.linkedin.com/company/isartec
PCMI,"PCMI est spécialiste dans la réalisation d'outillage de test et de contrôle. Nous concevons et réalisons nos équipements, nos automates et nos installations robotisées.",Automation Machinery Manufacturing,11-50 employees,Privately Held,"Laval, Pays de la Loire, France",France,pcmi.fr,https://www.linkedin.com/company/pcmi53
C2C ASCENSEURS,"C2C Ascenseurs, votre partenaire pour la maintenance et l’entretien de vos ascenseurs. 

Nous proposons également l’installation de tous vos automatismes de fermeture.  Nous posons vos portes de garage et vos portails.

 Nous en assurons la maintenance et nous pouvons également assurer l’entretien et la réparation des systèmes déjà installés.


 Nos atouts :
- Réactivité & qualité de services
- Conseils personnalisés
- Contrôle périodiques
- Normes CE
- Pièces garanties constructeurs

 Disponible 24h/24 & 7j/7
Notre SAV intervient dans les meilleurs délais sur simple appel de votre part.

#C2Cascenseurs",Automation Machinery Manufacturing,2-10 employees,Self Owned,"Saint-Paul, Hauts-de-France, France",France,c2cascenseurs.fr,https://www.linkedin.com/company/c2c-ascenseurs
SAS ICARE-SYSTEMS,"Société spécialisée en automatisme et robotique, conception de programmes et mise au point de machines industrielles.",Automation Machinery Manufacturing,11-50 employees,Privately Held,"La Ville-aux-Dames, Centre-Val de Loire, France",France,icare-systems.fr,https://www.linkedin.com/company/sas-icare-systems
AMIP,"Créé en 1986, AMIP est une société possédant plus de 30 ans d'expériences dans la programmation d'automates et le contrôle commande industriel . 

De l'étude d'un projet jusqu'à sa réalisation, nous fournissons des solutions clé en main.

Assurer l'ensemble du projet (L'étude, la conception, la programmation, l'installation) ou seulement une partie du projet, AMIP s'occupe de tout.

Nous accompagnons nos clients sur des problématiques d'automatisation, de supervision, de rétrofit, d'efficacité énergétique, en vous proposant des solutions personnalisées.",Automation Machinery Manufacturing,11-50 employees,Self Owned,"Les Ulis, Île-de-France, France",France,amip.fr,https://www.linkedin.com/company/amip-91940
avercasso,"avercasso is a startup team and an emerging brand wholly owned by an AI-enabled tech company, AVer Information Inc., publicly listed in Taiwan (Stock No. 3669.TW), a top-tier optical lens and imaging processing solution provider that offers a world-class pioneering AI-powered green coffee bean sorter.

We use the latest AI technology powered by NVIDIA chips to deliver:

- Over 99% accuracy in identifying SCA-classified G1 defective coffee beans
- Industrial-leading AI green coffee bean database for identification and analysis
- Proprietary optical lens and BeanFace image recognition technologies forge a state-of-the-art AI algorithm for sorting green coffee beans.

We are offering an AI-driven automated sorting solution for nano/micro specialty coffee roasters to perfect their roasting flavor and improve business operation efficiency.

For more information, please contact us: info@avercasso.com",Automation Machinery Manufacturing,"501-1,000 employees",Privately Held,"Marne-la-Vallée, Île-de-France, France",France,avercasso.com,https://www.linkedin.com/company/avercasso
SPEC Industrie,"SPEC est spécialisée dans la conception, la réalisation et l'installations d'équipements électriques, ainsi que la mise en œuvre d'automatismes de process industriels dans tous les secteurs d'activité.

Depuis 1981, SPEC crée ou rénove votre installation industrielle en France ou à l'étranger. Nos savoir-faire : conception d'armoires de distribution, contrôle-commandes, départs moteurs forte puissance variateurs de fréquence, réalisation et mise en service d'automates programmables, baies de mesures et instrumentations diverses.

Notre objectif : accompagner nos clients et leur livrer des installations ""clef en main"".",Automation Machinery Manufacturing,11-50 employees,Privately Held,"Vedène, Provence-Alpes-Côte d'Azur, France",France,omegaindustries.fr,https://www.linkedin.com/company/spec-industrie
IAR Instrumentation Automatisme Régulation,"La société IAR vous accueille et vous accompagne dans vos grands projets industriels dans le domaine de l’instrumentation et de l’automatisme de process.

Nos équipes interviennent dans les grandes phases de vie d’une unité de production :

- Travaux neufs

- Phases d’arrêts

- Travaux de précommissioning et contrôle des packages fournisseurs

- Phases de commissioning et assistances au démarrage de vos unités

- Maintenance et dépannage de vos installations

- Essais, Mesures et Réglages de vos systèmes de contrôle commande, capteurs et vannes

- Contrôle et Conseils techniques

La société IAR est une jeune entreprise qui a vu le jour depuis peu mais construite grâce à une dizaine d’années d’expérience dans les industries lourdes de la pétrochimie, de l’environnement et de l’agroalimentaire.

Notre force est caractérisée par:
•une prestation de service innovante et efficace
•une organisation tournée vers le client
•un respect des plannings
•une équipe de techniciens et d’ingénieurs qualifiés
•des appareils de mesures et de réglages de haute qualité contrôlés et étalonnés régulièrement
•un service spécialisé dans la CAO et le DAO",Automation Machinery Manufacturing,2-10 employees,Self Employed,"Draguignan, Provence-Alpes-Côte d'Azur, France",France,,https://www.linkedin.com/company/iar-instrumentation-automatisme-régulation
CKD Industrie,"Deux agences (Compiègne et Soissons) pour répondre à tous vos travaux électriques haute tension et basse tension, automatisme industriel, le dépannage notre ADN, tableautier, location de matériel électrique, nous avons la solution pour vous servir!",Automation Machinery Manufacturing,11-50 employees,Privately Held,"Ribécourt-Dreslincourt, Hauts-de-France, France",France,ckd-industrie.com,https://www.linkedin.com/company/ckd-industrie
SIAE France,"SIAE France est le référent électrotechnique des Industriels ! 

Nous comptons parmi nos clients des industries, des entreprises de la grande distribution, du secteur tertiaire et intervient en sous-traitance de grands donneurs d'ordres du BTP, de l'énergie et du secteur agro-alimentaire. 

Notre entreprise s'engage sur une approche de bout-en-bout grâce à notre Bureau d'Études intégré, notre atelier de câblage, nos équipes d'intervention terrain et notre équipe de maintenance et de dépannage. 

Globalement, SIAE France conseille ses clients à s'adapter au mieux aux évolutions technologiques du marché de l'énergie et les aide à relever le défi de l'efficacité énergétique.

SIAE intervient dans le domaine de l’électricité à destination des industriels et à pour volonté, grâce à des solutions sur-mesure, d’optimiser, de fiabiliser les installations tout en conseillant ses clients à réduire leur emprunte carbone. 

SIAE vous accompagne sur plusieurs domaines d'activités : 

L'électricité industrielle : 
- Installation et maintenance HTA
- Etudes, conception et réalisations d'installations BT
- Armoires de process industriel
- Remplacement d'équipements d'ancienne génération
- Compensation, filtrage
- Mise en conformité
- Mise en lumière (éclairage intelligent pour réaliser des économies)
- Les automatismes & régulations

L'électricité pour le CVC : 
- Régulation des systèmes pour optimiser le confort
- Gestion de l'hygrométrie, des températures, contrôle des pressions
- Etudes, conseils d'optimisation d'installations existantes
- Solutions pour le froid industriel et commercial
- Efficacité énergétique

Les courants faibles sécuritaires : 
- Audits de site pour évaluer les risques d'incendie et de fuites de nombreux types de gaz
- Conception, installation et contrats de maintenance de ces solutions de détection en condition opérationnelles
- Détection incendie, détection gaz, vidéosurveillance, contrôle d'accès, détection intrusion",Automation Machinery Manufacturing,11-50 employees,Privately Held,"Saint-Apollinaire, Bourgogne-Franche-Comté, France",France,siaefrance.com,https://www.linkedin.com/company/siae-france
AUTOMATIC LOGISTIC,"Certes, l’automatisation existe depuis des dizaines d’années dans le monde de l’industrie et de la logistique. Néanmoins, les solutions existantes sur le marché de la préparation de commandes ont de grandes difficultés à proposer une offre de qualité sur l’activité très spécifique qu’est le traitement des commandes à l’unité. Les solutions actuelles font encore appel au picking manuel ce qui représente un coût significatif pour les entreprises. 

Aussi, AUTOMATIC LOGISTIC, filiale du Groupe SAPF, qui, fort de ses 21 années d’expérience, cumule plus de 1 000 installations en France et à l’étranger à travers ses solutions, conçoit, fabrique et distribue une gamme de systèmes, robots et automates, permettant la préparation automatique des commandes à l’unité dans la logistique, l'industrie, le e-commerce et les drives. Ses solutions permettent de répondre à la nécessité de faire disparaître les pressions exercées par ces coûts.",Automation Machinery Manufacturing,2-10 employees,Privately Held,"Argentan, Normandy, France",France,automatic-logistic.fr,https://www.linkedin.com/company/automatic-logistic
Newcob,"Newcob recrute, forme et déploie des spécialistes en Robotique et Vision. C’est avant tout un vivier d’experts capable de vous assister dans la programmation ou l’optimisation de vos process robotisés, existants ou non.

Newcob, c’est aussi un centre de formation en Vision, Robotique, Automatisme et Cobotique, s’appuyant sur de nombreuses années d’expérience industrielle. Nous renforçons vos équipes en accélérant leur montée en compétences pour vous accompagner dans l’acquisition de ces nouvelles technologies.

Newcob, pour vous industriels : optimisez vos process et/ou formez vos collaborateurs.
Newcob, pour vous particuliers : apprenez ces métiers d’avenir en rejoignant notre équipe",Automation Machinery Manufacturing,11-50 employees,Privately Held,"Saint-Étienne, Auvergne-Rhône-Alpes, France",France,newcob.fr,https://www.linkedin.com/company/newcob
ACE AUTOMATION Europe,"Greetings !     We are a passionate team of Engineers who started ACE PLC because we were frustrated at how little the PLC market has advanced. Hardware is expensive and software looks like it’s been frozen in time for years. We wanted to design a more advanced PLC to speed up development time and decrease costs.

Our team has been in the automation world for many years. Dennis, our president, started Optimation in 1990. Optimation made the first operator panels. As a testiment to their quality, they’re still sold today.

Ace PLC adventure began in 2007. 9 years were spent developing a next generation PLC. In that time we created many prototypes, but refused to go to market till we had something we were truly proud of. ACE PLC are the result of this pursuit of a truly great PLC.

             We’re confident you’ll love them and look forward to hearing how you use them

 ENABLES THE AUTOMATION OF NEW AND SMALLER PROJECTS
 ATYPICAL POWERFUL POCKET-SIZED INDUSTRIAL PLCs

● Smallest PLC
○ 6.35 x 6.35 and 1.27 cm high !
○ Enables new and smaller projects

● Powerful Software
○ Flow Chart and Ladder
○ Try it ! It’s FREE

● Two types of interfaces
○ Mini connectors
○ Base PCB

 NO MORE OBSTACLES TO ADD AN HMI TO YOUR MACHINE
 LOW COST, FULL COLOR, THOUGHTFULLY DESIGNED TOUCHSCREEN HMIs

● Excellent value without compromising quality
○ Sober design
○ High brightness
○ Without brand mark
○ Customizable startup screen

● Battery backed-up real time clock.
○ Retentive memory
○ Low power consumption
○ Operating temperature -10 +65°C

● Work with all ACE PLC via built in USB or serial port: RS232 or RS485
○ 2 USB ports, 1 Host Midbus to ACE PLC and 1 Slave
○ 1 or 2 RS232/485 ports Modbus and more
○ Ethernet/WiFi/VNC optional

● Quick download of the project via a simple USB memory stick
○ Exporting historical data, recipes, historical alarms and screenshots via also USB memory stick

● Free Programming Software
○ Designed to be the easiest to use
○ Multi-langages switch",Automation Machinery Manufacturing,11-50 employees,Privately Held,"Châtillon-sur-Chalaronne, Auvergne-Rhône-Alpes, France",France,aceautomation.eu,https://www.linkedin.com/company/ace-automation-europe
Pneumax France,"L’amplitude des produits PNEUMAX en font un des leader sur le marché.

La gamme des produits Pneumax se compose de :

microvérins ISO, vérins CNOMO, ISO VDMA, vérins bi tige, rotatif à crémaillère et à palette, vérins faible course et compact ISO et UNITOP, régulateur de vitesse hydraulique et vérin sans tige; d’appareils de traitement de l’air, filtre, lubrificateur et régulateur de pression, de la taille1 à la taille 4, multiplicateur de pression ; distributeur à commande mécanique et pneumatique à tiroir et clapet, électrodistributeurs ISO, VDMA sorties directes et sur embase ; éléments de manipulation, pinces, vérins compact guidé, table rotative, table linéaire ; raccords instantanés, à visser, à olive et accessoires, adaptateurs et tubes rilsan et polyamide.

PNEUMAX est certifiée ISO 9001 depuis 1993.

Le siège de PNEUMAX FRANCE est implanté depuis 1993 sur 4000 m2, en zone industrielle Nord de SELESTAT (Bas-Rhin). Elle couvre le territoire français ainsi que les pays francophones.
L’acquisition récente de machines-outils à commande numérique a augmenté la capacité de production en garantissant le service (délai court) et la qualité.
Bureaux d’études, industries et usines, chaînes de montage, robotique et productique, les secteurs concernés par nos produits et services sont très nombreux, consultez-nous.",Automation Machinery Manufacturing,11-50 employees,Partnership,"Sélestat, Grand Est, France",France,pneumax.fr,https://www.linkedin.com/company/pneumax-france
ACERELEC,"Entreprise créée en 1991.

Spécialiste dans les domaines électriques, thermiques et des systèmes automatisé, ACERELEC intervient dans les différents domaines de vos installations .

Automatisme:
- Automate : Schneider Electric, Siemens etc...
- Supervision : PCVue, Wounderwar, etc...
-Télégestion ainsi que Télétransmission.
-Machine Spéciale.

Equipements: 
- Poste de transformation, Groupe Electrogène, TGBT, Contrôle commande, Transfert d’équipement industriel, Eclairage, Eclairage de sécurité, Maintenance, Electricité Industrielleet tertiaire.

Courant Faible : 
- Détection Incendie, Alarme Technique, GTC.

Onduleurs : 
- Dépannage, maintenance préventive et curative.

Variateurs: 
- Dépannage, maintenance préventive et curative.

Nous sommes prêt à mettre notre savoir à votre disposition",Automation Machinery Manufacturing,11-50 employees,Self Employed,"Bédarrides, Provence-Alpes-Côte d'Azur, France",France,acerelec.fr,https://www.linkedin.com/company/acerelec84
Glenton JKB,"Glenton JKB conçoit, fabrique et distribue en direct le jukebox augmenté Glenton 150. Avec ce produit atypique, la marque signe une innovation technologique ""Made in France"" au carrefour du design, de l'artisanat et de la musique ! Glenton 150 est le premier jukebox Vinyle du marché capable d’offrirdes fonctionnalités équivalentes à celles d’un lecteur de médias moderne grâce à une capacité de stockage de 150 disques 33 tours offrant ainsi plus de 100 heures de musique sur disques vinyles avec la possibilité de choisir l’ordre de lecture des titres qu’il contient. 

Une innovation conçue par un passionné de musique et de technologie pour des passionnés de musique, de technologie et de design :-)",Automation Machinery Manufacturing,2-10 employees,Self Owned,"Marat, Auvergne-Rhône-Alpes, France",France,glentonjkb.fr,https://www.linkedin.com/company/glentonjkb
A2IM,"SERVICES AUX UTILISATEURS FINAUX: 
Audit, mutualisez vos stocks, rétrofit de vos équipements.
SERVICES AUX INTEGRATEURS ET CONSTRUCTEURS:
Ressources supplémentaires en Automatisme, Robotique et Informatique industrielle.
Logiciels d'automatismes Standard PackML avec autogénération des IHM.
Gain de temps pour le développement et la mise en service.
FORMATIONS:
Logiciels AxoSoft, Codesys, Automates, Motion et Informatique industrielle.
NEGOCE TECHNIQUE.
Solutions mécatroniques:  Pc industriel, Automate, Contrôleur, Entrées/Sorties, Variateurs, Servovariateurs, motorisations et réducteurs.",Automation Machinery Manufacturing,Self-employed,Privately Held,"Fay-de-Bretagne, Pays de la Loire, France",France,a2imotion.fr,https://www.linkedin.com/company/a2imotion
CITROËN Cherbourg,Vente de véhicules de la marque CITROËN,Automation Machinery Manufacturing,201-500 employees,Self Owned,"Cherbourg, Normandy, France",France,groupe-legrand.fr,https://www.linkedin.com/company/citroën-cherbourg
AMCpi,"Depuis 1987, nous proposons nos services d'automatisme, d'instrumentation, d'électricité, de câblage et de bureau d'étude dans les secteurs d’activités industrielles. 

Nous proposons un service réactif, sérieux et de grande qualité concernant la fabrication, la mise en place et l'entretien de n'importe quel réseau électrique interne. Nous travaillons dans plusieurs secteurs d'activités industriels tels que l'agro-alimentaire, l'énergie, la pharmaceutique, la chimie, l'aéronautique, la papeterie, le pétrole, etc.

Nous restons aussi ouverts à l'international et exportons occasionnellement nos compétences.",Automation Machinery Manufacturing,11-50 employees,Privately Held,"Tresses, Nouvelle-Aquitaine, France",France,amcpi.fr,https://www.linkedin.com/company/amcpi
Bonnaire - Automatisme & Maintenance Industrielle,"Située à Saint-Etienne, Bonnaire - Groupe Velkia est une SARL familiale créée en 1977. Elle compte aujourd’hui, une vingtaine de personnes. Ayant deux secteurs, bâtiment et industrie, notre ambition est d’être les meilleurs en répondant aux mieux aux attentes de nos clients.",Automation Machinery Manufacturing,11-50 employees,Privately Held,"Roche-la-Molière, Auvergne-Rhône-Alpes, France",France,velkia.fr,https://www.linkedin.com/company/bonnaire-industrie
CLaii,"""Specialised in Automation and Industrial Computering , Claii assist you in your turnkey projects to create and improve your production tools""",Automation Machinery Manufacturing,11-50 employees,Privately Held,"Cavaillon, Provence-Alpes-Côte d'Azur, France",France,claii.com,https://www.linkedin.com/company/claii
BA AUTOMATISME,"BA Automastime - Référence de l'automatisme dans l'Hérault, vous accompagne depuis 1981 dans vos projets de fermeture de votre habitat.",Automation Machinery Manufacturing,11-50 employees,Privately Held,"Bessan, Occitanie, France",France,baautomatisme.fr,https://www.linkedin.com/company/ba-automatsime
ORIS Automation,ORIS Automation est spécialisé dans l'intégration de systèmes automatisés pour la gestion technique des bâtiments. Nous accompagnons nos clients pour optimiser le fonctionnement de leurs équipements afin de faire des économies d'énergies.,Automation Machinery Manufacturing,2-10 employees,Privately Held,"Montrevault-sur-Èvre, Pays de la Loire, France",France,orisautomation.fr,https://www.linkedin.com/company/oris-automation
Hydralec Solutions,"Fort de 15 ans d'expérience dans le domaine électromécanique et assainissement appliqués aux systèmes de transport de fluides :

- Dépannage rapide et efficace de votre pompe de relevage, pompe de puits, pompe de forage, circulateur, surpresseur, adduction d'eau. 
- Produits fiables destinés aux professionnelles et particuliers.
- Fournisseurs : Ebara, Calpeda, Grundfos, Flygt, Xylem, Jetly. 
- Diagnostic suite à une problématique d'évacuation ou odeurs sur réseaux humides.
- Inspection vidéo, test fumée, odeurs, obstruction.

Hydralec Solutions intervient sur Nantes, Cholet, Montaigu, St Nazaire et leurs agglomérations.",Automation Machinery Manufacturing,Self-employed,Self Owned,"Gorges, Pays de la Loire, France",France,hydralec-solutions.fr,https://www.linkedin.com/company/hydralec-solutions
CEVILOG VISION SYSTEM,"CEVILOG is specialized in vision systems:
 - 10 years' experience in industrial vision solutions
 - Cognex solution integrator 
 - Products in smart camera and LED lighting
 
We provide  turn key solution that give you : 
 - Camera & lighting solution 
 - A solution to reject all the defects
 - Traceability and statistics for all controls",Automation Machinery Manufacturing,2-10 employees,Privately Held,"Entzheim, Grand Est, France",France,cevilog.com,https://www.linkedin.com/company/cevilog
Syno AI @Automise,"On accompagne les entreprises en intégrant des Systèmes IA complets, sur‐mesure, autonomes et évolutifs.

Nous combinons expertise stratégique (audit, architecture) et maîtrise technique (implémentation + monitoring + amélioration continue).

Contrairement aux solutions “one‐shot”, notre accompagnement inclut l’implémentation, le suivi, la gestion, les retouches, la maintenance et l’amélioration continue de votre système IA.

Vous n’avez pas besoin d’une équipe tech dédiée pour implémenter l’IA dans votre activité, ni de vous occuper de vos systèmes.
On s’occupe de tout.",Automation Machinery Manufacturing,2-10 employees,Partnership,"Paris, Île-de-France, France",France,automise.fr,https://www.linkedin.com/company/syno-ai-automise
IB Sys,IB Sys met l'ingénierie au service de la biodiversité. Nous développons des solutions techniques et technologiques pour améliorer le quotidien des abeilles et des apiculteurs.,Automation Machinery Manufacturing,2-10 employees,Self Owned,"Saintes, Nouvelle-Aquitaine, France",France,ibsys.fr,https://www.linkedin.com/company/ib-sys
SMARTPROG,"La société SMARTPROG est une PME spécialisée dans la programmation d'automatisme et informatique industrielle. Nous sommes présents en industrie de 1ere transformation du bois et en machines spéciales. Crée en 2021 à Riotord (43), elle centralise les activités des sociétés BS Automatisme et BSA Surtec, sous-traitant d’automatisme pour les principaux fabricants français de machines de scierie. Fort de cette expérience de plus de 20 ans, nous proposons aujourd’hui des solutions de positionnement d’axe, de mesure, de suivi et triage de produit.",Automation Machinery Manufacturing,2-10 employees,Privately Held,"Riotord, Auvergne-Rhône-Alpes, France",France,smartprog.fr,https://www.linkedin.com/company/smartprog-fr
SysTechMar SAS,"Smart technology for marine and buildings.

     We Design, program and commission of all types automation with special focus on building and yacht systems.

     We want to empower end users by helping them to get manageable insight of their systems with the use of analitics and artificial intelligence.",Automation Machinery Manufacturing,2-10 employees,Partnership,"Éragny, Île-de-France, France",France,systechmar.com,https://www.linkedin.com/company/systechmar-sas
Technosilos AP,"Technosilos offer integrated solutions for applications that involve Intake and Storage, Conveying, Mixing, Metering and Weighing of bulk materials, small ingredients or liquid components for food processing plants: confectionary, baked goods, and beverages.
Our customers range from medium size to large operations with fully automated processes.

With over 40 years of experience, Technosilos is one the leading companies for ingredients automation and recipe control. Our performance is based on a team of young and creative engineers as well as senior experienced engineers.
Our process equipment offers optimal design to ensure :
. Accurate and consistent weighing of the raw materials,
. Reliable and hygienic systems,
. Innovative and cost efficient solutions
 
Technosilos with its headquarter in Forli Italia, is an independent, medium-sized and family-owned business.
Technosilos AP is the Process-Engineering division of Technosilos Italy. The core business of this business unit is developing and producing customer-specific systems.

Let Technosilos develop a solution for you!",Automation Machinery Manufacturing,51-200 employees,Partnership,"Tours, Centre-Val de Loire, France",France,technosilosap.com,https://www.linkedin.com/company/technosilos-ap
MIDEST,"MIDEST is the global platform used by international customers and subcontractors for sourcing and exchanges.
Manufacturers, component suppliers and integrators meet the suppliers of solutions for metal and plastics processing, electronics, microtechniques and industry services face to face.

MIDEST is a major event and business generator for:
- 1,750 exhibitors in average, 40% of whom are not French and originate from some 40 countries
- 40,000 professionals from all sectors of activity. 15% of these visitors are from outside France and are drawn from some 70 countries.

MIDEST benefits from the support of 50 partners, including international organizations, French chambers of commerce and industry and trade associations.

More information on www.midest.com
Tel. : +33 (0)1 47 56 21 66
Email: info@midest.com",Automation Machinery Manufacturing,201-500 employees,Privately Held,"Villepinte, Île-de-France, France",France,midest.com,https://www.linkedin.com/company/midest
EIREL,"Bienvenue sur notre page EIREL by AQUAPROX

Filiale de la société AQUAPROX I-TECH, EIREL se positionne en tant qu’expert de l’étude, la conception et la réalisation d’automatismes industriels, d'armoires et de coffrets de distribution électrique. Depuis 35 ans, nous apportons notre savoir-faire à nos clients évoluant dans différents secteurs d’activité, en particulier ceux du traitement de l’eau, de l’air, de la manutention....

Nous sommes à l’écoute de nos clients pour les aider dans l’élaboration de leurs cahiers des charges et dans leur exécution. Un projet complexe est toujours un défi qui nous pousse à la recherche et au progrès. Nous sommes prêts à le relever....

Les services proposés par EIREL sont:
•	les études, les schémas et la programmation
•	la production: montage et câblage des armoires ou des coffrets électriques
•	la mise en service des armoires d’automatismes sur site

A propos du groupe AQUAPROX : 
AQUAPROX GROUP une entreprise française familiale spécialisée dans le traitement de l’eau depuis 1989.
Pour suivre toutes les actualités du groupe, nous vous invitons à suivre les pages LinkedIn correspondantes : 
- AQUAPROX Group
- AQUAPROX Industries
- AQUAPROX I-Tech
- AQUAPROX Mobile Services
- AQUAPROX Italia
- AAQUA
- CLARFLOK
- NOVOCHEM WATER TREATMENT
- SMART WATER",Automation Machinery Manufacturing,11-50 employees,Self Owned,"Saint-Ouen-l'Aumône, Île-de-France, France",France,aquaprox.com,https://www.linkedin.com/company/eirel
BTS CRSA - Lycée de Cachan,"Le Lycée Polyvalent de Cachan accueille la Section technicien supérieur CRSA depuis 2011, et ex MAI depuis 1979.

Le technicien supérieur CRSA est un spécialiste de la conception des équipements automatisés présents dans des secteurs aussi variés que l'exploitation de ressources naturelles, la production d'énergie, la transformation de matière première, le traitement de l'eau ou des déchets, l'agroalimentaire, l'industrie pharmaceutique, l'industrie cosmétique (y compris le luxe), la robotique, la réalisation d'équipements pour le service à la personne, le pilotage d'installations de spectacle ou de loisirs, la fabrication de produits manufacturés (mécanique, automobile, aéronautique et autres), la distribution de produits manufacturés, l'industrie automobile, les transports, la manutention, l'emballage, le conditionnement. Conçus pour répondre à des besoins spécifiques, ces systèmes automatiques sont réalisés sur mesure et fabriqués à l'unité ou en petite série pour des clients exigeants. Le titulaire de ce diplôme trouve sa place dans des entreprises très diverses lui confiant des activités professionnelles nouvelles suivant les nombreuses évolutions des systèmes automatiques et des équipements automatisés.

Débouchés professionnels

NIVEAU BAC +2

•	Technicien/ne en automatismes
•	Technicien/ne de maintenance industrielle
•	Dessinateur/trice en construction mécanique
•	Électromécanicien/ne en remontées mécaniques
•	Électromécanicien/ne
•	Technicien/ne prototypiste


NIVEAU L3 ou M5

•	Responsable SAV
•	Technicien/ne support SAV
•	Chargé/e d'affaires en génie mécanique
•	Chef/fe de projet
•	Opérateur/trice de raffinerie
•	Technicien/ne pétrolier/ère
•	Technicien/ne d'essais
•	Électronicien/ne automobile
•	Développeur/euse de solutions logiciel
•	Formateur/trice technique en robotique industrielle
•	Mécatronicien/ne
•	Ingénieur/e en automatismes
•	Ingénieur/e support client
•	Électronicien/ne aéronautique
•	Formateur/trice technique en agroéquipement",Automation Machinery Manufacturing,11-50 employees,Educational,"Cachan, Île-de-France, France",France,lyceedecachan.fr,https://www.linkedin.com/company/bts-crsa-lycee-de-cachan
WireOne Industry,"Wireone Industry conçoit des solutions automatisées pour optimiser les opérations de câblage chronophages dans les ateliers industriels.

Nos machines permettent de mesurer, couper et dégainer avec précision, tout en réduisant le temps de production et les erreurs.

Nous développons également une solution innovante de frettage de câbles pour le secteur aéronautique, afin d’automatiser une opération encore majoritairement manuelle.",Automation Machinery Manufacturing,2-10 employees,Privately Held,"Mérignac, Nouvelle-Aquitaine, France",France,wireone-industry.com,https://www.linkedin.com/company/wireone-industry
MECAGRIP,"Parce que chaque projet est unique, Mecagrip répond de manière personnalisée en conception et réalisation sur mesure de mains de préhension.
Nous intégrons les produits de la marque ASS et assurons la revente des pièces détachées.

Notre offre se distingue autour de 3 axes :

Expertise multi-contraintes :
      - Passionnés par les techniques de préhension 
      - 25 ans d’expérience en bureau d’études
      - Direction technique et maintenance en plasturgie

Préhenseur augmenté
      - Connexion instantanée aux dossiers techniques
      - Digitalisation du suivi de maintenance
      - Catalogue et demandes de devis en ligne

Programmation sur robots Sepro
      - Conception et réalisation des mains de préhension
      - Mise en service
      - Accompagnement jusqu'à la programmation

“Vos challenges sont nos projets, concrétisons ensemble tous vos grippers !”

Expertise :  
      - main de préhension 
      - découpe de résidus et carottes
      - prise / dépose d’inserts
      - mise en service avec programmation sur robots SEPRO",Automation Machinery Manufacturing,2-10 employees,Privately Held,"Lozanne, Auvergne-Rhône-Alpes, France",France,mecagrip.com,https://www.linkedin.com/company/mecagrip
ELSY AUTOMATISME INDUSTRIEL,"Depuis 1995, ELSY est spécialisée dans l'automatisme industriel pour les secteurs de l’automobile, la distribution d’énergie, l’industrie et les équipements scéniques. Grâce à l'internalisation de toutes les compétences, Elsy accompagne ses clients dans leurs projets de performance industrielle depuis l'étude, la conception, la réalisation dans notre atelier et la mise en service sur site d’armoires électriques. Notre spécificité : proposer une solution adaptée, optimisée, innovante et sur-mesure dans une démarche de co-conception avec nos clients. Notre savoir-faire : la programmation, l’automatisme, la supervision, le câblage d’armoires électriques et de série.",Automation Machinery Manufacturing,11-50 employees,Self Owned,"Challes-les-Eaux, Auvergne-Rhône-Alpes, France",France,elsy.fr,https://www.linkedin.com/company/elsy-automatisme-industriel
G.Mondini France S.A.S.,"Bienvenue chez G.Mondini France, filiale de l'entreprise mondiale G.Mondini, spécialisée dans la conception et la fabrication d'operculeuses de pointe. Notre expertise exceptionnelle nous permet d'offrir des solutions sur mesure, garantissant l'intégrité des produits alimentaires emballés. Rejoignez-nous pour bénéficier d'une qualité exceptionnelle et d'une innovation constante dans le domaine de l'emballage alimentaire.",Automation Machinery Manufacturing,2-10 employees,Privately Held,"Lieusaint, Île-de-France, France",France,gmondini.com,https://www.linkedin.com/company/g-mondini-france-s-a-s
WMS-engineering Werkzeuge-Maschinen-Systeme GmbH,"WMS-engineering GmbH is a proven specialist for precision deburring and automation solutions. Since 1986, we have been successfully developing and manufacturing for economical machining and efficient assemblies - whether individual standalone machines or intelligent systems. Customized developments are the basis of our performance spectrum. We are happy to accompany our customers, from the first concept to the speedy commissioning: Process Engineering with full responsibility and 360°-service. Performance, Reliability, Innovation. WMS - Geman Engineered Solutions!",Automation Machinery Manufacturing,51-200 employees,Self Owned,"Colmar, Grand Est, France",France,wms-engineering.de,https://www.linkedin.com/company/wms-engineering-gmbh
S & D AUTOMATION (Solutions & Developpement en AUTOMATION),"La société Solution & Développement en Automation réalise l’ingénierie de vos systèmes automatisés.

Contact : contact@sedautomation.fr / +33 6 70 20 55 96
https://www.facebook.com/sedautomation/

Besoin d'un partenaire FIABLE, DISPONIBLE, A VOTRE ÉCOUTE.

Avec plus de 25 années d'expériences dans l' automatisme, supervision et informatique industrielle, l'analyse, le développement, le suivi et la gestion de projet en automatisme et supervision.

Les experts de S&D AUTOMATION vous accompagnent dans la définition, la gestion et l'intégration de vos projets d'automatisme et de supervision :

CONCEPTION / CHIFFRAGE / ANALYSE FONCTIONNELLE / PROGRAMMATION / MISE EN SERVICE / TÉLÉMAINTENANCE / ASSISTANCE TECHNIQUE / DÉPANNAGE

ENVIRONNEMENT : 
- Méthanisation. (Automate SCHNEIDER, SIEMENS, ROCKWELL et Supervision  vijeo designer et AVEVA)
- Station d'épuration (Topkapi)
- Incinérateur (ROCKWELL)

AUTOMOBILE : 
- Ligne de peinture robotisée
- Intégration d'un système de suivi RFID sur une ligne de peinture
 - Intégration d'une gestion d'application peinture sur une ligne robotisée
 - Modification d'une machine de production, ajout d'une lecteur code barre pour la gestion des pièces 
 - Modification de lignes de peintures robotisées : gestion de circuit peinture
- Unity - TiaPortal - Safety - Allen Bradley

LOGISTIQUE : 
 - Modification dans un centre logistique : trieur (55K colis / jour)
- Centre robotisé de conditionnement d'œuf (Schneider)

AGROALIMENTAIRE : 
 - Modification de suivi de traçabilité sur une ligne de production (Intouch)

MACHINE SPECIALE :
 - Réalisation d'une tresseuse (Proface)
GTB :
 - Supervision de bâtiment en contrôle d'accès, intrusion et incendie (PRISM) 
 - Automatisation d'une piscine (Unity).

DIVERS : Programmation d'un parc de loisir INDOOR (région parisienne)

Matériels : Schneider / Siemens / Allen bradley / Proface.

Logiciels : Unity / PL7Pro / SoMachine / Step7, TIA Portal / Rslogix /TOPKAPI / PANORAMA / INTOUCH / IFIX / PRISM",Automation Machinery Manufacturing,2-10 employees,Privately Held,"Noyelles-Godault, Hauts-de-France, France",France,,https://www.linkedin.com/company/sedautomation
IISB,"IISB est une société de services spécialisée dans la régulation thermique et la gestion technique et énergétique des bâtiments.

Nous proposons nos services d'intégration sur un territoire couvrant le périmètre de la Nouvelle Aquitaine et de l'Occitanie. Nous disposons d'une équipe de 11 techniciens répartis entre son siège (Bordeaux) et ses 3 agences (Brive, Toulouse et Niort).

Notre métier est de mettre en adéquation les équipements techniques du bâtiment (éclairage, électricité, chauffage, climatisation, etc.) afin d'optimiser le confort des personnes, faciliter la maintenance des installations tout en réduisant les consommations énergétiques.

Forte d’une expérience de près de 20 ans, l’entreprise s’est adaptée aux nouvelles technologies et à l’évolution des matériels mis en œuvre dans les bâtiments tertiaires.

Cette expertise technique nous permet d’être force de conseil et de proposer des solutions globales optimisées, en concordance avec les besoins et les budgets de nos clients. En ce sens, nous intervenons aussi bien dans les phases d’études, de conception, de réalisation que d’exploitation.",Automation Machinery Manufacturing,11-50 employees,Partnership,"Saint-Médard-en-Jalles, Nouvelle-Aquitaine, France",France,iisb.fr,https://www.linkedin.com/company/iisb
JA-TECH-ELEC,"JA-TECH-ELEC est une entreprise spécialisée dans l’électricité industrielle. 

Notre équipe de 11 experts s’engage à vous offrir des solutions sur-mesure, réalisées avec rigueur et dans le respect des délais.

Spécialisés dans la conception, l'installation et la maintenance d'installations électriques industrielles, nous accompagnons nos clients dans différents domaines : 
- Maintenance
- Mise en conformité
- Ajout et modifications électriques
- Optimisation énergétique
- Automatismes industriels

Nos clients : Cristal Union, Vivescia, Luzeal, Smurfit Kappa, Cristanol, Grands Moulins de Paris, Desautel, ADM, CEM, AVM, Ficap, MFMG, Le MaraîChef, Moulin Signy-l’abbaye, Florepi

Contactez-nous pour discuter de votre projet : 
 amoryjulien@ja-tech-elec.com 
 07 49 90 26 45",Automation Machinery Manufacturing,11-50 employees,Privately Held,"Rethel, Grand Est, France",France,,https://www.linkedin.com/company/ja-tech-elec
PcVue SCADA North America,"We supply innovative SCADA and BMS with advanced mobility delivered on robust and secure platforms deployed over a wide range of architectures for high performance and ease of maintenance.

At PcVue we are in a unique position to learn. We are global and balanced in our perspective. We are independent and 100% focused on the SCADA / HMI market. We are active in the standards community as a software provider.

We are successful because we listen and form long lasting partnerships with our customers, assisting them throughout their project life cycle from concept and design through development, deployment and long term maintenance support.",Automation Machinery Manufacturing,51-200 employees,Privately Held,"Sèvres, Île-de-France, France",France,pcvue.com,https://www.linkedin.com/company/pcvue-inc-
AB Industries - Industrial Automation Systems,AB Industries is the company established in 2017 to provide its customers with customized automation solutions for milling sectors as well as other industrial facilities.,Automation Machinery Manufacturing,11-50 employees,Privately Held,"Centre-Val de Loire, France",France,abindustries.com.tr,https://www.linkedin.com/company/ab-industries-industrial-automation-systems
Elite Industrial Engineering,"Fondée par une équipe d’ingénieurs en 1991, nous sommes une société de services, spécialisée dans l’automatisme et l’informatique industrielle.
Nous programmons tous types d'automates.
À l’ère de l’industrie 4.0,  nous accompagnons nos clients industriels vers la transformation digitale, en optimisant leurs outils de production.
Nos ingénieurs et techniciens sauront vous conseiller les meilleures solutions pour concrétiser vos projets d’automatisation.",Automation Machinery Manufacturing,2-10 employees,Privately Held,"Noisy-le-Grand, Île-de-France, France",France,elite-ie.com,https://www.linkedin.com/company/elite-ie
Vandewiele Automation,"Vandewiele Automation delivers advanced robotic and AI-driven solutions designed to transform textile production. From intelligent yarn handling to fully automated workflows, we help manufacturers boost productivity, quality, and reliability.

What we offer : 
Our engineering team has extensive experience developing comprehensive automation solutions such as :
•	Automatic knotting and transfer systems
•	Camera-based quality control
•	Software solutions for camera visual inspection
•	Multi-axis robotic arms
•	Palletizing modules
•	Automated carousels and handling units
These technologies are designed to reduce manual handling, increase line efficiency, and ensure consistent production quality.

For more information, visit our dedicated automation page : https://superba.com/en/automation-solutions",Automation Machinery Manufacturing,51-200 employees,Privately Held,"Mulhouse, Grand Est, France",France,superba.com,https://www.linkedin.com/company/vandewiele-automation
NOREALP,"Basée à ARRAS (62) et Merignac (33), NOREALP est une société de services et de conception en Informatique, Automatismes et Électricité.

NOREALP réalise des ensembles complets d’unités Industrielles dans le monde entier :

- Conduite de chantier et Ingénierie
- Développement et mise en service des applications en automatismes, informatique industrielle et SGBDR dans tous les domaines d’activité industriels 
- Réalisation de ""clé en main"" sur des projets complets (automatismes, électricité, pneumatique, automatismes, mécanique,  ...)
- Maintenance : nos services assurent un redémarrage rapide en production et l’assistance client
- Assistance Technique pour l’exploitation, la coordination de chantiers, l’ingénierie intégrée",Automation Machinery Manufacturing,51-200 employees,Partnership,"Dainville, Hauts-de-France, France",France,norealp.com,https://www.linkedin.com/company/norealp
DAER,"Depuis 2008 DAER est au service des professionnels de l’industrie, de la chimie, des commerces et des collectivités. Nous sommes spécialiste dans l’installation, la maintenance, le dépannage et la mise en conformité des ouvertures industrielles et équipements de quais.

PARTENAIRE OFFICIEL DE BUTZBACH
Distributeur France des portes industrielles de Butzbach nos professionnels vous accompagnent dans le conseil, l’installation, le dépannage et la maintenance des ces portes de conception ultra-moderne et haut de gamme.
Des produits d’une grande robustesse qui sauront satisfaire vos attentes les plus exigeantes en termes de rendement, d’efficacité et sécurité.

Nos engagements :

• Qualité
Nous nous distinguons par la qualité de nos prestations et nos produits afin de vous offrir une utilisation optimale, performante et sécuritaire de vos appareils. Nos techniciens expérimentés possèdent toutes les habilitations nécessaires et sont en capacité d’intervenir sur tout type et marque d’appareils.

• Réactivité
Pour des raisons de rapidité d’interventions et de proximité auprès de nos clients, nous déployons nos équipes sur l’ensemble du Haut-Rhin et départements limitrophes jusqu’à la région de Bâle.
Pour nos clients sous contrat nous nous engageons à intervenir dans la journée et assurons une permanence les week-ends et jours fériés.

• Sécurité
Garantir la sécurité de nos interventions dans votre entreprise, pour vous et nos équipes font partie de nos priorités. DAER est certifié MASE depuis 2016. L’objectif : une amélioration permanente et continue de performance en termes de sécurité, santé et environnement.

• Interlocuteur unique
DAER vous apporte des solutions techniques adaptés à vos besoins et met à disposition un interlocuteur unique pour l’accompagnement et le suivi de chacun de vos projets.

Un projet, une question ?
→ Contactez-nous sur info@daer.fr
→ Visitez notre site web : www.daer.fr",Automation Machinery Manufacturing,11-50 employees,Privately Held,"Brunstatt-Didenheim, Grand Est, France",France,daer.fr,https://www.linkedin.com/company/daer
NOVACOM International,"NOVACOM, French manufacturer specializing in vacuum handling technology and economical compressed air blowing.",Automation Machinery Manufacturing,11-50 employees,Self Owned,"Sars-et-Rosières, Hauts-de-France, France",France,novacom-vacuum.com,https://www.linkedin.com/company/novacom-international
Actemium Thouars,"Actemium Thouars conçoit, réalise et maintient des solutions pour améliorer les performances des sites industriels, dans une vision de partenariat sur le long terme.
Basé à Thouars et à Bressuire, nous proposons à nos clients un service de proximité, réactif et de qualité, pour des interventions de dépannage aux projets clé en main.

Actemium Thouars est fort d’une équipe de 30 collaborateurs. Avec des compétences éprouvées en gestion de projet, nous pouvons vous proposer des offres complètes, de l’étude à la maintenance, y compris la mise en service et la conception.

Nous intervenons dans les domaines suivants :

Distribution électrique courants forts et faibles
Conduite et contrôle des procédés
Efficacité énergétique (audit, mesure, ingénierie et réalisation)
Génie mécanique et thermique",Automation Machinery Manufacturing,11-50 employees,Privately Held,"Louzy, Nouvelle-Aquitaine, France",France,actemium.fr,https://www.linkedin.com/company/actemium-thouars
ibex concept,"IBEX Concept is your industrial engineering partner. 

From definition of your needs to the qualification of your solution, we accompany you every step of the way.

Based on 20 years' experience in international industrial project management with a focus on pharmaceutical and cosmetics in the past decade, we decided to start IBEX Concept in 2024. Our aim is to support industrial companies in implementing new projects.

Our main role is to be your solution integrator, and for this purpose, we offer various services:

- Project management consulting or system validation consulting.
- Industrial design office
- Installation of industrial machines or integration of industrial solutions
- Retrofitting existing machines
- Preventive, predictive or corrective maintenance

Our expertise lies mainly in quality control, Track & Trace, and identification by printing or labeling. We also rely on a network of experts to meet all your additional needs. We can also support you anywhere in the world directly or through our integrators partners.",Automation Machinery Manufacturing,2-10 employees,Self Owned,"Challes-les-Eaux, Auvergne-Rhône-Alpes, France",France,,https://www.linkedin.com/company/ibex-concept
DGWeld srl,"DGWeld srl is a global leader in the engineering, design and integration of robotic welding cells for the regeneration of forging dies and tools. We provide the technology and the know-how to start saving resources and money dedicated to the maintenance and repair of forging dies ( open and close ) and tools. We assist our customers with consumables and technical assistance for all the life time of the installed robots. Your precious personnel will be made available for other activities while our welding cells will be taking care of your tools. It is cost saving , it is quality and it is a resilient and sustainable solution to fuel your ambitions.",Automation Machinery Manufacturing,11-50 employees,Privately Held,"Saint-Vallier, Bourgogne-Franche-Comté, France",France,dgweld.it,https://www.linkedin.com/company/dgweld-srl
Option Automatismes,"Option Automatismes est, depuis plus de 30 ans, un bureau d’études intégrateur en automatismes industriels et mobiles.

Notre offre nous permet d’apporter une réponse complète à nos clients constructeurs, bureaux d’études et ingénierie, utilisateurs industriels ou mobiles :
-         Etudes électriques et d’automatisation
-         Réalisations d’armoires et coffrets
-         Câblage de machines et équipements
-         Programmation automates industriels et robots

En 2021, et après 3 années de R&D, nous avons lancé ODA SYSTEM, une technologie Plug and Play avertissant les conducteurs d’engins rail/route dès lors qu’un obstacle se trouve à proximité.",Automation Machinery Manufacturing,2-10 employees,Self Owned,"Champforgeuil, Bourgogne-Franche-Comté, France",France,option-automatismes.fr,https://www.linkedin.com/company/optionautomatismes
AVITECK,"L'entreprise AVITECK, créée en 2008, est spécialisée dans l'étude et la réalisation d'équipements industriels à partir d'un cahier des charges ou d'une problématique.",Automation Machinery Manufacturing,2-10 employees,Privately Held,"Saint-Germain-sur-Moine, Pays de la Loire, France",France,aviteck.fr,https://www.linkedin.com/company/aviteck-robotique
MSA SYSTEMES,"LIGNES D'ASSEMBLAGES AUTOMATISEES
CONVOYAGE / MANUTENTION
ROBOTIQUE
VISION INDUSTRIELLE",Automation Machinery Manufacturing,11-50 employees,Privately Held,"Torfou, Pays de la Loire, France",France,msa-systemes.fr,https://www.linkedin.com/company/msa-systemes
ALPHA PROCESS (63),"Nous sommes spécialisés dans les études électriques, la programmation d'automates/IHM,  de supervisions, l'informatique industrielle, robotique, motion,  vision, identification, traçabilité, base de données, retrofits d'applications, câblage d'armoires/coffrets.",Automation Machinery Manufacturing,11-50 employees,Privately Held,"Royat, Auvergne-Rhône-Alpes, France",France,alpha-process.fr,https://www.linkedin.com/company/alpha-process-63
NEIS,"Benoit GIRARD
Audit & conseil dans les technologies du bâtiment
Expert, Intégrateur & Formateur KNX
Intégrateur LON - BACNET - MODBUS

NEIS est un centre d’expertise en solutions Domotique, GTB & GTC. 

Chaque individu a des priorités  et des modes de vie qui lui sont propres. Nous développons des solutions personnalisées en fonction des demandes des occupants. Notre objectif est de subvenir aux besoins de chacun en termes de sécurité, d’autonomie, de confort, d’efficacité ou encore d’économie d’énergie.

Nous sommes persuadés que la domotique a une forte valeur ajoutée dans les projets de construction ou de rénovation. C’est la raison pour laquelle NEIS forme les professionnels aux possibilités offertes par le protocole KNX. NEIS est accrédité à attribuer la certification KNX.",Automation Machinery Manufacturing,2-10 employees,Privately Held,"Pau, Nouvelle-Aquitaine, France",France,neis.fr,https://www.linkedin.com/company/neis
WITTENSTEIN France,"Chez WITTENSTEIN SAS, notre ambition est d’accompagner nos clients avec des solutions technologiques innovantes, performantes et durables.
Filiale du groupe international WITTENSTEIN SE, nous mettons la mécatronique de haute précision au service des industries de demain.

Nous concevons et fournissons des solutions d’entraînement électromécaniques de pointe, intégrant les dernières avancées de l’Industrie 4.0, afin d’améliorer la performance, la fiabilité et l’efficacité des systèmes industriels.

Notre offre couvre un large éventail de technologies :

•	Servo-réducteurs de précision
•	Servo-moteurs et servo-actionneurs
•	Systèmes de servo-entraînement et servo-régulateurs
•	Solutions logicielles dédiées
•	Systèmes linéaires
•	Technologies de nano-positionnement

Grâce à une approche orientée innovation et à une expertise reconnue, nous transformons les défis technologiques en solutions concrètes, fiables et évolutives, adaptées aux exigences les plus élevées.

Accélérez vos projets et atteignez vos objectifs avec WITTENSTEIN.",Automation Machinery Manufacturing,11-50 employees,Privately Held,"Groslay, Île-de-France, France",France,wittenstein.fr,https://www.linkedin.com/company/wittenstein-france
CSI4.0 PAYS DE LOIRE,"Spécialisée dans les domaines de l'automatisation, drive, motion, nous apportons notre expertise, nos compétences, de l'étude à la réalisation, pour réussir ensemble les défis de l'industrie de demain, l'usine 4.0",Automation Machinery Manufacturing,2-10 employees,Self Owned,"St-Nazaire, Pays de la Loire, France",France,csi4-0.fr,https://www.linkedin.com/company/csi4-0-pays-de-loire
Kobotik,"Kobotik a pour but de vraiment démocratiser la robotique. Le robot collaboratif est la clé du développement de l'usine du future. En simplifiant à l'extrême son implémentation, en étant agile et innovant, Kobotik facilite votre entrée dans l'industrie 4.0!

Son rôle : s’assurer de la pertinence du choix du robot collaboratif, puis s’occuper des aspects techniques : programmation initiale du cobot, ajout des accessoires, création de l’interface, élaboration de séances de test, analyses de risques... Kobotik recherche partout dans le monde les meilleurs partenaires et fournisseurs, afin d’aider les entreprises à mener à bien leur projet de robotique collaborative : ou cobotique.",Automation Machinery Manufacturing,2-10 employees,Self Employed,"Bordeaux, Nouvelle-Aquitaine, France",France,kobotik.fr,https://www.linkedin.com/company/kobotik
OPEX UK & ROI,"OPEX Corporation is more than a manufacturer of machines.  We continuously reimagine technology to power the future for our customers. 

With an innovative approach, we engineer unique automated solutions that support our customers so they can solve the most pressing business challenges for both today and tomorrow. Our scalable Warehouse, Document, and Mail Automation solutions improve workflow, accelerate change, and drive efficiencies in infrastructure. 

We are a family-owned and operated organisation with more than 1,600 committed employees who innovate, manufacture, install, and service products that are helping transform industry every day. We listen to our customers, respect each other, and work together to help reimagine the future through automated solutions.

At OPEX, we are Next Generation Automation.",Automation Machinery Manufacturing,"1,001-5,000 employees",Privately Held,"Villebon-sur-Yvette, Île-de-France, France",France,opex.com,https://www.linkedin.com/company/opex-uk
SODEREL,"À propos de SODEREL

Fondée en 1976, SODEREL est une entreprise française de premier plan dans le domaine de l'automatisation industrielle et des systèmes de contrôle. SODEREL offre des solutions clés en main en électricité, automatisation, ainsi que des systèmes de tests d'étanchéité et de remplissage des fluides automobiles. L'entreprise se distingue par son savoir-faire français et son engagement envers l'innovation, répondant aux besoins variés de ses clients dans plusieurs secteurs industriels.

En plus de son expertise technique, SODEREL met l'accent sur la qualité et la précision de ses services.

Avec une équipe d'ingénieurs et de techniciens hautement qualifiés, SODEREL continue de repousser les limites de l'innovation technologique, garantissant des solutions robustes et efficaces adaptées aux exigences spécifiques de chaque projet. L'entreprise se distingue également par sa capacité à intégrer les dernières technologies dans ses produits et services, assurant ainsi à ses clients une performance optimale et une fiabilité accrue.

 Siège social : Pont-Saint-Vincent, France",Automation Machinery Manufacturing,51-200 employees,Privately Held,"Pont-Saint-Vincent, Grand Est, France",France,soderel.com,https://www.linkedin.com/company/soderel
ROBSYS - Siléane Group,,Automation Machinery Manufacturing,2-10 employees,Partnership,"Arnas, Auvergne-Rhône-Alpes, France",France,robsys.fr,https://www.linkedin.com/company/robsys-groupe-siléane
DYNAMIC PROCESS AUTOMATION,"Nos métiers:
- Automatisme & Informatique Industrielle
- Electricité Industrielle
- Vision & Robotique

Dans un contexte industriel en perpétuelle mutation, Dynamic Process Automation apporte une valeur ajoutée à tous les échelons de vos idées et de vos projets.

Assistance à la maîtrise d’ouvrage
- Analyse et description des procédés – Décomposition des équipements 
- Etude de la valeur ajoutée des systèmes – Identification des gains
- Réalisation de spécifications – cahiers des charges
- Réalisation de standards (documentation, programmation, graphiques)
- Accompagnement et gestion de projets
- Recherche de solutions techniques, aide décisionnelle
- Création et exécution de tests et recettes

Prestations techniques
- Analyse des besoins client et description des procédés
- Décomposition des équipements
- Conception des systèmes 
- Modélisation ergonomique des interfaces de conduite
- Réalisation des logiciels et programmes de conduite
- Démarrage et mise en routine des installations
- Réalisation des documents d’exploitation
- Formation
- Service après-vente

Maîtrise d’œuvre, conception ‘clé en main’
En association avec des partenaires qualifiés, Dynamic Process Automation vous apporte une réponse complète et délivre des solutions totalement intégrées d’automatisation :
- Rétrofit d’équipements existants (mise à neuf parties électriques et automatisme)
- Installations de process (chaudronnerie et tuyauteries, équipements électriques, instrumentation, automatisme et contrôle-commande)
- Installations neuves 

Dynamic Process Automation peut analyser et intervenir à tous les niveaux de l’atelier :
- Capteurs, actionneurs et instrumentation
- Réseaux de terrain
- Automates
- Sécurité machine
- Vision, robotique
- Pupitre de commande machine
- Système de supervision de ligne ou d’atelier
- Exploitation des données (rapports, interfaces, traçabilité, suivi de production, maintenance)
- Interface avec les systèmes centraux de production",Automation Machinery Manufacturing,11-50 employees,Partnership,"Quetigny, Bourgogne-Franche-Comté, France",France,dpautom.fr,https://www.linkedin.com/company/dynamic-process-automation
A.S.I,"Company specialized in the development of application of automation of industrial process.
High competence on Siemens tools (S5, S7, WinCC, PCS7)
ASI is a recognized company at the international level.
ASI is a Solution Partner Siemens and WinCC Professional Partner.
ASI has various setting-up in France and one in Morocco.",Automation Machinery Manufacturing,11-50 employees,Privately Held,"Aubagne, Provence-Alpes-Côte d'Azur, France",France,asi-system.com,https://www.linkedin.com/company/a.s.i
R2M Industrie,"Crée en 2006, R2M industrie est une société évoluant dans la conception, rénovation et maintenance des systèmes industriels.

Avec une forte expérience en variation de vitesse, notre société est aujourd’hui reconnu pour son savoir faire dans le contrôle des moteurs continu, asynchrones et brushless.
Les partenariats que nous avons engagés avec de nombreux fabricants nous permettent de vous proposer le matériel le plus adapté et fiable du marché.

Nos solutions d'automatismes et de conception d'ensembles électriques nous permettent de prendre en charge vos projets industriels dans leurs globalités.",Automation Machinery Manufacturing,2-10 employees,Privately Held,"Saint-André-de-la-Marche, Pays de la Loire, France",France,r2m-industrie.fr,https://www.linkedin.com/company/r2m-industrie
Octonion,"Founded in 2014, Octonion is a deep-tech software company providing an Industrial Machine Intelligence solution that continuously diagnoses the machine lifecycle at the Edge. Octonion empowers Industrial equipment vendors with a self-care AI solution for on-time fault forecasting. 

Octonion invested more than five years to research and development in the embedded AI domain, focused on sensor data analysis optimized for low power microcontrollers. Octonion team has deep expertise in unsupervised and supervised machine learning, AI model personalization, and industrial equipment behavior forecasting. 

Octonion has its headquarters in Lausanne, Switzerland, and operations offices in Paris, France (sales & marketing), and Minsk, Belarus (research and development).",Automation Machinery Manufacturing,51-200 employees,Privately Held,"Neuilly-sur-Seine, Île-de-France, France",France,octonion.com,https://www.linkedin.com/company/octonion
ACTEMIUM REIMS,"Pour optimiser la performance industrielle de ses clients Actemium Reims propose des solutions en distribution HTA/BT , équipement industriel, contrôle commande et automatisme, réseaux courant faible. Nous sommes forts d'une équipe de proximité réactive, d'un bureau d'étude et d'un atelier de câblage.",Automation Machinery Manufacturing,11-50 employees,Public Company,"Cernay-lès-Reims, Grand Est, France",France,,https://www.linkedin.com/company/actemium-reims
CSAutomatisme,"activité principale : Ingénierie et étude technique pour l'industrie

spécialité : Concepion des systèmes de supervision dédiés

Secteur principal : Manufacturing, Agroalimentaire, Aeronautique, Pharmaceutique

code NAF/APE :7112B",Automation Machinery Manufacturing,51-200 employees,Partnership,"Reims, Grand Est, France",France,csautomatisme.com,https://www.linkedin.com/company/csautomatisme
ACEPA SYSTEMES,"ACEPA est présent sur le marché des automatismes industriels depuis 1987 date de sa création à MARIGNIER , en HAUTE-SAVOIE, au coeur de la vallée de l’Arve.

Nous proposons des solutions globales dans les domaines de l'INGENIERIE ELECTRIQUE et de la PRODUCTIQUE ROBOTIQUE .
Forte de ces savoir-faire, ACEPA  garantit à ses clients, des solutions  innovantes et évolutives, synonymes de productivité et d'agilité .

Nos équipes regroupent les compétences indispensables à la conduite et la réalisation des projets industriels.

Notre bureau d’études assure la mise en œuvre de solutions éprouvées répondant au cahier des charges de nos clients et conformes aux exigences normatives.
Le montage et le câblage de nos équipements sont réalisés au sein de nos ateliers de La Roche sur Foron,",Automation Machinery Manufacturing,11-50 employees,Partnership,"La Roche-sur-Foron, Auvergne-Rhône-Alpes, France",France,acepa.fr,https://www.linkedin.com/company/commercial-acepa-fr
Pharmax Automatisation Officinale,"Pharmax : L'Alliance de la Haute Technologie et de l'Expertise Officinale.

Depuis plus de 23 ans, Pharmax conçoit et fabrique dans le Var une robotique officinale pragmatique, pensée par des experts qui connaissent la réalité du terrain.

Nous partons d'un constat simple : l'automatisation ne doit jamais être un goulot d'étranglement. 
C'est pourquoi nous avons développé une approche unique basée sur l'épure mécanique et l'hybridation.

NOTRE RUPTURE TECHNOLOGIQUE : LE DUO HYBRIDE

 RG3 ULTRA (L'Hybride) : 
Pourquoi choisir entre vitesse et stockage ? 
Notre architecture combine des canaux éjecteurs pour les fortes rotations (10 boîtes en 3 secondes) et un bras robotisé pour la flexibilité du stock. 
Le résultat : une délivrance globale instantanée.

 TRIAXIS II (Le Biomimétisme) : Le premier trieur qui adopte une approche humaine. 
Grâce à la vision 3D et un robot 6 axes, il voit, choisit et saisit les boîtes dans le vrac sans mécanique complexe (tapis, basculeurs). 
Sa zone tampon native lui permet de travailler en temps masqué, même pendant la délivrance.

POURQUOI PHARMAX ?

 Souveraineté : Conception, fabrication et hotline basées en France (83) pour une réactivité totale. 
 Stabilité : Un cœur système sous Linux, le standard industriel de fiabilité. 
 Proximité : Plus de 400 pharmacies équipées nous font confiance.

Nous ne vendons pas seulement des machines. 
Nous offrons la sérénité d'une officine fluide, où la technologie s'efface au profit du temps patient.",Automation Machinery Manufacturing,11-50 employees,Partnership,"Roquebrune-sur-Argens, Provence-Alpes-Côte d'Azur, France",France,pharmax.fr,https://www.linkedin.com/company/pharmax-automatisation-officinale
ROBAPPS - Siléane Group,"RobApps, société d’ingénierie en Robotique et Automatisme, conçoit et réalise des applications robotiques et systèmes automatisés.
Nos applications robotiques s’adressent aux industriels de tous secteurs d’activité : agro-alimentaire, métallurgie, aéronautique, ...
La polyvalence de nos cellules robotisées permet de traiter les petites comme les grandes séries.
La simplicité et la fiabilité de nos installations n’exigent pas de compétence interne dédiée, ni de formation complexe.",Automation Machinery Manufacturing,2-10 employees,,"La Roche-sur-Yon, Pays de la Loire, France",France,robapps.fr,https://www.linkedin.com/company/robapps
TXR Robotics Europe,"TXR Robotics Europe is providing innovative and compact sorting solutions to customers in Europe & Middle East , via endless research and development on technology related to sorting systems.",Automation Machinery Manufacturing,2-10 employees,Public Company,"Paris, Île-de-France, France",France,txr-robotics-europe.com,https://www.linkedin.com/company/txr-robotics-europe
SPC,"Service Pro.com est une société spécialisée dans l'automatisme et la robotique industrielle. Toujours à votre écoute, nous vous accompagnons dans la réalisation de vos projets.

Par son expertise, Service Pro.com est le partenaire privilégié des intégrateurs et des industriels.",Automation Machinery Manufacturing,2-10 employees,Partnership,"Parthenay-de-Bretagne, Brittany, France",France,servicepro-bretagne.com,https://www.linkedin.com/company/servicepro-com
OPTEC INDUSTRIES,OPTEC INDUSTRIES,Automation Machinery Manufacturing,11-50 employees,Privately Held,"Orchamps-Vennes, Bourgogne-Franche-Comté, France",France,optec-industries.com,https://www.linkedin.com/company/optec-industries
OPEX DACH,"OPEX GmBH ist mehr als nur ein Maschinenhersteller.  Wir entwickeln ständig neue Technologien, um die Zukunft für unsere Kunden zu gestalten. 

Mit einem innovativen Ansatz entwickeln wir einzigartige automatisierte Lösungen, die unsere Kunden dabei unterstützen, die dringendsten geschäftlichen Herausforderungen von heute und morgen zu lösen. Unsere skalierbaren Lösungen für die Lager-, Dokumenten- und Postautomatisierung verbessern die Arbeitsabläufe, beschleunigen den Wandel und steigern die Effizienz der Infrastruktur. 

Wir sind ein familiengeführtes Unternehmen mit mehr als 1.600 engagierten Mitarbeitern, die Produkte entwickeln, herstellen, installieren und warten, die tagtäglich zur Veränderung der Industrie beitragen. Wir hören unseren Kunden zu, respektieren uns gegenseitig und arbeiten gemeinsam daran, die Zukunft durch automatisierte Lösungen neu zu gestalten.

Bei OPEX sind wir die nächste Generation der Automatisierung.",Automation Machinery Manufacturing,"1,001-5,000 employees",Privately Held,"Villebon-sur-Yvette, Île-de-France, France",France,opex.com,https://www.linkedin.com/company/opex-dach
"OPTIMA Regulation - Electricite, Automatisme, Régulation, Energie, Supervision, GTC, GTB","OPTIMA Régulation vous propose des offres globales ou partielles pour la régulation et supervision de chauffage, ventilation et climatisation.

Nos offres globales peuvent aller de l’étude électrique et fonctionnelle, la réalisation électrique, la programmation, la supervision et le suivi énergétique avec des fortes propositions d’actions sur l’exploitation et la gestion.

Notre première satisfaction est de vous offrir un service parfaitement adapté à vos exigences et de lier le confort à l'économie d'énergie qui reste incontournable de nos jours.

Nous serons ravis de commencer notre nouvelle aventure auprès de clients comme vous afin de vous apporter satisfaction.  

Nos collaborateurs peuvent réaliser une visite de vos sites afin de vous proposer toutes évolutions de vos systèmes de régulation pour l'amélioration du confort, le suivi, l'analyse et l'économie d'énergie

Nous réalisons l'étude, la conception et la réalisation des systèmes d'automatismes des équipements du bâtiment

(chauffage, ventilation, climatisation, gestion de l’électricité et de l’éclairage, traitement eau, etc...)
 
Nous proposons par la suite un suivi de vos sites, maintenance, analyse des données, accompagnement énergétique et proposition d’amélioration dans la gestion de la régulation.",Automation Machinery Manufacturing,2-10 employees,Partnership,"St-étienne, France",France,optima-regulation.com,https://www.linkedin.com/company/optima-régulation
DIMOFAC,"In an era of mass-customisation, DIMOFAC is an initiative aiming at making manufacturers’ production lines more responsive to a multiform demand.

The project, supported by the European Commission, will be taking advantages of emerging manufacturing technologies to test and disseminate modular production methods that will help European factories to rapidly reconfigure their assembly lines and thus be more productive.

Responsiveness will be reached thanks to the integration of Plug-and-Produce* modules in a Closed-Loop Lifecycle Management System** that will allow production adaptation, optimisation and improvement, in a fast and flexible manner.

* “Plug-and-Produce” refers to the factory capacity to add on software or hardware as needed and in a flexible way to improve manufacturing quality or output. Industrial production processes which are typically more rigid and require costly expertise to adjust even the smallest parameter.
** A Closed-Loop Management System is a management system that keeps on improving its processes thanks to continuous feedback from all business units (and not only sales).",Automation Machinery Manufacturing,51-200 employees,Partnership,"Grenoble, Auvergne-Rhône-Alpes, France",France,dimofac.eu,https://www.linkedin.com/company/dimofac
Opto former Alliance Vision,"You can see further news on our main account: 
https://www.linkedin.com/company/optogroup

|  Opto produces intelligent digital Microscopes and Vision Sensors as
Imaging and Job Modules | AI ready | For Medtech & Industry Applications 
| In Standard and Custom versions",Automation Machinery Manufacturing,51-200 employees,Privately Held,"Montboucher-sur-Jabron, Auvergne-Rhône-Alpes, France",France,opto-gmbh.com,https://www.linkedin.com/company/alliance-vision
R3GROUP project,"R3GROUP believes in the power of rapid reconfigurability and digitalization solutions to transform the agility of the manufacturing sector and build a more resilience supply chains capable to adapt to unpredictable events. R3GROUP is an initiative supported by the European Commission. 

Our objective: to address rapid reconfigurability in all production levels, ranging from the factory to the machinery and to each individual process step, as well as the interaction with the supply chain.

Our scope: R3GROUP covers diverse manufacturing sectors (automotive, fabricated metal products, rubber and plastics, wearing apparel, home appliances) facing various reconfiguration issues (scale up or down, introduction of new suppliers, accommodation of multiple product variants, resilience to unforeseen events) and on different positions in the value chain.

Follow us for further updates on the reconfigurability solutions that R3GROUP will bring to the market.",Automation Machinery Manufacturing,51-200 employees,Non Profit,"Bellignat, Auvergne-Rhône-Alpes, France",France,,https://www.linkedin.com/company/r3group-project
MOST AUTOMATISMES,"MOST AUTOMATISMES, implantée à Saint-Ouen-l’Aumône, est spécialiste de l’automatisation industrielle et de l’ingénierie des systèmes sur-mesure. Nous accompagnons les entreprises de l’industrie, de l’agroalimentaire, du bâtiment et des secteurs techniques dans l’organisation, la gestion et l’automatisation de leur production, grâce à des solutions innovantes et adaptées.
Notre savoir-faire : conception, programmation et installation d’équipements automatisés, maintenance industrielle, fourniture de composants, mais aussi négoce et variation de vitesse (automates programmables, variateurs de fréquence, lignes de production). Nous assurons le reconditionnement de matériel et la modernisation de systèmes existants selon les besoins spécifiques de nos clients.
La formation professionnelle fait partie intégrante de notre ADN : par le biais de notre centre certifié Qualiopi, nous transmettons compétences en automatismes industriels et  techniques hydrauliques à nos clients et les personnels de notre groupe, assurant la sécurité et l’évolution des équipes en électricité industrielle (basse tension), automatisme et maintenance. Notre équipe pluridisciplinaire intervient sur site pour le conseil, l’audit technique, la supervision et le suivi de projets industriels, en garantissant la traçabilité, la conformité et la performance à long terme de vos installations.",Automation Machinery Manufacturing,2-10 employees,Privately Held,"Saint-Ouen-l'Aumône, Île-de-France, France",France,,https://www.linkedin.com/company/most-automatismes
ECAME SERVICES,"ECAME SERVICES intervient dans tous les domaines de l'électricité et de l'automatisme industriels. Câblage, études électriques, automatisme, sav et maintenance préventive. 

Nous réalisons également des retrofits électriques et automatisme de machines. Nos techniciens sont polyvalents et s'adaptent rapidement à vos besoins. 

Agréments CEFRI (SCN1 et CSQ) pour travail en milieu nucléaire, habilitations BT et HTB, CACES nacelles, chariots, travail en hauteur.

A votre service pour tous vos besoins en électricité et automatismes industriels.",Automation Machinery Manufacturing,2-10 employees,Privately Held,"Salagnon, Auvergne-Rhône-Alpes, France",France,ecameservices.com,https://www.linkedin.com/company/ecame-services
CMAI,"La société CMAI a pour but de vous accompagner dans vos projets neufs ou de rénovation en vous proposant des prestations de services en automatismes et instrumentation industriels adaptés à vos besoins.

Il sera donc possible de réaliser une prestation de A à Z ou bien seulement sur une tâche bien définie.

La disponibilité et la réactivité sont deux mots clés dans le domaine industriel à l'heure actuelle c'est pour cela qu'il est important d'être à l'écoute du marché et d'apporter des solutions process aux acteurs providentiels de l’industrie.",Automation Machinery Manufacturing,Self-employed,Self Owned,"Courtisols, Grand Est, France",France,cmai51.fr,https://www.linkedin.com/company/cmai51
COVAL Germany,COVAL Germany,Automation Machinery Manufacturing,51-200 employees,Privately Held,"Montélier, Auvergne-Rhône-Alpes, France",France,coval-germany.com,https://www.linkedin.com/company/coval-germany
AZO France,"AZO France, filiale du groupe allemand AZO GmbH, est connue et reconnue comme leader mondial des installations clés en main pour le stockage, le transfert, le dosage, le pesage et le mélange des matières premières pulvérulentes. Chez nous, tout gravite autour de la manutention des produits en vrac au sein de vos processus de production. Notre grande expertise, ainsi que notre expérience de plus de 70 ans dans le domaine des poudres constituent la combinaison gagnante pour garantir la fiabilité et la sécurité de vos processus de production. Bienvenue dans l'univers AZO !",Automation Machinery Manufacturing,11-50 employees,Privately Held,"Vallet, France",France,azo.com,https://www.linkedin.com/company/azo-france
DROME AUTOMATISME SERVICE,"Drome Automatisme Service (D.A.S) est une entreprise spécialisée dans la fermeture de bâtiments depuis 25 ans, implantée à Châteauneuf-sur-Isère à proximité de Valence.

Nous accompagnons les professionnels, collectivités et particuliers dans la fourniture, l'installation et la maintenance de solutions de fermetures :
 Portails automatiques
 Portes sectionnelles industrielles et habitats 
 Niveleurs et sécurisations des quais (système docking)
 Rideaux métalliques
 Contrôles d’accès et motorisations

 Réactivité, expertise technique et proximité sont au cœur de notre démarche.
 Nous mettons un point d'honneur à proposer des solutions sur-mesure, fiables et durables, adaptées aux besoins de chaque client.

 Basés dans la Drôme, nous intervenons dans toute la région Auvergne-Rhône-Alpes et quart sud-est de la France.",Automation Machinery Manufacturing,2-10 employees,Privately Held,"Châteauneuf-sur-Isère, Auvergne-Rhône-Alpes, France",France,das26.fr,https://www.linkedin.com/company/dromeautomatismeservice
IO AUTOMATION,"La SAS IO AUTOMATION vous accompagne dans la réalisation de vos projets. Que ce soit un projet personnel de domotique, un immeuble tertiaire ou une réalisation de machine spéciale dans l’industrie. Nous sommes à votre écoute pour l’étude, la réalisation et la mise en service de vos projets.",Automation Machinery Manufacturing,2-10 employees,Partnership,"Lomme, Hauts-de-France, France",France,io-automation.com,https://www.linkedin.com/company/io-automation
CB Automatisme,"Nous recrutons un automaticien
Intégrateur en Automatisme, Supervisions, Systèmes de Vision, Safety...
Depuis 25 ans",Automation Machinery Manufacturing,2-10 employees,Privately Held,"Villers-Bocage, Normandy, France",France,cbautomatisme.fr,https://www.linkedin.com/company/cbautomatisme-villers
Soft Control,"Créée en 1996 par l’équipe dirigeante actuelle, SOFT-CONTROL a pour vocation d’accompagner les industriels dans le développement, l’optimisation et la performance de leurs installations.

SOFT CONTROL propose  la réalisation d’études complètes et l’intégration d’équipements en Automatisme - Informatique industrielle - Electrotechnique

Nos équipes pluridisciplinaires vous accompagnent et vous garantissent 

•	La performance technique des projets réalisées.
•	Un partenariat permanant permettant une amélioration constante de vos installations
•	Des valeurs répondant à un haut niveau d’exigence :

                     La satisfaction du client
                     L’honnêteté et la transparence
                     La créativité
                     Une capitalisation du savoir faire
           
•	L’adhésion en tant qu’entreprise citoyenne au respect de l’environnement et au développement durable.

Forte de ses expériences projets réussies, la société SOFT CONTROL associe son savoir-faire en contrôle commande à une excellente connaissance des procédés de fabrication de ses clients dans les domaines suivants :

ENVIRONNEMENT
•	Eaux usées et potables
•	Stations de pompage
•	Stockage
•	Filtration

ÉQUIPEMENTS INDUSTRIELS
•	Machines spéciales
•	Lignes de fabrication
•	Systèmes de convoyage
•	Systèmes de manutention

PROCESS
•	Agroalimentaire
•	Chimie
•	Cosmétique
•	Oil&Gas
•	Pharma

TERTIAIRE
•	Gestion d'énergie (Délestage/relestage)
•	GTC
•	GTB",Automation Machinery Manufacturing,11-50 employees,Privately Held,"Plaisir, Île-de-France, France",France,soft-control.fr,https://www.linkedin.com/company/soft-control
LOGIMATIQ SYSTEME,Vending & dispensing machine for industry,Automation Machinery Manufacturing,11-50 employees,Privately Held,"Saint-Pierre-de-Chandieu, Auvergne-Rhône-Alpes, France",France,logimatiq.com,https://www.linkedin.com/company/logimatiqsysteme
ROM-ELEC,"Bienvenue sur la page Linkedin de ROM-ELEC. 

Chez ROM-ELEC, votre confiance on la gagne !

Garantir vos accès est notre métier, nous sommes spécialistes sur l'ensemble de vos fermetures motorisées:
tous types de portes automatiques, des portes à motorisation d'intérieur et pour répondre à des contextes hermétiques, des portes étanches airs et coupe feu.

Soucieux de nos clients, notre vision est de délivrer un service ROM (Rassurer, Opérer, Maintenir), 
Crée en 2015, nous accompagnons chaque jour nos clients sur l'installation et la maintenance des fermetures motorisées ainsi que sur le contrôle d'accès.",Automation Machinery Manufacturing,11-50 employees,Privately Held,"Montereau-Fault-Yonne, Île-de-France, France",France,rom-elec.com,https://www.linkedin.com/company/rom-elec
KAECIA,"Kaecia, société du groupe Socafluid, est spécialisée en automatisation pneumatique depuis 1996.

Experte dans deux domaines de l'automatisation industrielle :
- la cobotique avec sa gamme de bras collaboratifs et de système de palettisation
- en automatisation pneumatique pour l'agroalimentaire grâce à son expertise de longue date dans ce domaine d'activité exigeant. 

Kaecia propose des solutions industrielles du standard au sur-mesure pour de nombreux domaines d'activité dans toute la France.

Kaecia se distingue par :
• des fabrications françaises de qualité conçues dans une démarche de performance et durabilité,
• une équipe technique professionnelle et passionnée,
• une réactivité logistique pour des commandes traitées avec efficacité. 

Kaecia est une société du Groupe Socafluid, groupe industriel composé de filiales réparties en France et expertes en automatisation pneumatique, solutions fluidiques et robotique. Forte de cette synergie alliée à son savoir-faire et son expérience, Kaecia se positionne en spécialiste sur le marché industriel de la région bretonne.",Automation Machinery Manufacturing,11-50 employees,Privately Held,"Rennes, Brittany, France",France,kaecia.fr,https://www.linkedin.com/company/kaecia
E H Gross GmbH,"Über uns
E+H Gross ist ein international agierendes Elektrotechnik-Unternehmen, mit Fokus auf die Konzeption und Produktion von Schaltschränken bzw. Schaltanlagen, für verschiedene Branchen. Darunter die: 

Automobilindustrie 
Maschinenbauindustrie
Umwelttechnik
Nahrungsmittelindustrie
Verpackungsindustrie
Papierindustrie
Druckindustrie
Pharmaindustrie


Unsere Unternehmenskultur
E+H Gross besticht durch eine familiär gemeinschaftliche und offen konstruktive Unternehmenskultur. Wir legen höchsten Wert darauf, unseren Mitarbeitern sichere und unbefristete Arbeitsplätze anzubieten. E+H Gross ist bestrebt, seine Grundsätze auch weiterhin zu bewahren. Ein Vertrauen in die Leistungsmöglichkeiten der eigenen Mitarbeiter ist hierbei ein essenzieller Schlüssel. Durch langfristiges, strategisches Handeln der Geschäftsführung, und Angestellten, denen Freiraum für Eigenverantwortung, Kreativität und neue Lösungsansätze gegeben wird, können wir diese Grundsätze seit jeher umsetzen.

Die Zukunft
Auch die Elektrotechnikbranche muss sich den Veränderungen des Marktes, durch die Digitalisierung und die Industrie 4.0, stellen. Hierbei streben wir danach, aktiv Kooperationen mit Unternehmen einzugehen und gleichzeitig bestehende Partnerschaften mit unseren Kunden und Partnern auszubauen bzw. zu festigen. Wir sind Überzeugt, dass die Herausforderungen der Industrie 4.0 nur gemeinsam und im Dialog gelöst werden können. Partnerschaftliches Denken und Austausch führt zu Innovationen - diese sind für ein Bestehen auf allen Märkten unerlässlich. E+H Gross ist bestrebt, diesen Leitsätzen auch weiterhin treu zu bleiben.


Wir suchen SIE!
Neben den Herausforderungen des Marktes, stellt auch der Fachkräftemangel eine Herausforderung für unser Unternehmen dar. Um diese Herausforderung bestmöglich zu bewältigen suchen wir Sie!

Stets suchen wir potenzielle neue Mitarbeiter, die motiviert und bereit sind, gemeinsam mit uns die Zukunft des Unternehmens zu gestalten. Dazu würden wir uns über Ihre Bewerbung sehr freuen! 

Deutschland: https://ehgross.de/index.php/de/stellenangebote/deutschland 
Frankreich: https://ehgross.de/index.php/de/stellenangebote/frankreich 

Auch Initiativbewerbungen nehmen wir gerne entgegen!



Weitere Informationen zu E+H Gross: http://www.ehgross.de/
Impressum: http://ehgross.de/index.php/de/impressum",Automation Machinery Manufacturing,51-200 employees,Privately Held,"Wissembourg, Grand Est, France",France,ehgross.de,https://www.linkedin.com/company/e-h-gross-gmbh
SCOP Teraqua,Entreprise spécialisée dans l'Aquaculture,Automation Machinery Manufacturing,2-10 employees,Self Owned,"Saint-Martin-des-Champs, Brittany, France",France,teraqua.fr,https://www.linkedin.com/company/scop-teraqua
MC Robotics,"MC Robotics est une startup française située sur Besançon, pôle européen des microtechniques. 
Nous avons conçu le logiciel Kactus (voir notre page produit) pour rendre la robotique industrielle enfin accessible !
 
Que vous soyez primo-accédant ou déjà équipé en robots (quelle que soit la marque), notre logiciel universel Kactus et son interface claire et ergonomique vous permettra de mettre en oeuvre rapidement vos taches robotisées !



MC Robotics is a French startup located around Besançon, a European microtechnology center.
We designed the Kactus software (see our product page) to make industrial robotics finally accessible !
 
Whether you are newcomer or already equipped with robots (whatever the brand), our universal Kactus software and its clear and ergonomic interface will allow you to quickly implement your robotic tasks !",Automation Machinery Manufacturing,2-10 employees,Partnership,"Besançon, Bourgogne-Franche-Comté, France",France,mcrobotics.com,https://www.linkedin.com/company/mcrobotics
Actemium Douvrin Manufacturing,"Actemium Douvrin Manufacturing intervient dans le domaine du process industriel chez les constructeurs et équipementiers automobiles ainsi que dans les industries de biens d’ équipement.

Ensemblier technique, nous maitrisons un nombre important d’outils dans la mécanique, l’électrotechnique et l’automatisme.

Nous apportons un service global depuis les études de conception jusqu’à la mise en service.",Automation Machinery Manufacturing,51-200 employees,Public Company,"Douvrin, Hauts-de-France, France",France,actemium.fr,https://www.linkedin.com/company/actemium-douvrin-manufacturing
Prodys Automation,"Founded in 1990, Prodys is a services company in industrial engineering specialized in controls, robotics, CNC and SCADA. Its engineers with some of them highly experienced provide you tailored solutions in engineering, project and site management, commissioning, training and technical support, flexibility, reliability and energy efficiency improvement of your production systems.",Automation Machinery Manufacturing,11-50 employees,Privately Held,"Escaudain, Hauts-de-France, France",France,prodys-automation.com,https://www.linkedin.com/company/prodys-automation
Kyol Group,"Kyol réinvente la restauration fraîche, partout et à toute heure.

Dans un hôtel à 22h, sur un campus le week-end ou dans un établissement de santé la nuit, bien manger relève souvent de l'impossible : entre distributeurs de malbouffe et cuisines fermées, il n'y a rien. Kyol comble ce vide.

Nous concevons des machines autonomes qui assemblent, en moins de 30 secondes, des bowls et pokes frais, bio et 100 % personnalisables - 24h/24, 7j/7. Le cœur de notre technologie : un secret qui préserve l'ingrédient, facilite le transport, le tout, sans perte de qualité. Le client compose son repas sur l'écran, la machine l'assemble sous ses yeux. Frais, sain, sans gaspillage, à n'importe quelle heure - une cuisine qui ne dort jamais, sur moins d'un mètre carré.

Notre modèle est pensé pour nos partenaires - hôtels, campus, hôpitaux, entreprises : nous installons la machine, puis nous assurons un service de remplissage clé en main. 
Zéro complexité opérationnelle pour eux, une offre de restauration premium disponible en continu pour leurs clients et collaborateurs.

Derrière Kyol, une logistique circulaire et responsable : opérationnel confié à des ESAT, remplissage par des traiteurs partenaires, chaîne du froid maîtrisée et sourcing local. La qualité d'un repas fait maison, l'efficacité d'une chaîne industrielle, l'empreinte d'un modèle durable.

Fondée en 2025, Kyol réunit une équipe pluridisciplinaire - tech, industrie, agroalimentaire et commerce - et s'appuie sur une expertise de production industrielle éprouvée. Notre ambition : devenir le standard du repas frais automatisé 24/7.

Vous êtes un hôtel, un campus, un établissement de santé, une entreprise ou tout simplement curieux ? Parlons-en : contact@kyol-group.com",Automation Machinery Manufacturing,2-10 employees,Privately Held,"Paris, Île-de-France, France",France,,https://www.linkedin.com/company/kyol-group
King Gates - Automation Systems,"Specialists in gate and door automation systems, road barriers, control, security and power systems for home and industrial automation. 

A constantly expanding brand that operates in a dynamic reality open to innovations in technology and service, offering reliable, safe and practical solutions through its own 100% made in Italy products.

Quality is evident in the products, materials and controls during both production and post-production phases and in service and technical assistance.

Since 2006 KING GATES has been present on the Home Automation market in over than 40 countries throughout the world through an extensive network of direct distributors.
We strive for to simplify work and improve the user’s life.",Automation Machinery Manufacturing,11-50 employees,Privately Held,"Castelnau-d'Estrétefonds, Occitanie, France",France,king-gates.com,https://www.linkedin.com/company/king-gates---automation-systems
INEDIT Project,"INEDIT is an EU H2020 project which fosters an open innovation European “Do It Together” ecosystem for sustainable furniture co-creation. 
>> Open Innovation I Manufacturing I Co-Creation I 3D-Printing <<",Automation Machinery Manufacturing,11-50 employees,Partnership,"Paris, Île-de-France, France",France,inedit-project.eu,https://www.linkedin.com/company/inedit-project
Actemium Côte d'Or,"Notre entreprise spécialisée dans les métiers de l’électricité HTA/BT, de la protection foudre, de l’automatisme et de l’informatique industrielle  propose des projets clés en main.
Dans ce cadre, nous sommes en mesure d’accompagner nos clients industriels, de l’expression du besoin à la réalisation, pour atteindre le niveau de performance exigé.
Par ailleurs, nous avons développé depuis plus de dix années une offre sur la valorisation organique et énergétique (méthanisation, épuration gaz, traitement des déchets et chaufferies).

Notre développement à court et moyen terme se doit de mettre au cœur de notre stratégie, la préoccupation environnementale et l’épanouissement de nos collaborateurs pour l’intérêt de toutes les parties prenantes.
L’engagement de chacun, nos capacités à nous projeter sur des nouvelles technologies et la satisfaction du travail bien fait en toute sécurité, doivent permettre à l’entreprise d’assurer son développement et sa pérennité.",Automation Machinery Manufacturing,11-50 employees,Privately Held,"Marsannay-la-Côte, Bourgogne-Franche-Comté, France",France,actemium.fr,https://www.linkedin.com/company/actemium-côte-d-or
CASEIRA Systems,"CASEIRA Systems est une entreprise située au cœur de la Calade, spécialisée dans l'automatisme industriel. Fondée en 2025, elle s'appuie sur plus de 30 ans d'expérience cumulée de ses deux associés.
Elle propose une ingénierie électrique complète, de la conception à la réalisation de projets complexes. Son équipe travaille en étroite collaboration avec les clients pour développer des solutions sur mesure adaptées à leurs besoins spécifiques.
L'entreprise assure également la maintenance préventive et corrective des installations automatisés, garantissant leur bon fonctionnement et leur longévité. Grâce à une équipe de techniciens spécialisés, CASEIRA Systems intervient rapidement pour diagnostiquer et résoudre les dysfonctionnements, limitant ainsi les arrêts de production.
Elle propose des services de réhabilitation et de mise en conformité des installations et équipements automatisés, permettant à ses clients d'optimiser leurs performances tout en respectant les normes en vigueur. Son savoir-faire permet de moderniser les équipements tout en améliorant leur efficacité et leur fiabilité.
La satisfaction client est au cœur de la démarche de CASEIRA Systems. Grâce à une approche personnalisée et un engagement constant, l’entreprise développe des partenariats durables basés sur la confiance. Elle s'efforce systématiquement de dépasser les attentes, en proposant des solutions innovantes, fiables et rentables.
CASEIRA Systems possède également les compétences et les outils nécessaires pour intervenir sur des matériels anciens, tels que les automates (Simatic S5, PL7 pour TSX série 7...), les IHM et les systèmes SCADA comme Intouch.
En tant qu'acteur dans l'ingénierie électrique et la maintenance des équipements industriels, CASEIRA Systems se distingue par son savoir faire technique et son engagement envers la qualité. Vous pouvez nous contacter par mail : contact@caseira.fr",Automation Machinery Manufacturing,2-10 employees,Partnership,"Arnas, Auvergne-Rhône-Alpes, France",France,caseira.fr,https://www.linkedin.com/company/caseira-systems
MECALan,"Équipementier spécialisé dans la conception, le développement, la commercialisation, l'installation et la maintenance des équipements et logiciels essentiellement destinés aux centres de contrôles techniques véhicules légers et poids lourds.",Automation Machinery Manufacturing,2-10 employees,Privately Held,"Saint-Germain-sur-Moine, Pays de la Loire, France",France,mecalan.com,https://www.linkedin.com/company/mecalan
FAVORITE PACKING,"Chez FAVORITE PACKING, nous travaillons à développer des solutions sur mesure et automatisées pour les producteurs de Fruits & Légumes. 
Notre métier : proposer des lignes de conditionnement sur-mesure ainsi que des robots pour les producteurs de Fruits et Légumes.
Mon objectif : aider les producteurs de Fruits et Légumes à automatiser leurs lignes de production, en garantissant un service sur-mesure et une efficacité accrue.
Nous avons également développé des machines et des emballages 100% eco responsables pour anticiper les dispositions prévues par la loi au 1er janvier 2022.",Automation Machinery Manufacturing,2-10 employees,Privately Held,"Lacourt-Saint-Pierre, Occitanie, France",France,fruit-packing.com,https://www.linkedin.com/company/favorite-packing
PNEUMAX France,"PNEUMAX France, fabricant de composants pneumatiques.
Du produit standard au sur-mesure, nos équipes sont à votre écoute.
Fabrication sur notre site Alsacien, avec un bureau d'études également.
Un important stock de composants, tubes et raccords sont disponibles.",Automation Machinery Manufacturing,11-50 employees,Privately Held,"Sélestat, Grand Est, France",France,pneumaxspa.com,https://www.linkedin.com/company/pneumax-france-sas-u
ACTEMIUM Arras,"Actemium Arras conçoit des systèmes de contrôle commande et intègre des solutions MES adaptés aux besoins des utilisateurs pour optimiser les performances de vos process industriels en s’intégrant totalement dans l’industrie 4.0 grâce à nos offres packagées. 
Actemium Arras est une entreprise de 50 personnes appartenant au groupe VINCI Energies. Nous sommes à la fois une entreprise à taille humaine avec la puissance d'un grand groupe. 
Nos ingénieurs, techniciens et monteurs interviennent aussi bien sur des installations neuves, que des rénovations d’ateliers : de la distribution haute tension de votre site à votre ERP, en passant par l’électricité, l’instrumentation, l’automation et l’informatique industrielle.
Forts de notre expérience de vos procédés industriels, nos compétences pluridisciplinaires, notre taille et notre organisation vous garantissent la mise en œuvre de solutions fiables adaptées à vos enjeux.
Nous nous engageons au-delà de la réalisation de vos projets : nous vous accompagnons de la définition de votre besoin à la maintenance de vos installations, en formant vos équipes de terrain.",Automation Machinery Manufacturing,51-200 employees,Privately Held,"Arras, Hauts-de-France, France",France,actemium.fr,https://www.linkedin.com/company/actemium-arras
AirMaxCompany Group,"AirMaxCompany propose une prestation de services intégrés en automatisme, robotique et mécanique qui va de l’étude fonctionnelle des besoins au rétrofit des équipements, en passant par les étapes de conception, réalisation, montage et maintenance. Le Groupe AirMaxCompany possède une grande expérience dans le domaine de l’automotive, de l’aéronautique et de l’industrie : tant pour ce qui concerne l’outillage d’assemblage et du prototype que pour la réalisation de maquettes de contrôle. AirMaxCompany fournit aussi un support à l'industrie des systèmes dans le domaine de l'automatisation et de l'ingénierie générale des installations. Pour se diversifier, dans ces dernières années, la société a acquis un savoir-faire permettant d’assurer la maîtrise d’œuvre d’un projet, de sa conception à l’intégration en passant par la phase d’étude de 3D-2D et de sa réalisation. AirMaxCompany a su accroître l'expérience acquise et la développer en nouvelles réalisations destinées à l’aéronautique et l'industrie. Caractérisé par la présence d’une équipe de spécialistes pluridisciplinaires, le groupe AirMaxCompany se distingue par l’intégration de différents partenaires pour étoffer toutes les possibilités et offrir une grande personnalisation et ductilité pour la mise en fonction de l’idée industrielle. « Se différencier des standards est notre Philosophie qui se pose comme premier objectif la complète satisfaction du client et surtout, la confiance à notre égard »",Automation Machinery Manufacturing,51-200 employees,Partnership,"Montbéliard, Bourgogne-Franche-Comté, France",France,,https://www.linkedin.com/company/airmaxcompanygroup
NANTES EUROPELEC,"NANTES EUROPELEC is an electrical/electronic manufacturing company based out of 6 RUE DU FONTENY, COUERON, France.",Automation Machinery Manufacturing,11-50 employees,Self Owned,"Couëron, Pays de la Loire, France",France,nanteseuropelec.fr,https://www.linkedin.com/company/nantes-europelec
VT EUROPE,"Service d'ingénierie industrielle et maintenance pour apporter des solutions techniques en automatisme; informatique et génie électrique.

Notre bureau d'études est composés de programmeurs polyvalents capables d’apporter des solutions techniques pour une automatisation et un pilotage de vos outils de production et de vos process industriels de façon fiable et performante pour atteindre vos objectifs. Nous intervenons sur site (machines et équipements comme les sas ou salles blanches, machines à laver, générateurs de vapeur, autoclaves...) et assurons le service clé-en main.

Nos clients : 
- Essentiellement l'industrie (bio)pharmaceutique grâce à notre connaissance des process, nous travaillons dans le respect des plus hauts standards de qualité et des normes réglementaires de ce secteur, voire en milieu stérile (production de vaccins par exemple); 
- Mais aussi, l'industrie cosmétique, traitement de l'eau, agro-alimentaire,  automobile, aéro-spatiale...
- Et bien sûr les fabricant de machines spéciales.

Pourquoi nous choisir : parce que nos clients trouvent, avec nous, des solutions
-rapides grâce à note disponibilité et réactivité,
-efficaces et sûres grâce à notre expérience
-économiquement avantageuses
-sur-mesure pour vos besoins propres de production

Et vous? Quels sont vos projets et défis techniques à résoudre sur vos sites de production ou vos machines?",Automation Machinery Manufacturing,2-10 employees,Self Employed,"Brindas, Auvergne-Rhône-Alpes, France",France,vt-europe.com,https://www.linkedin.com/company/vt-europe
Keops automation,"Filiale du groupe Keops Performance, Keops Automation est spécialisée dans l'optimisation de la performance industrielle. Elle intervient sur les lignes de production pour les rendre plus performantes, en installant des systèmes automatisés, des systèmes de supervision et de monitoring (surveillance permettant d'anticiper les défauts d'usure, ce que l'on appelle le maintien en condition opérationnelle des installations). Elle propose également des solutions de Manufacturing Intelligence, pouvant être considérée comme la Business Intelligence (BI) appliquée aux données de fabrication, qui permet de recueillir les données liées à la fabrication de l'ensemble d'une usine, de les collecter au sein du système d’information de l'entreprise et de les traiter sous forme de graphes, d’états ou de rapports.

Pour répondre aux défis d'aujourd'hui et de demain, elle utilise les technologies les plus novatrices dans le domaine de l'instrumentation, la collecte d'information sur les sites, le big data, le traitement et l'analyse de données.",Automation Machinery Manufacturing,11-50 employees,Privately Held,"Carquefou, Pays de la Loire, France",France,keops-group.com,https://www.linkedin.com/company/keops-automation
KINGSTAR,"KINGSTAR provides all the benefits of a software solution to motion control, in an automatically configured EtherCAT environment with “plug-and-play” compatibility. With the highest quality and performance of pre-integrated and pre-tested motion libraries, KINGSTAR delivers motion control and machine vision at half the cost and time of traditional hardware platforms.

Deliver Software-Only Motion Control and Machine Vision Positioning Systems Quickly and Affordably 

KINGSTAR Soft Motion is an open and standards-based, software-only solution that streamlines motion control and automation. Soft Motion runs directly on the PC, uses the NIC card for I/O, and uses the powerful EtherCAT protocol to free you from the shackles of proprietary and costly hardware. With Soft Motion, motion control engineers can design, develop and integrate PC-based machine controllers in a “plug-and-play” environment for consolidated, inexpensive and scalable motion control and machine vision. Build motion control applications with KINGSTAR’s soft motion library and software PLC. Built on the foundation of EtherCAT and a real-time 64-bit Windows operating system, it provides a complete platform for control and automation engineering.

• Reduce costs - Replace hardware with software to reduce machine control costs by 25-50%.

• Speed time-to-market - Improve productivity with pre-integrated motion libraries and EtherCAT auto-configuration.

• Enhance performance - Improve machine performance and control by using the PC NIC, Ethernet cables and EtherCAT infrastructure.

• Scale dynamically - Auto-configure an EtherCAT network when swapping any servo drives and I/O devices.

• Extend easily - Add any 3rd party protocols or open source libraries with no vendor lock-in.

• Improve UX - Build a powerful UI with a world-class Windows Interface (HMI)",Automation Machinery Manufacturing,51-200 employees,Privately Held,"Nice, Provence-Alpes-Côte d'Azur, France",France,kingstar.com,https://www.linkedin.com/company/kingstar
ECM Robotics,"ECM Robotics, votre intégrateur robotique, vous accompagne dans votre prochain challenge industriel !
Division robotique du Groupe ECM, nous avons la capacité d’intégrer tous types de robots pour votre application. Manutention, contrôle, vision, nos équipes dédiées répondent à vos défis les plus complexes en utilisant les techniques de pointe actuelles.",Automation Machinery Manufacturing,11-50 employees,Privately Held,"Castelnau-le-lez, Occitanie, France",France,ecm-robotics.com,https://www.linkedin.com/company/heattreat-robotics
AGV Mécatronique,AGV Mécatronique est une PME experte en mécatronique spécialisée en maintenance et amélioration de machines et process industriels s'appuyant sur une équipe forte et solidaire .,Automation Machinery Manufacturing,11-50 employees,Privately Held,"Marssac, Occitanie, France",France,agv-mecatronique.com,https://www.linkedin.com/company/agv-mécatronique
SENSSIGHT,"At Senssight, we design, develop and sell reference designs of multi-spectral imaging systems for industrial partners in maintenance, transport and security applications. Our unique innovation bricks (combining software and hardware) such as adaptive resolution, shutter-less radiometric measure, ... are one of the key points you can benefit. Feel free to contact our passionate and responsive team to exchange on your needs.",Automation Machinery Manufacturing,2-10 employees,Privately Held,"Meylan, Auvergne-Rhône-Alpes, France",France,senssight.com,https://www.linkedin.com/company/senssight
SFBI EIRL,"Avec un savoir faire et une expérience de 20 ans , SFBI EIRL est spécialisée en pose de serrurerie et fermeture industrielle.
Nous vous proposons également notre expertise dans le choix de vos fermetures pour vous offrir une utilisation optimale.",Automation Machinery Manufacturing,Self-employed,Privately Held,"Niederbronn-les-Bains, Grand Est, France",France,,https://www.linkedin.com/company/sfbi-eirl
A.S.M. Automatisme Supervision Motion,"Chez A.S.M. (Automatisme Solution Motion), nous sommes des experts en développement, supervision d'automatismes et motions industriels.
 
Notre engagement est de vous accompagner dans l'évolution de vos outils et équipements industriels en mettant en avant notre écoute active et notre expertise. 

Nous traitons chaque projet avec minutie, en répondant précisément à vos besoins, à chaque étape de production et de conceptualisation. 

A.S.M. se résume en trois mots : Automatisme, Supervision et Motion, reflétant notre capacité à intervenir dans les systèmes de production actuel et futur. Nous sommes là pour vous accompagner, de la réflexion technique à la mise en production de vos équipements industriels.

Vous avez un projet ? Nous sommes prêts à le concrétiser avec vous !",Automation Machinery Manufacturing,11-50 employees,Self Owned,"Frans, Auvergne-Rhône-Alpes, France",France,asm-automatisme.fr,https://www.linkedin.com/company/a-s-m-automatisme-supervision-motion
BT-Technologies,"TPE familiale, BT Technologies SAS est spécialisée en Ingénierie électrique et automatisme industriel, permettant de passer de la partie conception à la partie réalisation des tableaux électrique, mais également de proposer des solutions de process et d’automatismes.",Automation Machinery Manufacturing,2-10 employees,Partnership,"Montboucher-sur-Jabron, Auvergne-Rhône-Alpes, France",France,bt-technologies.com,https://www.linkedin.com/company/bttechnologies
MABIN,Mabin provides automatic stacking machine for palet,Automation Machinery Manufacturing,Self-employed,Partnership,"Les Sables-d'Olonne, Pays de la Loire, France",France,mabin.fr,https://www.linkedin.com/company/mabinrobotique
PERDIGON Ascenseurs et Automatismes,"33 personnes au service du client pour entretenir, dépanner, moderniser et installer des Ascenseurs et des Portes motorisées (porte de garage, sectionnelles, basculantes, automatiques, rideaux métalliques...)
1 équipe de 4 techniciens sur le secteur de Briançon
1 équipe de 6 techniciens sur le secteur de Manosque
1 équipe de 17 techniciens sur le secteur de Gap
Une organisation locale qui garantie une réactivité certaine!",Automation Machinery Manufacturing,11-50 employees,Public Company,"Gap, Provence-Alpes-Côte d'Azur, France",France,perdigon-ascenseur.fr,https://www.linkedin.com/company/perdigon-ascenseurs-et-automatismes
Cobotserv,"Cobotserv est né des constats suivants dans l’industrie : il existe un manque de
flexibilité dans les chaînes de production et il n’y a pas de solutions simples à des situations simples.

Cobotserv a inventé et breveté le « Cobhelper », un assistant fonctionnel
pouvant se mouvoir sur 1, 2 ou 3 axes directionnels et pouvant exécuter des actions répétitives simples. 
Le Cobhelper est constitué de modules standards interconnectables permettant des combinaisons de fonctions simples tout en
ayant des coûts faibles.
L’association variée des éléments intra modulables permet de constituer un robot sur mesure et adapté au besoin.",Automation Machinery Manufacturing,2-10 employees,Self Owned,"Noyon, Hauts-de-France, France",France,cobotserv.com,https://www.linkedin.com/company/cobotserv
Tech Energy And Automation,"Tech Energy and Automation est une entreprise innovante, spécialisée dans les solutions intelligentes en énergie et en automatisation. Fondée avec la volonté de transformer les secteurs industriels et résidentiels par la technologie, notre mission est de concevoir et de déployer des systèmes performants, durables et parfaitement adaptés aux besoins de nos clients.

Grâce à une expertise technique solide et une approche sur mesure, nous proposons une gamme complète de services allant de la gestion énergétique intelligente à l’automatisation des processus industriels. Nous intervenons également dans l’installation de systèmes solaires, l’optimisation de la performance énergétique et le développement de solutions connectées.

Chez Tech Energy and Automation, nous sommes convaincus que l’avenir repose sur des technologies durables et intelligentes. C’est pourquoi nous accompagnons entreprises et collectivités dans leur transition énergétique et industrielle, en intégrant les dernières innovations en matière d’automatisation et de contrôle",Automation Machinery Manufacturing,2-10 employees,Self Owned,"Créteil, Île-de-France, France",France,techenergyandautomation.com,https://www.linkedin.com/company/techenenergyandautomation
Panarobotics,"Panarobotics développe un logiciel Visuel et Universel de programmation de robots industriels.
L'interface graphique ergonomique permet à un utilisateur non roboticien de développer lui-même son programme sans pré-requis technique quel que soit la marque du robot..

La simulation intégrée permet de choisir le meilleur robot en fonction de ses performances et de son coût. tout en réduisant les temps de mise au point et les risques.

Le passage en mode pilotage prend la main sur le robot, les automates, le préhenseur, les caméras et autres actionneurs et permet dans le même logiciel de lancer la production sans logiciels intermédiaires.",Automation Machinery Manufacturing,2-10 employees,Privately Held,"Besançon, Bourgogne-Franche-Comté, France",France,,https://www.linkedin.com/company/panarobotics
Serv'Instrumentation,"Serv’ Instrumentation est spécialiste de solutions intégrées pour la mise en œuvre, la mesure et  le contrôle des fluides gazeux et liquides. Son activité est principalement axée sur le territoire Français et peut se scinder en trois pôles spécifiques : 
                                                            
- Distribution dans une logique purement applicative d’une gamme complète  d’Instruments de spécialisation pour la mise n œuvre, la mesure et le contrôle de fluides. (Débit, Pression, Température, Vannes, Régulation)

- Conception et Fabrication de solutions fluidiques clefs en main haut de gamme répondant à des cahiers des charges spécifiques des grands donneurs d’ordre du Marché.

- Services associés (Métrologie, SAV, Contrats de Maintenance)

Fort de 30 années d’expérience sur ses marchés, Serv’Instrumentation possède aujourd’hui un cumul d’expérience différentiant sur de nombreux applicatifs clients. Serv’Instrumentation travaille ainsi dans un domaine de haute technicité avec des clients eux-mêmes soumis à des contraintes très poussées. De nombreuses connaissances et spécialités scientifiques sont donc requises pour la commercialisation de ces équipements, solutions et services associés.",Automation Machinery Manufacturing,11-50 employees,Privately Held,"Irigny, Auvergne-Rhône-Alpes, France",France,servinstrumentation.fr,https://www.linkedin.com/company/servinstrumentation
Fritz Automation GmbH,"Fritz Automation begleitet weltweit Technologie- und Maschinenbauunternehmen auf dem Weg in die digitale Transformation. Klingt kompliziert. Ist es auch. Aber wir machen es gut umsetzbar und verständlich.

Maschinenbau ist der Anfang von allem. Hier tüfteln wir für optimale Lösungen. Manchmal braucht es mehr. Mehr als Maschinenbau und mehr als ein Experte. Dann arbeiten wir in Teams von Individualisten. Aber stets als Teamplayer für unsere Kunden.

Die Steuerungstechnik ist das Zusammenspiel von Hard- und Software. Oder wie wir im Schwarzwald sagen: ""Ich heb en Fetze Blech mit Technik. Feddisch!“ Wir handeln danach – das Ergebnis gibt uns recht. Vorher hören wir selbstverständlich nicht auf.

Auch mit Maschinen kann man schwätzen. Man muss nur wissen, wie. Oder anders gesagt: 01101100. Bei uns gibt es alle Disziplinen getrennt und je nach Lösung aufeinander abgestimmt. IT steht manchmal auch für „Irre Technik“.",Automation Machinery Manufacturing,11-50 employees,Public Company,"Forbach, Grand Est, France",France,fritz-automation.com,https://www.linkedin.com/company/fritz-automation-gmbh
ARIATEC Industrie,"ARIATEC Industrie est spécialisé dans la conception et la réalisation de systèmes automatisés industriels.
Notre mission est d'optimiser les outils de production de nos clients afin de leur permettre d’améliorer leur productivité et leur compétitivité.

Nos compétences aux services de nos clients sont les suivantes :
- Automatisme
- Robotique
- Informatique industrielle & supervision
- Machines spéciales
- Vision/détection & contrôle qualité
- Pilotage d’axes & variation de vitesse
- Rétrofit de machines et d'installations
- Sécurité machine",Automation Machinery Manufacturing,2-10 employees,Partnership,"Toulouse, Occitanie, France",France,ariatec.fr,https://www.linkedin.com/company/ariatec-industrie
ARM Technologie SAS,"ARM Technologie est une société d'ingénierie qui rassemble des spécialistes avec de nombreuses années d'expérience industrielle et académique internationale. Les connaissances et les compétences des employés acquises lors de la mise en œuvre des projets dans le domaine de la construction et de l'automatisation de machines, de la robotisation, du contrôle de processus, de la programmation et du diagnostic permettent la mise en œuvre des projets avancés pour un large groupe des destinataires dans le monde entier. Pendant la réalisation des projets, des solutions techniques innovantes sont développées à l'aide des outils d'ingénierie avancés tels que SprutCAM, NX Mechatronics Concept Designer, Process Simulate, Ansys ou Inventor. La possibilité de créer un jumeau numérique des appareils conçus permet, dès la phase de la conception, d'éliminer les hypothèses erronées, d'optimiser l'efficacité du processus et la fiabilité des machines, tout en minimisant le risque et le temps de mise en service.",Automation Machinery Manufacturing,11-50 employees,Privately Held,"Strasbourg, Grand Est, France",France,arm-global.com,https://www.linkedin.com/company/arm-technologie-fr
France Fermetures Sodex,"FRANCE FERMETURES SODEX bénéficie de plus 35 ans d’expérience dans l’installation, l’entretien et la réparation de portes industrielles et tous types de fermetures. Forte de son expertise, l’entreprise est aujourd’hui l’un des acteurs majeurs du secteur dans la Savoie, la Haute Savoie, l’Ain, l’Isère et le Rhône. FRANCE FERMETURES SODEX, entreprise à taille humaine, met son savoir-faire au service des industriels, des pompiers, des concessionnaires automobiles, des garagistes, des commerçants, des artisans, des GAEC ainsi que des particuliers. Industries, commerces, bureaux, collectivités et institutions publiques, habitat : France Fermetures Sodex intervient sur l’ensemble des produits de fermetures dédiés aux professionnels comme aux particuliers. Portes sectionnelles, portes collectives, rideaux métalliques, grilles de magasin, portes rapides souples ou rigides, mais aussi équipements de quai, portes empilables, portes spéciales et portes de garage. Spécialistes des portes industrielles, ses techniciens sauront trouver la meilleure réponse à vos besoins.",Automation Machinery Manufacturing,11-50 employees,Privately Held,"Annecy, Auvergne-Rhône-Alpes, France",France,francefermetures.com,https://www.linkedin.com/company/france-fermetures-sodex
AVALCOSETEM,"Avalco Setem, société du Groupe Socafluid, est spécialisée dans les solutions d'étanchéité et de transfert de fluides depuis 1981.

Experte dans le secteur industriel, Avalco Setem propose des solutions adaptées, du standard au sur-mesure, pour répondre aux exigences des environnements les plus complexes en garantissant performance et fiabilité. Elle se distingue par plusieurs gammes :

Gamme Coupling : solutions de connexion rapide pour fluides
Gamme Connectique Tous Fluides : raccords et flexibles pour tous types de fluides
Gamme Vannes & Électrovannes : régulation et pilotage des flux
Gamme Robinetterie Industrielle : solutions de distribution et de contrôle des fluides
Avalco Setem fait partie du Groupe Socafluid, un acteur industriel français composé de filiales expertes en automatisation, transfert de fluides et gestion des flux industriels. Cette appartenance au groupe lui permet de bénéficier de synergies techniques et d’une expertise reconnue sur le marché national.

De plus, Avalco Setem dispose d'un site de production près de Poitiers, garantissant des fabrications de qualité conformes aux certifications requises en gestion des fluides.",Automation Machinery Manufacturing,2-10 employees,Partnership,"Dissay, Nouvelle-Aquitaine, France",France,groupe-socafluid.fr,https://www.linkedin.com/company/avalco-setem
Actemium Compiègne,"Notre vocation est de concevoir, intégrer et maintenir les systèmes de contrôle commande et de gestion informatique des procédés industriels de nos clients en nous appuyant sur nos expertises techniques suivantes : 
 - Electricité et instrumentation
 - Automatisme
 - Informatique industrielle",Automation Machinery Manufacturing,11-50 employees,Public Company,"Ribécourt-Dreslincourt, Hauts-de-France, France",France,actemium.fr,https://www.linkedin.com/company/actemium-compiegne
RECMI Industrie,"For 40 years RECMI Industrie has been developing and offering end-of-production solutions. Whether they are intended for the graphic arts sector or for other sectors of industry (stationery, agri-food, etc.), each project is the subject of a specific study. This is where the particularity and know-how of RECMI Industrie comes in.",Automation Machinery Manufacturing,11-50 employees,Self Owned,"Cherré-Au, Pays de la Loire, France",France,recmi-industrie.com,https://www.linkedin.com/company/recmiindustrie
Schneider Electric,"Schneider Electric is a global energy technology leader, driving efficiency and sustainability by electrifying, automating, and digitalizing industries, businesses, and homes. 

Its technologies enable buildings, data centers, factories, infrastructure, and grids to operate as open, interconnected ecosystems—enhancing performance, resilience, and sustainability. The portfolio includes intelligent devices, software-defined architectures, AI-powered systems, digital services, and expert advisory. 

With 160,000 employees and one million partners in over 100 countries, Schneider Electric is consistently ranked among the world’s most sustainable companies.
  
www.se.com 

Follow us on:
https://www.facebook.com/SchneiderElectric
https://www.x.com/SchneiderElec
https://www.x.com/SE_Careers
https://www.instagram.com/schneiderelectric
https://www.youtube.com/schneiderelectric
https://www.tiktok.com/@schneiderelectric_global",Automation Machinery Manufacturing,"10,001+ employees",Public Company,"Rueil-Malmaison, Île-de-France, France",France,se.com,https://www.linkedin.com/company/schneider-electric
KUKA,"KUKA SE & Co. KGaA is a global leader in intelligent automation solutions, generating around 3.7 billion euro in sales and employing approximately 15,000 people worldwide. Headquartered in Augsburg, Germany, KUKA’s mission is to make automation accessible for everyone - simple, intuitive and sustainable. With a strong focus on digital transformation, human-robot collaboration, and AI-driven solutions, KUKA provides everything from robots and cells to fully automated systems and their connectivity. Our solutions serve key industries such as as automotive with a focus on e-mobility & battery, electronics, metal & plastic, consumer goods, food, e-commerce, retail, and healthcare. In addition, KUKA is committed to sustainable technologies and circular processes, combining ecological responsibility with efficiency.",Automation Machinery Manufacturing,"10,001+ employees",Public Company,"Montigny-le-Bretonneux, Île-de-France, France",France,kuka.com,https://www.linkedin.com/company/kukaglobal
Endress+Hauser Group,"Endress+Hauser is a global leader in measurement and automation technology for process and laboratory applications. The family company, headquartered in Reinach, Switzerland, achieved net sales of approximately 4.01 billion euros in 2025 with a total workforce of more than 18,300. 

Endress+Hauser devices, solutions and services are at home in many industries. Customers thus use them to gain valuable knowledge from their applications. This enables them to improve their products, work economically and at the same time protect people and the environment.

Endress+Hauser is a reliable partner worldwide. Its own sales companies in more than 50 countries as well as representatives in another 70 countries ensure competent support. Production facilities on four continents manufacture quickly and flexibly to the highest quality standards.

Endress+Hauser was founded in 1953 by Georg H Endress and Ludwig Hauser. Ever since, the company has been pushing ahead with the development and use of innovative technologies, now helping to shape the industry’s digital transformation. 9,000+ patents and applications protect the Group’s intellectual property.

For further information, please visit www.endress.com/media-center or www.endress.com",Automation Machinery Manufacturing,"10,001+ employees",Privately Held,"Huningue, Grand Est, France",France,endress.com,https://www.linkedin.com/company/endress-hauser-group
SICK Sensor Intelligence,"SICK is a leading global technology company for intelligent sensor solutions and integrated solutions in industrial automation. Innovative technologies set benchmarks and make industrial processes more efficient, safer, and more sustainable – in both logistics and manufacturing operations. Founded in 1946 by Dr. Erwin Sick and headquartered in Waldkirch near Freiburg, the company has a global presence with a network in around 40 countries. SICK has more than 10,000 employees worldwide and generated a group revenue of EUR 1.8 billion in the 2025 fiscal year. Further information: www.sick.com 

Imprint: https://www.sick.com/imprint/",Automation Machinery Manufacturing,"10,001+ employees",Privately Held,"Émerainville, Île-de-France, France",France,sick.com,https://www.linkedin.com/company/sicksensorintelligence
Universal Robots,"Universal Robots is the global leader in collaborative robotics, enabling companies to automate faster, safety and with greater flexibility. 

With 100,000+ cobots deployed worldwide, Universal Robots has set the standard for user-friendly automation with our intuitive PolyScope software, award-winning training program, and the world's largest cobot ecosystem. Through a wide range of partner solutions, customers can tailor applications, such as machine tending, palletizing, quality inspection, packaging and assembly, to their needs as operations evolve.

From standalone workstations to connected production environments, Universal Robots helps companies automate with confidence across industries including automotive, metal fabrication, electronics and more. 

Universal Robots is part of Teradyne Robotics, a division of Teradyne, Inc. (NASDAQ: TER).",Automation Machinery Manufacturing,"1,001-5,000 employees",Public Company,"Suresnes, Île-de-France, France",France,universal-robots.com,https://www.linkedin.com/company/universal-robots
KEYENCE CORPORATION,"KEYENCE is a worldwide leader in the development and manufacturing of factory automation equipment ranging from automation sensors, measuring instruments, vision systems, laser markers and digital microscopes. Our innovative products meet customer requirements in every manufacturing and research industry. 

In our fiscal year 2025, KEYENCE sales reached 7.3 billion US dollars while efficiently operating with around 12,000 employees in 46 countries across the world.  KEYENCE sales have grown at an average annual rate of over 10% for the past 25 years, has been ranked within the top 100 of Forbes’s list of “The World’s Most Innovative Companies” for 8 years in a row, and has been named one of Boston Consulting Group’s “Top 50 Value Creators” for 9 years in a row.

At KEYENCE, we pride ourselves on providing a wide variety of manufacturers the world's best automation technologies. KEYENCE notably offers a full range of services provided by technically trained sales engineers such as application problem solving, technical sales support, and a quick response time to any customer request.",Automation Machinery Manufacturing,"10,001+ employees",Public Company,"Paris, Île-de-France, France",France,keyence.com,https://www.linkedin.com/company/keyence
ifm,"First a passion, then an idea transformed into success – when it comes to pioneering automation and digitalisation technology, the ifm group is the ideal partner. Since its foundation in 1969, ifm has developed, produced and sold sensors, controllers, software and systems for industrial automation and for SAP-based solutions for supply chain management and shop floor integration worldwide. As one of the pioneers of Industry 4.0, ifm develops and implements consistent solutions to digitalise the entire value chain “from sensor to ERP”. Today, the second-generation family-run ifm group has more than 9,000 employees and is one of the worldwide market leaders. The group combines the internationality and innovative strength of a growing group of companies with the flexibility and close customer contact of a medium-sized company.",Automation Machinery Manufacturing,"5,001-10,000 employees",Privately Held,"Noisy-le-Grand, Île-de-France, France",France,ifm.com,https://www.linkedin.com/company/ifm
Phoenix Contact,"Phoenix Contact is an independent, global market leader with headquarters in Blomberg, Germany. More than 20,000 enthusiastic people around the world develop, produce, and sell our creative solutions in connection technology, electronics, and automation.

The ""Phoenix terminals"" and ""Phoenix connectors"" are known worldwide. We see our work as a contribution to designing a smart world. A global network in more than 100 countries guarantees the important proximity to our customers.

Our innovative products and solutions are characterized by high quality. Users in many industrial fields – electric-mobility, mechanical engineering, wind energy, solar energy, building automation, cyber security, automotive – trust Phoenix Contact products.
Here you will find important information and news about Industry 4.0 (Smart Factory, Internet of Things), building management, e-mobility, energy transfer and many other areas in which you will find Phoenix Contact products. The success of the company is primarily based on our employees’ performance.
Become part of the team and shape the future with us. Find the right opportunity in our job offer and pursue your career at Phoenix Contact.",Automation Machinery Manufacturing,"10,001+ employees",Privately Held,"Émerainville, Île-de-France, France",France,phoe.co,https://www.linkedin.com/company/phoenix-contact
FANUC Europe,"FANUC Europe Corporation, headquartered in Echternach, Luxembourg, is the European branch of FANUC Corporation, a global leader in industrial automation. With over 1,500 employees across more than 25 countries, FANUC Europe offers CNC systems, industrial robots, and factory automation solutions tailored to industries such as automotive, aerospace, electronics, and healthcare.

Its key subsidiaries include FANUC Germany, FANUC France, FANUC UK, FANUC Italy, FANUC Iberia, FANUC Poland, FANUC Czech, FANUC Switzerland, FANUC Austria, FANUC Nordic, FANUC Romania, FANUC Adria, FANUC Bulgaria, FANUC Slovakia and FANUC Hungary, ensuring local service, support, and training.

Globally, FANUC is headquartered in Oshino, Japan, operates in over 100 countries, employs 8,000+ people, and has installed more than 9 million CNCs and 1 million robots. Known for reliability, innovation, and precision, FANUC supports digital transformation and Industry 4.0 across manufacturing worldwide.",Automation Machinery Manufacturing,"1,001-5,000 employees",Public Company,"Lisses, Île-de-France, France",France,fanuc.eu,https://www.linkedin.com/company/fanuc-europe
Comau,"Comau is a worldwide leader in delivering advanced automation solutions. The company designs and develops products and systems that help customers improve productivity, flexibility, and competitiveness across a wide range of industries – all while keeping sustainable production at the forefront. Comau also offers project management, consultancy services and, through its Academy, innovative training.  The company’s technology portfolio includes products and solutions for vehicle manufacturing, with strong competencies in batteries and e-Mobility, as well as cutting-edge robotics and digital solutions for a variety of sectors such as logistics, distribution and fulfillment, renewable energies and storage, shipyards, aerospace, heavy industry, food & beverage, pharma and more. Together with fully owned companies Automha and Invent, Comau’s end-to-end automation and intralogistics capabilities span manufacturing, storage, distribution, and material flow optimization. Automha specializes in intelligent, high-performance automated storage and retrieval systems, while Invent provides advanced picking and sorting technologies, material handling systems, and warehouse control software. Together, these complementary capabilities help optimize logistics operations and enhance distribution performance.  
Comau is headquartered in Turin, Italy, Automha in Bergamo, Italy, and Invent in São Paulo, Brazil. The combined global footprint spans 9 innovation centers and 15 production facilities across 12 countries, supported by more than 4,000 employees worldwide.

www.comau.com | www.automha.com | www.invent-corp.com",Automation Machinery Manufacturing,"1,001-5,000 employees",Privately Held,"Castres, Occitanie, France",France,comau.com,https://www.linkedin.com/company/comau
TOMRA,"TOMRA was founded on an innovation in 1972 that began with the design, manufacturing and sale of reverse vending machines (RVMs) for automated collection of used beverage containers. Today TOMRA provides technology-led solutions that enable the circular economy with advanced collection and sorting systems that optimize resource recovery and minimize waste in the food, recycling and mining industries.",Automation Machinery Manufacturing,"5,001-10,000 employees",Public Company,"Paris, Île-de-France, France",France,tomra.com,https://www.linkedin.com/company/tomra
Actemium,"Actemium delivers bespoke solutions and services to clients across 40 countries. Its multi-disciplinary network combines the expertise of 400 local business units with a global approach to create value throughout the entire industrial life cycle.

The Actemium’s 24,400 experts share with their clients the strong conviction that industry is key to building a sustainable world and strive to make a positive contribution to global performance.",Automation Machinery Manufacturing,"10,001+ employees",Privately Held,"Nanterre, Île-de-France, France",France,actemium.com,https://www.linkedin.com/company/actemium
STÄUBLI,"Stäubli is a global industrial and mechatronic solution provider with four dedicated divisions: Electrical Connectors, Fluid Connectors, Robotics and Textile. 

Stäubli currently operates in 28 countries, with agents in 50 countries on four continents. Its global workforce of 6,000 shares a commitment to partnering with customers in nearly every industry to provide comprehensive solutions with long-term support. 

Originally founded in 1892 as a small workshop in Horgen/Zurich, Switzerland, today Stäubli is an international group headquartered in Pfäffikon, Switzerland.",Automation Machinery Manufacturing,"5,001-10,000 employees",Privately Held,"Faverges-Seythenex, Auvergne-Rhône-Alpes, France",France,staubli.com,https://www.linkedin.com/company/staubli
BEUMER Group,"The BEUMER Group is an international leader in the manufacture of intralogistics systems for conveying, loading, palletising, packaging, sortation, and distribution. With more than 6000 employees worldwide, the BEUMER Group generates an annual order intake of around EUR 1,39 billion.

The BEUMER Group and its group companies and sales agencies provide their customers with high-quality system solutions and an extensive customer support network around the globe and across a wide range of industries, including bulk materials and piece goods, food/non-food, construction, mail order, post, and airport baggage handling.

Long-term success instead of short-term profits
To achieve long-term success, a company needs sustainable development and reliable partnerships. This requires trust and solid core values.

Responsibility for products ...
These values guide us in our efforts to continually and sustainably improve our products, processes, and organisation. Our pursuit of quality leadership leads to outstanding performance in our work, processes, products, services, and in the quality of our customers' results.

... and the environment
For us, sustainability means a balance between environmental sensitivity, economic success, and social responsibility. Energyefficient, environmentally friendly, and safe production and product design are just as important as avoiding accidents and health risks.

We achieve this through:
•	Energy-efficient product design
•	Future-oriented technologies
•	Prevention of environmental pollution, accidents, and health risks
•	Ongoing product optimisation and employee training
•	Commitment that goes above and beyond legal requirements

Legal notice: https://www.beumergroup.com/en/legal-notice
YouTube: https://www.youtube.com/user/BeumerGroup
Facebook: https://www.facebook.com/BeumerGroup
Instagram: https://www.instagram.com/beumergroup.careers",Automation Machinery Manufacturing,"5,001-10,000 employees",Privately Held,"Bron, Auvergne-Rhône-Alpes, France",France,beumergroup.com,https://www.linkedin.com/company/beumer-group-
Kardex,"Kardex is a leading global partner for intralogistics solutions in an attractive and growing market. 

The Group offers premium automated products, standardized systems, and life cycle services that guarantee high availability and low total cost of ownership. Kardex provides an intelligent entry into automation with its dynamic storage and retrieval systems, offers integrated material handling systems, small parts storage systems, and automated high-bay warehouses, and acts as a global AutoStoreTM partner, offering flexible and modular storage and order fulfillment solutions. 

The Group employs around 2,900 people in over 30 countries. Kardex Holding AG has been listed on the SIX Swiss Exchange since 1989.",Automation Machinery Manufacturing,"1,001-5,000 employees",Public Company,"Neuilly-Plaisance, Île-de-France, France",France,kardex.com,https://www.linkedin.com/company/kardex
IMI Industrial Automation,"We create solutions for our customers that enable smarter, safer, more productive, and sustainable factories, production lines, and warehouse operations. With four trusted product brands—IMI Norgren, IMI Bimba, IMI Bahr, and IMI Buschjost—we deliver a world-class portfolio of motion and fluid control solutions. Each brand brings unique expertise and technologies, ensuring you have access to the right solution for your needs.

For over a century, we have partnered with customers in Industrial Automation, applying our experience and innovation to create lasting value for their businesses. Our solutions support critical industries such as automotive, food and beverage, pharmaceuticals, and even the space industry, enabling the automation of precision manufacturing, product assembly, testing, and packaging.

Our pneumatic, electric motion, and fluid control systems help machine builders and end users around the world automate and optimise manufacturing and warehousing processes.

 - IMI Norgren specialises in precision pneumatic motion control, offering actuators, air preparation equipment, and valve islands to enhance safety, productivity, and uptime.
 - IMI Bimba delivers pneumatic, hydraulic, electric, and vacuum solutions, providing reliable, customisable platforms for diverse applications.
 - IMI Bahr designs modular positioning systems, including electric cylinders and linear axes, for high-precision and reliable performance.
 - IMI Buschjost provides solenoid and process valves for managing water, air, steam, and aggressive media with safety and reliability.",Automation Machinery Manufacturing,"5,001-10,000 employees",Public Company,"Collégien, Île-de-France, France",France,norgren.com,https://www.linkedin.com/company/norgren
Markem-Imaje,"Markem-Imaje, a wholly owned subsidiary of Dover Corporation, connects products and protects brands through intelligent identification, traceability and consumer engagement solutions. We offer the industry’s most comprehensive range of marking and coding systems seamlessly integrated with trusted software, services and consumables. Over 50,000 customers worldwide partner with us to help them unlock the power of information in codes. 

With decades of proven hardware and software expertise provided through the most extensive global network, we deliver sustainable solutions that add value at every stage of the product journey. Our commitment to continuous customer-driven innovation empowers our customers with cutting-edge technology, actionable data and real-time business intelligence to build connected and safe supply chains.

We support our customers to optimize supply chain efficiencies, achieve sustainability and compliance objectives, keep products safe and engage their consumers. This is intelligence, beyond the mark.",Automation Machinery Manufacturing,"1,001-5,000 employees",Public Company,"Bourg-lès-Valence, Auvergne-Rhône-Alpes, France",France,markem-imaje.com,https://www.linkedin.com/company/markem-imaje
Leuze,"More than 60 years of experience have made Leuze a real expert in innovative and efficient sensor and safety solutions for automation technology. Today there are more than 1300 Sensor People around the world who are working with curiosity, passion and determination for progress and transformation. Their motivation is the continued success of their customers in an ever-changing industry. Leuze offers its customers a tailored competitive advantage through intuitive, reliable solutions for safe and non-safe position detection. For example, switching and measuring sensors, identification systems, solutions for data transmission and image processing. As a safety expert, the family company also focuses on components, services and solutions for occupational safety. Thanks to their broad and in-depth application expertise in the machine and system construction, the Sensor People are a competent and flexible partner for customers with a wide range of industrial requirements.

Imprint: https://www.leuze.com/en-int/general/imprint",Automation Machinery Manufacturing,"1,001-5,000 employees",Public Company,"Jossigny, Île-de-France, France",France,leuze.com,https://www.linkedin.com/company/leuze
E80 Group,"Our Group was created with the aim of strengthening its presence on the international market and promoting innovation for an increasingly sustainable growth.
Specialized in the development of automated and integrated intralogistics solutions for manufacturers and distributors of consumer goods operating in the beverage, food, tissue and other sectors, in 1992 the company anticipated the concept of Industry 4.0: the Smart Factory, sustainable, interconnected and safe. Our main systems include a wide range of laser guided vehicles, palletizing robots, robotic stretch wrappers, pallet inspection systems, robotic labelers, high-density automated warehouses, storage and picking solutions.
The entire logistics flow is centrally supervised by the SM.I.LE80 software platform (Smart Integrated Logistics), that ensures the efficient integration of the systems, guaranteeing the optimal management of all operations, from the entry of raw materials to storage and shipping.
As of today, we completed more than 450 integrated plants in various parts of the world and installed over 2.800 robotic systems, 9.000 LGVs/AGVs and more than 50 automated high-density warehouses. Every day, our systems manage products worth over handle more than €  1.5 billion worldwide.
Our Group, based in Viano, Italy, is present in Australia, Brazil, Chile, the United Arab Emirates, France, Germany, Japan, Mexico, Spain, Sweden, the United Kingdom, Poland, Russia, Thailand and the USA with the aim of being close to its customers.
To this end, it offers 24/7 remote and on-site consulting and after-sales services ensuring businesses the highest levels of digitalization, reliability and reduced margin of error. Our Group fundamental assets are the result of the expertise gained in more than 45 years of history and the sharing of hardware and software competences: enhancement of people, investments in R&D, in addition to a deep technological knowledge and an important adaptability to market needs.",Automation Machinery Manufacturing,"1,001-5,000 employees",Privately Held,"Lyon, Auvergne-Rhône-Alpes, France",France,e80group.com,https://www.linkedin.com/company/e80group
Pilz,"Pilz is a global supplier of products, systems and services for automation technology. As a pioneer of safe automation, Pilz creates safety for human, machine and environment. Founded in 1948, today the family business with its head office in Ostfildern is represented worldwide with 2500 employees in 42 subsidiaries and branches.

The technology leader offers complete automation solutions for Safety and Industrial Security on the machine. These include sensor, control and drive technology – as well as systems for industrial communication, diagnostics and visualisation. An international range of services with consulting, engineering and training completes the portfolio. Pilz solutions are used in many industries beyond mechanical engineering, such as intralogistics, packaging, railway technology, or the robotics sector for example.",Automation Machinery Manufacturing,"1,001-5,000 employees",Privately Held,"Schiltigheim, Grand Est, France",France,pilz.com,https://www.linkedin.com/company/pilz
TGW Logistics,"TGW Logistics is a foundation-owned company headquartered in Austria and a global leader in warehouse automation and warehouse logistics. As a trusted systems integrator with more than 50 years of experience, we deliver end-to-end services: designing, implementing, and maintaining fulfillment centers powered by mechatronics, robotics, and advanced software solutions.

With over 4,600 employees spanning Europe, Asia incl. India, and North America, we combine expertise, innovation, and a customer-centric dedication to help keep your business growing. With TGW Logistics, it's possible to transform your warehouse logistics into a competitive advantage.",Automation Machinery Manufacturing,"1,001-5,000 employees",Privately Held,"Blagnac, Occitanie, France",France,tgw-group.com,https://www.linkedin.com/company/tgw-group
Interroll Group,"The Interroll Group is the world's leading provider of material handling solutions. The company was founded in 1959 and has been listed on the SIX Swiss Exchange since 1997. Interroll supplies system integrators and equipment manufacturers with a comprehensive range of platform-based products and services in the categories ""Rollers"" (conveyor rollers), ""Drives"" (motors and drives for conveyor systems), ""Conveyors & Sorters"" (conveyors & sorters) and ""Pallet Handling"" (pallet conveying and storage). Interroll solutions are used in express and postal services, e-commerce, airports, food & beverage, fashion, automotive and other industries. The company counts leading brands such as Amazon, Bosch, Coca-Cola, DHL, Nestlé, Procter & Gamble, Siemens, Walmart and Zalando among its users. Headquartered in Switzerland, Interroll has a global network of 36 companies with sales of CHF 527.1 million and around 2,300 employees (average number of employees in 2024).",Automation Machinery Manufacturing,"1,001-5,000 employees",Public Company,"Mouilleron-le-Captif, Pays de la Loire, France",France,interroll.com,https://www.linkedin.com/company/interroll
wenglor sensoric group,"The wenglor sensoric group is an innovative, family-owned technology company specializing in smart sensor, machine vision and software solutions for industrial automation. Our patented products and system solutions are trusted across a wide range of industries worldwide, making production processes safer, more efficient and more intelligent.

Founded in 1983 by Dieter Baur in Tettnang, Germany, wenglor has grown into a global technology leader under the management of his sons, Fabian and Rafael Baur. Continuous innovation, award-winning products and a values-driven corporate culture have established wenglor as a reliable partner for customers around the world and an attractive employer.

The factories of tomorrow are becoming increasingly intelligent – with advanced sensor, machine vision, software and AI solutions at their core. Our portfolio includes sensors based on nearly 200 operating principles, powerful machine vision technologies, software solutions such as uniVision 3 and weHub, and the cloud-based AI Lab. Together, they form a seamless ecosystem for industrial automation, enabling smart machines and driving the future of Industry 4.0.

Impressum: https://www.wenglor.com/s/Impressum 
DSGVO: https://www.wenglor.com/s/Datenschutz",Automation Machinery Manufacturing,"1,001-5,000 employees",Privately Held,"Guyancourt, Île-de-France, France",France,wenglor.com,https://www.linkedin.com/company/wenglor-sensoric
Inovance,"At Inovance, we believe technology should increase productivity while supporting a more sustainable future for people and the planet.

Founded in China in 2003, We has spent more than 20 years helping manufacturers improve productivity, efficiency, and sustainability through advanced automation and digitalization solutions.

Our portfolio spans four key business areas:
 Industrial Automation & Digitalization
 Intelligent Robots
 NEV Powertrain Systems
 Digital Energy Solutions

Today, Inovance serves customers worldwide with over 30,000 employees and a global network of offices and service centers across 30+ countries and regions.",Automation Machinery Manufacturing,"10,001+ employees",Public Company,"Bordeaux, Nouvelle-Aquitaine, France",France,inovance.com,https://www.linkedin.com/company/inovance
Inovance Automation,"At Inovance, we believe technology should increase productivity while supporting a more sustainable future for people and the planet.

Founded in China in 2003, We has spent more than 20 years helping manufacturers improve productivity, efficiency, and sustainability through advanced automation and digitalization solutions.

Our portfolio spans four key business areas:
 Industrial Automation & Digitalization
 Intelligent Robots
 NEV Powertrain Systems
 Digital Energy Solutions

Today, Inovance serves customers worldwide with over 30,000 employees and a global network of offices and service centers across 30+ countries and regions.",Automation Machinery Manufacturing,"10,001+ employees",Public Company,"Bordeaux, Nouvelle-Aquitaine, France",France,inovance.com,https://www.linkedin.com/company/inovance-automation
Habasit,"Founded in 1946 in Reinach/Basel, Switzerland, Habasit's aim was to revolutionize the power transmission and conveyor industries by introducing the world's first fully synthetic belt.  Our success is rooted in our commitment to quality, innovation and technology. As the world’s leading manufacturer of conveyor, plastic modular, seamless, power transmission belts, chains, timing belts, fabrication tools and gearmotors, Habasit offers a full range of belting products, belt joining tools and gearmotors in order to provide the optimal solution for every application. Habasit works with a select group of distributors as well a several local offices to provide the local service and stock that you require.


Primary markets we serve:
Business machines, Food, Tobacco, Material Handling, Packaging, Paper, Printing, Postal, Textile, Wood, Automotive",Automation Machinery Manufacturing,"1,001-5,000 employees",Privately Held,"Mulhouse, Grand Est, France",France,habasit.com,https://www.linkedin.com/company/habasit
Balluff EMEA,"We are your partner for industrial automation – from sensor to system. 

We help you make processes more efficient, transparent and future-proof. With a strong focus on practical solutions, we turn data into real value – improving performance, reducing complexity and delivering measurable results.

With over 100 years of experience as a family-owned company and more than 60 years in sensor technology, we combine proven expertise with continuous innovation. Today, we support customers worldwide with sensors, identification and image processing solutions, network technology as well as software for modern automation and IIoT environments.

Our strength lies not only in our products, but in how we work with our customers:
from consulting and application engineering to system integration and long-term support – always close, always solution-oriented.

Wherever you are, we are close by – with a global network and a clear focus on quality, reliability and partnership.

We stand for:
 Proven technology built on decades of experience
 Practical innovation that creates real impact
 Strong application expertise and hands-on support
 Consistent quality across all solutions
 Reliable performance in demanding environments
 Close collaboration with our customers

 Explore our Blog: https://www.innovating-automation.blog/
 Legal Information: https://www.balluff.com/en-de/legal-documents/imprint",Automation Machinery Manufacturing,"1,001-5,000 employees",Privately Held,"Croissy-Beaubourg, Île-de-France, France",France,balluff.com,https://www.linkedin.com/company/balluff-emea
Murrelektronik,"Murrelektronik is a global leader in decentralized electrical installation and automation technology. Simplifying industrial automation with smart, seamless, and cost-effective solutions is deeply ingrained in our DNA. For over 50 years, we’ve driven innovation—helping manufacturers eliminate control cabinets by efficiently connecting signals, data, and power from the cloud to the production floor. Trusted by companies across many industries worldwide, Murrelektronik delivers cutting-edge solutions designed to streamline automation processes. Headquartered in Oppenweiler, Germany, we are a family-owned company with a global team of 3,000 experts across more than 50 countries. Our strategically located production and logistics facilities ensure that we’re always close to our customers, ready to solve complex challenges with speed and intelligence. From connectors and I/O systems to power supplies, network technology, and our modular, cabinet-free automation solution, Vario-X, Murrelektronik offers a comprehensive portfolio built on internationally recognized standards. Our plug-and-play approach extends beyond hardware—we also provide holistic digital services that simplify installation, commissioning, and maintenance.

Learn more at www.murrelektronik.com  

Imprint: https://www.murrelektronik.com/imprint/

Privacy Policy: https://www.murrelektronik.com/privacy-policy/",Automation Machinery Manufacturing,"1,001-5,000 employees",Privately Held,"Richwiller, Grand Est, France",France,murrelektronik.com,https://www.linkedin.com/company/murrelektronik
Gefran,"We are an Italian multinational company specialized in designing and manufacturing sensors, systems and components for automation and control of industrial processes.

Gefran has been listed on the Italian Stock Exchange since 1998.",Automation Machinery Manufacturing,"501-1,000 employees",Public Company,"Saint-Priest, Auvergne-Rhône-Alpes, France",France,gefran.com,https://www.linkedin.com/company/gefran
Rollon Group,"Rollon: Motion Technology for All Types of Automation.

Founded in 1975, for over 45 years Rollon has specialized in the production and development of linear motion systems. Since 2018, Rollon has been a part of The Timken Company, representing the linear motion unit within the Industrial Motion division of Timken. Rollon’s solutions are globally adopted in industrial automation, aerospace, medical equipment, material handling, and other sectors where product performance, efficiency and reliability are essential. With the acquisition by The Timken Company of Nadella, Chiavette Unificate, Durbal, Shuton-Ipiranga, and Rosa Sistemi, Rollon is now able to offer its customers an even more comprehensive product range – from linear rails, telescopic rails, and actuators to ball screws, and rod ends.",Automation Machinery Manufacturing,"501-1,000 employees",Privately Held,"Limonest, Auvergne-Rhône-Alpes, France",France,rollon.com,https://www.linkedin.com/company/rollonspa
Alstef Group,"Alstef Group designs integrates and supports automated turnkey solutions for the airport, intralogistics, and parcel markets.

Our mission: to create intelligent solutions that not only meet the needs of its customers but also provide them with the long-term benefits of a tailor-made automated system that is eco-designed, efficient, scalable, and innovative. 

Our business: 
We provide worldwide airports with comprehensive and innovative baggage handling solutions. 
We also offer complete internal logistics flow management solutions for distribution centers and production sites. 

Alstef Group in figures :
- 220 M€ of turnover
- 1000 employees around the globe
- 26% of employees are Group shareholders",Automation Machinery Manufacturing,"1,001-5,000 employees",Privately Held,"Boigny-sur-Bionne, Centre-Val de Loire, France",France,alstefgroup.com,https://www.linkedin.com/company/alstefgroup
BALYO,"Balyo is a global leader in driverless warehouse solutions for manufacturing and warehousing. With a focus on safety and high-bay storage, our solutions help clients boost productivity while avoiding expensive infrastructure changes.

Operating in more than 30 countries, Balyo has deployed over 2000+ robots and maintains a global presence with its headquarters in Paris and subsidiaries in the U.S. and Singapore. 

In late 2025, Softbank acquired BALYO, making it part of the Softbank Group intralogistics ecosystem",Automation Machinery Manufacturing,201-500 employees,Privately Held,"Arcueil, Île-de-France, France",France,balyo.com,https://www.linkedin.com/company/balyo
TURCK,"Your progress is our demand: As pioneers of the Industrial Internet of Things (IIoT) we offer you application-specific automation solutions. We support you in mastering your technological challenges. ""Your Global Automation Partner"" is not only our claim - take our word for granted and let us write the future of automation together!

TURCK is your global partner for factory, process and logistics automation in numerous industries. With our digitally networkable solutions for efficient automation systems, we are one of the pioneers of Industry 4.0 and IIoT. As a specialist in smart sensor technology and decentralized automation, TURCK brings intelligence to machines and ensures reliable detection, transmission and processing of relevant production data – from sensor to cloud – not only with robust I/O solutions in IP67, but also with user-friendly software and services.

Automation solutions from TURCK increase the availability and efficiency of machines and plants in numerous industries and applications, from the food, pharmaceutical or chemical industry to the automotive industry and mobile machinery to intralogistics and packaging. More than 4,650 employees worldwide develop, produce and sell products and solutions from the areas of sensor, fieldbus, control, cloud, connection and interface technology as well as HMI and RFID. Our worldwide production and sales network includes more than 30 subsidiaries as well as agencies in another 60 countries.

Our Legal Notice:
https://www.turck.de/legal-notice

Our Privacy Statement:
https://www.turck.de/privacy-statement

Our Terms of Use:  
On LinkedIn we apply the same terms of use as on our official Facebook page: https://www.facebook.com/pg/TurckDE/about",Automation Machinery Manufacturing,"1,001-5,000 employees",Public Company,"Magny-le-Hongre, Île-de-France, France",France,turck.com,https://www.linkedin.com/company/turck
Lead Intelligent Equipment,"Wuxi Lead Intelligent Equipment Co., Ltd. (LEAD), founded in 2002 and listed on the ChiNext Board of the Shenzhen Stock Exchange in 2015 (Stock Code: 300450.SZ), and listed on the Hong Kong Stock Exchange in 2026 (Stock Code: 0470.HK), forming an A+H dual-capital platform, is a global leader of new energy intelligent manufacturing solutions. LEAD’s core business spans lithium-ion battery equipment, solid-state battery equipment, photovoltaic (PV) equipment, 3C automation, intelligent logistics, automotive production lines, and hydrogen energy systems. 

With 1.8 million square meters of R&D and manufacturing facilities worldwide, LEAD invests over 10% of its annual revenue into research and development. The company employs more than 5,000 R&D professionals and holds over 3,600 authorized patents. It consistently ranks No. 1 in market share across multiple segments of the new energy equipment sector. LEAD operates 19 overseas subsidiaries and branches, with a service network covering over 60 global locations. Its products are exported to more than 25 countries and regions—including the United States, Germany, France, Japan, South Korea, and Sweden—and it maintains a workforce across 16 countries.",Automation Machinery Manufacturing,"10,001+ employees",Public Company,"Paris, Île-de-France, France",France,leadintelligent.com,https://www.linkedin.com/company/lead-intelligent-equipment
"Aquestia - A.R.I., DOROT, OCV","Aquestia brings together A.R.I., Dorot and OCV – three strong brands with an unparalleled offering of advanced hydraulic solutions for optimal management of liquid conveyance systems.",Automation Machinery Manufacturing,"501-1,000 employees",Public Company,"Meyzieu, Auvergne-Rhône-Alpes, France",France,aquestia.com,https://www.linkedin.com/company/aquestia
Emerson | Flexim,"Flexim is now part of Emerson. As a leader in the field of clamp-on ultrasonic flow measurement, Flexim offers the ideal flow meter solutions - even for the most demanding challenges.  

Whether it is liquids or gases, extreme temperatures, high pressures and highly variable flow rates in thick walled pipes, our range of FLUXUS permanent and portable flowmeters are the measurement system of choice.

Highly accurate, reliable and rugged, Flexim’s clamp-on ultrasonic flow meters easily withstand the roughest and most hazardous applications – ranging from the Chemical Industry to the Oil and Gas Sector, where the FLUXUS flow meter also stands its place Offshore.

With more than 30 years of engineering experience, Flexim also offers you solutions for a real time concentration analysis with laboratory accuracy. Depending on the individual application, PIOX analyses the process by ultrasound or optically by measuring the refractive index.

Every generation of Flexim flow meters and process analysers is directly driven by customer and industry needs and our focus and dedication is directed towards providing the highest quality equipment with the best support and service possible.",Automation Machinery Manufacturing,201-500 employees,Privately Held,"Strasbourg, Grand Est, France",France,emerson.com,https://www.linkedin.com/company/flexim-gmbh
Actemium France,"Acteur majeur de la transformation industrielle, Actemium est la marque de VINCI Energies dédiée à l'industrie. Présents tout au long du cycle de vie industriel, les experts Actemium conçoivent, réalisent et maintiennent les équipements de production de leurs clients, avec l’objectif d’optimiser leur #performance industrielle. Actemium place l’innovation au cœur de son développement et se positionne comme l’un des acteurs clés de l’industrie 5.0.

Segmentées par process industriel, les entreprises Actemium bénéficient d’expertises pointues en conduite de procédés, en génies électrique, mécanique et thermique. Un savoir-faire qui leur permet d’intervenir sur des segments de marché variés, tels que l’agroalimentaire, la chimie, la pharmacie...

Les 400 entreprises Actemium se différencient sur le marché par leur ancrage sur le terrain. Cette proximité leur permet de développer une connaissance pointue des problématiques locales auxquelles sont confrontés les industriels et d’apporter pour chacun des solutions sur mesure, adaptées à leurs besoins.
Chaque entreprise Actemium embrasse et incarne à la fois les fondamentaux du réseau - sécurité des hommes, esprit d’équipe, respect de l’environnement, innovation - et les valeurs du groupe VINCI Energies qui sont la confiance, l’entrepreneuriat, la solidarité, la responsabilité et l’autonomie. 

Actemium est un réseau fort de 25 000 professionnels, répartis dans 40 pays à travers le monde et enregistre désormais un chiffre d’affaires de plus de 4 milliards d’euros.",Automation Machinery Manufacturing,"10,001+ employees",Public Company,"Nanterre, Île-de-France, France",France,actemium.fr,https://www.linkedin.com/company/actemium-france
Komax,"Komax is a globally active technology group specializing in automation solutions for selected processes. With its innovative and high-quality solutions for the wire processing industry, Komax helps its customers implement economical and safe manufacturing processes, especially in the automotive supply sector.

Komax offers a comprehensive range of automated, intelligent processing solutions for all wire processing applications. Standardized and customer-specific systems are supplemented by an extensive range of quality assurance modules, testing devices, and networking solutions for the reliable and efficient production of wire harnesses. Moreover, a sophisticated service offering supports customers around the world after their systems have been commissioned, thereby ensuring high availability and low impairment for their investment.

We are always looking for motivated new employees. See all our job openings under: http://www.komaxgroup.com/en/Careers/Working-at-Komax/",Automation Machinery Manufacturing,"1,001-5,000 employees",Public Company,"Toulouse, Occitanie, France",France,komaxgroup.com,https://www.linkedin.com/company/komax
Clemessy,"Within the Energy Systems branch of the Eiffage Group, Clemessy designs, improves, installs and maintains systems and equipment in electrical engineering and mechanical engineering, in numerous business sectors: industry, energy, tertiary and transport infrastructure.

- € 816 million turnover in 2018, including 20% internationally
- Nearly 5,000 employees
- More than 500 hires on permanent contracts in 2017

With more than 100 locations in France and around the world, Clemessy accompanies you as close as possible to your industrial installations.",Automation Machinery Manufacturing,"1,001-5,000 employees",Privately Held,"Mulhouse, Grand Est, France",France,clemessy.com,https://www.linkedin.com/company/clemessy
Fives Intralogistics,"WHAT WE DO
From system design to start up and beyond, Fives provides and integrates world-class solutions for sorting, warehousing, order picking, material handling and advanced logistics automation.  
For over 60 years, Fives has been developing innovative products and technologies:
•Sorters
•Singulators
•AMRs (Autonomous Mobile Robots)
•Conveyors
•AS/RS (storage and retrieval systems)
•Robotic handling solutions
•Palletizing and depalletizing robots

At the heart of “industry 4.0” plants and warehouses, Fives’ management and control software optimize logistics flows. Digital services offer 360° monitoring for predictive maintenance and personalized, real-time customer support. 

 OUR INDUSTRIES 
•Postal & courier
•Retail
•e-commerce
•Distribution
•Manufacturing
•Airports

 OUR MARKETS 
•Europe
•Asia
•MENA (Middle East North Africa)
•Central & South America
If you are in North America, Canada or Mexico, you can follow Fives Intralogistics Corp LinkedIn page.

 OUR EMPLOYEES
Fives is a Group of women and men who are passionate about their work, proud of being pioneers and building the industry of the future together. With creativity and determination, our experts work together to develop turnkey projects that meet our customers’ requirements.
An inclusive and international group, we are committed to the well-being of our employees, offering multiple opportunities for development and mobility in many areas.
Working in a pleasing and challenging environment, you will succeed in reaching your career goals and professional development.

OUR COMMITMENT
Fives continues to innovate to provide digital and automated solutions that improve competitiveness, operators' working conditions and environmental protection, thus illustrating the Group's ambition to promote a more efficient and sustainable industry. 

OUR KEY FIGURES
•Over 1,400 employees worldwide
•6 decades of innovation
•Over 2,000 installations worldwide

YouTube channel: Fives",Automation Machinery Manufacturing,"1,001-5,000 employees",Privately Held,"Paris, Île-de-France, France",France,fivesgroup.com,https://www.linkedin.com/company/fives-intralogistics
STEMMER IMAGING,"STEMMER IMAGING is the leading global enabler in machine vision

Manufacturer-independent and backed by a broad portfolio of machine vision components, we combine deep technical expertise with extensive application knowledge. Our services range from technical support to tailored solutions - creating a clear competitive advantage for our customers.


Our Approach
Access best-in-class cameras, optics, illumination, 3D sensors, embedded systems, and software from the world's leading manufacturers – supported by specialists who ensure you select the optimal combination for your application.

Our Services
Beyond component supply, we provide:

- Operational Services – professional assembly, configuration, and calibration that deliver production-ready components
- Engineering Services – technical consultation, feasibility testing, and system design expertise
- Special Solutions & Applications – collaborative development of customised machine vision solutions


Global Presence with offices in Europe, the US, Brazil, Mexico.

STEMMER IMAGING AG
Friedenheimer Brücke 16
80639 Munich
Germany
Phone:+49 89 80902-0
de.info@stemmer-imaging.com

Management: Christopher Speight
Chairman of the Supervisory Board: John Stewart

Register Court: Munich HR B 237247
VAT: DE 128 245 559


STEMMER IMAGING USA
44 W Jefryn Boulevard, Suite Y, Deer Park
New York 11729
United States

+1 631 254-2600
info@stemmer-imagingusa.com

www.stemmer-imagingusa.com

#EmbeddedVision #ModularEmbedded #IndustrialAutomation #LeadingVision #StemmerImaging #InPicker #MachineVision #CVB #SmartManufacturing #QualityControl #Automation #SystemsHouse #EngineeringServices #GlobalSupport #FactoryAutomation #LogisticsAutomation #PackagingAutomation #SemiconductorInspection #Enabler #LeadingVision",Automation Machinery Manufacturing,201-500 employees,Public Company,"Puteaux, Île-de-France, France",France,stemmer-imaging.com,https://www.linkedin.com/company/stemmer-imaging
SEW USOCOME,"Filiale française du  groupe allemand SEW-EURODRIVE.
Concepteur de solutions d’entraînement et d’automatisme.",Automation Machinery Manufacturing,"1,001-5,000 employees",Privately Held,"Haguenau, Grand Est, France",France,usocome.com,https://www.linkedin.com/company/sew-usocome
BizLink Factory Automation & Machinery,"BizLink Factory Automation & Machinery belongs to BizLink Group: https://www.linkedin.com/company/bizlink-technology-inc-/. 

With innovative solutions for intelligent energy and data management in automated production processes, BizLink has been a preferred supplier to numerous automotive, factory automation, and machinery customers worldwide for years.

At our international competence centers, BizLink leads the development and manufacturing of bus cables, industrial Ethernet, and motion control cables. We also offer comprehensive cable systems and services. Our product range is further enhanced by connector development and production, along with the provision of assembled drag chains. As an active member of various associations and user organizations, BizLink stays at the forefront of industry activities, actively contributing to the advancement of industrial communication.

In addition, BizLink provides robotic cables and assemblies, hoses and tubes, cable management systems, integration-ready robots, robot programming, and automation systems training - instructor-led or online. In response to the growing trend of digitalization, BizLink also offers integrated and intelligent sensor-based measurement solutions.

Moreover, BizLink develops customized special cables and assemblies, as well as complex cable systems. Whether it involves meeting specific requirements for mechanical durability, resistance to radiation and media, electrical transmission properties, or compliance with industry standards and norms, BizLink meets the demanding needs of various industrial applications.

BizLink has demonstrated its industrial expertise to machine builders, line and plant operators, as well as robot and measuring device manufacturers around the world. Whether your organization is a global OEM or a tier supplier, BizLink is ready to help you solve your most challenging industrial design and equipment needs.
Imprint: https://factory-automation-machinery.bizlinktech.com/imprint",Automation Machinery Manufacturing,"10,001+ employees",Public Company,"Gellainville, Centre-Val de Loire, France",France,bizlinktech.com,https://www.linkedin.com/company/bizlink-factory-automation-machinery
SCOTT,"Scott delivers smart automation and robotic solutions that transform industries by making businesses safer, more productive, and more efficient. Our diverse capability makes us the first choice for hundreds of the world’s leading brands. 

With design and build operations across Australasia, China, Europe and America, and over 100 years of engineering excellence, we are the global experts in automation. With a proven reputation for engineering excellence and quality, we solve complex problems with smart products and solutions that strengthen customer operations and help future-proof their success. With a focus on five key industries; meat processing, mining laboratory automation, appliance manufacturing, materials handling and logistics.

If you are looking to improve your competitive advantage, reduce production costs, improve product quality and address workplace health and safety concerns then talk to one of our Solution Engineers today.

Stay updated:
www.scottautomation.com
youtube.com/c/ScottAutomationRobotics
twitter.com/scottautomation
facebook.com/scottautomation",Automation Machinery Manufacturing,"501-1,000 employees",Public Company,"Ploemeur, Brittany, France",France,scottautomation.com,https://www.linkedin.com/company/scottautomation
Eurotherm,"Eurotherm is a leading global supplier of machine automation products, applications, systems, and services for customers in specialist industries. We solve our customers' problems with pioneering products, bespoke systems, industry, and regulatory expertise across a broad spectrum of vertical markets. Eurotherm has more than 50 years’ experience, supported by engineering services designed to enable customers to achieve process excellence across plant-wide assets.",Automation Machinery Manufacturing,"1,001-5,000 employees",Public Company,"Dardilly, Auvergne-Rhône-Alpes, France",France,eurotherm.com,https://www.linkedin.com/company/eurotherm
BFT Automation,"BFT Automation is a leading manufacturer and distributor of automation technology with a reputation for providing the best customer service and technical support in the industry. BFT is recognised for products that are robust, reliable and of the highest quality.

BFT has been in the automation industry for over 40 years and stocks a wide range of automation products. We are widely known for our gate automation products but we also manufacture an extensive range of traffic barriers and automatic bollards, meaning we have the solution for almost any industrial, commercial or residential site.",Automation Machinery Manufacturing,"5,001-10,000 employees",Privately Held,"Cluses, Auvergne-Rhône-Alpes, France",France,bft-automation.com,https://www.linkedin.com/company/bftautomation
ifm electronic France,"ifm electronic est un groupe international allemand spécialisé dans la détection industrielle. Mesurer, commander, piloter – Depuis la création de la société en 1969, ifm electronic gmbh a optimisé régulièrement les processus techniques dans presque toutes les industries.

Plus de 5 200 collaborateurs dans plus de 70 pays développent et vendent des solutions pour environ 100 000 clients dans la construction mécanique et l'industrie. 

La gamme des produits
L'une des forces d'ifm est d’avoir une large gamme de produits, qui offre – outre les solutions standard – des solutions pour les exigences spécifiques des secteurs industriels. L'histoire de la société familiale a tout de suite débuté par un succès, en 1969, avec l'invention des détecteurs de proximité inductifs basés sur la technologie du film souple. La marque "" efector "" est aujourd'hui synonyme de détecteurs de position ou de capteurs pour les fluides, de reconnaissance d'objets, de systèmes de diagnostic et d'identification. La marque "" ecomat "" correspond aux systèmes de communication et de contrôlecommande. 

Qualité "" Made in Germany ""
Avec un siège social à Essen et un site de développement et de production à Tettnang, ifm - une société familiale depuis deux générations - affirme son attachement à l'Allemagne, dans le domaine industriel. Made in Germany – 80 % des 7 844 produits ifm sont fabriqués ici. Plus de 600 collaborateurs en recherche et développement ainsi qu'une collaboration étroite avec des instituts de recherche, des universités et des jeunes entreprises ont donné lieu à plus de 600 brevets et environ 440 brevets / dépôts de brevets actifs ainsi que des solutions innovantes pour les besoins de demain. Cette démarche garantit une qualité constante et une grande innovation pour toute la gamme de produits.",Automation Machinery Manufacturing,51-200 employees,Privately Held,"Châteaubriant, Pays de la Loire, France",France,ifm.com,https://www.linkedin.com/company/ifm-electronic-frankreich
MVTec Software,"MVTec Software GmbH is a leading international manufacturer of software for machine vision. MVTec products are used in a wide range of industries, such as semiconductor and electronics manufacturing, battery production, agriculture and food, as well as logistics. They enable applications like surface inspection, optical quality control, robot guidance, identification, measurement, classification, and more. Software by MVTec facilitates new automation solutions for the Industrial Internet of Things by providing modern technologies like 3D vision, deep learning, and embedded vision. With its headquarters in Munich (Germany), locations 7 locations worldwide, as well as an established network of international sales partners, MVTec is represented in more than 35 countries worldwide.
	
Products: MVTec is the developer and vendor of the standard machine vision software products HALCON and MERLIC as well as the Deep Learning Tool. 

MVTec HALCON is optimized for the needs of OEMs and system integrators and allows engineers to set up their own solutions for a specific machine vision task.

MVTec MERLIC is a powerful no-code machine vision software that enables users to quickly build complete solutions intuitively and without programming.

The MVTec Deep Learning Tool is a comprehensive software tool for preparing image data and supporting data-driven workflows for the deployment of deep-learning-based machine vision applications.

Solutions: Furthermore, MVTec builds customized software solutions for machine vision – from consultancy, studies, and prototypes up to integrated products. Software solutions can be based on standard PC or embedded hardware (e.g., Arm-based systems). Moreover, MVTec’s team has an excellent background in processing images of different kinds, including 3D, infrared, hyperspectral, and X-ray images.

Imprint: https://www.mvtec.com/imprint
Privacy policy: https://www.mvtec.com/privacy-policy",Automation Machinery Manufacturing,201-500 employees,Privately Held,"Lyon, Auvergne-Rhône-Alpes, France",France,mvtec.com,https://www.linkedin.com/company/mvtec-software-gmbh
Güdel Group,"The Güdel Group is a manufacturer of high-precision machine components and provider of sophisticated automation solutions. Its spectrum of products ranges from linear guideways, racks, pinions and drives right through to linear axes and gantry robots. Güdel assembles its products into systems with a high degree of control intelligence and complete plant installations, which can be used in the automotive, tire, metal, rail, intra-logistics, pharmaceutical,
renewable energy, wood and aerospace industries. Güdel’s technology is characterized by its innovation, quality and modularity. The Güdel Group has a workforce of approximately 1,200 employees worldwide in over 30 locations. The Group has been owned by the same family since its foundation more than 70 years ago. The Güdel Group has its headquarters in Switzerland.",Automation Machinery Manufacturing,"1,001-5,000 employees",Public Company,"Mulhouse, Grand Est, France",France,gudel.com,https://www.linkedin.com/company/gudelgroup
Pizzato Elettrica,"Pizzato Elettrica has been operating worldwide for more than 40 years in the field of automation and industrial safety, as well as in the sector of lift devices. The company is family-run and has about 300 employees working in the plants of Marostica, in the northeast of Italy.
The Pizzato Elettrica product range includes:
- position switches
- safety devices
- safety modules
- signalling and control devices for human-machine interface
- foot switches
- lift devices

Pizzato Elettrica offers complete and innovative solutions that grant the safety of machinery, environments and operators.
Today the company is able to produce more than 12 million versions of items that are sold in more than 80 countries. 
The solutions by Pizzato Elettrica are adopted in a wide range of sectors, including:
- packaging
- wood
- plastic
- metals
- food
- pharmaceutical
- automotive
- railway
- lift industries
and many more.

The passion for product quality and the orientation towards excellence, innovation, and continuous development represent the key principles of Pizzato Elettrica's everyday work. 
All Pizzato Elettrica’s products are entirely designed, tested and developed in the company's plants in Marostica. The company is thus able to meet specific requests from its customers at any time, by offering a full range of products and technologically advanced solutions.
Customers using Pizzato Elettrica's products are sure they choose certified quality devices, the result of a scrupulously controlled process at every step of the chain.",Automation Machinery Manufacturing,201-500 employees,Privately Held,"Aix-en-Provence, Provence-Alpes-Côte d'Azur, France",France,pizzato.com,https://www.linkedin.com/company/pizzato-elettrica-s.r.l.
OPEX Corporation,"OPEX Corporation is more than a manufacturer of machines.  We continuously reimagine technology to power the future for our customers. 

With an innovative approach, we engineer unique automated solutions that support our customers so they can solve the most pressing business challenges for both today and tomorrow. Our scalable warehouse, document, and mail automation solutions improve workflow, accelerate change, and drive efficiencies in infrastructure. 

We are a family-owned and operated organization with more than 1,500 committed employees who innovate, manufacture, install, and service products that are helping transform industry every day. We listen to our customers, respect each other, and work together to help reimagine the future through automated solutions.

At OPEX, we are Next Generation Automation.",Automation Machinery Manufacturing,"1,001-5,000 employees",Privately Held,"Villebon-sur-Yvette, Île-de-France, France",France,opex.com,https://www.linkedin.com/company/opex-corporation
Premier Tech Systems and Automation,"Making a difference, this is what we are all about at Premier Tech. One team driven by a shared passion to deliver solutions that will better the lives of people, businesses and communities. At Premier Tech, People and Technologies connect in lasting, transformative ways, giving life to products and services that help feed, protect and improve our world. We are committed to creating sustainable solutions that help improve the efficiency of manufacturing facilities. 

We create solutions for the 
Nutrition industry

We offer equipment to help automate bagging and packaging operations for producers of food products such as flour, cereals, beverages, meat, and dairy foods. Our line can be equipped with net weigh scales, baggers, case packers, robotic and conventional palletizers, stretch wrappers, and stretch hooders.

We create solutions for the
Agriculture industry

We design equipment, such as net weigh scales, baggers, palletizers and stretch wrappers, to help automate bag packaging lines for specific seeds and crops. What’s more, with our unique knowledge of seeds and grains quality issues, we can also design facilities and processing and conditioning lines.

We create solutions for the
Organic industry

We develop equipment to help automate flexible packaging lines for organic materials such as bark, peat moss, compost, and mulch. We also provide peat moss fields and conditioning equipment such as harrows, vacuum harvesters, mixing lines, screening systems, and balers.

We create solutions for the
Industrial sector

We build equipment to help automate bagging and packaging operations for specific industrial products such as chemicals, insulation, and minerals. Our lines can be equipped with weighing and feeding systems, bag fillers, balers, valve packers, palletizer, case packers, stretch wrappers, and stretch hooders.

Discover how we make a difference in automation",Automation Machinery Manufacturing,"1,001-5,000 employees",Privately Held,"Grand-Fougeray, Brittany, France",France,ptchronos.com,https://www.linkedin.com/company/premier-tech-systems-automation
AGILOX,"AGILOX is a technology leader for Autonomous Mobile Robots (AMRs)  for transportation processes in warehouse and production logistics. With over 1,600 AMRs in the field and a global customer base that includes Siemens, BMW, Bosch, and Daimler, AGILOX is one of the leading providers for small and large fleets of driverless transport systems. 

 Uninterrupted supply of goods
 Safe robot-human traffic
 Plug & Perform
  The World's Easiest AMR Solutions

Headquartered in Neukirchen bei Lambach, Austria, AGILOX has offices in Europe, the USA, France, Germany and China and employs over 250 staff worldwide.",Automation Machinery Manufacturing,201-500 employees,Public Company,"Paris, Île-de-France, France",France,agilox.net,https://www.linkedin.com/company/agilox
Festo France,"Festo E.U.R.L. est la filiale française du groupe allemand AG & Co. KG. Nous proposons des systèmes de contrôle et de commande pour process industriels automatisés.

Nos domaines de compétences couvrent : la pneumatique, l'électro-pneumatique, l'électrique, l'électronique, la mécatronique, les techniques de manipulation et de positionnement. 
Notre offre s'étend aussi aux services associés : sous-ensembles prêts-à-installer, gestion de l'énergie, formation.

Nous sommes leaders en France et à l'échelle international, reconnus pour la qualité de notre matériel et l'étendu de notre gamme, notre leadership technologique et la qualité de notre service. Depuis 1994, Festo E.U.R.L. est certifié ISO 9002, et depuis 2005, ISO 9001.",Automation Machinery Manufacturing,51-200 employees,Privately Held,"Bry-sur-Marne, Île-de-France, France",France,festo.com,https://www.linkedin.com/company/festo-france
SensoPart,"Detect the Difference with SensoPart! We are a leading German manufacturer specializing in cutting-edge photoelectric sensors and image processing for factory automation. Our innovative solutions pave the way to the digital factory of tomorrow by enhancing precision, efficiency, and reliability across various industries. 
 
 At SensoPart, we provide a range of innovative products and services designed to meet the demands of modern factory automation. Our photoelectric sensors offer precise detection across various applications, while our advanced vision sensors enable sophisticated machine vision. Additionally, our dedicated technical support team is always ready to assist with any questions, challenges, or issues, ensuring seamless operations for our customers.
 
We prioritize innovation by heavily investing in research and development, collaborating with top universities and research institutes to stay ahead of the curve.
 
 Sustainability is a core value at SensoPart, where we prioritize lean production to achieve maximum efficiency with minimal waste. We are committed to using resources and energy in an eco-friendly, sustainable manner, ensuring that our operations have a positive impact on both our customers and the environment.
 
 Our mission is to share valuable insights that help shape the future of automation. Stay connected with us to explore industry trends, discover the latest product innovations, and gain expert tips and tutorials. You’ll also get an inside look into our corporate culture. 
 
Together, let’s create the future of automation and see how our technologies can elevate your automation processes to new heights.",Automation Machinery Manufacturing,201-500 employees,Privately Held,"Genay, Auvergne-Rhône-Alpes, France",France,sensopart.com,https://www.linkedin.com/company/sensopart
Sepro Group,"Founded in 1973, SEPRO was one of the first companies in the world to develop Cartesian CNC robots for injection molding machines. 
Today, SEPRO is the leading independent manufacturer of Cartesian robots in Europe for automating injection molding machines, No. 1 in the European and North American markets and No. 2 worldwide. 

Based in La Roche sur Yon (France), the company is present in 50 countries around the world with a network of 11 subsidiaries or direct offices and is represented by a network of 40 exclusive distributors. 
Sepro employs 650 people of 24 different nationalities, 80 of which in their foreign subsidiaries. 
Sepro works with the big names in the automotive, multimedia and packaging industries and has equipped more than 40,000 injection molding machines worldwide.


-	Sepro equips all kinds of injection molding machines, new or existing machines of all sizes and all brands.
-	3-axis robots, 5-axis robots and 6-axis robots controlled by the same VISUAL control system.
-	Automation: insert placing, IML, overmolding, complex stacking applications
-	Service: Spare parts, maintenance and training.",Automation Machinery Manufacturing,"501-1,000 employees",Partnership,"La Roche-sur-Yon, Pays de la Loire, France",France,sepro-group.com,https://www.linkedin.com/company/seprogroup
Krause Automation,"Krause Automation is a leading engineering partner for industrial automation, with more than 75 years of experience in delivering complex production systems for global industries.
Previously operating as thyssenkrupp Automation Engineering, part of thyssenkrupp Automotive Technology, the company has a long-standing track record in engineering, planning, and implementing highly sophisticated manufacturing solutions.
Following its acquisition by the Agile Robots Group, Krause Automation continues its journey with a clear focus on combining proven industrial expertise with advanced AI-driven technologies.
Together, we are shaping the next generation of physical AI in industrial production, enabling smarter, more flexible, and more efficient manufacturing systems.
From early concept and planning to full-scale implementation, Krause Automation delivers differentiated, end-to-end solutions for customers across key industries worldwide.",Automation Machinery Manufacturing,"501-1,000 employees",Public Company,"Ensisheim, Grand Est, France",France,krause-automation.com,https://www.linkedin.com/company/krause-automation
Electroimpact,"Electroimpact is a highly experienced provider of factory automation and tooling solutions. Our forte is the integration of automation and tooling into synergistic production solutions. We have a full-time staff of hands-on design engineers which is second to none in the industry. This allows for us to have an attention to detail which our competitors simply don't have the depth of talent to match, and also enables us to resolve issues very quickly for our customers as they arise. Furthermore we are situated on a campus which includes two very large high-bay construction and buyoff facilities featuring cranes with up to 32 metric ton lifting capacity, as well as several smaller buildings. This allows us the flexibility of taking-on multiple very large projects at one time.",Automation Machinery Manufacturing,201-500 employees,Privately Held,"Colomiers, Occitanie, France",France,electroimpact.com,https://www.linkedin.com/company/electroimpact
GEBHARDT Intralogistics Group,"GEBHARDT Intralogistics Group is your partner for innovative material handling technology - from planning to implementation. GEBHARDT offers the optimal solution by internal material flow technology.

Imprint: https://www.gebhardt-foerdertechnik.de/en/rechtliches/legal-notice-gtc/",Automation Machinery Manufacturing,"1,001-5,000 employees",Public Company,"Paris, Île-de-France, France",France,gebhardt-group.com,https://www.linkedin.com/company/gebhardt-group
RONDO,"RONDO – Shaping the Future of Bakery Production

At RONDO, we blend dough with technology to deliver high-performance solutions for the bakery industry. Our mission? To empower our customers to set new benchmarks in product quality, operational efficiency, and sustainable production.

 Expertise Rooted in Tradition and Innovation
Since 1948, RONDO has been at the forefront of mechanical engineering for the bakery sector. Our deep baking expertise, combined with continuous industry insights, enables us to deliver machines and processes that are precise, reliable, and built to last.

 A Global Brand with a Local Mindset
We work side by side with our customers, adapting to regional needs while anticipating global trends in bakery. Our installations and services are designed with flexibility and proximity in mind — because every bakery deserves tailored support.

 Driven by Innovation, Built for the Future
Innovation is part of our DNA. At RONDO, engineering excellence meets visionary thinking. We don’t just build bakery lines — we build forward-looking solutions that help businesses grow sustainably and stay competitive in a dynamic market.

 Let’s create your next bakery success together.
Looking to optimize your bakery production or innovate your product lineup?
Get in touch with our team today — we're here to help you rise.",Automation Machinery Manufacturing,201-500 employees,Public Company,"Wasselonne, Grand Est, France",France,rondo-online.com,https://www.linkedin.com/company/rondo-online
Beijer Electronics,"At Beijer Electronics, we help you drive digital transformation through our open software and hardware solutions. We empower you to boost machine performance and gain actionable insights, on any device, in any environment. Delivering a user experience that strengthens and elevates your brand. Together, we unlock your machines’ potential.

Beijer Electronics was founded in 1981 with headquarters in Malmo, southern Sweden. Over the last four decades, the company has expanded internationally and is represented in Europe, Asia, and the Americas. Beijer Electronics maintains a long-term local presence through proprietary local offices with own sales and support resources while carefully selecting value-added distributors (VAD) worldwide. Maintaining a long-term local presence is a crucial part of our growth strategy and part of our customer-oriented approach.

Beijer Electronics is an Ependion company. Ependion (formerly Beijer Group) is listed on the NASDAQ OMX Nordic Stockholm MidCap list under the ticker EPEN.
www.ependion.com",Automation Machinery Manufacturing,"501-1,000 employees",Public Company,"Champlan, Île-de-France, France",France,beijerelectronics.com,https://www.linkedin.com/company/beijer-electronics
SAUTER,"SAUTER is the world's leading solution provider for building automation technology in ""Green Buildings"", ensuring good climate conditions and well-being in living spaces with a future. As a specialist, SAUTER develops, produces and sells products and systems for energy-efficient overall solutions and ensures the energy-optimized operation of buildings with comprehensive services. Our products, solutions and services enable high energy efficiency throughout the entire building life cycle. This extends from planning through implementation to operation in office and administration buildings, research and educational facilities, hospitals, industrial and laboratory buildings, airports, leisure facilities, hotels and data centers. With over 100 years of experience and proven technological competence, SAUTER is a proven system integrator that guarantees continuous innovation and Swiss quality. SAUTER provides both users and operators with an overview of energy flows and consumption, and thus also of cost trends. Today, we regard buildings as complex living spaces that should be carefully integrated into nature and in harmony with it: - Systems - Components - Service - Facility management",Automation Machinery Manufacturing,"1,001-5,000 employees",Privately Held,"Mulhouse, Grand Est, France",France,sauter-controls.com,https://www.linkedin.com/company/sauter
Logisnext Europe,"Logisnext Europe is part of Logisnext Company Limited, a leading global provider of innovative logistics and material handling solutions.

We offer an extensive portfolio of material handling equipment, services and logistic solutions to keep providing our customers with solutions that embrace the complete lifetime of our products.

Our company follows a multi-channel and multi-brand strategy with subsidiaries in 9 countries and an extensive network of carefully selected independent dealers in Europe, Africa, Middle East and CIS.  

We offer five different brand propositions with their own strengths: Mitsubishi Forklift Trucks, Cat Lift Trucks, TCM, L'M and Rocla. 

Logisnext Europe was formed in 2020, by integrating two major materials handling groups – Mitsubishi Caterpillar Forklift Europe (MCFE) and UniCarriers Europe (UCE). Today, we are around 1,950 employees in an international, multicultural organisation headquartered in the Netherlands with factories in Finland and Spain, a European Design Centre and direct and indirect sales networks.

We are part of the worldwide Logisnext group, headquartered in Japan.",Automation Machinery Manufacturing,"1,001-5,000 employees",Public Company,"Saint-Ouen-l'Aumône, Île-de-France, France",France,logisnext.eu,https://www.linkedin.com/company/logisnext-europe
Portalp,"Depuis  bientôt 60 ans PORTALP conçoit et développe des automatismes d'ouverture. Que de chemin parcouru depuis les premiers opérateurs hydrauliques jusqu'aux portes automatiques intelligentes et de haute-technologie que l'on connaît aujourd'hui.
La société, basée au cœur des Alpes (Isère-France) est aujourd'hui le premier fabricant leader sur son marché. Portalp rayonne au delà de ses frontières depuis 1998 et son réseau commercial couvre désormais de nombreux pays en Europe et dans le monde.",Automation Machinery Manufacturing,"1,001-5,000 employees",Privately Held,"Domont, Île-de-France, France",France,portalp.com,https://www.linkedin.com/company/portalp
Westermo Network Technologies,"Westermo delivers secure and reliable data communication solutions for the world’s most demanding environments. For over 50 years, we have empowered industries to connect, monitor, and protect critical operations where failure is not an option. With a strong focus on innovation, cybersecurity, and sustainability, we provide industrial networking and edge computing solutions, combining hardware, software, and deep expertise to keep your infrastructure running.

Headquartered in Sweden, Westermo operates globally, with offices across Europe, North America, Asia-Pacific, and Australia, supported by an extensive network of partners in key markets worldwide.

Our solutions are trusted across industries such as transport, energy, water and utilities, defence, and industrial automation.",Automation Machinery Manufacturing,"501-1,000 employees",Public Company,"Champlan, Île-de-France, France",France,westermo.com,https://www.linkedin.com/company/westermo
IPTE,"IPTE is a worldwide leader in automation solutions for the production and testing of electronics. We empower businesses with efficient, reliable and customized solutions, enabling them to enhance productivity, reduce costs and maintain the highest standards of quality.

With our extensive range of single standardized products to fully customized turnkey line solutions, we meet the needs of large internationals in the automotive industry, consumer electronics and EMS.",Automation Machinery Manufacturing,"501-1,000 employees",Privately Held,"Carlepont, Hauts-de-France, France",France,ipte.com,https://www.linkedin.com/company/ipte
Hoogendoorn Growth Management,"Hoogendoorn Growth Management is one of the world’s leading innovators in horticultural automation, with over 55 years of experience and operations in more than 100 countries. We develop industry-standard systems like IIVO and iSii, combining cutting-edge technology with strong customer support and training. With IIVO’s Intelligent Algorithms, we help growers worldwide take steps toward autonomous growing by optimizing greenhouse conditions in real time based on plant needs, weather forecasts and the principles of Plant Empowerment.",Automation Machinery Manufacturing,51-200 employees,Public Company,"Châteaurenard, Provence-Alpes-Côte d'Azur, France",France,hoogendoorn.com,https://www.linkedin.com/company/hoogendoorn-growth-management
Stanley Robotics,"Stanley Robotics provides end-to end solutions for outdoor vehicle logistics that combines hardware and software and service. 

The technology lies in a robot lifting and moving cars autonomously and in an intelligent storage management software. Robotics has transformed indoor logistics (e.g., in warehouses), resulting in a spectacular increase of productivity.

Stanley Robotics brings this transformation to outdoor logistics worlwide with their proprietary technologies.

Founded in 2015, the company is headquartered in Paris, France, and is also behind the world’s first outdoor robotic valet parking service.",Automation Machinery Manufacturing,51-200 employees,Privately Held,"Paris, Île-de-France, France",France,stanley-robotics.com,https://www.linkedin.com/company/stanley-robotics
Motofil,"Motofil was founded in 1981 and, since then, has established itself as a leader in the supply of high-end industrial machinery and engineering solutions. As a family-owned group, Motofil specializes in the development of integrated, automated, and robotized solutions, focusing on the creation of innovative production processes that significantly increase the productive capacity of its clients, with exceptional adaptability.

Our success is based on research, development, and the continuous improvement of our products, with the aim of offering solutions for production processes that increasingly require the integration of automated and robotized applications. With a high degree of adaptability, we strive to maximize our clients’ production and profitability.

At Motofil, we believe that the true driver of our success is our human capital. We are committed to promoting an exceptional work environment, with ongoing training, opportunities for professional growth, and a constant focus on the development of our employees’ skills.

Our social responsibility positively impacts more than 350 families worldwide. With a qualified and motivated team, Motofil is prepared to reach new heights and deliver excellence to its clients.

Driven by the excellence of our products and the trust of our clients, we have achieved sustainable global growth, with subsidiaries in Spain, Brazil, Mexico, and France. Our international presence ensures faster response times and personalized support. Supported by global strategic alliances, Motofil provides high-quality solutions, tailored to each market, that increase client productivity and drive long-term success.",Automation Machinery Manufacturing,201-500 employees,Privately Held,"Andrézieux-Bouthéon, Auvergne-Rhône-Alpes, France",France,motofil.com,https://www.linkedin.com/company/motofil
Polysoude S.A.S,"POLYSOUDE designs, manufactures and markets all kinds of equipment using arc welding processes:
- Orbital welding: tube to tube and tube to tubesheet in every size and wall thickness
- Automated welding: TIG Hot or Cold Wire – Plasma
- Weld overlay / cladding: TIG or TIGer Hot or Cold Wire
- Associated services

Results are high quality, value-added, innovative and technically proven solutions, in response to the demands of market-leading global companies from various industries such as:
•   Energy production (power stations)
•   Gas and oil industry (on and offshore)
•   Nuclear industry (fuel, waste, etc.)
•   Boiler construction
•   Chemical industry
•   Heat exchanger
•   Food and beverage industries
•   Aeronautics and aerospace engines
•   Pharmaceutical industry
•   Microelectronics (chip production)

POLYSOUDE has been in business for 50 years, during which time we have expanded our operations throughout the world. With 85% of our business based internationally, from our head office in Nantes, France, POLYSOUDE has developed a network of over fifty local partners. This is in addition to our own 13 subsidiaries, which provide a combination of sales and services.

We have built up a relationship with our customers based on trust. Our strength lies in our collaborative approach, backed up by specialists working in synergy and adopting a “Zero Risk / Zero Defects” approach in dealing with customers. The company is always at the cutting edge of R&D. Our experts’ combination of experience and innovation has led to them being acknowledged as trailblazers in the field.",Automation Machinery Manufacturing,201-500 employees,Privately Held,"Nantes, Pays de la Loire, France",France,polysoude.com,https://www.linkedin.com/company/polysoude
KEB Automation,"KEB Automation - we stand for individual, powerful and high-quality products and solutions, with the complete development environment for Industrial PCs, embedded controllers, drive electronics, motors, gearboxes, brakes and clutches.

Our customers work globally, for example in the plastics machinery, recycling, woodworking, logistics, and textile machinery industries. We have special products and processes in the automotive, electromobility and wind energy sectors as well.

In 1972, namesake Karl-Ernst Brinkmann founded the company in Barntrup (East Westphalia) with six employees. As a family business we rely on ""Made in Germany"" and our home region. This includes local networking with schools and colleges. With nine subsidiaries and representatives in more than 30 countries, KEB Automation designs solutions for mechanical and plant engineering - following our guideline ""Automation with Drive"".

+++ Your start +++
As an employer, we offer exciting and challenging tasks in our national and international branches and production facilities, from development through manufacturing to industry-oriented applications. Become a part of KEB Automation and contribute to the technological and economic future.

Imprint: https://www.keb-automation.com/imprint",Automation Machinery Manufacturing,"1,001-5,000 employees",Privately Held,"La Queue-en-Brie, Île-de-France, France",France,keb-automation.com,https://www.linkedin.com/company/keb-automation
Fastems,"Fastems is the leading supplier of CNC automation solutions for variable batch production, also known as high-mix, low-volume manufacturing. We’re an open integrator with over 40 years and 4000 installations of experience with 90+ machine tool brands.

Fastems typically automates 3-5 axis milling machines, turning and turn-mill machines, grinding machines and more. Our MMS control connects to various data systems and is praised for its production planning and resource management features that enable you to take control of your production.

Fastems integrates and automates measuring, washing, marking, finishing and various other devices or processes to be part of our intelligent CNC automation systems.  We also offer deburring and robotic finishing cells (RFC) and robotic systems for automated part loading to/from pallets (ALD). Solutions for cutting tool automation including pre-setters are also included.

What if your production would only do the right things, at the right time – all the time?",Automation Machinery Manufacturing,"501-1,000 employees",Privately Held,"Lyon, Auvergne-Rhône-Alpes, France",France,fastems.com,https://www.linkedin.com/company/fastems
Valk Welding,"Valk Welding is Europe's leading integrator of turnkey welding robot systems. We deliver all-in-one solutions for high-mix, low-volume production in the metalworking industry.

With 65 years of experience we combine technical depth with personal involvement. With our software solutions, Automatic Robot Programming (ARP) and Robot Welding as a Service (RWAAS), we make welding automation accessible to businesses of all sizes.
Follow this page for customer case studies, product news and insights from the world of welding automation.

The strong connection",Automation Machinery Manufacturing,201-500 employees,Privately Held,"Lacroix-Saint-Ouen, Hauts-de-France, France",France,valkwelding.com,https://www.linkedin.com/company/valk-welding
Loma Systems,"Established in 1969 in the UK, LOMA SYSTEMS designs, manufactures and supports Check & Detect inspection equipment used to identify contaminants and product defects within the food, packaging and pharmaceutical industries, principally offering Metal Detectors, Checkweighers and X-Ray Inspection systems.

With the addition of the LOCK Inspection, Cintex and Brapenta brands and products, LOMA’s reputation is based on consistent quality and advanced technology, the result of continuous and far-reaching research and development programmes.

Short lead times, modular design and excellent availability of spare parts, coupled with our passion for customer service, allows our customers to:
- Comply with, and exceed, product safety standards, weight legislation and retailer codes of practice
- Maximize production uptime
- Be self-sufficient
- Lower lifetime costs

We are part of Illinois Tool Works (ITW), a global Fortune 250 diversified industrial manufacturer of value added consumables and speciality equipment with related service businesses. Operating under the core philosophies of 80/20 business processes, customer-back innovation and a decentralized entrepreneurial culture, ITW’s seven industry-leading segments leverage the ITW business model to generate solid growth with best-in-class margins and returns in markets where highly innovative, customer-focused solutions are required. These divisions serve customers and markets around the globe, with significant presence in developed and emerging markets.",Automation Machinery Manufacturing,"501-1,000 employees",Public Company,"Nantes, Pays de la Loire, France",France,loma.com,https://www.linkedin.com/company/loma-systems
Groeneveld-BEKA,"Reducing customers’ operational costs and at the same time increasing uptime, productivity, efficiency and safety of their vehicles and machines. That is what it’s all about at Groeneveld-BEKA. We accomplish this by developing, producing, supplying and servicing industry-leading automatic lubrication systems, fluid control systems and lubricants.

Groeneveld-BEKA, part of The Timken Company, is the world’s second-largest producer of automatic lubrication systems. Groeneveld-BEKA products improve equipment lifetime and reliability while reducing the total cost of ownership. 

Groeneveld-BEKA was formed through the merger of two well-established companies: Groeneveld and BEKA. Groeneveld was founded in 1971 and acquired by Timken in 2017. BEKA was founded in 1927 and acquired by Timken in late 2019. Groeneveld has also incorporated Interlube into its brand. Interlube was acquired by Timken in 2013.",Automation Machinery Manufacturing,"1,001-5,000 employees",Privately Held,"Vaulx-Milieu, Auvergne-Rhône-Alpes, France",France,groeneveld-beka.com,https://www.linkedin.com/company/groeneveld-beka
INDEFF,"INDEFF is an experienced Industrial Automation and Manufacturing Execution Systems expert. We boast more almost 20 years of experience as an Endorsed AVEVA System Integrator and have successfully completed more than 1000 projects all over the world. 

How does INDEFF innovate? We prepare companies for Industry 4.0 by creating smart factories. As a proud AVEVA partner, we take full advantage of the possibilities of the Industrial Internet of Things and set up fully connected supply chains for maximum efficiency.  

INDEFF has operating companies in Europe, Middle East, Southeast Asia, and North America to support our global customers.",Automation Machinery Manufacturing,51-200 employees,Privately Held,"Marcq-en-Baroeul, Hauts-de-France, France",France,indeff.com,https://www.linkedin.com/company/indeff
JUMO Headquarters,"JUMO is one of the the world's leading suppliers of measurement, control and automation solutions for industry. We offer automation components and systems for industries that plan, build, maintain and optimize machines. We also focus on automation challenges such as recording, monitoring, control and automation.

 MORE THAN SENSORS + AUTOMATION Our portfolio covers the full spectrum of products - from temperature and pressure sensors and humidity transmitters to multi-channel controllers and thermostats. This allows us to provide customers all over the world with dedicated measurement solutions for applications in many different industries.

We specialize in the following areas: 
 temperature measurement
 pressure measurement 
 level measurement
 flow measurement
 liquid analysis
 thyristor and SSR controllers
 control technology
 recording of process values
 control and visualization systems
 automation systems

 WHY SHOULD YOU TRUST US? JUMO made its market debut more than 70 years ago. In its early days, it concentrated on the production of industrial glass thermometers - today it provides complete measuring chains. Our experience and know-how enable us to meet our customers' expectations and needs at the highest level.

 JUMO IN NUMBERS: WHAT DO THE STATISTICS SAY ABOUT US? We present a set of data that create a portrait of our company.
 we have advanced laboratories and modern factories located on different continents
 we are present in 60 countries
 we have 25 subsidiaries
 we have over 2,400 employees worldwide

 We are focused on long-term growth and have concentrated on the high-tech sector and the industries of the future: environmental protection, electric cars and intelligent machine automation. 

Thanks for being with us!

Website: https://en.jumo.de/

Imprint: https://www.jumo.group/de/en/about-us/imprint

Data Privacy: https://www.jumo.group/de/en/about-us/privacynotice",Automation Machinery Manufacturing,"1,001-5,000 employees",Privately Held,"Metz, Grand Est, France",France,jumo.de,https://www.linkedin.com/company/jumo-headquarters
Bosch Rexroth France,"Créer le mouvement est dans notre ADN. Bosch Rexroth, division industrielle du groupe Bosch, est l’un des leaders des techniques de commande et d’entraînement en France. Fabricant de composants et de systèmes, Bosch Rexroth accompagne toutes les entreprises dans leurs défis industriels grâce à ses technologies de pointe. La force de Bosch Rexroth : simplifier la transformation des systèmes de production vers plus de productivité et d’efficacité énergétique. Implantée sur 2 sites (Vénissieux banlieue de Lyon et Serris banlieue parisienne), l’entreprise compte 507 collaborateurs en France en charge de la production, la R&D, l’activité commerciale et les services. 

Bosch Rexroth, des technologies pour développer l’industrie française :

Les solutions Rexroth, multi-technologiques et hybrides intègrent des services générateurs de valeur ajoutée pour vos machines, faisant de Rexroth votre partenaire pour l’usine du futur. WE MOVE. YOU WIN.

Imprint : https://www.boschrexroth.com/fr/fr/imprint/
Confidentialité : hhttps://www.boschrexroth.com/fr/fr/protection-des-donnees/

 Bosch Rexroth SAS 2014-2026, tous droits réservés",Automation Machinery Manufacturing,201-500 employees,Public Company,"Vénissieux, Auvergne-Rhône-Alpes, France",France,boschrexroth.fr,https://www.linkedin.com/company/bosch-rexroth-france
Skalar Analytical B.V.,"Skalar is a Dutch manufacturer of high quality automated analyzers for laboratory and process-industry.
The company was established in 1965 and has grown since then into a multinational organization with its own subsidiaries in most European countries, North America and India. Even there is a cooperation with about 80 representatives all over the world. 

The headquarter of Skalar is located in Breda which employs 125 people. The activities of the headquarter are research, development, assembly and provide support to the international sales and after sales network. The other Skalar-subsidiaries and representatives are mostly focused at sales, after-sales and providing support to the users of the Skalar-analyzers.

The most important product lines of Skalar are the Continuous Flow Analyzer , the Discrete Analyzer, the Total Organic Carbon  & Total Nitrogen Analyzer and the Robotic Analyzers. These analyzers are mostly used in environmental laboratories, water treatment institutes, plants for control of drinking and surface water, food industries, agriculture, waste disposal agencies etc.

Since 2023, Skalar has been part of the Skalar group: 
The Skalar Group is a laboratory automation platform that brings together four industry-leading companies: Skalar Analytical, PromoChrom Technologies, LCTech, and EST Analytical/TSHR. Together, they provide innovative solutions in chemical analysis, solid-phase extraction, and automation for environmental, agricultural, and food testing laboratories worldwide.",Automation Machinery Manufacturing,51-200 employees,Public Company,"Arcueil, Île-de-France, France",France,skalar.com,https://www.linkedin.com/company/skalar-analytical-bv
Micro-Epsilon,"Micro-Epsilon is an international company group headquartered in Lower Bavaria, playing a leading role in measurement technology. For more than 50 years we have continuously offered reliable, high performance, unique solutions particularly when high precision measurement or inspection is required. Our product range covers sensors for the measurement of distance and displacement, sensors for IR temperature measurement and color detection, as well as systems for dimensional measurement and defect detection.

Our focus industries include the manufacturing and production of batteries, semiconductors, industrial machines & systems. 

Innovative products that provide the very highest levels of precision are created through intensive, research and development processes, unique know-how and a large network of collaborative operations, which are essential for such high performance measurement systems.We understand that our customers are our business partners, which creates a win-win situation for both parties. Our products often provide customers with a genuine competitive advantage. However, this is only the case if the products are higher precision and so provide a clear, decisive competitive edge. With more precision.

Legal details : https://www.micro-epsilon.com/legal-details/
Privat Policy: https://www.micro-epsilon.com/data-privacy/",Automation Machinery Manufacturing,"1,001-5,000 employees",Privately Held,"St.-Germain-en-Laye, Île-de-France, France",France,micro-epsilon.com,https://www.linkedin.com/company/micro-epsilon
YASKAWA France,"YASKAWA - Your first choice for automation
We are a company of people pursuing their passion – driven by the vision of a smarter future with advanced technologies that save precious time and energy. For us, any given day is a new chance to make progress.

Our goal is to contribute to the evolution of society by improving the nature of its business, increasing the performance and productivity of our industry, and therefore our everyday lives. Naturally we promote renewable resources to ensure a healthy environment – for a sustainable planet for all of us.

Drives Motion Controls Activities
AC Drives, Servo Drives, Machine Controllers, PLCs and HMIs as well as customer-specific drive and control systems from Yaskawa have proven their value in the market for years. Our experience with flexible automation solutions and expertise in numerous industries and applications makes us a qualified partner for developing system solutions. Our wide-ranging product portfolio enables our customers to obtain everything from simple controller products to powerful systems from one single source.

Robotics Activities
We are one of the largest manufacturers of industrial robots and offer many application-based variants such as welding, palletizing, painting and handling robots. Our broad range also includes robots designed for laboratory and clean room applications as well as top quality, turnkey automated welding systems.",Automation Machinery Manufacturing,51-200 employees,Privately Held,"Le Bignon, Pays de la Loire, France",France,yaskawa.fr,https://www.linkedin.com/company/yaskawa-france
Nadella,"Proficiency in Heavy-Duty Engineering: Nadella's Expertise.  

Nadella's expertise in heavy-duty linear motion engineering is a valuable addition to the Rollon linear motion division. As a global leader in designing and producing, needle bearings, linear guideways and track rollers for demanding environments with heavy load requirements, Nadella has been a front-runner since its establishment in 1930. With over 90 years of experience across various industries, including marble and sheet metal, foundry machinery, manipulators, and automatic warehouses, Nadella is well-versed in addressing diverse engineering challenges. Their commitment to customization, engineering services, and high-value technical support through their in-house Technology Center will undoubtedly play a pivotal role within the Rollon by Timken ecosystem.",Automation Machinery Manufacturing,"501-1,000 employees",Privately Held,"Versailles, Île-de-France, France",France,nadella.com,https://www.linkedin.com/company/nadella
Nio Robotics,"We are Nio Robotics.

Physical AI for autonomous infrastructure operations
We design full-stack skilled robot operators.

Our polymorphic robot Aru is spearheading the journey.
Aru operates in constrained, tight or messy spaces: decoating, welding and more, on site, autonomously.

Skilled industrial work is still done by hand, in places built for no human.
Welders inside ship hulls. Crews in respirators around penstocks. Aru takes the skill into the confined steel and keeps the people out.",Automation Machinery Manufacturing,11-50 employees,Privately Held,"Toulouse, Occitanie, France",France,nio-robotics.com,https://www.linkedin.com/company/nio-robotics
Automatique & Industrie,"Intégrateur français, leader de solutions automatisées pour l’industrie, les infrastructures et les énergies, Automatique & Industrie (AI), accélère le développement de ses clients et les rapproche de leur vision de l’entreprise du futur. Intégration d'automatismes, SCADA, rénovation, smart data, IA, monitoring énergétique PV et autres énergies... Du conseil à la maintenance H24 en passant par la formation, de l’AMO à l'intégration en passant par des développements de solutions clés en main, AI vous accompagne sur tous les enjeux de vos projets.
Présente historiquement en Rhône-Alpes (Grenoble/Lyon) et Midi-Pyrénées, nous faisons entre 15 et 20% de notre chiffre d’affaires à l’export hors UE. AI est choisie par ses clients pour son originalité, la qualité de ses prestations et de ses relations humaines et elle est appréciée par ses collaborateurs pour l’ambiance et l’esprit d’équipe qui y règnent.
AI en 2025, c’est plus de 250 collaborateurs répartis sur 4 agences et un chiffre d’affaires dépassant les 25 millions d’euros.",Automation Machinery Manufacturing,201-500 employees,Privately Held,"Saint-Jean-de-Moirans, Auvergne-Rhône-Alpes, France",France,automatique-industrie.com,https://www.linkedin.com/company/automatique&industrie
DS AUTOMOTION GmbH,"DS AUTOMOTION GmbH, headquartered in Linz, is a leading global supplier of automated guided vehicles and autonomous mobile robotics. The company has specialized in the development and production of automation solutions for a wide variety of applications and industries since 1984. The experience gained from the development and production of over 8,000 customer-specific vehicles is incorporated into the development of the company's own products. Over 250 employees operate worldwide, which is reflected in an export quota of 97%.

#WhatWeDo: We automate recurring transport orders in all logistics sectors, our focus industries are: Automotive, Hospital & Healthcare, Intralogistics and Agriculture. 

#MadeInAustria: Our AGVs and AMRs are developed in Austria and appreciated worldwide. 

#DSProducts: The product portfolio is broad: our ""Born Driverless"" series vehicles LUCY, SALLY, OSCAR, ARNY, AMADEUS and CAREY cover common requirements and can be deployed quickly. And our Customized AGVs are developed especially on customer request. We will be happy to inform you which AGV suits you best! They all have one thing in common: they optimize your work orders and thus increase efficiency.

#DSKnowsHow: Our AGVs are one core competence, the other is the in-house programmed software of the fleet manager NAVIOS and the vehicle software ARCOS. (VDA5050 Ready)

#WhoWeAre: We offer our employees an exciting, visionary environment with international projects. We attach great importance to the further development of our FTF and our software, which is why our research & development department works on innovative solutions every day, thus shaping the future!

#CustomerCentricity: If you want to know how Industry 4.0 works in your operation or how you can develop a Smart Factory, our AGV experts will be happy to help. Simply contact us via email at info@ds-automotion.com.",Automation Machinery Manufacturing,201-500 employees,Public Company,"Six-Fours-les-Plages, Provence-Alpes-Côte d'Azur, France",France,ds-automotion.com,https://www.linkedin.com/company/ds-automotion-gmbh
Bianchi Industrial,"Bianchi Industrial, è una società del Gruppo Bianchi, fondato nel 1921, supera nel 2022 i 200 milioni di fatturato con una presenza in 5 Paesi dell’Europa Occidentale. È leader europeo nella distribuzione specializzata nei seguenti settori: cuscinetti a rotolamento e trasmissioni di potenza, movimento lineare ed automazione, sistemi di tenuta, pneumatica e lubrificazione manutenzione e servizi a supporto. Offre inoltre servizio nell’ utensileria attraverso due sedi dedicate. Grazie al proprio personale tecnico e alla storica partnership con fornitori di eccellenza propone le migliori soluzioni per i propri Clienti a vantaggio della produttività e della riduzione dei costi di impianto.
Il Gruppo Bianchi si fonda sull'impegno a servire il Cliente combinando l'efficienza del digitale con la vicinanza fisica. 
La nostra presenza online si esplica attraverso una piattaforma e-commerce B2B all'avanguardia, mentre sul territorio garantiamo un contatto diretto con i clienti mediante una rete di società nazionali e filiali, offrendo soluzioni personalizzate che rispondono alle specifiche esigenze dei diversi settori industriali. 
La mappa della nostra presenza in Europa testimonia l'ampiezza e la profondità del nostro impegno, 5 società con forte caratterizzazione e specializzazione per i diversi mercati: Bianchi Industrial per l'Italia, Feyc Rodamientos per la Spagna e il Portogallo, RJ International per la Francia, e Antifriction Components per la Gran Bretagna. 
Vi invitiamo a visitare le loro pagine LinkedIn per scoprire di più sul nostro impegno verso l'eccellenza e la prossimità al Cliente.",Automation Machinery Manufacturing,201-500 employees,Privately Held,"Vitrolles, Provence-Alpes-Côte d'Azur, France",France,bianchi-industrial.it,https://www.linkedin.com/company/bianchi-industrial
Solystic,"Solystic is a global leading provider for end-to-end automation for mail, Express & Parcels, e-commerce and retail industries. Solystic is recognized as an industrial partner of the major international postal, logistics and industrial operators.
 
Our expertise is based on 3 pillars:
The ability to execute complex and customized programmes;
The willingness to constantly innovate to meet our clients' expectations;
A strong customer relationship based on active listening.
 
Our mission is to help our customers with solutions that automate the door-to-door process in sorting and distribution centers, so as to:
- Reduce manual operations (costs, manpower requirements) 
- Ensure quality of service (speed and reliability of delivery) 
- Improve working conditions 
- Make (urban) logistics sustainable
 
At Solystic we have broad competencies in intralogistics process design, programme management and integration, sorting equipment, real-time data and image processing, mobile robotics, product lifecycle services (maintenance, spare parts supply chain, technical support) and the creation of digital twins. We provide tailor-made solutions based on the intelligent combination of sorting technologies , mobile robotics and IT applications. 

Join us! 
1. To grow within an innovative company.
SOLYSTIC takes care and supports its employees in acquiring and developing skills and capabilities, though a policy of commitment to training and coaching. 
SOLYSTIC has established partnerships with laboratories, Universities, higher education institutions, in order to attract the best talents and improve its capability in research and development. 

2 To build our future together
Innovative and ""complex"" market, high-tech capabilities, wealth and diversity of functions : this explains why SOLYSTIC offers real and exciting opportunities for career development. All of this, in an international, multi-cultural creative and innovative environment.",Automation Machinery Manufacturing,201-500 employees,Self Owned,"Alixan, Auvergne-Rhône-Alpes, France",France,solystic.fr,https://www.linkedin.com/company/solystic
Airware,"Airware is the leading enterprise drone analytics company helping enterprises leverage today’s rapidly advancing technologies (such as drones, cloud computing, machine learning and more) to safely see and sense their sites and structures to improve productivity, mitigate risks, and take workers out of harm’s way. 

Effective Friday, September 14th Airware has ceased operations: https://www.airware.com/en/blog/thank-you-farewell/",Automation Machinery Manufacturing,51-200 employees,Privately Held,"Paris, Île-de-France, France",France,airware.com,https://www.linkedin.com/company/airware
Scaglia INDEVA S.p.A.,"Scaglia Indeva has been designing and manufacturing industrial manipulators since 1970 and today it’s a world leader in supplying cutting edge material handling solutions.

 Today Scaglia INDEVA is present worldwide with a large salesnet made of subsidiaries and distributors and is  esteemed by large companies in many different industry sectors as a reliable supplier of innovative technology  for the automated production process.  INDEVA solutions range include advanced electroncially controlled industrial manipulators, known as INDEVAs, Automated Guided Vehicles and Modular Structures.
With our forty-year expertise & kow-how in mechatronics and our knowledge of Lean Manufacturing principles as well as our competence in ergonomics Regulations and Directives we are able to address the need for higher productivity combined with operator wellbeing, safety and ergonomics.

We are specialists in Intralogistics, Lean manufacturing and Material Handling Solutions. Our Advanced intelligent Assist Devices and Automated Guided Vehicles are being constantly upgraded thanks to consistent R&D work and are suitable for Industry 4.0.",Automation Machinery Manufacturing,201-500 employees,Public Company,"Argenteuil, Île-de-France, France",France,indevagroup.com,https://www.linkedin.com/company/scaglia-indeva-spa
ER INGENIERIE,"OUR JOB: Solution provider for custom-made & smart equipments from studies to start-up and maintenance

IMPLANTATION: France | Morocco | Ivory Coast

AREA ACTIVITY:
**MANUFACTURING INDUSTRIES** 
Automotive | agri-food | textile | biomedical | electrical Equipment | And More...

**PROCESS ENGINEERING** 
Supercritical fluid equipments | pharmaceutical | natural product | food | cosmectics | chemistry 

CREATION DATE : 1987

We deliver :
Custom production equipment with high technological content | Robotic &  solutions integration | Manufacturing processes industralization | Supercritical fluid equipment | Re-engineering and renovation of existing equipment

Our know-how :
**DESIGN**
3D CAD, simulation & virtual reality, electrical, automation, robotics integration, P&ID (Piping and Instrumentation Diagram)

**MANUFACTURING**
Machining, welding, piping, mechanical, electrical wiring 

**STARTING-UP**
Mechanical adjustment, automation, robotics 

**MAINTENANCE**
Remote control, digital twin, predictive maintenance 

Our DNA : nothing's impossible each project has his custom-made solution",Automation Machinery Manufacturing,11-50 employees,Privately Held,"Custines, Grand Est, France",France,eringenierie.com,https://www.linkedin.com/company/er-ingenierie
ME Group France,"ME Group France développe et commercialise des distributeurs automatiques de services instantanés dans des secteurs aussi divers que la photographie, la laverie, la fabrication de clé et l’alimentation sous les marques Photomaton, Wash.ME, Feed.ME et Kee.ME.

Avec plus de 10 000 cabines photos en France, près de 4 000 bornes d'impression photos et 3 500 laveries à disposition des consommateurs, ME Group France poursuit son développement et diversifie son offre avec des frigos connectés, des distributeurs de pizzas, des machines à laver pour animaux et des bornes de reproduction de clés.

Grandes enseignes et commerces de proximité, développez votre offres de services, attirez de nouveaux visiteurs et générez des revenus additionnels sans contraintes ! Devenez partenaire ME Group France et installez nos distributeurs automatiques dans vos espaces disponibles. Nous nous occupons de tout !",Automation Machinery Manufacturing,201-500 employees,Public Company,"Paris, Île-de-France, France",France,me-group.fr,https://www.linkedin.com/company/me-group-france
Oppent,"Oppent is the leading and rapidly expanding company in the field of automation and internal logistics. Since 1960 we have been developing cutting-edge technologies and offering a wide range of high-performance products. We can count on a solid know-how that allows us to guarantee excellence in consulting, design, development, and production of automatic handling systems (including an innovative range of robots aimed at serving Industry 4.0.) for the Healthcare and Industry sectors.",Automation Machinery Manufacturing,51-200 employees,Privately Held,"Saint-Ismier, Auvergne-Rhône-Alpes, France",France,oppent.com,https://www.linkedin.com/company/oppent
Actemium Marine,"Les systèmes de propulsion électrique et hybride, la gestion, la production et le stockage de l'énergie font d'Actemium Marine un acteur majeur européen de l’énergie, propulseur de solutions pour les armateurs et les chantiers navals. 

Actemium Marine fournit des solutions clés en main qui apportent efficacité énergétique, réduction des émissions et économie de carburant.",Automation Machinery Manufacturing,201-500 employees,Privately Held,"Concarneau, Brittany, France",France,actemium-marine.com,https://www.linkedin.com/company/actemium-marine
Kübler Group,"The Kübler Group (Kuebler Group), headquartered in Villingen-Schwenningen, Germany, is one of the world's leading specialized manufacturers of industrial components for the measurement, transmission and evaluation of data and signals.

With a consistent focus on innovation, quality, precision and reliability, the Kübler Group develops customized solutions with unique added value for making production and automation processes more efficient.

Founded by Fritz Kübler in 1960, the German family-owned company is now managed by the second generation of Gebhard and Lothar Kübler. With over 600 employees, 4 production sites, 12 subsidiaries and representatives in more than 50 countries, the Kübler Group offers customers around the world maximum proximity and flexibility.",Automation Machinery Manufacturing,"501-1,000 employees",Public Company,"Wittelsheim, Grand Est, France",France,kuebler.com,https://www.linkedin.com/company/kuebler-group
PAYPER - Complete bagging lines,"PAYPER was established near Barcelona (Spain) in 1973. We are pioneers in Spain and from the very beginning we have specialised in design and manufacturing of machinery for weighing, bagging and palletizing solutions.

At present, we are the largest manufacturer in the Spanish bagging industry and among the biggest in Europe. Our team of close to 100 highly skilled professionals are always working to meet the global market’s current demands in terms of cost-effective and reliable equipment.

PAYPER develops and manufactures bagging machines for all types of bulk solids such as powders or granulates. Other important product lines are palletizers and complete lines.

Our customers come from many different sectors, e.g. the Chemical Industry, the Agro-food Industry, the Mining Industry and the Building Industry. PAYPER offers a comprehensive solution for each sector.

No need or demand is too small neither too big for us. We supply bagging machines for smaller industries with low volume requirements. We also provide complete turnkey projects for customers with high demands as to capacity and speed.

What matters to us is that our customer is comfortable and satisfied with the solution we have developed for them.",Automation Machinery Manufacturing,51-200 employees,Privately Held,"Sallanches, Auvergne-Rhône-Alpes, France",France,payper.com,https://www.linkedin.com/company/payperbagging
Datasensing,"Industrial automation is based on detecting the presence, position, or quality of an object, in any production and logistics sector.

To innovate this area and facilitate the transition to industry 4.0, the DATASENSING project was launched, which will combine the Sensor & Safety / Machine Vision Business Unit of Datalogic, a world leader in automatic data acquisition, and M.D. Micro Detectors, a company operating in the design, production, and sale of industrial sensors.

DATASENSING intends to strengthen its presence in industrial automation globally through a complete offering of sensors in various technologies, optoelectronic devices for the safety of machines and production plants, automated vehicle guidance and machine vision for Smart Manufacturing.",Automation Machinery Manufacturing,201-500 employees,Privately Held,"Villebon-sur-Yvette, Île-de-France, France",France,datasensing.com,https://www.linkedin.com/company/datasensing
NUM AG,"NUM introduced its first CNC controller in 1961 - well before CNC technology became mainstream. Since our commercial launch in 1964, we have been committed to innovation and helping machine builders stay ahead.

Our Focus: Empowering Machine Manufacturers

We support OEMs in developing better, more competitive machines. Beyond hardware, we deliver complete, scalable CNC solutions for both specialized and standard applications - backed by expert engineering.

Proven Expertise

With decades of experience, NUM offers reliable CNC systems built on an open architecture that allows full customization. Continuous investment in R&D ensures our technology remains future-ready.

Global Presence, Local Support

Headquartered in Switzerland with teams worldwide, we stay close to our customers. Our R&D centers in Switzerland, France, and Italy drive innovation, while production remains in Europe.

A Long-Term Investment

High-value machines must last for decades. NUM supports this with spare parts, repairs, and services for products up to 30 years old.

Driving Customer Success

Our customers’ success defines ours. With strong financial stability and a long-term vision, we continue to invest in technology and service to remain a trusted partner in the global CNC market.
	 	 
Mission Statement:	 	 
  	 	 
“NUM CNC solutions provide Machine Builders with a competitive advantage” 


Corporate Headquarters
NUM AG
Battenhusstrasse 16
9053 Teufen
Switzerland

Imprint: 
https://num.com/service-aside/imprint/

Data Protection:
https://num.com/service-aside/data-protection/",Automation Machinery Manufacturing,201-500 employees,Privately Held,"Nanterre, Île-de-France, France",France,num.com,https://www.linkedin.com/company/num-ag
Polytex Technologies,"Optimize your workwear management to improve your organization's operational efficiency.

Workwear management is key to ensuring employee safety, guaranteeing garment availability, and maintaining a consistent professional image. At Polytex, we help you gain visibility and control over the entire uniform lifecycle: from allotment to return and laundry.

When uniform management is fragmented, common problems arise: stock shortages, shift change delays, lost garments, and increased replacement costs. These inefficiencies directly impact operations and the organization's overall costs.

Therefore, we implement traceability systems that allow you to know the status and location of each garment in real time. This visibility reduces incidents, prevents stockouts, and ensures that staff always have the right uniform when they need it.

Our solution allows you to:
• Reduce operating costs by optimizing the use and lifespan of garments
• Control inventory in real time with complete traceability
• Guarantee compliance with hygiene and safety standards
• Simplify operations and eliminate manual tasks

Furthermore, we adapt the solution to each organization. Centralizing workwear management reduces the administrative burden, improves planning, and increases overall efficiency.

Polytex Technologies, founded in 2003, is a global leader in automated workwear and textile management solutions. The company offers automated workwear dispensing and return units integrated with a cloud-management system, and an automated flat linen management solution featuring advanced software. With over 6,000 installations worldwide, Polytex drives digital transformation in healthcare, manufacturing, hospitality, and fitness centers, optimizing workwear and textile management processes.

 Request a free consultation from a Polytex expert and discover how to optimize your workwear management.",Automation Machinery Manufacturing,51-200 employees,Privately Held,"Bernay, Normandy, France",France,polytex-technologies.com,https://www.linkedin.com/company/polytex-technologies
Yaskawa Nordic AB,"Yaskawa Nordic AB är Nordens största systemhus för robotiserade automationslösningar. Företaget grundades på 70-talet i Torsås och är idag en del av Yaskawa Electric Corporation, en av världens ledande tillverkare av industrirobotar, el- och servomotorer samt styrsystem, med över 300 000 MOTOMAN-robotar installerade över hela världen. 

Vi erbjuder robotlösningar för i stort sett alla branscher och användningsområden, bland annat bågsvetsning, montering, lackering, dispensering, skärning, materialhantering, paketering, palletering, gradning, polering och punktsvetsning


Yaskawa Nordic AB är certifierade enligt ISO 9001:2008  och ISO 14001:2004.",Automation Machinery Manufacturing,51-200 employees,Public Company,"Tours, Centre-Val de Loire, France",France,yaskawa.se,https://www.linkedin.com/company/yaskawa-nordic-ab
The EWAB Group,"The EWAB Group - Multi-skilled talented people with over 50 years of experience in Industrial Automation Solutions. All from Robot Cells, Conveyor Systems, Machine Tending, Smart Automation to successful Material Flow Technology projects. 

Global footprint, locally present
EWAB Group is a privately owned and was founded in Sweden in 1970 at the dawn of automation. We are one company in multiple countries- Supporting our customers needs.

ISO-9001 & 14001 Certified
Established 1970.

EWAB design, build and implement automation solutions and production systems. The solutions are running on factory floors across the world — in manufacturing, machining, and high‐efficiency assembly environments — trusted for their robustness, flexibility, and world‐class reliability. 
Our goal is that you “Just Add Machines” and we take care of the logistics in between.


We can design complete production lines, from intelligent machine loading to large-scale turnkey concepts integrating conveyors, workpiece carrier systems, robot cells, and advanced flow control. Our mechanical engineers collaborate closely with your team to fine‐tune every detail, ensuring that each solution fits your production needs perfectly.

Once the design is finalized, our skilled build teams assemble the system in our workshops, and our software engineers rigorously test, validate, and run off every function before shipment. Finally, our installation teams bring everything to life on-site — ensuring a smooth start-up and long-term performance you can rely on.




Follow our Newsletter 
https://www.ewab.com/newsletter/",Automation Machinery Manufacturing,51-200 employees,Privately Held,"Sausheim, Grand Est, France",France,ewab.com,https://www.linkedin.com/company/ewab-engineering
