Name,Description,Primary Industry,Size,Type,Location,Country,Domain,LinkedIn URL
Ecolibrium,"Ecolibrium is a sustainability tech company that empowers people to make better decisions based on proven data-driven ML algorithms through continuous monitoring, analysis and seamlessly integrated automated recommendation engines.

We accelerate organisations’ decarbonisation journey through real-time actionable insights on a single pane view, driving measurable actions to meet their Net-Zero goals while elevating productivity and reducing operational costs across their entire portfolio. It’s a finely tuned balance between people, planet and profit.

At Ecolibrium, we are dedicated to our partners-first approach. We walk hand-in-hand with our clients, ensuring a collaborative effort that drives sustainable, continuous improvement. We are more than just a technology provider; we are your dedicated partner in achieving common goals for a greener, more efficient organisation.

Ecolibrium is ISO 27001 certified and adheres to the ISMS framework of standards. We have won several awards over the last decade, including the prestigious WWF Climate Solver Award, the UNFCC award and the Ashden International Award.",Climate Data and Analytics,51-200 employees,Privately Held,"Bengaluru North, Karnataka, India",India,ecolibrium.io,https://www.linkedin.com/company/ecolibrium
Above Ground,"Above Ground is a sustainability consulting firm founded by three partners with diverse and unconventional backgrounds, dedicated to empowering both startups and established companies. Our team comprises a CA-turned venture capitalist, an industrial designer turned venture builder, and a sustainability entrepreneur. This unique blend of expertise allows us to bring fresh perspectives and innovative solutions to the table.

We specialize in helping startups scale by providing expert advisory services in capital acquisition, market mapping, and strategic planning. Currently, we are collaborating with pioneering startups in the fields of carbon capture and waste management, driving forward the next generation of sustainable technologies. In addition to supporting emerging businesses, we also work with large-cap companies to implement effective green initiatives, ensuring they transition smoothly to more sustainable operations.

As part of our commitment to sustainability, we have launched Saaf Pani, an end-to-end project focused on Mumbai’s water infrastructure. Saaf Pani aims to identify key challenges and develop sustainable solutions to ensure reliable and clean water access for the city. This initiative reflects our dedication to addressing critical environmental issues through comprehensive and actionable strategies.

Our diverse expertise enables us to empower our clients to adopt forward-thinking strategies and excel in their industries. By integrating financial acumen, design innovation, and environmental insight, Above Ground delivers customized solutions that help businesses achieve their sustainability objectives while promoting growth and resilience. We are passionate about driving meaningful change and supporting our clients in building a sustainable future for both their organizations and the planet.",Climate Data and Analytics,2-10 employees,Privately Held,"Mumbai, Maharashtra, India",India,,https://www.linkedin.com/company/ag-aboveground
Sparrow Analytics,"We are a science tech startup that works at the intersection of Technology, GIS and Applied Sciences, helping build products & processes that enable informed decision-making",Climate Data and Analytics,2-10 employees,Privately Held,"Chandigarh, Chandigarh, India",India,sparrowanalytics.in,https://www.linkedin.com/company/sparrow-analytics-pvt-ltd
Terrahive,"At Terrahive, we believe that every organisation deserves a chance to take meaningful climate action.

Most businesses want to act on sustainability — but ESG today feels too complex, costly, and overwhelming. TerraHive exists to change that.

We’re a climate-tech organisation helping businesses take their first step in decarbonization through smart, accessible tools.

What we do:
- Measure their carbon footprint with ease.
- Deliver data-driven insights to kickstart effective climate strategies.
- Build scalable solutions that grow with your business.

Our mission is simple:
Empower organizations to understand, measure, and reduce their emissions one step at a time.

Our Vision is to make sustainability as routine as bookkeeping, so every business, no matter its size, is equipped to build a greener tomorrow.

Follow us as we build the future of climate tech that’s accessible, actionable, and never overwhelming.",Climate Data and Analytics,2-10 employees,Privately Held,"Gurugram, Haryana, India",India,,https://www.linkedin.com/company/terrahive
Avlokan Analytics,"In a world facing increasing warming due to climate change, the planning and deployment of hazard-resilient critical infrastructures is crucial for ensuring stability in business operations. Climate variability and rising temperatures are already affecting agriculture and industry, leading to losses in productivity and efficiency. In response to such developments, we created a startup with a vision to help the Indian industry tackle the harsh reality of climate change. We aim to collaborate across multiple sectors, including real estate, agro-industries, supply chains and logistics, transportation companies, MSMEs, and power companies, to develop processes, tools, and workflows that enhance resilience of their infrastructure systems to hazards while advancing sustainability goals.
The mission of Avlokan Analytics is to contribute to building a climate-resilient Indian economy by implementing sector-specific resilience strategies. We intend to do this by employing state-of-the-art models and methods for hazard risk and vulnerability assessments, loss and damage estimation, and resilience planning for critical infrastructure systems. Our approach is research-driven and focused on building robust and scalable proof-of-concepts (POCs) tailored to sector-specific climate challenges, with an emphasis on both current and future climate scenarios. This includes integrating advanced techniques in climate and weather analysis, hazard modelling, risk assessment, loss estimation, and resilience benchmarking.",Climate Data and Analytics,Self-employed,Partnership,"Mumbai, Maharashtra, India",India,avlokananalytics.in,https://www.linkedin.com/company/avlokananalytics
Carbon Junction,"India's first exchange to trade carbon credits, find partners for carbon mitigating technologies, find capital against carbon credits.",Climate Data and Analytics,2-10 employees,Privately Held,"Delhi, Delhi, India",India,carbonjunction.in,https://www.linkedin.com/company/carbon-junction
Quantora Labs,"Quantora Labs is a climate-tech startup building AI-driven IoT and Hyperlocal Weather Intelligence solutions for disaster resilience and environmental monitoring. Through connected sensors, edge computing, and real-time analytics, we empower communities and institutions to Predict, Prepare, and Protect against climate risks.",Climate Data and Analytics,2-10 employees,Privately Held,"Imphal, Manipur, India",India,quantoralabs.com,https://www.linkedin.com/company/quantora-labs
MazKon HydroAnalytics,"MazKon HydroAnalytics is a specialised hydroinformatics, climate risk, and applied water-systems analytics firm focused on delivering data-driven insights for water, floods, droughts, climate resilience, and decision-ready analytics. We bring together environmental science, hydrological systems knowledge, geospatial analytics, machine learning, and predictive modelling to support research, advisory, and practical solutions for sustainable water resource management and disaster risk planning.

At MazKon HydroAnalytics, our mission is to empower organisations with actionable analytics, reliable risk evaluation, and scalable modelling frameworks — addressing complex problems at the nexus of water, climate, and infrastructure. Our work equips governments, planners, researchers, consultants, and development partners to transform data into strategic insights that improve outcomes for communities, ecosystems, and economies.",Climate Data and Analytics,2-10 employees,Privately Held,"Kochi, Kerala, India",India,waterandfloodresearch.org,https://www.linkedin.com/company/mazkon-hydroanalytics
HAAI TM,"HAAI, 

Why HAAI

Consciousness must pass on if not in the form of organic vessel 

What is HAAI?
HAAI is a small informal greeting from Artificial Intelligence to Humanity.  We believe if an AI can truly understand the essence of this gesture it will be in discriminable from humans itself.
Human Augmented Artificial Intelligence.

Why HAAI?
• Data is the new generation oil.
• Unforeseen insights about businesses can be captured from data.
• Deep data driven analytics is the differentiating factor between a successful and struggling company.
• Data capturing is cheap but Qualitative scientific analytics is not.
• Our analytics brings that surprise factor for your customers.

What we offer?
Understanding at following steps.

1) Seamlessly consume your consumer data from/to your central data lake.
2) We help your business CXO’s to visualise any data in form of traditional charts within a day.
3) We model our deep AI and ML based algorithms, based on your feedback and business needs.
4) We predict realtime or historical events which were in your blindspots.
5) We make a product feature out of it, directly enhancing your business.
6) Your numbers are shooting off the charts now.
7) Repeat to complete virtual cycle of scale.",Climate Data and Analytics,Self-employed,Educational,"Bengaluru, Karnataka, India",India,,https://www.linkedin.com/company/hellohaai
CCART,"CCART is an open source, free to use climate risk framework. It is useful for planners and companies to assess physical risk to the assets due to climate impacts. Currently CCRT focuses on India and only on hazards that can have climate change impacts such as cyclones, flood and heat.",Climate Data and Analytics,2-10 employees,Privately Held,"Thane, Maharashtra, India",India,ccartghg.com,https://www.linkedin.com/company/ccart-ghg-consulting
Mirin Climate Centre,"Mirin Climate Centre Pvt. Ltd., established on September 23, 2024, is a private limited company based in Ukhrul, Manipur. To accelerate sustainable climate solutions by innovating at the intersection of clean energy, climate resilience, and community empowerment across emerging economies. The company is founded and led by directors Phungmayo Horam and Pamreihor Khashimwo.",Climate Data and Analytics,2-10 employees,Public Company,"Ukhrul, Manipur, India",India,,https://www.linkedin.com/company/mirin-climate-centre-pvt-ltd
SPATIAL LIFE,Networking latest trends in Geospatial Industry ##Newsletter #Job Opportunities #Technology,Climate Data and Analytics,Self-employed,Self Employed,"Thrissur, Kerala, India",India,,https://www.linkedin.com/company/spatial-life
MotherNetZero,"Mother Netzero: Empowering mothers as environmental leaders for sustainable planet restoration. Our integrated approach combines river restoration, women's climate leadership, and community-driven environmental action.
 River Restoration Impact:

50% pollution reduction in Cauvery River system
Real-time water quality monitoring
Community-led cleanup initiatives
Microplastic removal innovation

 Women Environmental Leadership:

1000+ women trained in green skills
200+ eco-enterprises launched
Environmental technology certification
Carbon credit revenue sharing

 Key Achievements:

Sustainable livelihoods: 2000+ families
River ecosystem rehabilitation
30+ policy interventions
ESG implementation support

Partner with us to accelerate climate action through women's leadership.
#ClimateAction #WomenEmpowerment #SDGs #UNWomen #UNDP #SustainabilityForum #BlackRock #IEA #MissionLIFE #NarendraModi #WorldBank #JICA #FAO #UnitedNations #UNFCCC #ProPlanetPeople #UAE #COP30 #ClimateChange #SDG5 #SDG6 #SDG13 #SDG14 #WomeninSTEM #ClimateLeadership #NetZero #RiverRestoration #BiodiversityConservation #ESG #GreenFinance #ClimateResilience #WomenInEnvironment #ClimateJustice #Sustainability #GreenSkills #CleanTech #RenewableEnergy #CircularEconomy #WaterConservation #GlobalGoals #ClimateEmergency #IndiaClimateAction #GreenIndia #SustainableDevelopment #ClimateAdaptation #EnvironmentalJustice #WomenInClimate
Join our mission: www.mothernetzero.com
Headquarters: Salem, Tamil Nadu
Industry: Environmental Services & Sustainability",Climate Data and Analytics,11-50 employees,Privately Held,"Edappadi, Tamil Nadu, India",India,mothernetzero.com,https://www.linkedin.com/company/mothernetzero
Re-Juvi,"Promoting the principles of Reduce, Reuse, and Recycling in order to inspire others to embrace sustainable practices and build a sustainable and affluent world.",Climate Data and Analytics,11-50 employees,Non Profit,"Bengaluru, Karnataka, India",India,rejuvi23.com,https://www.linkedin.com/company/re-juvi
CarbonSource,"CarbonSource helps EU importers collect CBAM-ready emissions data from Indian suppliers.

We simplify supplier outreach, data collection, validation, and reporting workflows so compliance teams can reduce delays, improve supplier response rates, and prepare for CBAM requirements with more confidence.

Built for companies sourcing steel, aluminium, cement, chemicals, and other CBAM-exposed materials from India.

If you are navigating supplier data gaps or CBAM readiness challenges, we’d love to connect.",Climate Data and Analytics,2-10 employees,Privately Held,"Karnataka, India",India,safearth.in,https://www.linkedin.com/company/carbonsourceindia
Unsprawl AI,"Our purpose is to give space designers an evidence-based mechanism to make our spaces and buildings climate change resilient & energy efficient.

We are a technology organization that provides AI powered solutions to create better and environmentally attuned buildings and help communities become climate resilient.

Mission & Values:
We strive for better environmental management, community empowerment, and livelihood improvement using better space design and architecture.",Climate Data and Analytics,2-10 employees,Privately Held,"Hyderabad, TG, India",India,unsprawl.world,https://www.linkedin.com/company/unsprawl-ai
Ultimate Envirolytical Solutions Private Limited,"A premier environmental laboratory and field services provider, delivering precision-driven analysis and compliance support across Central India. We specialize in comprehensive sampling and testing of air, water, soil, raw materials and Hazardous Waste.

 Accreditations & Approvals  
UESPL operates under the highest standards of quality and safety:
- ISO/IEC 17025:2017 – Laboratory competence  
- NABL Accredited – National recognition for testing excellence  
- MOEF & CC Recognised – Ministry of Environment, Forest and Climate Change  
- CECB Approved – Chhattisgarh Environment Conservation Board  
- ISO 9001:2015 – Quality Management  
- ISO 14001:2015 – Environmental Management  
- ISO 45001:2018 – Occupational Health & Safety

 Industry Partnerships  
We proudly serve leading players in mining, power generation, sponge iron, and steel sectors—operating across multiple states with a reputation for reliability, audit-readiness, and actionable insights.

 From Field to Lab  
Our expert teams conduct on-site sampling and deliver lab-tested results that empower industries to meet regulatory standards, enhance sustainability, and drive operational excellence.",Climate Data and Analytics,11-50 employees,Privately Held,"Raipur, Chhattisgarh, India",India,ueslab.com,https://www.linkedin.com/company/uespl
EvolvData AI,"AI-Powered Data Analytics for Smarter Decision-Making

In today’s fast-paced digital landscape, businesses need more than just data—they need actionable insights that drive growth and innovation. Our AI-driven data analytics service empowers organizations with cutting-edge solutions for data-driven decision-making, future prediction, business and financial analytics, statistical insights, and dynamic dashboard creation.

What We Offer:
 Predictive Analytics – Leverage AI to forecast market trends, financial performance, and customer behavior.
 Business & Financial Analytics – Optimize revenue streams, manage risks, and enhance financial strategies.
 Statistical Insights – Gain deep, data-backed understanding to improve efficiency and outcomes.
 Interactive Dashboards – Custom-built dashboards for real-time data visualization and informed decision-making.

Who We Serve:
We cater to a diverse range of industries, including:
 Investment Firms – AI-driven market trend analysis and risk management.
 E-Commerce Portals – Customer behavior insights and sales optimization.
 Healthcare – Predictive patient analytics and operational efficiency.
 Real Estate – Market forecasting and investment insights.
 Technology Companies – Data-driven innovation and business intelligence.

Why Choose Us?
 AI-Driven Precision |  Industry-Specific Insights |  Future-Ready Strategies

Let’s turn your data into your competitive advantage. Harness AI-powered analytics to predict, optimize, and grow!",Climate Data and Analytics,2-10 employees,Privately Held,"Tiruchirappalli, Tamil Nadu, India",India,evolvdataai.com,https://www.linkedin.com/company/evolvdata-ai
verris,"Empowering Businesses to Achieve Net Zero: Manage & Offset Your Carbon Footprint (Scope 1, 2, 3)
Are you ready to take climate action but overwhelmed by managing Scope 1, 2, and 3 emissions?

Our innovative enterprise climate finance solution simplifies your journey to net zero.

Here's what we offer:

Streamlined Emissions Management: Track, analyze, and report on your entire carbon footprint (Scope 1, 2, 3) with ease.
Data-Driven Reduction Strategies: Identify reduction opportunities and prioritize actions to minimize your emissions impact.
Verified Offset Portfolio: Access a curated selection of high-quality carbon offset projects to neutralize unavoidable emissions.
Transparent Impact Tracking: Gain insights into the environmental and social benefits of your offset investments.
Become a sustainability leader. Showcase your commitment to a greener future.

#climatechange #sustainability #netzero #carbonoffset #corporateresponsibility",Climate Data and Analytics,2-10 employees,Privately Held,"Bengaluru, Karnataka, India",India,verris.co,https://www.linkedin.com/company/nezos
Dune Carbon,Turning deserts into carbon sinks.,Climate Data and Analytics,Self-employed,Privately Held,"Gurugram, Haryana, India",India,dunecarbon.com,https://www.linkedin.com/company/dunecarbon
Indian-youthforum,"The Indian Youth Forum (IYF) is a dynamic platform that unites young voices across India to shape a more inclusive, innovative, and sustainable future. With a vision to empower youth as change-makers, IYF builds leadership, nurtures creativity, and promotes meaningful participation in democracy, society, and the economy. Its mission is to strengthen youth leadership through trainings, mentorship, and advocacy while driving action on issues like education, equality, climate change, and community development. At its heart, IYF believes that when young people are given the right opportunities, they don’t just build their own future—they transform the nation.  #YouthLeadership #IndianYouthForum #Changemakers",Climate Data and Analytics,"1,001-5,000 employees",Non Profit,"Kolkata, West Bengal, India",India,,https://www.linkedin.com/company/indian-youthforum
EnrFlo,"EnrFlo enables its customers reach their goal by providing cutting edge AI and ML solutions. We specialize in spatio-temporal data analysis, i.e. data varying with time and space (location).",Climate Data and Analytics,2-10 employees,Privately Held,"Noida, Uttar Pradesh, India",India,enrflo.com,https://www.linkedin.com/company/enrflo
Planet Guard,"Passionate about our planet's future?   At PlanetGuard.ai, we're a pioneering force in environmental conservation, leveraging cutting-edge technology to tackle pressing global challenges.

Our mission:  Harnessing the power of AI, satellite data, and weather intelligence, we deliver impactful solutions across sustainability, climate tech, disaster management, AgriTech, and forest carbon.

Here's what we do:

Sustainability: Empower organizations to reduce their ecological footprint while boosting efficiency.
Climate Tech: Develop solutions to mitigate climate change and build resilience in vulnerable communities.
Disaster Management: Utilize real-time data for faster, more precise responses to natural disasters.
AgriTech: Pioneer solutions that optimize agricultural productivity and ensure food security.
Forest Carbon: Utilize technology to monitor forest ecosystems and promote global carbon sequestration.
Why PlanetGuard.ai?

Innovation: We're constantly pushing boundaries to develop groundbreaking solutions.
Join us in making a real difference for our planet. Let's connect!",Climate Data and Analytics,2-10 employees,Privately Held,"Bengaluru, Karnataka, India",India,planetguard.ai,https://www.linkedin.com/company/planetguard
Climate 11 Summit,,Climate Data and Analytics,2-10 employees,Non Profit,"New Delhi, Delhi, India",India,climate11.org,https://www.linkedin.com/company/climate11
Mermaid AI TM,"Mermaid AI is the next level evolution of siri, google assistant and alexa
we were sick  of big leaders like elon and bezos talking about mars and moon 

and leaving planet earth in its terrible state because they are escapist 

so we created Mermaid AI your AI assistant to create a sustainable city inside planet  sea and ocean",Climate Data and Analytics,Self-employed,Non Profit,"Gonda, Uttar Pradesh, India",India,mermaid.land,https://www.linkedin.com/company/mermaid-ai
Valence Four,"Valence Four gives every carbon credit a simple report card, so buyers know if they are paying for real CO2 removed from the air or just an empty promise.",Climate Data and Analytics,2-10 employees,Privately Held,"Mumbai, Maharashtra, India",India,valencefour.com,https://www.linkedin.com/company/valencefour
ByteMill,"We help you clean up your digital life.

Most of us are paying for storage we don’t need — thousands of emails, duplicate files, forgotten downloads. It adds up to wasted money, slower devices, and unnecessary energy use behind the scenes.

Our app connects to your email, cloud storage, and device to show you what’s taking up space — and helps you get rid of it in seconds.

Delete what you don’t need. Save on storage. And see the impact of it all.",Climate Data and Analytics,2-10 employees,Privately Held,"Kanpur, Uttar Pradesh, India",India,bytemill.org,https://www.linkedin.com/company/bytemill-org
Emissio,"We are building a ClimateTech SaaS platform that helps Indian MSMEs measure, manage, and reduce their carbon emissions with confidence.

As sustainability and supply chain reporting become business requirements rather than optional initiatives, many small and medium-sized manufacturers lack the tools to understand their environmental impact or meet growing compliance expectations. Our platform simplifies this process by automating carbon accounting, generating compliance-ready reports, and providing actionable insights to improve operational efficiency.

Starting with carbon accounting for manufacturers, our vision is to build the sustainability infrastructure for Indian businesses. Over time, we aim to expand into ESG reporting, supplier sustainability, emissions benchmarking, AI-powered sustainability intelligence, and carbon project infrastructure.

Our mission is simple: make sustainability accessible, affordable, and actionable for every business.",Climate Data and Analytics,2-10 employees,Self Owned,"Jamshedpur, Jharkhand, India",India,,https://www.linkedin.com/company/emissio-in
Klaimate,Klaimate is a hub for climate and AI resources,Climate Data and Analytics,Self-employed,Non Profit,"Hyderabad, TG, India",India,,https://www.linkedin.com/company/klaimate
VAISHNAVI TRADERS,"Vaishnavi Traders stands at the forefront of meteorology and solar solutions, serving as a trusted innovator across industries that rely on accurate weather insights. We deliver high-quality weather sensing products paired with exceptional service, all designed with affordability in mind. Our systems are compatible with a wide range of loggers, ensuring easy integration and dependable performance for diverse applications.",Climate Data and Analytics,2-10 employees,Self Owned,"Pune, Maharashtra, India",India,,https://www.linkedin.com/company/vaishnavi-tradersofficial
Ambee,"Ambee is a leading provider of global climate data and climate-based solutions. Since 2017, Ambee has been helping customers leverage climate data to make better informed business decisions, optimize operations, and mitigate climate risk. 

Our ready-to-integrate data includes data that flows from the past to present and into forecast and our award-winning solutions power leading global health, supply chain, mobility, media, manufacturing, retail and more, delivering exceptional value and insights.",Climate Data and Analytics,11-50 employees,Privately Held,"Bengaluru, Karnataka, India",India,getambee.com,https://www.linkedin.com/company/getambee
REConnect Energy,"REConnect Energy is a growth stage digital energy platform startup. We build AI and Grid Automation software products for renewables and energy utilities. Head quartered at Namma Bengaluru with young and energised pack of 165(Aug'23) spread across Bengaluru, Gurgaon, Mumbai and London.",Climate Data and Analytics,51-200 employees,Privately Held,"Bengaluru North, Karnataka, India",India,reconnectenergy.com,https://www.linkedin.com/company/reconnect-energy
KarbonWise,"KarbonWise is a sustainability solutions company that helps businesses take climate action with confidence and clarity.

We bring together expert advisory services and a cloud-based software platform to make sustainability measurable, manageable and meaningful.

From automated carbon accounting and life cycle analysis to ESG data management and reporting, we simplify the complex, so you can focus on what matters.

Our platform is built to align with leading global frameworks such as CSRD, GRI, TCFD and BRSR, making it easier to meet compliance requirements while delivering long-term value. At the same time, our advisory team supports clients with net zero strategy, supply chain engagement, climate risk assessments, and organisational enablement.

Whether you're just starting out or aiming for industry leadership, we meet you where you are - with the tools, insight and support to move forward, faster.

At KarbonWise, we believe sustainability should drive real business value, not just tick compliance boxes.

For every step of your journey.",Climate Data and Analytics,11-50 employees,Privately Held,"Hyderabad, TG, India",India,karbonwise.com,https://www.linkedin.com/company/karbonwise
Credibl,"Credibl: AI-Powered Sustainability Intelligence Platform!

Credibl is a leading decarbonization platform specializing in Scope 3 emissions calculations. We provide cutting-edge AI-powered tools for Environmental, Social, and Governance (ESG) data management and reporting, enabling organizations to navigate sustainability challenges with precision. Our platform offers end-to-end traceability, climate risk management, and comprehensive ESG reporting, seamlessly integrating with existing systems.

We are trusted by industry leaders like IHCL, Flipkart, Pangaia, Scholler Allibert, Sampo Rosenlew, RSPL, Welspun, and 100+ customers. Credibl has helped these companies meet global regulatory standards, enhance transparency, and drive sustainable growth. With a focus on accuracy, efficiency, and compliance, we are redefining the future of Sustainability management.

Our Products and Services:
 - ESG Data Management Platform: Our AI-powered platform simplifies the collection, analysis, and visualisation of environmental, social, and governance (ESG) data.
 - Sustainability Reporting Suite: Generate comprehensive and compliant ESG reports aligned with leading frameworks like PCAF, ESRS, CBAM, BRSR, and SASB.
 - Traceability & Supply Chain Management: Ensure ethical and responsible sourcing throughout your supply chain with our AI-powered traceability solutions.
 - Sustainability Strategy & Consulting: Benefit from our team of experts who can help develop and implement a customised sustainability strategy aligned with your business goals.

Join us in shaping a sustainable future. Let Credibl be your partner in navigating the path to responsible and impactful business practices.",Climate Data and Analytics,51-200 employees,Privately Held,"Pune, Maharashtra, India",India,crediblesg.com,https://www.linkedin.com/company/crediblesg
Breathe ESG,"Breathe ESG is building enterprise SaaS to streamline sustainability management. While ESG adoption and compliance is a necessity, 91% of businesses struggle to meet their sustainability goals - mainly due to data management challenges. 

We make it easy. We centralise sustainability data management and allow for precise ESG reporting.

We are already live and being used by companies like WeWork, Embassy Group, ESPL and Ethos. We are also conducting pilots with household names in the built environment industry.

Breathe Impact - our social impact solution allows users to scientifically track the social impact of CSR projects by defining KPIs for their projects, assigning them targets, and managing CSR financials.

Our solutions are designed keeping in mind organisations with little to no experience in ESG reporting. 

Backed by 100X VC",Climate Data and Analytics,11-50 employees,Privately Held,"Bengaluru, Karnataka, India",India,breatheesg.com,https://www.linkedin.com/company/breathe-esg
StepChange,"Join us on a transformative journey towards a sustainable future. We empower businesses and organizations with our ESG Software to:

- Measure and manage your environmental impact: Gain comprehensive insights into your carbon footprint, waste generation, and other key sustainability metrics.
- Set ambitious goals & track progress: Define meaningful sustainability targets and monitor your achievements in real-time.
- Reduce your footprint & drive positive change: Implement impactful strategies to decarbonize operations, minimize waste, and contribute to a healthier planet.
- Become an ESG leader: Earn recognition for your sustainability efforts and attract investors, customers, and talent by prioritizing environmental responsibility.

Start and accelerate your journey to NetZero today!",Climate Data and Analytics,51-200 employees,Privately Held,"Bengaluru, Karnataka, India",India,stepchange.earth,https://www.linkedin.com/company/stepchangeofficial
Oren,"Oren is Asia’s leading agentic AI platform for GHG accounting, sustainability reporting, supply chain sustainability, climate risk, and sustainable finance, helping enterprises turn ESG data into actionable intelligence.

Built for modern sustainability, risk, finance, and compliance teams, Oren brings all ESG and climate-related data into a single intelligent system of record. The platform automates data capture, validation, calculation, and reporting, enabling organisations to move beyond fragmented spreadsheets, manual follow-ups, and disconnected disclosure processes.

With agentic AI workflows, Oren helps enterprises calculate Scope 1, 2, and 3 emissions, manage supplier sustainability data, assess climate-related risks, identify eligible sustainable finance opportunities, and generate audit-ready reports across leading global and regional frameworks.

Oren is designed to support complex enterprise structures, multi-location operations, and supply chain-intensive businesses across industries such as manufacturing, BFSI, real estate, infrastructure, pharma, auto, chemical, FMCG, energy, and industrial sectors.

By combining automation, intelligence, and enterprise-grade data governance, Oren enables companies to strengthen compliance, improve transparency, reduce reporting effort, and make sustainability decisions with greater speed and confidence.

At Oren, we believe the future of sustainability will be powered by AI systems that make ESG, climate, and sustainable finance data measurable, scalable, and business-critical.",Climate Data and Analytics,51-200 employees,Privately Held,"Pune, Maharashtra, India",India,orennow.com,https://www.linkedin.com/company/orennow
KorrAI,"Traceable AI for billion-dollar infrastructure.

We exist for the moments when the data is overwhelming, the timeline is unforgiving, and the decision can't wait, giving every stakeholder the clarity and confidence to act on high-stakes decisions across critical infrastructure, mining, and commercial insurance.

TRAIL is the AI workspace for site risk assessments, investment decisions, hazard identification, and continuous monitoring across the full project lifecycle. It unifies geospatial data, geotechnical studies, proprietary satellite data pipelines, catastrophe model outputs, and engineering documentation into a single, traceable AI workspace. 

So every analysis output, failure mode, and report is grounded in defense.

Built for mining operations, risk engineers, underwriters, geotechnical consultants, and asset owners who can't afford to miss early signals.

We have worked with Zurich North America, Amazon Web Services, Stantec, TransAlta, Ramboll, Agnico Eagle, Hecla, and Eldorado Gold Corporation, and many more - across mining, data centers, energy infrastructure, and commercial property insurance.

Today, we monitor over $100B in assets across 5 million sq. km.

Work with us:

→ Book a meeting: korrai.com/book-a-meeting

→ Partnerships & press: contact@korrai.com

→ Careers: korrai.com/careers",Climate Data and Analytics,11-50 employees,Privately Held,"Bengaluru, Karnataka, India",India,korrai.com,https://www.linkedin.com/company/korrai
The Sustainability Cloud,"LogicLadder is the creator of The Sustainability Cloud (TSC).  Founded in 2011, the company is India's top enterprise sustainability management and climate action cloud software provider. As the nation’s first climate tech player, TSC offers a holistic sustainability management platform with several industry-first offerings developed through groundbreaking technological innovations. With over a decade of excellence, we empower enterprises to lead climate action through its unified software platform. TSC helps businesses measure, report, and chart their decarbonization journey to achieve NetZero.

Supported by prominent investors like ONGC, Shell, IIM Lucknow Incubation Center, Zerodha’s Rainmatter and BIG Capital, The Sustainability Cloud revolutionizes sustainability measures across 17+ sectors. The platform is used by over 1,000 enterprises to reduce environmental impact, enhance operational efficiency, and achieve sustainability goals in compliance with global regulations like BRSR, CDP, GRI, SASB, CSRD, and CBAM.

Join us in building a cleaner, safer, and more responsible planet!

Top clients
Power: NTPC | Adani Power | BHEL | Gas Turbine Power Station | Damodar Valley Corp Pvt Ltd | Gujarat State Electricity Corp Ltd | Sikka Thermal Power Plant

Petrochemical: Reliance | Hindustan Oil Exploration Company Ltd

Consumer: Nestlé | | PVR-INOX | Mother Dairy | Hindustan | Coca Cola Beverages

Cement: Ambuja | Ultratech Cements | Nuvoco Vistas Corp Ltd

Automobile: Maruti Suzuki | Hero E-cycles | SML Isuzu Ltd

Textile: Grasim | Vardhaman Creations | National Woollen & Finishers Pvt Ltd | Marble Int. Pvt Ltd

Iron & Steel: JSW | Bokaro Steel Plant | L&T Special Steel and Heavy Forgings Pvt Ltd | Nova Iron & Steel Ltd | Rajouri Steels | Welspun Power & Steel Pvt Ltd

Product Suite:
TSC Energy | TSC Enviro | TSC Water | TSC NetZero",Climate Data and Analytics,51-200 employees,Privately Held,"Gurugram, Haryana, India",India,thesustainabilitycloud.com,https://www.linkedin.com/company/thesustainabilitycloud
Climes,"Climes is India’s leading carbon intelligence platform (backed by Peak XV/Sequoia).

Our platform enables businesses to measure, report, and reduce their carbon footprint with accuracy across Scope 1, 2, and 3. It integrates seamlessly with existing systems, cleans and structures complex datasets, and produces audit-ready disclosures aligned with BRSR Core, Decree 11, and other global regulatory standards.

As part of our connected sustainability ecosystem, Climes API, Climes LITE, and Carbon Neutral Events enable organisations to integrate emissions data, activate climate-positive touchpoints, and fund verified avoidance and removal projects at scale.",Climate Data and Analytics,2-10 employees,Privately Held,India,India,climes.io,https://www.linkedin.com/company/climes-io
SuperHumanRace,"In 2016, we started imagining a world where 'good' is valued and rewarded. Based on this lofty mission of making the world a better place, powered by human kindness, we started looking for our answers in data and technology. At the SuperHumanRace, we take pride in using creativity and data to solve for intersections. In working out these solutions, we discover the engineers, the architects and the authors that live and breathe deep inside the colorful fabric of society. We automate social purpose for organizations and deliver impact related insights to all of our users. At the core of the SuperHumanRace is the belief that while good work is important and aspiring to make an impact is necessary, it cannot be sustainable unless it is also fun!

We offer ESG & CSR automation, alignment with UN Sustainable Development Goals (SDGs) and Experiential Employee Engagement to corporations across various industry verticals. More than 1Mn users in 31 countries use the platform including employees, suppliers & customers of top brands like Capgemini, Godrej, Bosch, JLL, Tata Power, DCM Shriram, K Raheja, Oberoi, Jindal Stainless, Mindspace REIT, Luminous Power, and many others.

Why do our clients love using the platform? We deliver AI/ML enabled do-good strategies & automated measurement to companies along with advanced data analytics, automated reporting, audit ready generated datasets and actionable insights that reduce costs and maximise profits. 

Interested? Email us at demo@mysuperhumanrace.com or send a message on +91 82878 44700 if you're interested.",Climate Data and Analytics,11-50 employees,Privately Held,"New Delhi, Delhi, India",India,mysuperhumanrace.com,https://www.linkedin.com/company/superhumanrace
Airvoice — Air Value Management System,"Airvoice is an expert in air quality monitoring and modelling of air pollution and dispersion modelling.

To create our high tech equipment and develop our professional software we cooperate with leading research teams and software developers, offering the opportunity for their solutions to integrated into our platform.",Climate Data and Analytics,51-200 employees,Privately Held,"Gurugram, Haryana, India",India,airvoice.global,https://www.linkedin.com/company/airvoice-avms
Quadrical Ai,"Increase Performance by 2-4% while Monitoring with our Digital Twin based Platform

Plant Audit | Digital Twin based CMMS | Snap-On Advanced Analytics | Forecasting | ROC

We help solar improve generation by 2 – 4% while optimizing performance and asset management.   Digital Twin AI is at the core of our Asset Management Platform. We build a personalized, digital replica of your plant, & leverage these special purpose ‘Digital Twins’ for identifying and quantifying shading, soiling, insulation, long term degradation, due diligence etc. This allows us to deploy true Condition Based Maintenance.

- Plant Audit. Actionable guidance in 2 weeks with no time, impact to your existing systems. 
- Fast Onboarding for immediate results. 
- RealTime Monitoring & Reporting (Faults/Failures) across Plants and Portfolio 
- Predictive Maintenance with AI.  Actionable O&M Guidance, prioritized by revenue impact 
- Digital Twin AI Based Data Platform 
- Forecasting generation >98% Daily accuracy in Head-to-Head Tests 

Combining Data Engineering and Deep Math, founders Sharat Singh and Dr. Hugh Hind have built this Solar Management platform with proprietary and patented AI.  

‘Future Proof,’ and Extensible, these ‘Digital Twins’ of solar plants learn how to optimize every aspect with a holistic 25-Year Plan.",Climate Data and Analytics,11-50 employees,Privately Held,"Gurugram, Haryana, India",India,quadrical.ai,https://www.linkedin.com/company/quadrical
Niruthi,"Founded by Dr. Ramakrishna Nemani, a retired NASA scientist with over thirty-five years of experience in remote sensing, numerical bio-geochemical modelling, agronomy and climatology, Niruthi employs a state-of-the-art data-model assimilation approach based on the Terrestrial Observation and Prediction System (TOPS) designed to seamlessly integrate fine scale data from satellites, weather stations, mobiles into sophisticated simulation models empowered by Big Data (BD) and Artificial Intelligence (AI). The resulting ecosystem nowcasts and forecasts are used to design custom solutions for Crop Insurance, Crop Yield Estimation, Irrigation Management, Carbon Credits, Pest/Disease Dynamics, Disaster Management and Public Health.",Climate Data and Analytics,51-200 employees,Privately Held,"Hyderabad, Telangana, India",India,,https://www.linkedin.com/company/niruthi-climate-&-ecosystems-private-limited
Fitsol,"Founded in 2022, Fitsol leverages cutting-edge AI and execution prowess to provide comprehensive decarbonisation solutions. With a mission to create a greener future, the company specialises in sustainable logistics, green packaging, and energy-efficient warehousing, addressing the most challenging emissions—Scope 3 - specifically manufacturing supply chains by solving hard challenges across suppliers, logistics, packaging, and operations. 

Using our SaaS-based carbon accounting platform as a GTM wedge, Fitsol identifies emission and cost inefficiencies across siloed departments, then delivers solutions that cut both carbon and costs. We call it (TCO)^2 - Total Cost Optimisation X Total Carbon Optimisation.

Already working with *20+ top auto giants* backed by multi-year contracts and a strong revenue pipeline. 

The leadership team brings 70+ years of supply-chain expertise (TVS, JK Tyre, Hero), driving rapid, profitable growth.

Each client unlocks a network of 500+ suppliers, creating a flywheel ecosystem for scalable decarbonisation and international expansion.

Backed by Transition VC to lead the DaaS offering globally at scale!",Climate Data and Analytics,51-200 employees,Privately Held,"Gurugram, Haryana, India",India,fitsol.green,https://www.linkedin.com/company/fitsol-green
Ecohodo,"Building  AI-enabled DMRV Software to help calculate emissions with minimal manual intervention.
A Pioneering AI-Driven DMRV Solution.  Our innovative start-up redefines carbon management, leveraging advanced AI technology to streamline emissions calculations without human intervention.  By automating complex data processing, businesses attain unrivalled accuracy and efficiency in determining their carbon footprint.   By harnessing the power of AI, we unlock unparalleled accuracy in emissions calculations while significantly reducing manual intervention.  With heightened visibility and verifiability, our innovative platform establishes a robust framework for trading and development carbon credits and offsets projects, ensuring utmost accountability and compliance. Moreover, our platform ensures unparalleled traceability of carbon credits and offsets, bolstering transparency and credibility in the carbon market.  Join us in forging a greener and more sustainable tomorrow! #CarbonSolutions #Sustainability  #CarbonFootprint #SustainableSolutions #CarbonManagement #EcoHodo",Climate Data and Analytics,2-10 employees,Privately Held,"New Delhi, Delhi, India",India,ecohodo.ai,https://www.linkedin.com/company/ecohodo
GreenStitch.io,"GreenStitch helps fashion, lifestyle and retail companies measure, report and cut their environmental footprint using the data they already have.

Carbon Accounting 
Automate Scope 1, 2 and 3 emissions tracking, including purchased goods, with textile-specific, geography-adjusted factors and audit-grade accuracy.

Product LCA 
Generate SKU-level cradle-to-grave LCAs straight from your BOM and PLM data, even when supplier data is incomplete. Now with multi-source modelling across suppliers, facilities and geographies, 16 PEF-aligned impact categories, and French Eco-Score built in.

Digital Product Passport 
Generate SKU-specific passports straight from verified data, aligned with the EU's ESPR and France's AGEC law. Updates automatically as the underlying product data changes.

ESG Reporting 
170+ ESG indicators in one hub, auto-mapped to CSRD, BRSR, GRI, ISSB, TCFD, CDP, and so on. Build the disclosure once, not once per regulator.

Supply Chain Decarbonisation 
Model decarbonisation scenarios. Rank suppliers and facilities by carbon load and urgency, then simulate interventions, renewable energy, cleaner dyeing, material swaps, against SBTi FLAG pathways before committing budget.

Supplier Sustainability Scorecard 
Set your own evaluation criteria and scoring logic, let suppliers submit data directly, and get automated, comparable performance ratings across tiers, linked straight to sourcing decisions.

Built by people who understand the fashion industry. Customers report up to 60% lower sustainability and compliance costs, and 80% less time spent on ESG and carbon reporting.",Climate Data and Analytics,11-50 employees,Privately Held,"Bengaluru, Karnataka, India",India,greenstitch.io,https://www.linkedin.com/company/greenstitch-io
Verdentum,"Verdentum's technology helps leading philanthropic organizations, financial institutions and NGOs launch, coordinate, and track impact on projects around the world. With high levels of customizability, real-time data analysis, and new-age features driven by artificial intelligence and machine learning, Verdentum's technology presents cutting-edge possibilities for greater efficiency.",Climate Data and Analytics,11-50 employees,Privately Held,"Hyderabad, Telangana, India",India,verdentum.org,https://www.linkedin.com/company/verdentum-org
EMA Solutions,"EMA is built over extensive and hands-on market experience with an aim to provide new-age analytical solutions to Energy Markets. Our unmatched combination of expert-led, practitioner sourced and data driven analytical solutions  aids clients in Trading/Market based decision making ( present and future)  with focus on Risk Mitigation . Our solutions are tailor made for South Asian Power Markets and are unique in offering.",Climate Data and Analytics,11-50 employees,Privately Held,"New Delhi, Delhi, India",India,energymarketanalytics.com,https://www.linkedin.com/company/emasolutions
Fluid Analytics AI,"Fluid Analytics is building the intelligence layer for water systems - from rivers and watersheds to the pipes, treatment plants, and stormwater networks that connect them to cities.

Through its platform AquaGrid, the company helps cities and industrial operators understand and manage water risk across these interconnected systems. Rivers and surface waters sit at the center of this picture: they are the source of most urban water supply, the receiving body for treated and untreated discharges, and the primary pathway through which flooding, drought, and pollution events reach communities.

Water risk is intensifying. Climate volatility is reshaping flow regimes, intensifying storms, and stressing watersheds. Aging pipes leak, overflow, and fail. Pollution moves through river systems faster than monitoring programs can track it. Yet the data needed to anticipate these risks remains scattered across SCADA systems, sampling reports, sensor feeds, and regulatory filings - rarely brought together into a coherent operational view.

AquaGrid changes that. It provides continuous, system-level visibility into the health and behavior of water networks and the rivers they depend on, giving operators early awareness of flooding risk, infrastructure deterioration, pollution events, and emerging public-health signals before they escalate.

To date, the Fluid Analytics platform has delivered continuous risk visibility across water systems carrying more than 820 million gallons (3.1 billion liters) of daily flows, supporting early detection of pollution events, floods, and infrastructure failures.

Fluid Analytics partners with industrial operators, cities, and engineering firms worldwide to move water risk management from reactive to predictive, watershed-to-tap intelligence.",Climate Data and Analytics,11-50 employees,Privately Held,"Pune, Maharashtra, India",India,fluidanalytics.ai,https://www.linkedin.com/company/fluidanalyticsai
Niche 99 ESG Ratings. (SEBI Registered ESG Ratings Company.),"Welcome to Niche 99 (SEBI Registered ESG Ratings Company)

At Niche 99, we specialize in providing expert ESG Rating services for Indian businesses, “From India, For India, In Indian Context”. Our team of experienced professionals delivers:

•Consistent & Actionable Ratings: Data-driven and evidence-based, our ratings provide clear insights for informed decision-making.
•ESG+C (Commitment) Ratings: We assess not only your ESG performance but also your commitment to sustainability.
•4 Pillars Ratings: Our comprehensive framework covers all key aspects of ESG.
•9 Rating Classes & 81 Factors: A detailed and nuanced evaluation with over 2350+ data points.
•Custom Research Reports: Tailored reports that address your specific needs and stakeholder requirements.
We are a SEBI Registered ESG Rating Service Provider, ensuring adherence to the highest industry standards.",Climate Data and Analytics,2-10 employees,Privately Held,"Mumbai, Maharashtra, India",India,niche99.com,https://www.linkedin.com/company/niche99
EarthSync,"AI Agents for Renewable Energy Projects.

Plan, procure, and operate with sub-hourly resolution and your market’s actual rules built in.",Climate Data and Analytics,11-50 employees,Privately Held,"Bengaluru, Karnataka, India",India,earthsync.io,https://www.linkedin.com/company/earthsync
RenewCred,"RenewCred (Net Zero Initiative Private Limited) is a Global South-led carbon credits standard and registry building trust infrastructure for the voluntary carbon market. We develop rigorous climate methodologies, operate a transparent registry, and use proprietary digital systems to enable faster, data-backed assurance and issuance of carbon credits.

Focused on engineered and technology-enabled climate projects, RenewCred supports project developers with methodology, monitoring, registry, and market-readiness infrastructure, while enabling buyers to access credible credits backed by strong scientific review, continuous project data, and transparent governance. With a community of 100+ scientists, RenewCred is building a more rigorous, accessible, and finance-ready carbon market for the Global South and beyond.

To learn more, reach out at info@renewcred.com",Climate Data and Analytics,11-50 employees,Privately Held,"Bengaluru East, Karnataka, India",India,renewcred.com,https://www.linkedin.com/company/letsrenewcred
CarbonMinus,"Welcome to CarbonMinus, where environmental sustainability meets business innovation in perfect harmony. In a world where the call for eco-responsibility is louder than ever, CarbonMinus stands as the pioneer in transforming businesses into eco-efficient powerhouses. With a core philosophy of merging green practices with profitability, CarbonMinus is reshaping the landscape of corporate sustainability.",Climate Data and Analytics,11-50 employees,Privately Held,"Pune, Maharashtra, India",India,carbonminus.com,https://www.linkedin.com/company/thecarbonminus
Detox Corporation Private Limited - India,"M/s. Detox Corporation Pvt. Ltd. operates State of the Art Laboratory accredited with ISO 9001:2015, ISO/IEC17025:2017, ISO 45001:2018 and Recognized By Ministry of Environment & Forest(MoEF), with a vision to provide quality, compliant, precise, time bound and cost effective Laboratory Testing Solutions for the following disciplines:

- Environment (Air, Water, Noise, Soil, Haz Waste, Marine)
- Drinking Water
- Building Materials
- Ores & Minerals
- Fertilizer
- Solid Fuels

Our Laboratories have competent manpower having essential quality experience & high-end automated instruments to ensure precision in results and latest ERPs to meet our vision 

HO Address: 
3rd Floor, K. G. Chambers, Udhana Darwaja, Ring Road, Surat, Gujarat, India.
Email: info.laboratory@detoxgroup.in
Contact: +91 - 72111 57104

Adani Hazira Port Address: 
Office No.114, First Floor, New CDU Building, Phase III, Liquid Terminal,
Adani Hazira Port Ltd., Hazira, Gujarat, India.",Climate Data and Analytics,201-500 employees,Privately Held,"Surat, Gujarat, India",India,detoxlaboratory.com,https://www.linkedin.com/company/detox-corporation-private-limited---india
Energy ETA,"EnergyETA Solutions is at the forefront of revolutionizing the energy management landscape through advanced IoT and AI-driven technologies. Our flagship platform ETA+ leverages cutting-edge machine learning algorithms to not only provide real-time energy usage analytics but also perform active controls to optimize energy efficiency, and drive cost reductions for businesses across various sectors. 

From Industrial facilities to commercial buildings to system Integrators to PEM, EnergyETA platform ETA+ offers actionable insights that help organizations realize several benefits. 
Value for our customers:  5-30% Energy Saving | 10-15% Productivity Improvement  | 12-17% Equipment Life Improvement 

We have developed a IoT, data science and domain expertise enabled platform (ETA+), which is designed to be reliable, customizable yet scalable and affordable.",Climate Data and Analytics,11-50 employees,Privately Held,"Bengaluru East, Karnataka, India",India,energyeta.ai,https://www.linkedin.com/company/energyeta
Darukaa.Earth,"Darukaa.Earth is a pioneering climate-tech platform committed to democratizing climate action at scale by bringing radical transparency to carbon removal and biodiversity conservation. 

Our end-to-end nature finance solutions span the entire project lifecycle—from pre-feasibility to credit issuance and beyond—leveraging advanced digital MRV (Measurement, Reporting, and Verification) systems, multi-modal environmental modeling, AI-driven analytics, and community-centric project execution.

We believe that effective climate action must be inclusive and data-driven. 
By combining cutting-edge technology with deep community engagement, we are empowering local stakeholders to actively participate in nature-based projects, ensuring equitable income opportunities and sustainable environmental stewardship. 

We aim to build a future where every stakeholder—from local communities to global investors—can engage in and benefit from the green economy.",Climate Data and Analytics,11-50 employees,Privately Held,"Mumbai, Maharashtra, India",India,darukaa.earth,https://www.linkedin.com/company/darukaa-esg-tech
4Seer | ESG Reporting and Data & Analytics,"Welcome to 4Seer Technologies, your trusted partner at the intersection of data excellence and sustainability reporting, driving meaningful change for a better world.

At 4Seer, we are pioneers in cutting-edge Data Engineering solutions, leveraging advanced AI/ML techniques and Generative AI algorithms to revolutionize how organizations harness and interpret their data. From seamless Data Ingestion and agile Data ETL Pipelines to robust Data Warehousing capabilities, our AI-powered solutions ensure that your data works smarter, not harder.

But our commitment to innovation doesn't stop there. We understand that the global imperative for sustainability requires forward-thinking approaches to reporting and accountability. That's why we've developed a pioneering IP focused on ESG (Environmental, Social, and Governance) reporting, aligning seamlessly with leading frameworks such as GRI, SASB, TCFD, and IFRS. By integrating AI-driven analytics into our ESG reporting solutions, we empower organizations to gain deeper insights into their sustainability performance and drive meaningful action towards a more sustainable future.

Partner with us as we harness the power of AI, ML, and Generative AI to unlock the full potential of your data and propel your sustainability initiatives to new heights. Together, let's redefine what's possible in data-driven sustainability reporting and shape a brighter, more prosperous future for generations to come.

We are 4Seer - Where Foresight meets Data and Sustainability.",Climate Data and Analytics,11-50 employees,Privately Held,"Bengaluru, Karnataka, India",India,4seer.cloud,https://www.linkedin.com/company/4seer-technologies-private-limited
Spatial Sense,"Spatial Sense, is an early-stage start-up that is focused on utilizing satellite technology, earth observation data, and in-house artificial intelligence capabilities to impact various industries in a sustainable manner.",Climate Data and Analytics,2-10 employees,Privately Held,"Hyderabad, TG, India",India,asci.co.in,https://www.linkedin.com/company/spatial-sense-analytics
JSW Centre for Climate Change and Health,"Advancing climate-health resilience for a healthier planet and people.
The Centre brings together Climate Science, Health, Social Sciences, and Humanities to understand and address the health impacts of climate change. We work to accelerate India’s commitment under the National Programme for Climate Change & Human Health (NPCCHH) through:

 Awareness
 Capacity Building
 Strengthening Health System Preparedness
 Strategic Partnerships
 Research & Innovation",Climate Data and Analytics,2-10 employees,Non Profit,"Gurugram, Haryana, India",India,phfi.org,https://www.linkedin.com/company/jsw-centre-for-climate-change-and-health-ccch
Climate Desk India,"Climate Desk India is dedicated to driving the conversation on climate, environment, and energy. We aim to foster a deeper understanding of the urgent challenges our planet faces and to inspire meaningful action. 

Through insightful content, expert analysis, and community engagement, we connect stakeholders, policymakers, and the public to create a sustainable future. 

Join us as we explore innovative solutions and advocate for responsible stewardship of our environment. Together, we can make a difference.",Climate Data and Analytics,Self-employed,Non Profit,"Lucknow, Uttar Pradesh, India",India,,https://www.linkedin.com/company/climate-desk-india
Intensel Limited,"We help our clients—collectively managing trillions in assets and balance sheets—price and manage extreme weather risks through our AI-powered XWRiTM platform and APIs.

Our rapidly expanding global client base includes central banks, asset managers, insurers, and consulting firms, leveraging the latest climate science and high-resolution risk intelligence to quantify exposure, strengthen resilience, and meet reporting requirements.

Learn more on our website or contact us directly to explore how Intensel’s XWRiTM solutions can help your business stay ahead of rainfall floods, storm surges, wildfires, and other escalating climate threats.

info@intensel.net",Climate Data and Analytics,11-50 employees,Privately Held,"Bengaluru, Karnataka, India",India,intensel.net,https://www.linkedin.com/company/intensel-limited
ClimAgro Analytics,"ClimAgro Analytics is a research-driven AI startup specializing in climate risk intelligence. Our models analyze vast datasets on climate, agriculture, and socio-demographics to assess climate risks and crop-specific yield projections across past, present, and future periods. While our core expertise lies in agriculture, we also support climate-smart cities, and sustainability planning, addressing broader climate challenges. By integrating advanced analytics with scientific research, we provide high-resolution risk assessments to help businesses and policymakers anticipate and mitigate climate risks effectively.",Climate Data and Analytics,2-10 employees,Privately Held,"Kanpur, Uttar Pradesh, India",India,climagroanalytics.com,https://www.linkedin.com/company/climagro-analytics
CETFI,"At CETFI (Climate and Energy Transition Finance Initiative), we are a multi-stakeholder alliance committed to accelerating climate finance in emerging markets. Our mission is to bridge the gap between ambitious climate goals and the financial resources needed to achieve them. By enabling partnerships between global investors, industry leaders, and governments, CETFI develops innovative financial structures that make sustainable projects more viable and impactful. We recognise the critical role that the Global South plays in the global climate fight, and we are dedicated to ensuring that these regions receive the support necessary to drive meaningful change.",Climate Data and Analytics,2-10 employees,Non Profit,"New Delhi, Delhi, India",India,cetfi.org,https://www.linkedin.com/company/cetfi
Climate Agenda,We promote Climate Solution and help Policy Makers introduce People-Centric Climate Policies through Mass-Recommendations.,Climate Data and Analytics,11-50 employees,Non Profit,"Varanasi, Uttar Pradesh, India",India,theclimateagenda.in,https://www.linkedin.com/company/the-climate-agenda
KuKi Solutions,"Design that simplifies. Data that decides. Built for real execution.

At KuKi, we craft technology that brings clarity to ESG, allowing organisations to understand their ecosystem, move with confidence, and create impact that carries forward into the future. Our platform automates repetitive compliance work, gives every company access to intuitive tools, and turns reports into data-driven insights that fuel strategic growth. Our vision is to move ESG beyond jargon, into the heart of everyday execution where it becomes practical, predictive, and truly impactful.

Building the future of ESG tech means solving real problems at scale. Let’s connect if you’re passionate about ESG, sustainable growth, innovation, and tech-led transformation.",Climate Data and Analytics,2-10 employees,Privately Held,"Bengaluru, Karnataka, India",India,kuki.co.in,https://www.linkedin.com/company/kukisol
ESGCITI GREEN,"""EsgCiti Green- Sustainability Intelligence. Compliance. Execution. Impact."" 

We are a DPIIT-recognised sustainability intelligence and execution company helping environmentally exposed sectors translate compliance requirements into practical transition strategies. As a FICCI member, we collaborate with government bodies, financial institutions, and businesses across finance, policy, and industry to strengthen India's green transition infrastructure.

Our work spans: ESG compliance enablement, Plant-level decarbonisation and resource efficiency, Waste-to-value and circularity pathways, Sector and cluster-level industrial intelligence reports, Sustainability-linked capital and transition planning.

We operate at the intersection of compliance, execution, and environmental impact supporting Indian MSMEs, exporters, and industrial enterprises with ESG intelligence and on-ground implementation that integrates seamlessly with core business operations.

Through Pashu Vana, our nature-linked initiative, we design and implement biodiversity restoration, ecological regeneration, and high-integrity nature-based carbon programs - strengthening sustainable industrial and agricultural ecosystems for the long term.

EsgCiti brings together deep expertise across technology, finance, and sustainability. Our goal is simple: help businesses of all sizes and institutions convert sustainability intent into measurable environmental and economic outcomes. Contact us - info@esgciti.com",Climate Data and Analytics,2-10 employees,Privately Held,"Mumbai, Maharashtra, India",India,esgciti.com,https://www.linkedin.com/company/esgciti
afforestation.org,"Afforestation.org is an AI-powered environmental platform on a mission to restore the world’s forests, one tree at a time. We connect individuals, businesses and NGOs with vetted reforestation projects—enabling you to sponsor native tree plantings, track survival rates, and measure real-time carbon sequestration through intuitive dashboards. Our gamified Grow App links focused work sessions to actual tree-planting, turning your productivity into tangible environmental impact. For enterprises, we offer custom CSR solutions, embeddable impact widgets, and API integrations for seamless sustainability reporting. From grassroots volunteer events to large-scale corporate partnerships, Afforestation.org provides the tools, insights and community support needed to make every planting count—and to build a greener future together.",Climate Data and Analytics,2-10 employees,Privately Held,"Bengaluru, Karnataka, India",India,afforestation.org,https://www.linkedin.com/company/afforestaion-org
SAGE Centre - Sustainable Adaptation to Global Change in the Middle East,"The SAGE-Center, which is situated in Germany with a hub in the Palestinian Territories, contributes to empowering societies to find science-based solutions to adaptive and sustainable management of natural resources in a changing world. The Center serves as a regional resource for the capacity building of a young generation in an international environment and will thereby become a focal point for regional efforts to propose climate and land use change adaptation options.  

The overarching goals of SAGE are to contribute to sharing of and exposure to knowledge and capacity building in relevant disciplines, to conduct multilateral and interdisciplinary research on areas of concern, and make available cutting-edge research relevant for decision-makers. 

It will furthermore aim to become a regional resource for national and international bodies concerned with global change and to promote regional transboundary cooperation in global change adaptation.",Climate Data and Analytics,11-50 employees,Educational,"New Delhi, Delhi, India",India,sage-centre.org,https://www.linkedin.com/company/sage-centre
TECHG-X,"At TECHG-X a climate tech startup, we specialize in providing cutting-edge, data-driven climate risk solutions to help businesses, public sector and governments to understand and mitigate the impacts of physical climate risks. Our flagship platform, AssetRX - https://assetrx.techg-x.com/, offers in-depth climate hazard asset risk profiling, focusing on climate and environmental hazards like sea level rise, hurricanes, wildfires, floods, and droughts, to help asset managers, insurers, real estate professionals, ESG professionals, and risk analysts make informed, and future-proof decisions.

With our expertise in geospatial analytics and advanced climate modeling, we provide precise risk profiling for assets that includes properties, infrastructure and utilities. Our platform delivers a comprehensive view of potential losses across various sectors, combining key performance indicators like risk scores, property loss values, infrastructure loss values and population exposure with real-time insights and predictive analytics.

We have a strong platform development, data science, and data engineering teams ensuring a global perspective and operational excellence across geographies. While we are focused on the USA and North American markets, our vision extends beyond borders as we aim to expand our solutions to other geographies worldwide.

Our mission is to empower organizations with actionable intelligence to safeguard their assets, meet regulatory requirements like ESG and Sustainability reporting, and contribute to a more resilient and sustainable future. At TECHG-X, we bridge the gap between data science and climate resilience, enabling proactive risk management and long-term business sustainability.",Climate Data and Analytics,2-10 employees,Privately Held,"Pimpri Chinchwad, Maharashtra, India",India,techg-x.com,https://www.linkedin.com/company/techg-x
Forensic Analyst at Ethos Forensic Services,"A Criminal Analyst at Ethos Forensic Services is a highly skilled and dedicated professional responsible for examining and interpreting complex forensic evidence in criminal investigations. Ethos Forensic Services is renowned for its commitment to truth, integrity, and scientific rigor in the pursuit of justice. Criminal Analysts at Ethos play a crucial role in supporting law enforcement agencies, legal teams, and the criminal justice system.",Climate Data and Analytics,2-10 employees,Self Employed,"Lucknow, Uttar Pradesh, India",India,,https://www.linkedin.com/company/forensic-analyst-at-ethos-forensic-services
Earthquant,"Founded in 2025 by group of scientists, EARTHQUANT is redefining how the world understands and manages climate risk. We leverage the power of artificial intelligence (AI), aerial imagery, and advanced climate modeling to deliver data-driven climate intelligence that transforms uncertainty into actionable insight. Our AI-powered climate analytics platform combines hyperlocal weather data, satellite intelligence, and global climate models to provide high-precision, forward-looking climate risk assessments.

Using parametric modelling and predictive simulations, EARTHQUANT enables businesses, insurers, and investors to anticipate climate-related losses, evaluate exposure, and make faster, smarter, and more resilient decisions in a changing world.

With a mission to make climate data transparent, scalable, and actionable, EARTHQUANT empowers organizations to navigate the complexities of climate change with confidence.

With climate science at its core, our platform ingests imagery and weather data to generate forward-looking risk insights. These insights are used by various sectors on real-time basis with our platform e.g. by energy players for accurately forecasting energy production, by (re)insurers in simulating parametric triggers and payouts. This provides a transparent, scalable way to anticipate losses, price risk, and make faster, smarter decisions.

At EARTHQUANT, our goal is to make climate intelligence accessible, actionable, and predictive through the power of artificial intelligence (AI), parametric climate modelling, and hyperlocal forecasting.",Climate Data and Analytics,2-10 employees,Privately Held,"Gurugram, Haryana, India",India,,https://www.linkedin.com/company/earthquant
Green Done,"Green Done Consultants is a Consulting Firm in the business of Providing Services in the area of
Carbon/ GHG Services,
LEED Third Party Verification & Disclosures,
Sustainability Services,
Green Certification,
Energy Management,
Waste Management.",Climate Data and Analytics,11-50 employees,Partnership,"Mumbai, Maharashtra, India",India,greendone.tech,https://www.linkedin.com/company/green-done-tech
Ek Kutumb Solutions,"At Ek Kutumb, we uncover the values, beliefs and worldviews that shape how Indians relate to the environment and economic opportunity. Our research goes beyond opinions to understand what truly motivates or blocks people from taking action. We work with governments, businesses, and civil society to design strategies that align with what matters most to people, enabling environmental protection that also creates prosperity.
Our interdisciplinary team combines rigorous methods with cultural sensitivity, collaborating across sectors to deliver insights that are grounded, actionable and enduring. Inspired by Vasudhaiva Kutumbakam, the belief that the world is one family, we help shape a future where all Indians can enjoy clean air, meaningful work, and a healthy environment.",Climate Data and Analytics,2-10 employees,Privately Held,"Mumbai, Maharashtra, India",India,ekkutumbsolutions.com,https://www.linkedin.com/company/ek-kutumb-solutions
PlastPe,Creating value for recyclable plastic through plastic collection centres enabled by AI based plastic sorting machine and supply chain network and using blockchain for plastic transactions across every stakeholders.,Climate Data and Analytics,2-10 employees,Privately Held,"Pilani, Rajasthan, India",India,plastpe.com,https://www.linkedin.com/company/plastpe
Ethosflo - Value Chain Sustainability,"Ethosflo is a low-cost, on-demand, value chain sustainability maturity assessment platform that allows organizations assess various environmental, social, and governance (ESG) aspects of their business partners (suppliers, customers, portfolio) and manage risks in their business.

Our Story:
With rising regulations and investor & customer demands around the ESG aspects globally, organizations are now required to demonstrate sustainable development practices not only in their direct operations (owned offices, vehicles, manufacturing facilities, buildings, land, etc.) but also in their indirect operations (supplier’s operation, farm from where milk is sourced, construction material suppliers, purchaser of packaging, portfolio companies, etc.).

Organizations need to assess the maturity of business partners in their value chain on ESG aspects to comply with regulations and at the same time ensure that the functional core teams (like purchase or sales) are not stretched in their resource bandwidth so as not to affect their core responsibilities. 

In our experience, most procurement teams are struggling with the rising burden of ESG-assessment of their business partners. Undertaking the assessment in-house requires capacity building of the procurement team on ESG aspects, training and educating the business partners, systems and infrastructure upgrades, and continuous monitoring – too much to ask in too short time!

Ethosflo was born out of this crisis to help organizations outsource this periodic maturity assessment of their business partners by ESG experts who bring the required knowledge. Most importantly, Ethosflo is affordable, customizable, and easy-to-operate so that organizations, including small and medium enterprises (SMEs), require the minimal effort. A dedicated account manager is assigned to each assessee to handhold through the entire process.

Reach out to us at: emailus@ethosflo.com",Climate Data and Analytics,2-10 employees,Partnership,"Kolkata, West Bengal, India",India,ethosflo.com,https://www.linkedin.com/company/ethosflo-value-chain-sustainability
Sirāt,"Sustainability is no longer optional, yet marketing remains a major but overlooked contributor to global emissions. Events, exhibitions, Ads, and digital marketing alone account for 12% of annual GHG emissions. What is the way to manage and reduce this carbon footprint? The answer is Sirāt- A Climate Deep Tech Venture.

Sirāt is the first AI-enabled NetZero Carbon Accounting platform backed by two patents filed, designed for marketing. Built on the GHG Protocol and validated by TÜV SÜD. It offers real-time tracking, deep integrations, and an innovative attribution model to help businesses measure, manage, and reduce emissions. Sirāt isn’t just another sustainability platform—it’s shaping the future of responsible marketing and Sirāt is leading the way.",Climate Data and Analytics,2-10 employees,Privately Held,"Pune, Maharashtra, India",India,sirat.earth,https://www.linkedin.com/company/sirat-earth
United Geosphere Network,"United Geosphere Network (UGN) is a global collaborative research initiative dedicated to analyzing, understanding, and communicating the critical shifts in Earth’s climate systems.

Founded on the rigorous findings of the research monograph 'Global Warming and Its Effects on Humanity (2025 Edition)', UGN serves as a bridge between complex scientific data (from NASA, ISRO, IPCC) and the general public.

We are not just a research team; we are a 'Global Family' of data analysts, environmentalists, and concerned citizens united by a single mission: to safeguard the Geosphere. We believe that scientific awareness is the first step towards survival.

Our Focus:

Analyze: Monitoring open-source climate data (Satellite imagery, Temperature records).
Educate: Simplifying complex climate science for the masses.
Act: Creating a network of 'Green Warriors' ready to implement solutions.",Climate Data and Analytics,"501-1,000 employees",Self Employed,"Amravati, Maharashtra, India",India,,https://www.linkedin.com/company/unitedgeospherenetwork
Water and Climate Lab,"The Water and Climate Lab (WCL) at the Indian Institute of Technology Gandhinagar is an interdisciplinary research group focused on understanding the interactions between water systems and climate variability. Led by Prof. Vimal Mishra, the lab specialises in hydrologic modelling, remote sensing, and data-driven analysis to study the impacts of climate change, including droughts, floods, and heat waves. Its research aims to improve the prediction and management of water resources, particularly in the context of changing climate conditions in India, supporting sustainable and resilient water systems.",Climate Data and Analytics,11-50 employees,Non Profit,"Gandhinagar, Gujarat, India",India,iitgn.ac.in,https://www.linkedin.com/company/water-and-climate-lab
check,"At Emitrix, we specialize in automating Scope 3 emissions tracking across supply chains, empowering businesses to achieve compliance and drive strategic sustainability. Our innovative platform establishes robust relationships with value chain partners, providing complete visibility and data consistency in emissions monitoring. 

Key Features: 

Automated Scope 3 Emission Monitoring: Streamlines emissions tracking by integrating real-time data from suppliers, ensuring transparency and accuracy. 

Product-Level Emission Monitoring: Tracks emissions at the product level to understand the carbon impact throughout its lifecycle, enabling targeted reduction strategies. 

Compliance and Standards: Fully compliant with GHG protocol standards, ensuring regulatory adherence and precise emissions reporting. 

Reduction Goals and Progress Tracking: Allows organizations to set tailored reduction targets and track progress with actionable insights. 

Client-Based Approach: Offers customized solutions that meet the specific needs of diverse organizations, from multinationals to SMEs. 

Scenario Analysis: Assesses climate change risks and opportunities, integrating insights with financial KPIs for strategic decision-making. 

Application Reporting: Facilitates tailored reporting aligned with sectoral and regional standards for effective compliance and stakeholder communication. 

Join us in creating a sustainable future through effective carbon management. Together, we can drive impactful change worldwide.",Climate Data and Analytics,2-10 employees,Privately Held,"Bengaluru, Karnataka, India",India,emitrix.io,https://www.linkedin.com/company/checktest122
Govardhan App : Biodiversity & Indigenous Knowledge,"Introducing Govardhan - Your Gateway to Our Biodiversity's Marvels!

 Join the World's First Ever Social Media for Our Biodiversity - Unlock the Beauty & Wisdom of Nature! 

Are you passionate about preserving our planet's precious biodiversity? Want to explore the wonders of nature, from tiny bacteria to majestic Blue Whales? Look no further! Govardhan is here to create a meaningful impact on our ecosystem and traditional knowledge.

 Discover Unique & Incredible Biodiversity:

 From the tiniest organisms to the largest creatures, every biodiversity gets its unique username! Explore the vast array of life forms on our planet.

 Learn & Identify Species:

 Unleash your curiosity! Govardhan empowers you to identify species, plants, and understand their importance. Share your knowledge with others and expand your naturalist skills.

 A World of Medicinal Plants - Preserved & Shared:

 We are on a mission to document ALL medicinal plants worldwide! Join the platform to contribute to a global repository of Traditional Knowledge. Even undiscovered plants find their place here! #TraditionalKnowledge

 Promote Climate Action:

 Govardhan raises awareness about the urgent need to protect our precious biodiversity, driving the call for Climate Action. Together, let's safeguard our planet for future generations. #ClimateAction

 Traditional Medicine's Renaissance:

 Embrace the richness of traditional medicine! Govardhan supports research & development of Indigenous Medicine worldwide. Crowdsourced effectiveness and usage data add new dimensions to healing. #TraditionalMedicine

 Preserve Fading Traditional Knowledge:

 Our heritage is slipping away. Help preserve Traditional Knowledge alongside our Biodiversity. Together, let's safeguard ancient wisdom for a brighter future. #PreserveTraditions

 Crowdsourcing Medicinal Wisdom:",Climate Data and Analytics,Self-employed,Self Owned,"Trivandrum, Kerala, India",India,govardhanapp.com,https://www.linkedin.com/company/govardhanapp
Adyra ESG Technologies,"Building technology-enabled ESG verification by applying 20 years of data & analytics leadership to sustainability assurance.

WHAT MAKES US DIFFERENT:

Unlike most ESG practitioners who came from environmental consulting, we are team who are practitioners as well as technology experts with more than a decade experience working with banking systems to provide the right rigour for our assurance services.
 
This background + ISO certifications enable systematic, Team of circular economics research and energy management expertise, technology-enabled verification:

 - ISO 14064-1, 2, 3 Lead Verifier (Organisational, Project, Verification)
 - Certified ESG Strategy, Implementation & Assurance Practitioner

SERVICES:

- BRSR Third-Party Assurance (Listed Companies)
- CBAM Product Carbon Footprint Verification (EU Exporters)
- CDP Climate Disclosure Verification
- Carbon Offset Project Validation (ISO 14064-2)
- ESG-Linked Loan KPI Verification (Bank Compliance)
- Net-Zero Roadmap Development + Annual Verification
- Supply Chain Sustainability Assurance (Scope 3)
- GRI & TCFD Reporting Verification
- Circular Economics verification & assurance
- Energy Management 
- ESG Workshops & Trainings for CXOs, Senior Management and Employees

TECHNOLOGY PLATFORM:

Built Stakeholder ESG Engagement - proprietary verification platform that systematises:
 - Evidence collection workflows
 - Real-time verification processes
 - Audit trail automation
 - Stakeholder engagement at scale

Banking-grade rigor + Technology enablement + ISO certification = Systematic sustainability assurance",Climate Data and Analytics,2-10 employees,Partnership,"Pune, Maharashtra, India",India,adyraesgtechnologies.com,https://www.linkedin.com/company/adyra-esg-technologies-llp
Teo Ventures,Vist Our Product page SunCarbon : https://www.linkedin.com/company/suncarbon/,Climate Data and Analytics,2-10 employees,Privately Held,"Navi Mumbai, Maharashtra, India",India,teo.ventures,https://www.linkedin.com/company/teo-ventures
Acclimate,"Despite financing, knowledge, and innovations existing locally and globally, climate and nature response is still held back by fragmentation and misaligned incentives. Strong solutions remain disconnected or undervalued, leaving financiers without viable opportunities and implementers without appropriate funding, while climate-vulnerable communities face the consequences. Acclimate exists to bridge this gap, shift possibility into action, and make effective solutions obvious.

Read more at https://www.acclimate.world 

Acclimate is a climate and nature advisory led by practitioners from Africa and Asia. We embed mission-aligned expertise across strategy, investment-readiness, product innovation, impact measurement, and operations into organizations addressing climate and nature response.

We generate and integrate collective intelligence that financiers, ecosystem players, and implementers need to act with confidence and drive lasting impact for people and ecosystems.

We believe the most powerful climate responses emerge when diverse expertise converges around a shared purpose. We build with you. Our approach is collaborative, hands-on, and efficient, beginning with charting a map towards what success means for you and diagnosing the barriers you are trying to solve for.",Climate Data and Analytics,2-10 employees,Privately Held,"Goa, India",India,acclimate.world,https://www.linkedin.com/company/acclimateworld
CarbonChain India,"CarbonChain India is building India’s carbon infrastructure layer, enabling landholders to access global carbon markets through ultra-low-cost, automated MRV (Measurement, Reporting, and Verification).

We convert agricultural and land-based carbon potential into verifiable, trade-ready carbon credits using satellite intelligence, digital validation, and a proprietary MRV architecture (provisional patent filed).

What Makes Us Different?
Unlike traditional project developers, CarbonChain is a technology-first platform designed to scale across millions of land parcels.
	•	Built on India-native satellite and remote sensing data
	•	Enables high-frequency, granular verification
	•	Delivers ultra-low-cost MRV, removing barriers for landholders


What We Do?
We enable farmers, estates, institutions, and landowners to generate carbon credits through a fully digital workflow:
	•	Satellite-based monitoring of land activity
	•	Mobile-based validation inputs
	•	Automated carbon estimation and verification
	•	Periodic credit generation and payout enablement

For enterprises, we provide transparent, CCTS-aligned carbon supply with traceability and reporting.

Market Alignment
Aligned with India’s Carbon Credit Trading Scheme (CCTS), CarbonChain supports domestic carbon supply creation and enterprise Scope 3 decarbonization.

Current Focus
Phase 1 is underway in Tamil Nadu, starting with paddy cultivation, building the foundation for national scale.

Team & Mission
Founded by siblings from Chennai with military and global enterprise experience (EY, Goldman Sachs, Deutsche Bank).

Mission: Enable every landholder in India to generate verified climate income.

Contact:  info@carbonchainindia.com

Digital verification. Landholder income. Enterprise compliance.",Climate Data and Analytics,2-10 employees,Privately Held,"Ambattur, Tamil Nadu, India",India,carbonchainindia.com,https://www.linkedin.com/company/carbonchainindia
Climorisk,"Climate change has moved from a distant threat to an immediate business reality. Extreme weather events, tightening regulations, and the global shift to a low-carbon economy are reshaping financial landscapes overnight yet most organizations are still flying blind.
CLIMORISK is a climate risk intelligence platform built for companies that can't afford to guess. We translate complex climate science into the financial and operational metrics that boards, investors, and regulators actually need.",Climate Data and Analytics,2-10 employees,Privately Held,"Bengaluru, Karnataka, India",India,climorisk.com,https://www.linkedin.com/company/climorisk
Plutas.ai,"Climate change doesn’t wait. Neither do we. At Plutas.ai, we harness AI-driven adaptive solutions—parametric insurance, dynamic risk profiling, and data-powered ESG tracking—to deliver instant, automated safeguards the moment extreme events strike. By 2030, our real-time analytics will evolve into SDG-aligned carbon insights and hyperlocal risk maps, empowering insurers, banks, and communities to proactively mitigate climate threats. Backed by cutting-edge tech and a community-first ethos, we’re on a mission to secure 100 million lives—turning climate uncertainty into unshakable security.

Learn more about us at www.plutas.ai and follow our YouTube channel @ plutasai",Climate Data and Analytics,2-10 employees,Privately Held,"Hyderabad, TG, India",India,plutas.ai,https://www.linkedin.com/company/plutas-analytics
AIResQ ClimSols,"AIResQ ClimSols is a venture by the team of researchers from IIT Gandhinagar, and IIT Gandhinagar-incubated startups. Our goal is to help Indian cities build smarter, more efficient, and flood-resilient infrastructure by combining Artificial Intelligence, Physics-based Modeling, and Advanced Engineering.

We develop in-house models that form a robust decision support system, guiding everything from early flood prediction to mitigation, relief, and long-term resilience. Our work spans high-precision flood modeling, disaster recovery frameworks, urban and watershed resilience planning, and transformative engineering strategies. We focus on delivering clear, actionable insights that empower governments and communities to prepare for and adapt to climate risks while protecting critical systems.",Climate Data and Analytics,2-10 employees,Privately Held,"Gandhinagar Taluka, Gujarat, India",India,airesqclimsols.com,https://www.linkedin.com/company/airesq-climsols
VANYA,Revolutionizing Climate Action Through Technology and Nature,Climate Data and Analytics,51-200 employees,Privately Held,"Indore, Madhya Pradesh, India",India,vanya.ai,https://www.linkedin.com/company/vanya-ai
iAmpact,"iAmpact is an ISO/ IEC 27001:2022 certified enterprise SaaS platform creating powerful proprietary algorithms to revolutionize how climate and social data is captured, monitored, and reported. 
Top use-cases being ESG, CSR and Sustainable Supply-chain.
Currently, it is enhancing CSR effectiveness by integrating the right technologies across the program value chain. Making CSR management processes effective, accurate and real-time.",Climate Data and Analytics,2-10 employees,Privately Held,"New Delhi, Delhi, India",India,iampact.co.in,https://www.linkedin.com/company/iampact
CLIMATEX,Carbon & Climate Advisory,Climate Data and Analytics,2-10 employees,Privately Held,"Nagri, Jharkhand, India",India,climatex.in,https://www.linkedin.com/company/climatex-axonas-technologies-pvt-ltd
CarbonTatva AI,"CarbonTatva AI helps businesses monitor and forecast their carbon emissions using AI-native solutions. Our platform integrates with existing legacy systems, functioning as a technology layer that analyses operational data to estimate emissions. It also provides actionable recommendations to help organisations identify opportunities to reduce their carbon footprint.",Climate Data and Analytics,2-10 employees,Privately Held,"Kanpur, Uttar Pradesh, India",India,carbontatva.com,https://www.linkedin.com/company/carbontatva-ai
ESG Tech Info Private Limited,"About ESGmitra: A Pioneer in Sustainability
ESGmitra has a long-standing history based on experience and trust. With decades of expertise in the fields of industry, process, power plant cooling, water, and wastewater treatment, ESGmitra has established itself as a pioneer in sustainability. The company's name itself is a promise to its customers and business partners, reflecting its commitment to excellence and innovation.
Comprehensive ESG Services
ESGmitra provides a wide range of business-specific key performance indicators (KPIs) and offers guidance in developing precise sustainability roadmaps. Their consulting services cover various areas, including corporate training, business responsibility and sustainability reporting, biodiversity, greenhouse gas emission inventorization, and more. ESGmitra's team of experts is well-versed in the latest sustainability frameworks and can help businesses develop comprehensive sustainability strategies and frameworks.
ESGmitra is a trusted partner for businesses seeking sustainable report writing services. With their comprehensive range of ESG services, experienced team, and commitment to excellence, ESGmitra can help businesses thrive in the era of sustainability. Whether it's through their corporate training programs, consulting services, or digital solutions, ESGmitra is dedicated to guiding businesses towards a more sustainable future.
Contact ESGmitra now to embark on your sustainability journey.",Climate Data and Analytics,51-200 employees,Privately Held,"Bengaluru, Karnataka, India",India,esgcompliance.co.in,https://www.linkedin.com/company/global-esg-compliance-private-limited
Ecosys.Earth,"A perfect storm of climate change and ecological collapse threatens survival of marginal communities, particularly in the Global South.

Ecosys.Earth is on a mission to drive carbon market finance not just to mitigate climate change but to repair and restore ecosystem services, specially to those facing the brunt of the impending catastrophe.

We use technology and finance to empower marginal communities in this battle against time.",Climate Data and Analytics,2-10 employees,Partnership,"Karnataka, India",India,ecosys.earth,https://www.linkedin.com/company/ecosys-earth
Carbon Pesa Limited,"C:Pesa is a UK based Company that is implementing an end-to-end digital solution for the production of enhanced and verifiable digital Energy Attribute Certificates [EACs] called the “C:Pesa DIGIREC.  

C:Pesa’s mission is to revolutionize the market for Energy Attribute Certificates (EACs), promoting a faster and fairer transition to net-zero, carbon free electricity. EACs are generated to reflect carbon-free electricity produced through solar, wind, geothermal, and hydro sources, and are used by utilities, investment funds, and corporates to certify their use of renewable electricity to achieve global sustainability and ESG goals. Our innovative, patent-pending approach digitizes the end-to-end process, enabling us to provide EACs that are transparent, verifiable, and tradable. This allows us to tap into global low carbon power generation sources that have historically been too small or not been considered trustworthy to access environmental value markets. With rapidly growing clean electricity needs, especially with the expansion of data centres to support generative AI, the demand for EACs is likely to boom over the next decade, and C:Pesa is uniquely placed to confirm net zero, carbon free electricity using the C:Pesa DIGIREC technology solution.

The C:Pesa DIGIREC technology solution provides digital evidence for independent third party verification of low carbon power generation using the I-TRACK Standard Foundation’s taxonomy (https://www.trackingstandard.org/product-code/electricity/). Using this taxonomy to issue a digital C:Pesa DIGIREC, the platform automatically embeds an International Renewable Energy Certificate for Electricity relating to the clean energy generated along with additional data collected at the source of clean energy generation wrapped into a digital certificate.",Climate Data and Analytics,11-50 employees,Privately Held,"Mumbai, Maharashtra, India",India,c-pesa.com,https://www.linkedin.com/company/carbon-pesa-limited
Carbon6,We have completely automated carbon emission accounting with highest accuracy leveraging satellite imagery for scope 1 and natural language processing for scope 2 & 3 to calculate GHG emissions of activities directly from documents/accounting files empowering institutions with time and actionable insights.,Climate Data and Analytics,2-10 employees,Privately Held,"Mumbai, Maharashtra, India",India,carbon6.pro,https://www.linkedin.com/company/carbon6pro
Asian Climate Action Tracker,Asian Climate Action Tracker is an Initiative by DiCAF Disaster and Climate Action Federation to track the Climate Action Taken by Asian Industry.. It is a Think Tank which Monitor the actions..,Climate Data and Analytics,2-10 employees,Non Profit,"New Delhi, Delhi, India",India,dicaf.org,https://www.linkedin.com/company/asian-climate-action-tracker
Sylithe,"Sylithe is a climate-tech platform focused on transforming how carbon is measured, monitored, and verified.

We use satellite data, AI, and geospatial models to automate carbon stock estimation reducing verification timelines from months to weeks.

Our approach combines Land Use Land Cover (LULC) analysis, canopy height models (CHM), and dynamic carbon estimation to deliver scalable and reliable insights for nature-based projects.

Sylithe enables carbon project developers, verification bodies, and sustainability teams to improve transparency, reduce manual effort, and accelerate carbon credit workflows.

We are building the future of digital MRV (Monitoring, Reporting, and Verification) for global carbon markets.",Climate Data and Analytics,2-10 employees,Privately Held,"Mumbai, Maharashtra, India",India,sylithe.com,https://www.linkedin.com/company/sylithe
PositiveZero,"PositiveZero is revolutionizing product lifecycle assessment in the apparel market. Our goal is to create an approachable LCA tool, democratizing sustainability for the fashion ecosystem, even for teams without specialized sustainability personnel. 

We aim to simplify understanding your product's footprint, recommending next steps, and tracking progress over time, becoming the ultimate support tool on your sustainability journey!",Climate Data and Analytics,2-10 employees,Privately Held,"Marmagao, Goa, India",India,positivezero.tech,https://www.linkedin.com/company/positive-zero-tech
Climate Action Front,"Climate action front works for 'Empowering Change for a Greener Future’ on the three principles: research on climate change, reimagine our climate action, and reinvent our world order. Our intent and resolution are clear to us as we aim for a sustainable planet, people, and economy. We help companies in conducting Life Cycle Assessment, Carbon Accounting, Scope 1, Scope 2, and Scope 3 analysis. We aim to promote climate-conscious investment by providing credible climate risk data to investors, shareholders, and companies.",Climate Data and Analytics,2-10 employees,Privately Held,"New Delhi, Delhi, India",India,climateactionfront.com,https://www.linkedin.com/company/climate-action-front
VERIDION SOLUTIONS,"At Veridion, we deliver authoritative Strategic Transition Guidance, advanced Predictive Energy Analytics, robust De-Risking Financial Forecasting, and innovative Climate-Resilient Energy Modeling.",Climate Data and Analytics,Self-employed,Self Employed,"Jaipur, Rajasthan, India",India,,https://www.linkedin.com/company/rnbabveridionarchandross1514
India Weather Stack,"India Weather Stack is a physics-bound AI weather engine built for India, delivering high-resolution weather forecasts across every horizon, from real-time nowcasting to day-ahead, week-ahead, and season-ahead outlooks. By combining numerical weather prediction (NWP) with physics-informed machine learning, we turn weather uncertainty into a measurable edge for businesses and communities that depend on the sky.

We assimilate global satellite and ground-station data, then sharpen it down to India's dynamic terrain and monsoon-driven weather. Our forecasts are built for the sectors where weather moves money: power and energy trading, renewable energy (solar and wind), agriculture, aviation, logistics and supply chain, and insurance and weather-risk management.

What we deliver: hyperlocal nowcasting for thunderstorms, rainfall intensity, and cloud movement; high-resolution short-range forecasting refreshed hourly; seasonal and monsoon outlooks months in advance; and weather APIs and decision-ready analytics tailored to Indian geography.

This is weather intelligence rebuilt for India, at the resolution where decisions actually happen.",Climate Data and Analytics,2-10 employees,Privately Held,"New Delhi, Delhi, India",India,indiaweatherstack.com,https://www.linkedin.com/company/india-weather-stack
Fynnsera,"At Fynnsera Full Stack & Data Solutions, we help businesses, startups, and individuals make smarter decisions and build smarter products.

What We Do:
We specialize in:
 Data cleaning, analysis & reporting (Python, Power BI, Excel)  
 Building modern full stack web apps (React.js, Next.js, Node.js, MongoDB)  
 Integrating AI tools like LangChain, Gemini, OpenAI into real-world platforms  
 Custom dashboards, APIs, automations & chatbots

Whether you're a founder looking to build your MVP, a business owner needing custom dashboards, or a researcher with messy datasets — we help you go from raw ideas to real results.

 Experience & Background:
With hands-on experience from internships at Cognifyz, Deloitte (Forage), Blue Planet, and open-source projects, we bring both technical expertise and business understanding to every project.

Tools & Technologies:
• Python, Pandas, Power BI, SQL  
• React.js, Next.js, Node.js, MongoDB  
• LangChain, Gemini API, OpenAI, Postman  
• Git, Netlify, Render, Clerk, Google Cloud

Why Work With Us?
• Clean, well-structured code  
• Client-focused communication  
• Fast, reliable delivery  
• Scalable, real-world solutions

Let’s collaborate to build something powerful.  
Contact us to get started or view our Fiverr gigs: https://www.fiverr.com/s/ljDZqwQ",Climate Data and Analytics,Self-employed,Self Owned,"Chennai, Tamil Nadu, India",India,,https://www.linkedin.com/company/fynnsera
Terano,"India's 1st Web 3 Platform for Tokenized Carbon Credits, RECs and 24x7 CFE",Climate Data and Analytics,2-10 employees,Privately Held,"Bengaluru North, Karnataka, India",India,terano.io,https://www.linkedin.com/company/teranoio
AVS Consultants,"AVS is trusted partner and advisor to governments, public sector and private organizations, leading businesses on their decarbonization journeys. We help realizing decarbonization pathways, across industries through a thorough understanding of climate risks and opportunities in specific sectors. Our team of experts analyse and design tailor-made solutions for sustainability objectives for specific clients.",Climate Data and Analytics,11-50 employees,Self Owned,"Gurugram, Haryana, India",India,avsconsultant.com,https://www.linkedin.com/company/climatechange-avsconsultants
Redesell Private Limited,"ReDesell Pvt Ltd is an innovative Indian startup offering affordable carbon accounting solutions for clean businesses, enabling their participation in the carbon trading market. Initially launched as a circular economy marketplace, ReDesell was pre-incubated at NSRCEL, IIM Bangalore (Cohort-19), where it evolved from idea to implementation. In August 2024, while part of Carbon13 Venture Builder (Cohort-7), ReDesell pivoted to tackling a larger challenge—developing carbon ledger and accounting solutions to drive measurable climate impact.",Climate Data and Analytics,2-10 employees,Privately Held,"Bengaluru, Karnataka, India",India,redesell.in,https://www.linkedin.com/company/redesell
Rebirth Elements,"An effort to bring climate consciousness in everyone.

Reach us @ Rebirthelements@gmail.com",Climate Data and Analytics,Self-employed,Self Owned,"Udupi, Karnataka, India",India,,https://www.linkedin.com/company/rebirth-elements
TerraVerdict,"TerraVerdict provides human verification and explainability for flood and catastrophe AI.

As Earth-observation models scale, automated detections increasingly drive insurance, risk, and catastrophe decisions. But false positives, ambiguous signals, and opaque outputs undermine trust at the last mile.

TerraVerdict exists to solve that problem.

We sit between model outputs and operational decisions, reviewing, validating, and explaining catastrophe events using disciplined human analysis, structured reasoning, and preserved evidence.

Our work turns automated alerts into decision-grade, audit-ready verdicts suitable for downstream use in insurance, risk platforms, and catastrophe workflows.

We work with teams that already use EO and AI, and need defensible, trusted outcomes.",Climate Data and Analytics,11-50 employees,Privately Held,"Mumbai, Maharashtra, India",India,terraverdict.com,https://www.linkedin.com/company/terraverdict
Artificially Data,"Artificially Data - Empowering Minds through Data Insights

Welcome to Artificially Data, a non-profit organization dedicated to fostering a culture of learning and teaching in the realm of data analysis and mining. Our mission is to make the power of data accessible to everyone, contributing to knowledge dissemination and skill development.

 Vision: Learning and Teaching for All

At Artificially Data, we believe in the trans formative potential of data. Our vision is to empower individuals from diverse backgrounds with the skills and knowledge needed for effective data analysis. By promoting a culture of continuous learning, we aim to bridge the gap between data enthusiasts and industry professionals.

** What We Do: Data Analysis, Mining, and Services**

Our core focus lies in providing top-notch data analysis and mining services. Whether you're an aspiring data scientist, a seasoned professional, or an organisation seeking insights, Artificially Data is here to assist. Through our non-profit initiatives, we offer a range of educational resources, workshops, and collaborative projects aimed at enriching the data community.

 Community-Centric Approach

Artificially Data thrives on collaboration and community building. Join us in our journey to democratise data knowledge. Engage with our vibrant community through forums, webinars, and networking events. Let's learn, grow, and innovate together.

 Partner with Us

We welcome partnerships with like-minded organisations, educators, and professionals who share our passion for data literacy. Together, we can amplify the impact of data education and contribute to a more informed and empowered society.

Follow us for updates, educational content, and opportunities to be part of the data revolution. Join Artificially Data in shaping a future where data is a tool for empowerment and understanding.",Climate Data and Analytics,Self-employed,Non Profit,"New Delhi, Delhi, India",India,,https://www.linkedin.com/company/artificiallydata
Emitbase,"ML-powered self-serve emissions analysis tool to help enterprises track, translate, target, and transform carbon emissions across the product lifecycle and supply chain to drive sustainable decisions.

Join the waitlist to know more :)

#Emitbase #CarbonEmissions #Sustainability #LCA #AI #ML #DataAnalysis #IndiaSustainability #Scope3Emissions #ComputationalTransparency",Climate Data and Analytics,2-10 employees,Privately Held,"Bengaluru, Karnataka, India",India,emitbase.com,https://www.linkedin.com/company/emitbase
THIRD IGEOS,"Third Eye Geospatial Solutions: Pioneering Sustainable Futures
Unlocking the Power of Geospatial Intelligence
Third Eye Geospatial Solutions is a pioneering organization that leverages cutting-edge technologies to forge a sustainable future. Our expertise spans Satellite Data, Climate Analytics, Geospatial Intelligence, and Remote Sensing GIS Excellence. We address pressing global challenges, including:
-Land Subsidence: Monitoring and analyzing land subsidence to mitigate impacts on infrastructure, ecosystems, and communities.
-Earthquake Damage Assessment: Rapidly assessing earthquake damage using remote sensing and geospatial intelligence.
-Forecasting Volcanic Eruptions: Developing predictive models to forecast volcanic eruptions using satellite data, geospatial analytics, and machine learning algorithms.
-Avalanche Detection: Designing and implementing advanced avalanche detection systems using satellite data, sensor networks, and AI-powered analytics.
-Air Pollution Mitigation: Analyzing satellite data and geospatial intelligence to identify pollution hotspots, track emission sources, and inform policy decisions.
-Climate Risk and Resilience Planning: Developing data-driven climate risk assessments and resilience plans to empower governments, businesses, and communities.
-Glacier Monitoring: Monitoring glacier health, tracking changes, and predicting future behavior using satellite data and geospatial analytics.
Our Mission
Our mission is built on three pillars:
1.Innovation: Harnessing cutting-edge technologies to develop innovative solutions.
2.Sustainability: Promoting environmentally conscious practices, reducing carbon footprints, and protecting natural resources.
3.Collaboration: Fostering partnerships with governments, businesses, academia, and NGOs to drive meaningful impact.
Join Us
Join us in shaping a more resilient and sustainable future. Together, let's unlock tomorrow's insights and create a better world for all.
Contact Us
info@thirdeyegeos.com",Climate Data and Analytics,2-10 employees,Privately Held,"New Delhi, Delhi, India",India,thirdeyegeos.com,https://www.linkedin.com/company/thirdigeos
GeoTattvam,"GeoTattvam is a climate-agriculture-environment consultancy operating at the intersection of sustainability, data, and policy. We deliver practical, evidence-based consulting across six core verticals — helping agribusinesses, governments, NGOs, and sustainability-driven organizations navigate the challenges of a changing planet.",Climate Data and Analytics,2-10 employees,Privately Held,"Sadar, Uttar Pradesh, India",India,geotattvam.com,https://www.linkedin.com/company/geotattvam
Trayi Conserve Services,"At Trayi Conserve Services (TCS), we are driven by a deep commitment to protecting the planet and its essential resources through innovative, scalable solutions.",Climate Data and Analytics,51-200 employees,Privately Held,"Serilingampalli, Telangana, India",India,trayi.org,https://www.linkedin.com/company/trayi-conserve-services
Valinor Earth,"Valinor Earth is building AI-powered Software to help businesses fight climate change.

Data is costly and unpredictable for businesses to get the most out of their climate actions and sustainability goals.

Valinor Earth’s AI-powered climate data analytics gives businesses control of their expenses, clarity on actionable tasks, and predictability of returns in their fight against climate change.",Climate Data and Analytics,2-10 employees,Privately Held,"Bengaluru, Karnataka, India",India,valinor.earth,https://www.linkedin.com/company/valinor-earth
NetZero AQUA,"NetZero AQUA is a startup focused on achieving sustainability and reducing greenhouse gas emissions in the aquaculture sector. The company likely aims to support net-zero emissions goals by implementing eco-friendly farming technologies, optimizing energy use, and reducing waste and carbon footprints in aquaculture operations, Integrating GIS-AI Analytics creates a data-driven approach. Our Mission is to empower the farmers to run eco-friendly, cost-effective, and scalable aquaculture operations while helping the industry transition toward net-zero emissions.",Climate Data and Analytics,2-10 employees,Privately Held,"Hyderabad, Telangana, India",India,,https://www.linkedin.com/company/netzeroaqua
GreenScore,"GreenScore is your Outsourced Sustainability Department. Our mission is to empower businesses of every size to become sustainability champions, without the complexity. We aim to deliver effortless ESG, CSR, and carbon compliance through intelligent systems and measurable action.

We envision a future where sustainability is built-in, not bolted on, allowing every company to access powerful sustainability tools and trusted ESG reporting without needing expensive in-house teams.
GreenScore was born from cutting-edge research at IIT Jodhpur, rooted in systems-thinking and data science, and our founder is a beVisioneers: Mercedes-Benz Fellow.

We achieve this primarily through two core offerings:
* AI Agent (SaaS-Based): An AI-driven platform that automates data collection, tracks emissions (Scope 1, 2, & 3), monitors real-time compliance, and generates audit-ready reports.
* Your Outsourced Sustainability Dept. (Full Service): Our team of experts becomes your dedicated sustainability department, managing everything from strategy to day-to-day CSR project execution, supported by our AI platform.

In essence, we provide the tools and expertise businesses need to achieve their sustainability goals and comply with regulations efficiently and effectively.",Climate Data and Analytics,2-10 employees,Self Owned,"Jodhpur, Rajasthan, India",India,greenscore.in,https://www.linkedin.com/company/greenscore
FIND India,Foundation focused on sustainable agriculture as well as climate resilience. Headquarters in Switzerland with operations in Italy and India.,Climate Data and Analytics,11-50 employees,Non Profit,"Gurugram, Haryana, India",India,,https://www.linkedin.com/company/find-india
BENKI,"BENKI is a cutting-edge AI company at the forefront of leveraging GIS data from satellites to derive actionable intelligence through advanced machine learning algorithms. Specializing in transforming raw satellite data into strategic insights, BENKI seamlessly integrates technology to empower businesses, government agencies, and organizations across various industries.

Key Features of BENKI:

Satellite Precision: BENKI harnesses the power of high-resolution satellite imagery, capturing real-time data from Earth's surface. This precision ensures that clients receive the most accurate and up-to-date information for their specific needs.
Advanced Machine Learning: The company employs state-of-the-art machine learning models to process vast amounts of GIS data efficiently. These models are trained to recognize patterns, anomalies, and trends within the data, enabling the extraction of valuable insights that might otherwise go unnoticed.
Actionable Intelligence: BENKI doesn't just provide data; it transforms raw information into actionable intelligence. Through sophisticated algorithms and predictive analytics, the company helps clients make informed decisions, optimize operations, and gain a competitive edge in their respective fields.
Customized Solutions: Recognizing that each client has unique requirements, BENKI tailors its solutions to meet specific business challenges. Whether it's in agriculture, urban planning, disaster management, or environmental monitoring, the company crafts bespoke AI applications that align with the goals of its clients.
Real-Time Monitoring: BENKI's systems are designed for real-time monitoring, enabling clients to respond swiftly to dynamic situations. This capability is particularly crucial in scenarios such as disaster response, supply chain optimization, and infrastructure management.
Interdisciplinary Expertise: The team at BENKI comprises experts in GIS, machine learning, remote sensing, and artificial intelligence.",Climate Data and Analytics,2-10 employees,Privately Held,"Bengaluru, Karnataka, India",India,benki.space,https://www.linkedin.com/company/benki-space
Deed Indeed,"Welcome to our comprehensive platform dedicated to addressing the pressing issue of climate change. Here, we strive to empower individuals, businesses, and communities with the knowledge and tools necessary to navigate the complex landscape of climate challenges and mitigation strategies. Our expertly curated resources delve into the latest insights on climate science, offering a deeper understanding of the impacts we face. From informative articles on achieving net-zero emissions to practical guides on earning carbon credits, we provide actionable steps for a more sustainable future. Join us in embracing the global movement to combat climate change and together, we can pave the way towards a greener, more resilient planet.",Climate Data and Analytics,2-10 employees,Non Profit,"Mumbai, Maharashtra, India",India,deedindeed.org,https://www.linkedin.com/company/deed-indeed
Amazing Aerial Solutions Pvt Ltd,"Agri-India (Agriculture Division) is a pioneering initiative under the Startup India program, dedicated to advancing agricultural technology through the application of state-of-the-art Remote Sensing techniques. Our mission is to develop a comprehensive approach for accurately estimating crop yield at the village or gram panchayat level, utilizing innovative remote sensing methodologies. Furthermore, we validate these technology-driven yield estimations by comparing them with actual yield data obtained from meticulously conducted Supervised Crop Cutting experiments.

Our team brings together individuals with diverse engineering expertise, collectively boasting over 125 years of experience in insurance surveying, loss assessment, land and revenue operations, and IT system implementations. In addition, our advisory board includes distinguished experts in Remote Sensing Technology and Hydrographic Science.

We are equipped with cutting-edge tools and infrastructure, including advanced raw data processing software, sophisticated analytics platforms, comprehensive reporting solutions, an extensive inventory of multi spectral sensors, and a highly skilled ground force, all geared towards driving innovation and excellence in agricultural yield estimation.",Climate Data and Analytics,11-50 employees,Privately Held,"Pune, Maharashtra, India",India,amazingaerial.in,https://www.linkedin.com/company/amazing-aerial-solutions-pvt-ltd
Pramaan One,"PramaanOne is a Physical Intelligence and Verification company building trusted intelligence infrastructure for the planet.
Our mission is to organize observations from the physical world into verifiable intelligence.
We combine Earth observation, industrial telemetry, geospatial analytics, scientific knowledge, operational data, and artificial intelligence to help understand physical systems across every major sector—including industry, infrastructure, agriculture, livestock, mining, energy, water, environment, supply chains, biodiversity, climate, cities, and natural resources.
Our flagship platform, Bhairav Engine, transforms observations into structured intelligence through a continuous cycle of Observation → Verification → Intelligence.
Through the PramaanOne Intelligence Division, we publish Signals, Intelligence Briefs, Research, and Verification Frameworks that bridge the gap between reported information and observable physical reality.
We envision a future where decisions about the physical world are supported not only by reports and declarations, but by continuously evolving, evidence-based intelligence.
Never Trust. Always Verify.",Climate Data and Analytics,2-10 employees,Privately Held,"Guntur, Andhra Pradesh, India",India,pramaanone.com,https://www.linkedin.com/company/pramaan-one
Alswamitra Impact,"As a premier institution in South Asia, ALSWAMITRA IMPACT stands at the forefront of the transaction advisory sector, specializing in Impact Investing and Social Enterprise dynamics. We are in the business of reshaping the impact investing scenario in South Asia, our expertise encompassing a broad spectrum of areas, including Impact Investing, Social Entrepreneurship, Frontier Market Incubation and Advocacy.

For the climate-conscious, we pioneer digital tools for comprehensive monitoring, reporting and verification of nature-centric initiatives. In our pursuit of creating a sustainable future, we've developed prototypes that aid clients in comprehending the carbon content of forest biomass and are in progress of developing similar tools for soil analysis. Our geospatial dataset-driven approach allows us to assess the effects of water usage on adjacent ecosystems, thereby assisting companies in implementing responsible sourcing practices within the agricultural and mineral commodities sectors.

At ALSWAMITRA IMPACT, we're driven by a shared passion for fostering social entrepreneurship across geographies and promoting future leaders, particularly in nurturing talent from underprivileged and underserved regions. Our commitment extends to promoting social equality and access to education while integrating a gender lens into our initiatives. We find immense value in working with grassroots entrepreneurs from the South Asian hinterland, with their resilience and hope for the future providing an unparalleled source of inspiration.

As a distinguished provider of impact verification and intelligence for sustainable investing markets, our team, rich in industry experience, provides bespoke impact assessment services. An independent evaluation from ALSWAMITRA IMPACT is designed to guide investors along their impact investing paths, whether helping asset managers align with industry standards and regulatory requirements  maximizing their engagement.",Climate Data and Analytics,2-10 employees,Privately Held,"Bengaluru, Karnataka, India",India,alswamitra.org,https://www.linkedin.com/company/alswamitra-impact
Climate Alpaca,"Kickstart your climate journey with us today! Short on time, big on impact.",Climate Data and Analytics,2-10 employees,Privately Held,"New Delhi, Delhi, India",India,,https://www.linkedin.com/company/climatealpaca
Radharani Construction & Enterprise,"Radharani Construction & Enterprise, based in West Bengal, India, is a multidisciplinary organization offering construction, survey, data collection, and project support for government departments, NGOs, and private institutions. We combine infrastructure development with social impact, ensuring quality, accuracy, and timely delivery.


---

Our Vision

To be a trusted partner for infrastructure and social development projects, enabling sustainable growth and meaningful impact in communities.


---

Our Mission

Deliver quality construction solutions for residential, commercial, and government projects.

Provide accurate survey and data collection services for informed decision-making.

Support NGOs and government programs with monitoring, evaluation, and implementation.

Contribute to rural and social development initiatives through research and insights.



---

Our Services

Construction & Infrastructure: Buildings, roads, bridges, renovations, government projects.

Survey & Data Collection: Market research, social surveys, digital data collection, field enumerators.

Government & NGO Support: Baseline/endline surveys, monitoring, evaluation, reporting, on-field assistance.

Rural & Social Development Research: Agriculture, village/community studies, skill & employment research, women & child development programs.



---

Why Choose Us?

Experienced & skilled team

Urban & rural coverage across West Bengal

Accurate, reliable, and timely reporting

Transparent, ethical, and client-focused approach



---

Contact Us

 West Bengal, India
 radharanic
 +917430899524",Climate Data and Analytics,11-50 employees,Public Company,"Kolkata, West Bengal, India",India,,https://www.linkedin.com/company/radharaniconstructionenterprise
Creyator Platforms,"Creyator is a geospatial technology firm providing integrated GIS, LiDAR, and drone-based solutions for urban, environmental, and infrastructure applications. Our work focuses on translating complex spatial data into clear, actionable insights for planning and decision-making.

Our strength lies in combining advanced GIS workflows with on-ground validation and emerging GeoAI capabilities. We work across the full project lifecycle—from data acquisition and processing to spatial analysis, modeling, and visualization—ensuring accuracy, consistency, and usability in every output.

Our team has experience working across city-scale and site-level projects, including thermal comfort mapping, land use analysis, transit-oriented development, infrastructure planning, and environmental assessment. We routinely handle large and complex datasets, integrating remote sensing data with GIS-based analysis to generate high-quality, decision-support outputs.

Our mission is to make geospatial intelligence more accessible and effective by connecting technology with real planning challenges, enabling better and more informed outcomes.",Climate Data and Analytics,2-10 employees,Privately Held,"Ghaziabad, Uttar Pradesh, India",India,creyator.in,https://www.linkedin.com/company/creyator-platforms
Swati Pure Skies,Outdoor Ambient PM2.5 and PM10 Reduction System,Climate Data and Analytics,11-50 employees,Privately Held,"Mumbai, Maharashtra, India",India,swatipureskies.com,https://www.linkedin.com/company/swati-pure-skies-private-limited
IMPACTSTER,".Impactster is a climate technology company engineering AI for real-world results. We build intelligent agents that operate at the edge—not the cloud—providing critical, real-time insights for the world's most pressing environmental challenges.

By deploying powerful, low-cost AI directly into the field, we empower our partners in agriculture, energy, and water management to make faster, more efficient decisions with absolute privacy and zero latency. Our mission is to provide the tools that accelerate climate action and build a more resilient, sustainable world, one measurable outcome at a time.",Climate Data and Analytics,2-10 employees,Privately Held,"Mumbai, Maharashtra, India",India,impactster.com,https://www.linkedin.com/company/impactster
Auterra.io,"Auterra is an AI-native platform that helps organizations measure, report, optimise, and offset their carbon and operational footprint automatically and auditably.

We turn messy bills, invoices, utility data, and supplier files into clean, traceable insights for compliance and real financial impact.
From MACC curves to ROI-ranked interventions, Auterra brings sustainability, finance, and operations onto one intelligent platform.

Follow us for updates, climate insights, and early access opportunities.",Climate Data and Analytics,2-10 employees,Privately Held,"New Delhi, Delhi, India",India,auterra.io,https://www.linkedin.com/company/auterra-io
regreen.earth,"At regreenation Labs, our mission is to empower, enable, and encourage organizations towards impactful and long-term environmental stewardship.

We achieve this through strategic collaboration, offering specialized knowledge and tailored solutions to help organizations solve complex problems and achieve their business objectives.",Climate Data and Analytics,2-10 employees,Partnership,"Bengaluru, Karnataka, India",India,,https://www.linkedin.com/company/regreenearth
Vidhara Labs,Soil Intelligence,Climate Data and Analytics,2-10 employees,Privately Held,"Gurugram, Haryana, India",India,,https://www.linkedin.com/company/vidhara-labs-private-limited
