Name,Description,Primary Industry,Size,Type,Location,Country,Domain,LinkedIn URL
Evobi Automations Pvt Ltd,"Evobi Automations Pvt. Ltd. is a leading automation company headquartered in Bengaluru, with over 12 years of experience in technology and manufacturing. We operate through two specialized business units:

Rednerds – Your go-to partner for manufacturing needs, specializing in ODM (Original Design Manufacturing) and OEM (Original Equipment Manufacturing). We provide high-quality design and production services, turning concepts into reality.

Yudu Robotics – Focused on product innovation, we design and develop cutting-edge hardware and software solutions with a core emphasis on Embedded Robotics and IoT. Our goal is to integrate intelligent technology into transformative products in Education",Robotics Engineering,51-200 employees,Privately Held,"Bengaluru, Karnataka, India",India,,https://www.linkedin.com/company/evobiautomations
Vedant Technologies,"Vedant Technologies is one of the leading organizations in the field of Industrial Automation. As an Automation Solutions Provider, we have an impressive Track Record in various industries including Automotive, Chemical, Energy, Material Handling, Metals and Mining, Packaging, Paper, Power and Textile. Our Customers include Market Leaders and we have added value to their productivity with our proficiency in Factory and Process Automation. These value additions and our end-to-end approach have given us a worldwide reputation of delivering the Right Solutions.",Robotics Engineering,11-50 employees,Self Owned,"Bengaluru, Karnataka, India",India,vedanttechnologies.co.in,https://www.linkedin.com/company/vedant-technologies
Shivyantra Technologies,"At Shivyantra Technologies (Pune, India), we are on a mission to bring cutting-edge robotics, automation, and IT solutions closer to people, education, and businesses. We believe technology should not just exist — it should transform lives, inspire learning, and drive growth.

Our journey is driven by passion for innovation, problem-solving, and impact. As a growing venture, we aim to bridge the gap between ideas and execution, enabling schools, startups, and organizations to experience the real potential of technology.

 Our Focus Areas:
 Robotics & AI – Training, workshops, and real-world solutions for learners and innovators
 Automation – Smart, cost-effective solutions tailored for schools, startups, and industries
 IT Services – Website development, deployment, hosting, and on-demand technical support
 Tech Events – Competitions, exhibitions, and innovation-driven programs to inspire the next generation

 Our Vision
To become a trusted hub where innovation meets impact, creating opportunities for students, institutions, and organizations to explore, adopt, and grow with the technologies of the future.

 Our Values

Innovation  – Always pushing the boundaries of what’s possible

Collaboration  – Working together to achieve shared success

Learning  – Continuous growth through knowledge and exploration

Impact  – Delivering solutions that make a difference in real life


At Shivyantra Technologies, we are not just building solutions — we are building the future, step by step. Whether it is empowering students with robotics, helping businesses with IT, or organizing tech events, our goal is to leave a mark of innovation everywhere we go.

 Pune, India |  8308329235 |  https://www.shivyantratechnologies.store",Robotics Engineering,2-10 employees,Self Owned,"Pune, Maharashtra, India",India,shivyantratechnologies.store,https://www.linkedin.com/company/shivyantra-technologies
Hanbee,"Hanbee Technologies builds AI-powered service robots for Indian hospitals and clinics. Our robots speak Tamil, navigate autonomously, and handle routine delivery tasks — freeing nurses to focus on patient care.

Designed and assembled in Chennai. Built for India's healthcare reality.

Currently: building our first hospital pilot in Tamil Nadu.
Founder: Aravindhan K | info@hanbee.in",Robotics Engineering,11-50 employees,Privately Held,"Tirukalukunram, Tamil Nadu, India",India,hanbee.in,https://www.linkedin.com/company/hanbee-india
CORE Robotics Private Limited,"CORE Robotics is dedicated to empowering businesses through innovative turnkey solutions that streamline operations, enhance productivity, and optimize efficiency. With a strong commitment to precision and reliability, CORE Robotics provides end-to-end automation solutions, transforming the way industries operate.

What We Offer:

Turnkey Automation Solutions: From concept to installation, we manage the entire process to ensure seamless integration and maximum impact.

Industrial Robotics Integration: Our team of experts integrates cutting-edge robotics systems into existing workflows, enhancing precision and productivity.

Custom Automation Projects: We specialize in developing tailored automation systems designed to meet specific operational challenges.

Consulting and Support Services: CORE Robotics provides ongoing consulting and support to ensure long-term success and adaptability to changing needs.",Robotics Engineering,11-50 employees,Privately Held,"Haveli, Maharashtra, India",India,corerobotsystems.com,https://www.linkedin.com/company/core-robotics-private-limited
"Mars Rover Students Club, IIITD&M KANCHEEPURAM",Exploring Robotics and Automation World .,Robotics Engineering,51-200 employees,Non Profit,"Chennai, Tamil Nadu, India",India,netlify.app,https://www.linkedin.com/company/mars-rover-students-club-iiitdm-kancheepuram
KAL-M Robotics and Innovations,"KAL-M: Navigating the Future, One Innovation at a Time. Transforming Robots, Simplifying Tech, Together.",Robotics Engineering,2-10 employees,Privately Held,"Chennai, Tamil Nadu, India",India,kal-m.com,https://www.linkedin.com/company/kal-m-robotics-and-innovations
BotForge Labs,We work on technologies enabling Embodied AI.,Robotics Engineering,2-10 employees,Privately Held,"Chennai, Tamil Nadu, India",India,botforgelabs.com,https://www.linkedin.com/company/botforge-labs
Prospero Dynamics Private Limited,"At Prospero Dynamics, we believe the future belongs to businesses that automate intelligently.

We are a robotics and automation company helping organizations transform labour-intensive operations into efficient, scalable, and experience-driven ecosystems. Our mission is simple: make autonomous work a reality and help businesses operate smarter, safer, and more profitably.

From hotels, restaurants, airports, hospitals, corporate offices, retail stores, manufacturing facilities, educational institutions, and large-scale events, we deploy intelligent robotic solutions that enhance productivity, improve consistency, reduce operational costs, and elevate customer experiences.

Our portfolio includes:
• Interactive Reception & Engagement Robots
• Service & Delivery Robots
• Autonomous Cleaning Robots
• Material Handling & Logistics Robots
• Security & Surveillance Solutions
• AI-Powered Visitor Management Systems
• Event & Exhibition Engagement Robots
• Autonomous Infrastructure Solutions

What makes us different is that we don't sell robots.

We partner with organizations to identify operational challenges, design suitable automation strategies, deploy the right solutions, and ensure measurable business outcomes. Every deployment follows a structured framework covering discovery, consultation, site analysis, implementation, training, monitoring, optimization, and long-term support.

Today, Prospero Dynamics has successfully executed 300+ projects across India, serving leading brands in hospitality, healthcare, retail, airports, corporate workplaces, manufacturing, and large-scale public events.

As India transitions towards Industry 5.0, we envision a future where robots are no longer viewed as novelty products but as essential business infrastructure—working alongside people to create safer workplaces, better customer experiences, and sustainable growth.

Our vision is ambitious yet clear:

To become India's most trusted robotics automation platform.",Robotics Engineering,11-50 employees,Privately Held,"Kukatpally, TG, India",India,prosperodynamics.com,https://www.linkedin.com/company/prospero-dynamics
Cosine Robots,Making high quality robots accessible for all.,Robotics Engineering,2-10 employees,Privately Held,"Bengaluru, Karnataka, India",India,cosinerobots.com,https://www.linkedin.com/company/cosinerobots
ZINIKUS Pvt. Ltd,"ZINIKUS is a deep tech company specializing in A.I and Robotics. With a passion for innovation and cutting-edge technology, we are revolutionizing industries and transforming the future of automation. Our team of experts harnesses the power of artificial intelligence and robotics to create intelligent machines that can adapt, learn, and make decisions on their own. From developing advanced autonomous vehicles to designing intelligent manufacturing systems, our solutions are at the forefront of the industry. We believe in pushing boundaries and shaping a world where smart machines work alongside humans to enhance productivity and efficiency. Our expertise drives advancements in various sectors including healthcare, logistics, agriculture, and more.

With a commitment to pushing the boundaries of what's possible, our team of experts harnesses the power of robotics and AI to create seamless, efficient, and forward-thinking solutions. 

Trusted by clients around the world, we continue to shape the future of automation, transforming industries and enhancing productivity. 

Join us in embracing the next era of technological advancement as we pave the way for a smarter and more connected world.",Robotics Engineering,2-10 employees,Privately Held,"Faridabad, Haryana, India",India,zinikus.com,https://www.linkedin.com/company/zinikus-ai
Bravecore Private Limited,"Bravecore pioneers in the development of distinctive, state-of-the-art and cost-effective products catering to the needs of both the Indian and international security sectors, with a product range that spans a broad spectrum of security applications serving diverse users, through meticulous research, innovation and continuously adapting to the evolving landscape, all aimed at establishing our company as an unparalleled leader in the field",Robotics Engineering,2-10 employees,Privately Held,"New Delhi, Delhi, India",India,bravecore.in,https://www.linkedin.com/company/bravecore-private-limited
Neocambrian AI,Scaling Data for Physical AI,Robotics Engineering,2-10 employees,Privately Held,"Noida, Uttar Pradesh, India",India,neocambrian.com,https://www.linkedin.com/company/neocambrianai
xSpecies AI,"xSpecies AI - is a robotics company developing physical AI software and hardware systems for building a range of general purpose Robots and Humanoids in India for the world.
Our vision is to create a future where Human capabilities are augmented beyond current mental and physical limits with the aid of AI to usher in a new era of Human progress and prosperity.
Our mission is to develop a foundational, end-to-end technology stack for general purpose robots that will be manufactured and deployed at scale in commercial applications by 2026 to significantly improve operational productivity and efficiency. This will culminate into the development and launch of our fully autonomous Humanoid for general purpose use in both business as well as consumer applications by the year 2027.",Robotics Engineering,2-10 employees,Privately Held,"Bengaluru, Karnataka, India",India,xspecies.ai,https://www.linkedin.com/company/xpeciesai
Yasaka Automation Pvt. Ltd.,Providing Innovative and Energy-Efficient robots serving the injection moulding and automation markets.,Robotics Engineering,51-200 employees,Privately Held,"Navi Mumbai, Maharashtra, India",India,yasaka.asia,https://www.linkedin.com/company/yasaka-automation
RoboRAM Technologies and Education,"Considering the automation advancements and innovations in the Industrial sector, we at RoboRAM owe to meet the demands and develop domain-based solutions such as PLC Automation, IoT Solutions, RPA Services & Automation Training

Our Services include PLC Automation, HMI & Drive Configuration, IoT Solutions, Microcontroller & Embedded Systems, RPA Technology & Automation Training Programs performed with passion to meet every customer’s needs.

RoboRAM Technologies and Education is an Educational Technology Company focused on imparting theoretical and practical knowledge in the domains of Robotics, Automation, Artificial

Intelligence (AI) & Internet of Things (IoT) to the passionate learners. 

Our firm actively engages with Institutions and Universities adding value to their academic services to the students and society at large.",Robotics Engineering,11-50 employees,Self Owned,"Chennai, Tamil Nadu, India",India,roboramtechnologies.com,https://www.linkedin.com/company/roboram
Nexospark Center For Innovation and Open Learning,"Nexlab aimed at encouraging and developing cutting-edge technologies such as Unmanned Aerial Vehicles (UAVs), Unmanned Underwater Vehicles (UUVs), and cyber-physical systems.

The lab focuses on fostering innovation in the field of drones and related industries, serving as a platform for research, development, and skill enhancement. As Nexospark’s technology partner, the lab benefits from the company’s expertise in designing, prototyping, and manufacturing UAV components and systems.

It also acts as a hub for collaboration between students, researchers, and industry professionals to develop practical solutions for real-world applications.",Robotics Engineering,11-50 employees,Educational,"Meenachil, Kerala, India",India,nexospark.in,https://www.linkedin.com/company/nexospark-oman
Roberon Technologies,"Roberon is a technology-driven company specializing in the design, development, manufacturing, and supply of custom drones and robotic systems for industrial, commercial, and specialized applications. Our solutions serve sectors such as agriculture, logistics, surveillance, and disaster management, delivering high performance and operational efficiency.

We offer advanced manufacturing services including 3D printing, CNC machining, and carbon fiber fabrication to produce precision components for internal use and external clients. Our focus on research and development drives the creation of proprietary products with enhanced capabilities and long-term competitive value.

Roberon also provides consultancy, system integration, maintenance, and technical support to ensure optimal performance and customer satisfaction across our product lines.

We actively collaborate with domestic and international partners, academic institutions, and government bodies on technology transfer initiatives, joint ventures, and co-development projects in drones, robotics, and fabrication technologies.

As part of our commitment to industry development, Roberon imports and exports components, raw materials, and finished products related to drone systems and advanced manufacturing.

We are dedicated to workforce development, offering internships, training programs, and skill development opportunities for students and emerging professionals in drone technology, robotics, and digital manufacturing.

Our mission is to lead through innovation, precision engineering, and impactful collaboration, shaping the future of intelligent systems and advanced fabrication.",Robotics Engineering,2-10 employees,Partnership,"Bengaluru East, Karnataka, India",India,roberon.com,https://www.linkedin.com/company/roberontechnologies
RasoiRobotics Private Limited.,"Rasoi Robotics is a pioneering robotics company serving the FoodTech domain, born out of the intent to simplify commercial kitchen operations for Indian restaurants. Our core vision is to empower entrepreneurs in the restaurant or commercial kitchen business to manage their kitchen operations more efficiently. At Rasoi Robotics, we aim to innovate with smart kitchen equipment that significantly reduces the reliance on trained chefs, potentially decreasing their involvement by at least 70%. By leveraging cutting-edge technology, we strive to make commercial kitchen operations seamless and cost-effective.",Robotics Engineering,2-10 employees,Privately Held,"Bengaluru North, Karnataka, India",India,rasoirobotics.com,https://www.linkedin.com/company/rasoirobotics
ETECHSTARS,"At ETECHSTARS, we are driven by the vision of a future where mobility is seamless, sustainable, and accessible to all. Our vehicles are equipped with the latest in artificial intelligence and machine learning technologies, enabling them to navigate through traffic, avoid obstacles, and make decisions in real-time.

With a commitment to quality, safety, and innovation, ETECHSTARS is proud to be a leading player in the emerging field of autonomous vehicle technology. Our vehicles are designed to transform the way people travel, and we are excited to be at the forefront of this exciting industry.

Join us on our journey as we work towards a future where self-driven vehicles are the norm, and mobility is easier, safer, and more efficient than ever before. Follow our LinkedIn page to stay updated on our latest developments and join the conversation about the future of autonomous vehicles.",Robotics Engineering,11-50 employees,Privately Held,"Bengaluru, Karnataka, India",India,etechstars.com,https://www.linkedin.com/company/etechstars
Pal N Paul Incorporation,"Pal N Paul Incorporation India is a leading player in the market of Domestic and Commercial Robotics. Our company is dedicated to providing innovative and technologically advanced solutions that meet the unique needs of our clients. For successful implemeting the Robots and Leadership in innovative busniness domain we have been awarded by the organizations like CSI and IAF.

We offer a wide range of products that include robots for grass cutting, pool cleaning, glass cleaning, household cleaning, air duct cleaning, tank cleaning, and high-rise building facade cleaning. Our robots are designed to provide exceptional performance, efficiency, and reliability, making them the perfect solution for businesses and homeowners alike.

With a dealer and service network in 12 Indian states, we are able to provide our customers with the highest level of service and support. Our team of experts is always available to answer questions, provide training, and offer ongoing support to ensure that our customers are able to get the most out of their robotics solutions.

Our customers include some of the most respected names in business, including Tata, Microsoft, Mahindra & Mahindra, TVS Motors, and Dell Computers. We are proud to have earned their trust and are committed to delivering the best possible solutions for their unique needs.

At Pal N Paul Incorporation India, we believe in innovation, quality, and customer satisfaction. We are constantly pushing the boundaries of what is possible, and our passion for robotics is reflected in every product we create. We are committed to providing our customers with the most advanced and reliable robotics solutions on the market, and we look forward to working with you to help your business succeed.

Thank You!!",Robotics Engineering,11-50 employees,Partnership,"Ambala, Haryana, India",India,palnpaul.com,https://www.linkedin.com/company/palnpaulincorporation
S2P Robotics Private Limited,"At S2P Robotics, we aim to revolutionize industries through AI-driven robotics
solutions, empowering businesses with cutting-edge technology to enhance efficiency, productivity, and innovation. We are driven by a relentless pursuit of excellence and a commitment to delivering tangible value to our clients, partners, and society. By leveraging the power of artificial intelligence, machine learning, and computer vision, we aim to address complex challenges and unlock new opportunities across diverse sectors.
Our vision is to envision a future where AI and robotics seamlessly integrate into every aspect of human life, simplifying tasks, improving standards of living, and fostering sustainable development. We aspire to be at the forefront of this technological transformation, leading by example and inspiring others to embrace innovation and the potential of AI and robotics. By harnessing the collective power of human ingenuity and technology, we can create a world where possibilities are limitless, and the potential for progress is boundless.",Robotics Engineering,2-10 employees,Public Company,"Chhatrapati Sambhajinagar, Maharashtra, India",India,s2probotics.com,https://www.linkedin.com/company/s2p-robotics-private-limited
RoboNexis Innovations,"RoboNexis Innovation is a cutting-edge robotics and STEM education company dedicated to empowering students with hands-on learning experiences in the fields of robotics, AI, 3D printing, and IoT. Based in Patna, Bihar, RoboNexis provides innovative robotics labs and educational programs for schools, helping students develop critical skills in technology, engineering, and problem-solving.

We aim to bridge the gap between theoretical knowledge and real-world applications by offering practical, interactive workshops and training sessions. Our curriculum is designed to inspire creativity and innovation, equipping the next generation with the tools they need to thrive in a technology-driven world.

At RoboNexis Innovation, we believe in nurturing curiosity and fostering a passion for learning. Our team of expert trainers works closely with schools to create customized programs tailored to the unique needs of students from various grade levels. Through our hands-on approach, students gain a deep understanding of robotics and STEM principles, preparing them for the future of work and beyond.

Mission: To revolutionize STEM education by making robotics accessible to students across all age groups and empowering them to become future innovators.

Vision: To be a leader in robotics education, fostering a culture of curiosity, creativity, and technological excellence in schools across India.

Key Services:

Robotics labs in schools
Custom robotics and STEM workshops
3D printing education and training
IoT and AI educational programs",Robotics Engineering,51-200 employees,Privately Held,"Patna, Bihar, India",India,,https://www.linkedin.com/company/robonexis-innovation-stem
ForthTech,"ForthTech is a Robotics and Automation company building a complete ecosystem for industries such as Manufacturing, Agriculture, Healthcare, Logistics & E-commerce, Energy, and Automotive. Our solutions include Autonomous Mobile Robots (AMRs) with up to 5-ton capacity, Robotic Arms, Gantry Systems, Conveyor Belts, and Solar Power Plant Cleaning Robots, designed to boost efficiency, reduce manual work, and enable intelligent automation.

We are also developing a Robotics Learning Platform where students gain access to structured modules, exercises, quizzes, and industry references. Learners can connect with robotics enthusiasts worldwide, operate robots remotely, and access an affordable marketplace for hands-on robotics education.

Alongside robotics, We provides end-to-end technology solutions including mechanical design, hardware integration, and custom software development. Our vision is to empower both businesses and learners with cutting-edge robotics and automation solutions that drive growth, innovation, and a sustainable future.

Legal Name: Designdroids Private Limited",Robotics Engineering,11-50 employees,Privately Held,"Ahmedabad, Gujarat, India",India,forthtech.in,https://www.linkedin.com/company/forthtech4
Eightplanes Solutions PVT. LTD.,"Step into a realm of educational excellence and innovation at Eightplanes solutions PVT. LTD. Our comprehensive services range from personalized tutoring to expert career guidance. Harnessing advanced 3D design and printing technologies, we turn ideas into reality with precision and speed. Join us to redefine learning and creativity. Unlock your potential today!",Robotics Engineering,2-10 employees,Privately Held,"Thalassery, Kerala, India",India,eightplanes.com,https://www.linkedin.com/company/eightplanes
"Electronics and Robotics Club , IIT Bombay","The Electronics And Robotics Club assists the tech enthusiasts community at IIT Bombay to explore and advance into the amazing world of automation, electronics, the Internet of Things, and robotics, providing sufficient resources to cater to needs and create interest among the student community. Willing to build something, innovate, or create a product, we here at ERC are always ready and excited to work together.",Robotics Engineering,11-50 employees,Educational,"Mumbai, Maharashtra, India",India,github.io,https://www.linkedin.com/company/electronics-and-robotics-club-iit-bombay
CreateBot Labs,"CreateBot Labs LLP is an India-based R&D and Product Development company focused on creating innovative, real-world solutions across robotics, embedded systems, AI/ML, automation, and full-stack software.

We work end-to-end — from identifying real-world challenges and validating market opportunities to designing prototypes, engineering products, and supporting manufacturing and deployment.

Our expertise spans hardware design, software development, computer vision, IoT, product strategy, and rapid prototyping, enabling ideas to move seamlessly from concept to production.
At CreateBot Labs, we combine research, engineering, and execution to build scalable technologies that solve meaningful problems.",Robotics Engineering,2-10 employees,Privately Held,"Pune, Maharashtra, India",India,,https://www.linkedin.com/company/createbot-labs
Namo Nirvana,"At Namo Nirvana, we are dedicated to developing innovative application-based projects. Our mission is to advance and benefit the following sectors with our creative and cutting-edge prototypes:

 Defence Technology  
 Smart Agriculture 
 Space Exploration  
 Underwater Exploration

Join us on our journey to revolutionize these fields with application-based robotics. Follow us to stay updated on our progress and breakthroughs.",Robotics Engineering,2-10 employees,Non Profit,"Chennai, Tamil Nadu, India",India,vercel.app,https://www.linkedin.com/company/namo-nirvana
Techprolabz: School of Robotics,"Techprolabz is a pioneer in the field of Robotics. It is an organisation that invests in creating new innovations, and executing them to bring out new technology. Today the world is craving for new ""Kalams"" and Einsteins and so. Techprolabz is trying hard to fill that gap and we act as a bridge to provide kids the platform that will make themselves land in between top tech-lovers.

Techprolabz is working for the upbringing of educational technology in schools and wee are very passionate about setting up makerspaces across the country.. Techprolabz doesn’t only provide best platform to showcase and enhance your skills, but it also has an R&D center, where you can work on live projects.",Robotics Engineering,2-10 employees,Educational,"Patna, Bihar, India",India,techprolabz.com,https://www.linkedin.com/company/techprolabz-the-school-of-robotics
Dilaton,"Building DAVIATOR, World's Smartest AI-Aviator for Unmanned Military Aircrafts",Robotics Engineering,11-50 employees,Privately Held,"Gurugram, Haryana, India",India,dilaton.ai,https://www.linkedin.com/company/dilaton
Advances in Robotics (AIR) 2025,"Advances in Robotics (AIR) is a series of biennial conferences organized by The Robotics Society (earlier referred to as the Robotics Society of India). The conference aims to create a forum to present and exchange new ideas by researchers and developers from India and abroad working in the fields of robotics and its applications. The conference would have expert talks, oral and poster presentations, workshops, a doctoral symposium, and special industry-oriented sessions. The organizers of the conference invite unpublished research work in the various fields of Robotics.",Robotics Engineering,Self-employed,Non Profit,"Jodhpur, Rajasthan, India",India,advancesinrobotics.com,https://www.linkedin.com/company/air2025
Amrita Robotics,"Amrita Robotics is the official student robotics team of Amrita Vishwa Vidyapeetham, Bengaluru Campus, founded in 2024. The team comprises a 45-member multidisciplinary group working across mechanical design, electronics, embedded systems, software, artificial intelligence, and management.

Amrita Robotics follows a structured engineering approach emphasising modular design, repeatable performance, and simulation-driven validation, supported by faculty, alumni, and institutional partners.",Robotics Engineering,11-50 employees,Educational,"Bengaluru East, Karnataka, India",India,netlify.app,https://www.linkedin.com/company/amrita-robotics-blr
RL Robotics,"RL Robotics is an Indian Industrial Robotics and Cobot Automation Partner and Solution Provider. With 30+ years manufacturing expertise from Rishi Laser Limited. 
We provide high-performance Industrial Robots and Collaborative Robots (cobots) for Welding, Painting, Machine tending, Pick & place, Palletizing, and complete welding automation systems.",Robotics Engineering,11-50 employees,Public Company,"Mumbai, Maharashtra, India",India,rlrobotics.in,https://www.linkedin.com/company/rlrobotics
"Human-interactive Robotics Lab, IISc","Our group's research interests lie at the intersection of robotics, machine learning, and human-robot interaction, with a focus on robot manipulation for real-world applications, including healthcare, retail, and space robots. The central principle is to enable humans with varying levels of robotic expertise to transfer their knowledge and experience of skills and tasks to the robot, enabling it to explore and execute tasks in unstructured, novel scenarios.",Robotics Engineering,2-10 employees,Educational,"Bengaluru North, Karnataka, India",India,iisc.ac.in,https://www.linkedin.com/company/hiro-iisc
Mama Robotics (prev Mama Drones),"Mama Robotics prev Mama Drones, same passion for solving one labourous task at a time. We work with farmers, industries to create technology solution that reduce labour dependency and improve efficiency",Robotics Engineering,2-10 employees,Privately Held,"Kankavli, Maharashtra, India",India,mamaapp.live,https://www.linkedin.com/company/mamarobotics
Shaping Idea's,"We are a technology-driven company committed to shaping the future through innovation in drone technology, robotics, artificial intelligence, and STEAM education. Our mission is to bridge the gap between cutting-edge technology and real-world applications by delivering solutions that empower industries, strengthen national capabilities, and inspire the next generation of innovators.

Our expertise spans the design and development of advanced UAVs, autonomous systems, terrain mapping, computer vision, and AI-powered drone solutions. We develop mission-focused drone technologies for defence and security applications, supporting surveillance, reconnaissance, situational awareness, and other operational requirements for armed forces and government organizations.

Alongside our work in advanced technology, we are passionate about transforming education. Through our comprehensive STEAM (Science, Technology, Engineering, Arts, and Mathematics) learning programs, we equip students with hands-on experience in robotics, drones, coding, AI, IoT, and engineering design. By fostering creativity, problem-solving, and critical thinking, we prepare young minds for the challenges and opportunities of the future.

We believe that innovation is driven by collaboration, curiosity, and continuous learning. Whether developing intelligent aerial systems, delivering technology solutions for defence, or inspiring students in classrooms, our goal is to create meaningful impact through engineering excellence and innovation.

Together, we are building a future where technology empowers people, strengthens communities, and contributes to a safer, smarter, and more connected world.",Robotics Engineering,2-10 employees,Privately Held,"Siliguri, West Bengal, India",India,shapingideas.in,https://www.linkedin.com/company/shaping-idea-s
PRD Robotech Solutions,"At PRD Robotech Solutions, our vision is to pioneer a collaborative robotics and automation ecosystem that simplifies the complexities of software and hardware development, fostering seamless industry and education collaboration. We aim to make robotics and automation accessible to all, catalyze innovation, and promote sustainability, thus shaping a future where robotics and automation enrich lives across the globe.
Our overarching goal is to make India’s most extensive automation and robotics ecosystem, and, in collaboration with Indian automation and robotics companies, capture the global market using innovative Indian technologies.",Robotics Engineering,2-10 employees,Privately Held,"Noida, Uttar Pradesh, India",India,prdrobotechsolutions.com,https://www.linkedin.com/company/prd-robotech-solutions
FRNTL,"FRNTL is building rugged humanoid robots for high-risk, high-value industrial environments. Our robots go first, taking on dangerous, repetitive operations and maintenance tasks so people can stay out of harm’s way.",Robotics Engineering,2-10 employees,Privately Held,"Bengaluru, Karnataka, India",India,frntl.ai,https://www.linkedin.com/company/frntl-ai
Xyronix Labs,"Xyronix Labs is a forward-thinking technology company dedicated to innovation in AI, IoT, robotics, and data science. We aim to bridge the gap between cutting-edge technology and real-world applications, creating solutions that enhance lives and businesses. One of our flagship products, the Fire Early Warning and Detection System, ensures safety with advanced AI and IoT capabilities, offering early fire detection, precise localization, and efficient suppression.

Our scalable and reliable solutions cater to diverse industries, including residential, commercial, and industrial sectors. By leveraging intelligent systems powered by neural networks and robust cloud-based platforms, we strive to drive efficiency, safety, and sustainable growth. Guided by the vision of a smarter and safer tomorrow, we focus on creating impactful technologies that embody our motto, Future is Here.",Robotics Engineering,2-10 employees,Privately Held,"Delhi, Delhi, India",India,xyronixlabs.com,https://www.linkedin.com/company/xyronixlabs
Hyperspawn Robotics,"Hyperspawn is redefining mobility, enabling infinite possibilities for work, exploration, and interaction.

We develop intelligent humanoid robots with the ability to receive and mimic real-time, full-body human motion capture data with unprecedented dexterity for an immersive physical presence, anywhere in the world.

Imagine being able to 'teleport' your skills and presence to any location, instantly.",Robotics Engineering,2-10 employees,Privately Held,"Pune, Maharashtra, India",India,hyperspawn.co,https://www.linkedin.com/company/hyperspawn
"IEEE Robotics & Automation Society,Silchar Subsection","The IEEE Robotics and Automation Society's objectives are scientific, literary and educational in character. The Society strives for the advancement of the theory and practice of robotics and automation engineering and science and of the allied arts and sciences, and for the maintenance of high professional standards among its members, all in consonance with the Constitution and Bylaws of the IEEE and with special attention to such aims within the Field of Interest of the Society.",Robotics Engineering,11-50 employees,Non Profit,"Silchar, Assam, India",India,,https://www.linkedin.com/company/ieee-ras-silchar-subsection
Stellanex,"Stellanex is a DeepTech Robotics & Intelligence company building the software infrastructure for intelligent machines.

We believe the next generation of robotics will be shaped not only by advances in hardware and AI, but by the tools that engineers use to build them. Just as modern software development evolved through powerful development platforms, robotics requires a new generation of engineering infrastructure.

To make that possible, we're developing Xypher Engine - an Intelligent Machine Development Platform that brings design, configuration, programming, simulation, AI, and deployment into one engineering environment.

Our ambition is to simplify how intelligent machines are built, enabling developers, researchers, startups, and enterprises to move from concept to deployment with greater speed, reliability, and confidence.

Our mission is simple:

Build the infrastructure powering the next generation of intelligent machines.",Robotics Engineering,2-10 employees,Privately Held,"Nasik, Maharashtra, India",India,stellanex.com,https://www.linkedin.com/company/thestellanex
Hive Tech,"Hive Tech is a pioneering company specializing in the development of advanced AI, robotics, and mechatronics solutions. With a focus on innovation, we aim to revolutionize industries by creating intelligent systems that enhance efficiency, precision, and user experience. At Hive Tech, we are committed to driving technological advancements that empower businesses and improve lives, making us a leader in the ever-evolving landscape of AI and robotics.",Robotics Engineering,2-10 employees,Privately Held,"Pune, Maharashtra, India",India,hivetech.in,https://www.linkedin.com/company/hive-tech-in
ROS Kerala,Kerala ROS Developer Community.,Robotics Engineering,2-10 employees,Non Profit,"Kanayannur, Kerala, India",India,,https://www.linkedin.com/company/ros-kerala
Yantrolok Pvt Ltd,"Yantrolok Pvt Ltd is a deep-tech startup pioneering soft electronic skin that brings lifelike touch, pressure and temperature sensing to robots, prosthetics, training manikins and interactive toys. Our patented multimodal sensor platform combines stretchable materials, embedded electronics and AI-driven algorithms to provide real-time feedback with exceptional sensitivity, durability and scalability. Founded by Dr Abhijit Chandra Roy from IIT Kanpur, Yantrolok collaborates with medical device, robotics and consumer-product manufacturers to integrate our soft-skin technology and drive the next generation of human-machine interaction. Our long-term vision is to equip robots with a comprehensive suite of sensory accessories, including odour detectors, artificial taste sensors, sound and vision modules as well as advanced cognitive processors, so they perceive and respond like real humans.",Robotics Engineering,2-10 employees,Privately Held,"Kanpur, Uttar Pradesh, India",India,yantrolok.com,https://www.linkedin.com/company/yantrolok-pvt-ltd
Formal Control and Autonomous Systems Lab,"With the rise of robotics and autonomous systems, there is a need for robust, reliable, and safe controllers. Robotics and autonomous systems is an inherently multi-disciplinary field that requires expertise in Mechanical Engineering, Electrical Engineering and Computer Science. Despite advancements in this field, developing controllers for a robotic system is challenging, especially if it is complex, large and has multiple agents. We work on interdisciplinary research, developing controllers and implementing them in hardware.",Robotics Engineering,11-50 employees,Educational,"Bengaluru North, Karnataka, India",India,focaslab.com,https://www.linkedin.com/company/formal-control-and-autonomous-systems-lab
Kinetiq RRobotics,"Kinetiq RRobotics, empowered by Star Engineers India Pvt. Ltd., designs and delivers AI-driven robotic solutions that help organizations operate smarter, safer, and more efficiently. Our product family—autonomous delivery robots, reception & greeting assistants, and industrial cleaning systems—is purpose-built to take on repetitive, time-consuming tasks, allowing human teams to focus on higher-value work.
Leveraging advanced navigation (LIDAR + depth vision), edge AI, robust hardware platforms, and data-driven fleet management, Kinetiq robots are deployed across various industries, including hospitality, healthcare, retail, airports, corporate campuses, manufacturing, logistics, and facility management. We move beyond proof-of-concepts: our approach is pilot → operationalize → scale, with turnkey POC services, integration, training, and ongoing support to ensure measurable business outcomes.

What we deliver - 
•	Faster workflows and reduced manual load - automating repetitive delivery, reception, and cleaning tasks.
•	Consistent service levels and improved safety with autonomous navigation and collision avoidance.
•	Measurable ROI: reduced operating costs, improved throughput, and higher customer satisfaction.
•	Flexible deployment models - from single-site pilots to multi-site fleet rollouts.

How we work - 
We collaborate with operations leaders to define KPIs, implement pilot programs, and model the ROI for each deployment. Our team handles hardware, software integration, on-site commissioning, and lifecycle support so organizations can scale robotics with confidence.
Mission: To empower human workers by deploying intelligent robots that handle repetitive, dangerous, or time-consuming tasks, freeing people to focus on meaningful, creative, and strategic work.

Contact us to explore pilots, fleet trials, and integration partnerships: www.kinetiqrobotics.com • sales@kinetiqrobotics.com",Robotics Engineering,2-10 employees,Privately Held,"Chinchwad, Maharashtra, India",India,kinetiqrobotics.com,https://www.linkedin.com/company/kinetiq-rrobotics
TensorBot,"Started in 2017 ,TensorBot Innovations builds practical AI and robotics that make work faster, safer, and smarter across industries.
Specializing in machine learning, robotics, and embedded systems, our team designs, prototypes, and deploys custom solutions—from autonomous mobile robots to AI automation—that deliver clear, measurable results. Working closely with enterprises, TensorBot turns data and ideas into systems that think and act in the real world, backed by consultative support and training. Now scaling through Infinity TensorLabs, the company accelerates hands-on experiments, rapid prototyping, and production-ready upskilling to move innovations from R&D to deployment.",Robotics Engineering,11-50 employees,Privately Held,"Trivandrum, Kerala, India",India,tensorbot.in,https://www.linkedin.com/company/tensorbot
ROBOAI HUB,"Building the Future with Robotics & AI

RoboAI Hub is a Robotics and Artificial Intelligence ecosystem where education, innovation, and industry solutions converge.

Founded in 2023, we operate across three core verticals that strengthen the deep-tech ecosystem through structured skill development and real-world engineering solutions.

Academic & Institutional Development

We drive structured Robotics and AI education through:

Professional Mentorship Programs
Advanced Robotics and AI mentorship designed to develop industry-ready engineers and certified mentors.

Institutional Lab Ecosystems
End-to-end Robotics and AI lab design, deployment, and mentor training for schools and institutions.

Foundation Learning Programs
Hands-on Robotics and AI programs for school students focused on practical skill development and early innovation exposure.

Research & Innovation

Applied research, rapid prototyping, and product development focused on building practical, deployable Robotics and AI solutions.

Industrial Automation & AI Systems

Custom Robotics and AI solutions engineered to solve real operational challenges — from intelligent automation and computer vision to full-scale deployment.

We don’t just teach technology. We design it. Build it. Deploy it.

Our mission is to educate, innovate, and automate — creating scalable impact in both education and industry.

If you are looking to:

Establish a Robotics or AI lab
Train students or mentors
Implement automation in your business
Collaborate on R&D or product development

Let’s build together.
Website: www.roboaihub.com
Contact: +91 9828014877",Robotics Engineering,11-50 employees,Privately Held,"Jodhpur, Rajasthan, India",India,roboaihub.com,https://www.linkedin.com/company/roboaihub
Brightbots Private Limited,"Brightbots Pvt. Ltd. is a high-tech company specializing in the design, manufacturing, sales, and service of advanced solar panel cleaning robotic solutions. Our flagship product, Sol CleanTM, offers a waterless, AI-powered cleaning system designed for solar farms, featuring both PV railed and trackless models for diverse installation types.

We are committed to addressing key challenges in solar plant maintenance, including efficiency optimization, cost reduction, and long-term performance enhancement. By integrating cutting-edge IoT technology, self-powered LiFePO4 batteries, and brushless motor technology, our robotic solutions improve power generation efficiency while significantly reducing operational costs.

At Brightbots, innovation drives our success. We prioritize R&D, quality, and in-house manufacturing excellence, ensuring our products meet the highest industry standards. Our G TrackTM row changer, quiet operation, and autonomous features reflect our focus on sustainability and performance.

With a growing global presence, Brightbots remains dedicated to delivering intelligent automation for the renewable energy sector, empowering cleaner, smarter, and more efficient solar power operations worldwide.  #SolarInnovation #AI #Automation #MakeInIndia #SustainableEnergy",Robotics Engineering,11-50 employees,Privately Held,"Gurugram, Haryana, India",India,brightbots.in,https://www.linkedin.com/company/brightbots-privated-limited
Mensch Robotics Pvt.Ltd.,"At Mensch Robotics, we create personality-driven, socially aware robots designed with a human-centered approach. Our mission is to build robots to enhance lives and drive positive change in society.",Robotics Engineering,2-10 employees,Privately Held,"Coimbatore, Tamil Nadu, India",India,,https://www.linkedin.com/company/mensch-robotics
RoboTech,"ROBOTECH is a student-led HealthTech initiative focused on improving maternal-care access and safety in underserved communities through a strict, phased approach. Our core belief is simple: pregnancy care is high-stakes, so we build with discipline safety-first, research-first, and non-clinical-first. We start by solving problems that are safe to build today (coordination, workflow, and access), while preparing long-term research foundations for robotics-enabled assistance in the future.

Our current focus is “Health Connect” a privacy-first, non-clinical booking and care-coordination system designed to reduce delays and missed access. Health Connect supports appointment requests, OTP verification, admin approvals, slot assignment, reschedule/cancel flows, and status tracking with minimal data capture. We do not collect sensitive identity documents (e.g., Aadhaar) or medical history in V0, and we avoid clinical claims. The goal is to create a working prototype and real operational learning that can scale responsibly.

ROBOTECH is built by an interdisciplinary team across Biomedical Research, Product (UI/UX + Frontend/Backend + App), Electronics & Embedded Systems, Cybersecurity/Cloud, and Mechanical Research. We operate like an execution-driven early-stage startup: clear roles, weekly deliverables, documentation discipline, and proof over presentations. Our roadmap is phased establish constraints and boundaries, build a functioning MVP, validate workflows through pilots, then expand engineering depth and research capability step-by-step.

We collaborate with students, early professionals, researchers, and institutions who value real-world impact, consistency, and long-term thinking. If you align with disciplined building and meaningful healthcare innovation, connect with us to collaborate.",Robotics Engineering,11-50 employees,Privately Held,"Bhadrachalam, TG, India",India,,https://www.linkedin.com/company/robotechindia
P≡LVYNTM,"Pelvyn is a deep-tech robotics company focused on intelligent inspection systems for underwater and industrial environments.

With our trademark officially secured, Pelvyn stands for precision engineering, advanced robotics, and future-ready innovation.

We build technology that operates beyond human limits.",Robotics Engineering,2-10 employees,Public Company,"Devanhalli, Karnataka, India",India,pelvyn.com,https://www.linkedin.com/company/pelvyn
ReYe,Discover what's new in tech!,Robotics Engineering,Self-employed,Non Profit,"Mumbai, Maharashtra, India",India,,https://www.linkedin.com/company/reye
World Robotics & Automation Fair (WRAFA),"World Robotics & Automation Fair (WRAFA) 2025: A Gateway to Innovation in India!

The World Robotics & Automation Fair (WRAFA) 2025 is set to be a landmark event in India, attracting top automation and robotics companies from around the globe. Scheduled for [insert dates] at [insert venue], this fair will provide a dynamic platform for industry leaders to showcase a diverse array of robots, including industrial automation solutions, home automation systems, and educational robots.

Participants will engage in a rich program of conferences and workshops, offering insights into the latest trends and technologies shaping the robotics landscape. Key industry players will have the opportunity to sign memorandums of understanding (MOUs) and engage in trade exchanges, fostering collaboration and investment in the robotics sector.

The fair will also feature government-industry meetings aimed at discussing policies and initiatives to support the growth of robotics and automation in India. These discussions will facilitate partnerships between the public and private sectors, paving the way for innovation and development.

Attendees can expect to network with influential figures, explore groundbreaking technologies, and engage in discussions that could shape the future of robotics and automation in India. WRAFA 2025 aims to strengthen the ecosystem of robotics and automation, driving collaboration across industries and inspiring the next generation of innovators.

Join us at WRAFA 2025 to experience the forefront of robotics and automation and be part of this transformative journey!",Robotics Engineering,201-500 employees,Non Profit,"New Delhi, Delhi, India",India,wrafa.com,https://www.linkedin.com/company/wrafa
FUTURE ROBOTICS AND AUTOMATION PVT. LTD.,"Founded in 2014 and currently has 40+ employees and over 100+ clients. Rich experience of Robotic application, Teaching and Training. Complete turnkey end to end system development and execution capabilities. Installed 700+ Robots in India and Overseas.
 Expertise in latest Robotic integrated technologies like 2D/3D vison, line tracking, Vision tracking, Bin picking, synchronized robots, Laser Hardening, Laser Cutting etc.",Robotics Engineering,11-50 employees,Privately Held,"Bengaluru, Karnataka, India",India,futurerobotics.in,https://www.linkedin.com/company/future-robotics-and-automation-pvt-ltd
Centre of Excellence on Biologically Inspired Robots & Drones | Indian Institute of Technology Delhi,"About Us
The Centre of Excellence on Biologically Inspired Robots and Drones (BIRD) at the Indian Institute of Technology Delhi (IIT Delhi) is a multidisciplinary initiative focused on advancing robotics and aerial systems inspired by nature.

BIRD aims to explore and engineer intelligent, adaptive, and efficient robotic platforms by drawing inspiration from biological systems — from insects and birds to human motion. Our research spans areas such as soft robotics, swarm intelligence, bio-mimetic drones, flapping-wing flight, autonomous navigation, and environmental interaction.

We bring together researchers, students, industry partners, and policy thinkers to develop cutting-edge technologies with real-world impact — ranging from defense and agriculture to healthcare and disaster response.

Our Focus Areas
 Biologically Inspired Locomotion
 Aerial Robotics and Drones
 Soft Robotics and Grippers
 Swarm Robotics and Coordination
 Vision, Control, and Autonomy
 Human-Robot and Environment Interaction

Who We Are
BIRD is led by faculty and researchers at IIT Delhi, supported by a vibrant community of collaborators from academia, industry, and government. We welcome partnerships, student interest, and innovation-driven collaborations.

Connect with us to learn more, collaborate, or get involved.",Robotics Engineering,201-500 employees,Educational,"New Delhi, Delhi, India",India,iitd.ac.in,https://www.linkedin.com/company/center-of-excellence-bird-robotics-drones-iitd
FusyBots - Robotics Education and Service Platform,"FusyBots is a robotics ecosystem focused on deep, structured engineering.
We don’t chase AI trends.
We build robotics from the ground up.
From embedded systems and control theory to motion planning, ROS, kinematics, and dynamics — we focus on complete system-level understanding.
FusyBots is for engineers who want to build real robots, not just run code.

Please visit the YouTube channel for free content:
YouTube → https://www.youtube.com/@fusybots",Robotics Engineering,2-10 employees,Educational,"Faridabad, Haryana, India",India,fusybots.com,https://www.linkedin.com/company/fusybots
ChipUAV Systems,"ChipUAV Systems is an emerging UAV technology startup driven by a passionate team of seven innovators dedicated to developing indigenous solutions. The mission is to build a sustainable and trusted brand in the unmanned aerial vehicle (UAV) ecosystem by focusing on innovation, reliability, and self-reliant technology development.",Robotics Engineering,2-10 employees,Partnership,"Mumbai, Maharashtra, India",India,chipuavsystems.com,https://www.linkedin.com/company/chipuav-systems
PropelX Labs,"PropelX Labs is a research-driven learning lab helping students explore robotics, electronics, and emerging technologies through hands-on projects.
We empower young minds to learn, build, and innovate beyond the classroom.",Robotics Engineering,2-10 employees,Privately Held,"New Delhi, Delhi, India",India,propelxlabs.com,https://www.linkedin.com/company/propelxlabs
NoxusDynamics,"NoxusDynamics, a Robotics and Software based Startup & Innovation Studio. Leading R&D and Product Development in Advanced Robotics. Also providing Development & Social Media Services.",Robotics Engineering,2-10 employees,Partnership,"Kottayam, Kerala, India",India,noxusdynamics.com,https://www.linkedin.com/company/noxusdynamics
Aenrox Engineering,"Aenrox Engineering is a leading AI, Robotics and Automation company focused on developing intelligent engineering solutions through Artificial Intelligence, Robotics, Machine Learning, IoT, Product Design and Smart Manufacturing technologies. 

Recognized as one of the best emerging AI and robotics startups in Pune, Aenrox operates as an innovation-led R&D lab where artificial intelligence, robotics, automation, embedded systems, and advanced engineering converge to create real-world products.

Founded with a vision to bridge academic research and deployable technology, Aenrox develops applied AI systems, intelligent automation frameworks, and integrated hardware-software solutions. Our approach emphasizes structured research, practical experimentation, and product-oriented development rather than theoretical projects.

We collaborate with students, engineers, and researchers to transform innovative concepts into functional prototypes and scalable technologies. Select high-potential innovations are further developed into commercial-ready products under structured development and royalty-based collaboration models.

With a growing technology community, active research initiatives, and a strong focus on deep tech innovation, Aenrox is steadily positioning itself among the most promising AI and robotics startups in Pune and India’s evolving innovation ecosystem.",Robotics Engineering,11-50 employees,Privately Held,"Pune, Maharashtra, India",India,aenrox.com,https://www.linkedin.com/company/aenrox
MAS AUTO SYSTEMS PRIVATE LIMITED,"MAS AUTO SYSTEMS PRIVATE LIMITED - Partnering in Your Motion Control Journey. We represent leading Industrial Automation, Motion Control and Robotics Brands like Bochu, CYPCUT, Dairuiki, FSCUT, HQD, GW Laser, Mastorque and Leadshine as Authorised Representatives, Distibutors and Service Centers in India. 

You may visit us at Unit 43, Plot No. 798, Hasti Industrial Estate T. T. C. Industrial Area, Mahpe, Navi, Mumbai, Maharashtra, India.

Or Call us on +91 9892203008

Or Email us at sales@masautosystems.com",Robotics Engineering,51-200 employees,Privately Held,"Pune, Maharashtra, India",India,masautosystems.com,https://www.linkedin.com/company/mas-auto-systems-private-limited
Alphaverse AI,"With 10+ years of expertise, we have become a leader in Industrial Automation, proudly serving industries across India, the UAE, and Malaysia. Our mission is to drive efficiency, precision, and innovation, empowering businesses to achieve unparalleled productivity through advanced automation.

Expanding on our automation foundation, we offer a range of cutting-edge robotic solutions designed for dining, hospitality, and industrial environments. From service robots that enhance guest interactions to cleaning robots that maintain immaculate spaces, each of our products is crafted to elevate customer experiences and streamline business operations.",Robotics Engineering,"501-1,000 employees",Privately Held,"Gurugram, Haryana, India",India,alphaverseai.com,https://www.linkedin.com/company/alpahverse-ai
Voyage Robotics Pvt Ltd,"Voyage Robotics is established by a veteran industry leader, Mr. Niraj Takalkhede, who aspires to bring cutting edge learnings from US to India. Mr. Takalkhede has held various leadership roles in Amazon, AIG, Athletic Greens, Expedia, LinkedIn, and Rockwell Automation over 20 years in US.

Voyage Robotics coaches children 4-16 years young on Drone & Robot programming, AR/VR & IoT with child-friendly intuitive curriculum focused on hands-on Robots and Drones programming.

Let’s inspire next generation together!",Robotics Engineering,2-10 employees,Privately Held,"Nagpur, Maharashtra, India",India,sproboticworks.com,https://www.linkedin.com/company/voyage-robotics-pvt-ltd
Udgam,"Founded by Divyansh Arzare along with Rohit, Utkarsh, and Pratik, Udgam is a multidisciplinary robotics team driven by innovation, creativity, and collaboration.
We aim to design and develop intelligent robotic systems that blend mechanical design, embedded control, and AI to solve real-world challenges.

At Udgam, we believe in learning by building — combining diverse engineering disciplines to push the boundaries of robotics and automation. Our focus lies in robotic system design, control systems, and ROS-based development, with an emphasis on building practical, scalable, and efficient robotic solutions.",Robotics Engineering,2-10 employees,Self Employed,"Chennai, Tamil Nadu, India",India,,https://www.linkedin.com/company/udgam-robo
xolver,"At Xolver AI, we are pioneering the future of technology at the intersection of AI, robotics, computer vision, and generative AI. Our mission is to develop cutting-edge solutions that revolutionize industries and improve lives. By harnessing the power of advanced technologies, we create innovative products that push the boundaries of what’s possible, driving the next wave of automation and intelligent systems.",Robotics Engineering,2-10 employees,Privately Held,"Noida, Uttar Pradesh, India",India,xolver.ai,https://www.linkedin.com/company/xolver-ai
The Robotics Company,India's Own Physical AI Collaborative Robot,Robotics Engineering,2-10 employees,Privately Held,"New Delhi, Delhi, India",India,theroboticscompany.in,https://www.linkedin.com/company/the-robotics-company-india
YantrikChef,"A disruptive food-tech startup harnessing advanced robotics & AI to serve up freshly made, tailored gourmet meals on-demand.",Robotics Engineering,2-10 employees,Privately Held,"Kolkata, West Bengal, India",India,yantrikchef.com,https://www.linkedin.com/company/yantrikchef
Xairo,"Xairo Tech Private Limited, is a technology enterprise, dedicated to the development of innovative software and hardware solutions spanning robotics, artificial intelligence, computer vision, and machine learning. At Xairo, we are on a mission to build solutions that help people work with technology with extreme trust, safety, security and inclusivity. We envision a future where humans and robots live together in great harmony.

Follow us to learn more about what we are up to and take a look at our website: https://www.xairotech.com/
For any inquiries reach out to us at contact@xairotech.com",Robotics Engineering,2-10 employees,Privately Held,"Hyderabad, TG, India",India,xairotech.com,https://www.linkedin.com/company/xairotech
PROTONETIX PRIVATE LIMITED,"We provide client services related to the automation technology. We build different systems as per the requirements of the client. As the client describes the product they require, will be designed, from control system to model, everything will be designed and given to the client, a working and tested with prototype model. And work on our ideas too and pitch it to the companies which lack the technology we have designed or to the company who requires it. 

Protonetix Private Limited | Custom Product Development & R&D | Robotics, IoT, AI & Web Solutions | Training & Mentorship | Prototyping for Students & Researchers """,Robotics Engineering,2-10 employees,Privately Held,"Bengaluru, Karnataka, India",India,protonetix.com,https://www.linkedin.com/company/protonetix
Technologia Hackathon,"Technologia 2026 – 8-Hour Hackathon by IEM Newtown Robotics & AI Department

When The Multiverse Calls ! The Mightiest Answer!

The Robotics & AI Department of IEM Newtown proudly presents Technologia, an 8-hour hackathon open to all IEM & UEM students from every year.

Whether you’re a first-year enthusiast or a final-year innovator, this is your chance to showcase your skills, solve real-world problems, and bring bold ideas to life. Collaborate, compete, and learn alongside some of the brightest minds in our campus community.

 Date: 18/10/25
 Venue: IEM Newtown Campus
 Themes: Anime",Robotics Engineering,51-200 employees,Privately Held,"Kolkata, West Bengal, India",India,technologia-iem.tech,https://www.linkedin.com/company/technologia-hackathon
CSD Robocon NITK,"A group of avid robotics enthusiasts from National Institute of Technology, Karnataka (NITK) participating in the ABU Asia-Pacific Robot Contest (ABU Robocon).
.
Passion. Precision. Victory.",Robotics Engineering,11-50 employees,Educational,"Mangaluru, Karnataka, India",India,nitk.ac.in,https://www.linkedin.com/company/csd-robocon-nitk
Trinnovate Synergy Technologies,"Revolutionizing land, water, and aerial robotics with AI-driven solutions to solve real-world challenges.",Robotics Engineering,11-50 employees,Privately Held,"Hyderabad, Telangana, India",India,trinnovate.in,https://www.linkedin.com/company/trinnovate-synergy-technologies
ZAS Robotics,"ZAS Robotics is dedicated to making robotics and AI education accessible to every student.
We are bridging the gap between outdated school curriculums and the real-world future of technology by:

 Offering structured learning pathways for robotics and AI
 Providing affordable, high-quality robotics kits tailored for secondary schools and universities
 Empowering students with future-ready STEM skills

At ZAS Robotics, we believe innovation should be inclusive, inspiring, and within reach for the next generation of thinkers, builders, and leaders.

 Visit: www.zas-robotics.com",Robotics Engineering,2-10 employees,Privately Held,"Bengaluru, Karnataka, India",India,zas-robotics.com,https://www.linkedin.com/company/zasrobotics
updown robotics,"Building the Future, One Robot at a Time
We don't just make robots – we create intelligent partners that transform how the world works. From factory floors to operating rooms, our cutting-edge robotics solutions are reshaping industries and empowering human potential.
What We Do:

Design autonomous systems that think, adapt, and perform
Engineer precision robotics for manufacturing, healthcare, and logistics
Develop AI-powered automation that scales with your business needs

Why We're Different:
Our robots don't replace humans – they amplify human capability. Every solution we build focuses on collaboration, not competition, creating smarter workplaces where technology and talent thrive together.
Our Mission: To democratize robotics technology, making advanced automation accessible to businesses of all sizes while maintaining the highest standards of safety and reliability.
Ready to automate your tomorrow? Let's talk about how our robots can work for you.
#Robotics #Automation #AI #Innovation #Manufacturing #Technology",Robotics Engineering,2-10 employees,Privately Held,"Hyderabad, TG, India",India,updownrobotics.com,https://www.linkedin.com/company/updown-robotics
Mafkin Robotics,Mafkin Robotics addresses the inefficiencies of manual Ship hull cleaning by pioneering a fully autonomous cleaning solution.,Robotics Engineering,2-10 employees,Privately Held,"Jaipur, India",India,mafkinrobotics.com,https://www.linkedin.com/company/mafkin-robotics
"Stochastic Robotics Lab, IISc","We are a team of legged robot enthusiasts based out of Indian Institute of Science, Bengaluru. We are mainly interested in advanced mobility in extremely challenging terrains. The team consists of technical staff members, students, interns and faculty with varying backgrounds and interests.",Robotics Engineering,11-50 employees,Educational,"Bengaluru, Karnataka, India",India,stochlab.com,https://www.linkedin.com/company/stoch-lab-iisc
SYSTEK ROBOTICS PVT. LTD.,"Sytekrobotics is an industrial automation and robotics company focused on helping manufacturers improve efficiency, precision, and production reliability. We design and implement practical automation solutions that align with real shop-floor requirements and long-term growth goals.

Our expertise includes robotic welding systems such as MIG, TIG, and laser welding, CNC machine automation, machine tending robots, pick and place automation, palletizing solutions, and custom robotic cells. We also provide surface finishing automation including grinding, polishing, and painting, along with servo rail motion systems, positioning solutions, and customized robotic pedestals.

We support complete project execution from system design and integration to installation and commissioning. Sytekrobotics enables manufacturers to reduce manual effort, improve quality consistency, and build scalable, future-ready automation environments.",Robotics Engineering,11-50 employees,Privately Held,"Sahibzada Ajit Singh Nagar, Punjab, India",India,systekrobotics.com,https://www.linkedin.com/company/systekrobotics
DRONESSTER,"At DRONESSTER, we ignite curiosity and innovation in students through hands-on workshops in Robotics, IoT, RC Aircraft, and Drones. Our mission is to inspire the next generation of tech enthusiasts and innovators.

What We Offer:
1. Workshops: Engaging sessions for all skill levels, from building robots to flying drones.
2. Esteem Lab Setup: Complete lab setups for schools and colleges, equipped with the latest in technology to provide a comprehensive learning environment.
3. E-commerce: A wide range of IoT, robotics, and drone parts available for purchase, supporting all your tech needs.

Why Choose Dronesster?
- Interactive and hands-on learning experiences
- Development of practical, real-world skills
- Supportive community of tech enthusiasts
- Affordable and accessible workshops

Join Us:
Interested in hosting a workshop or setting up a lab? Contact us to bring the excitement of Dronesster to your campus.

Stay Connected:
- Website: (http://www.dronessters.com)
- Email: dronesster@gmail.com
- Instagram: (https://instagram.com/dronesster?utm_source=qr&igshid=MzNlNGNkZWQ4Mg%3D%3D)
- Facebook: (https://www.facebook.com/profile.php?id=100094936166508)

Are you ready to soar with us?",Robotics Engineering,11-50 employees,Privately Held,"Moyna, West Bengal, India",India,dronessters.com,https://www.linkedin.com/company/dronesster
"Rocketry and Aviation Club, IIT Patna","The Rocketry and Aviation Club (RnA Club) of IIT Patna is a student-run organization dedicated to promoting the field of rocketry and drone aviation. We aim to provide a platform for students to learn about, develop, and apply Robotics and Drone technology. We also organize various events and workshops to foster innovation and collaboration in this field. We have a strong track record of success. In the past few years, our members have won several awards at national and international competitions, the major ones being ABU - RoboCon, Inter-IIT Tech meets, and many more !",Robotics Engineering,11-50 employees,Educational,"Patna, Bihar, India",India,iitp.ac.in,https://www.linkedin.com/company/rocketry-and-aviation-club-iit-patna
TechBharat Innovations,"Unleashing innovation in robotics!  We are a startup driven by the vision of robotics engineering excellence. Specializing in sensors, Arduino as the robot brain, and expert Arduino coding, we're diving into the frontiers of AI and ML. Our projects include crafting a smart stick for the visually impaired, a Sensorless system for LED control with hand gestures, and creating line follower and greeting robots. Committed to education, we conduct workshops in schools and colleges. If students are captivated, we collaboratively establish robotics labs, empowering them to turn their ideas into prototypes.We are based in Delhi and operate from IIT Delhi.",Robotics Engineering,11-50 employees,Privately Held,"New Delhi, Delhi, India",India,,https://www.linkedin.com/company/techbharat-innovations
RoboCET,"Welcome to the Official LinkedIn handle of College of Engineering Trivandrum's robotics club! We are a group that is excited to learn and build new things; and expand the horizon of our knowledge. We wish to push beyond the limits of what an independent students club can accomplish, both in terms of imparting technical knowledge and educational values. Ultimately, we seek to open the world of robotics to anyone with a passion to learn!",Robotics Engineering,11-50 employees,Non Profit,"Trivandrum, Kerala, India",India,cet.ac.in,https://www.linkedin.com/company/robo-cet
SEAVEON ROBOTICS AND AUTOMATION,"SE Aveon Robotics & Automation is a trusted systems integrator specializing in industrial robotic solutions for manufacturing, automotive, FMCG, painting, electronics, and more. Our skilled team of 40+ professionals combines technical expertise with hands-on experience to deliver turnkey automation systems that boost productivity, quality, and safety.

We manage the full project lifecycle from concept and feasibility studies to design, programming, installation, commissioning, and support. Understanding each client’s unique needs, we create customized automation cells and robotic systems that seamlessly integrate into workflows, driving measurable value.

Our portfolio spans palletizing, assembly, material handling, dispensing, welding, machine tending, packaging, inspection, sorting, lab automation, and specialized automation projects. We serve industries including paints and coatings, consumer goods, automotive manufacturing, electronics, pharmaceuticals, and food processing. Advanced robots from global brands deliver flexible, scalable solutions.

Beyond new installations, we offer system upgrades and retrofits to extend and enhance automation assets. Our services include robot programming, controls engineering, vision integration, and maintenance to ensure efficient, reliable production.

With a focus on quality, innovation, and client success, we maintain open communication, provide thorough training, and deliver rapid support, building lasting partnerships.

As Industry 4.0 advances, SE Aveon is committed to empowering businesses with intelligent automation that drives competitiveness and operational excellence.

Connect with us to discover how our expertise can transform your operations into an automated, future-ready powerhouse.",Robotics Engineering,11-50 employees,Partnership,"Bengaluru, Karnataka, India",India,seaveonrobotics.com,https://www.linkedin.com/company/seaveon-robotics-and-automation
JANTA GROUP,"""Technology connects here"" Proud to be an Entrepreneurs
 SMART LIGHTING BLE MESH 5.0, 
Robotics, IOT, AI, Training, Internship, Startup",Robotics Engineering,11-50 employees,Self Owned,"Patna, Bihar, India",India,jantagroup.org,https://www.linkedin.com/company/jantagroup
Alodi Robotics,"Alodi Robotics is a technology company at the forefront of hardware and software product innovation, driven by deep research & development (R&D) and a commitment to solving real-world challenges with intelligent systems. Founded in 2022 and headquartered in Trivandrum, Kerala,India, we specialize in designing, developing, and delivering advanced technology products that integrate robotics, automation, artificial intelligence, and smart systems to enhance productivity, safety, and efficiency across industries. 
Our core strength lies in end-to-end product development — from conceptual research and prototyping to engineering, testing, and deployment. Our multidisciplinary R&D team champions innovation and builds commercially viable solutions tailored to industry needs, leveraging cutting-edge technologies such as embedded systems, computer vision, machine learning, and connected hardware. This relentless focus on R&D ensures that our products not only meet market demands but also push technological boundaries.
We develop scalable hardware and software products that empower businesses and enterprises to automate operations, improve data-driven decision-making, and elevate operational performance. Our hardware platforms are engineered for reliability and rugged performance, while our software solutions deliver intuitive workflows, smart analytics, and seamless integration.
At Alodi, we value innovation, reliability, adaptability, and customer-centric design. We partner with forward-thinking organizations to co-create solutions that translate complex challenges into competitive advantages — transforming ideas into impactful products with measurable outcomes.",Robotics Engineering,11-50 employees,Partnership,"Trivandrum, Kerala, India",India,alodirobotics.com,https://www.linkedin.com/company/alodirobotics
Phi Robotics Research,"Phi Robotics vision is to simplify & democratize Robots (Smart Machines).

Building Robots is complex and requires niche engineering skills. The robotics revolution where robots are serving every human, will happen when niche engineering skills are not essential to develop, install, operate, and maintain robots.

To solve this problem Phi Robotics has built a platform that simplifies building Robots; empowering developers, innovators, startups & OEMs to build any Robot (from toys to defense) efficiently.",Robotics Engineering,11-50 employees,Privately Held,"Mumbai, Maharashtra, India",India,phi-robotics.com,https://www.linkedin.com/company/phi-robotics
IXAR Robotic Solutions,"IXAR Robotic Solutions is redefining how industries inspect, diagnose, and maintain critical infrastructure on land and underwater.

We manufacture indigenously designed robotic systems that are purpose built for Non-Destructive Testing (NDT), combining cutting-edge sensor integration, intelligent diagnostics, and rugged deployment across industrial and underwater spaces. Our platforms are engineered for hazardous environments, built to meet PESO and ATEX certification standards where safety and reliability are non-negotiable.
From structural inspections in confined spaces to complex underwater surveys, IXAR's robotics eliminate human risk, reduce downtime, and deliver data that drives smarter decisions.

What we do:

Industrial & underwater NDT inspections
Remotely Operated Vehicles (ROVs) & magnetic robotic platforms for hazardous environments
PESO & ATEX certified robotic systems (In R&D stage)
Structural diagnostics & post-inspection analysis
Custom robotic solutions for complex inspection challenges

Built in India. Built for the world.",Robotics Engineering,2-10 employees,Privately Held,"Mumbai, Maharashtra, India",India,ixarrobotic.com,https://www.linkedin.com/company/ixar-robotic-solutions
Shinerobo Automation Pvt. Ltd.,"We Shinerobo Automation Pvt Ltd, are a dynamic and innovative company dedicated to providing exceptional design & manufacturing of BiW components, jigs & fixtures, fabrication structures, and industrial machining to meet our customer's unique needs. Where innovation meets precision in design and manufacturing. With a commitment to excellence and a passion for innovation, we have been at the forefront of delivering high-quality products to meet the diverse needs of our customers worldwide.",Robotics Engineering,51-200 employees,Privately Held,"Pune, Maharashtra, India",India,shinerobo.com,https://www.linkedin.com/company/shinerobo-automation
Verniq UAVS,"Verniq UAVs designs and manufactures custom unmanned aerial systems engineered for demanding operational environments.
We work with surveying firms, infrastructure operators, mining companies, construction enterprises, GIS service providers, research institutions, and government agencies, clients who need UAV platforms built for specific missions, not off-the-shelf compromises.
What we engineer:
Our work covers what most providers outsource or skip, airframe design, flight controller integration, autonomous navigation including GPS-denied and contested environments, payload integration, and field-grade reliability. We build, modify, harden, and integrate where standard platforms fall short.
What we build for:
Aerial survey & photogrammetry · LiDAR mapping · Industrial inspection · GIS data acquisition · Mining & volumetric analysis · Construction monitoring · Surveillance & intelligence · Defence-grade UAV platforms
How we operate:
Fully in-house : Engineering, manufacturing, and flight operations under one roof in Ahmedabad. Our prototyping infrastructure (NabhitTechLabs) supports rapid iteration on enclosures, mounts, and structural components, shortening development cycles for mission-specific configurations.
Our platforms are designed for:
Operational reliability in environments where commercial-grade systems are inadequate , GPS-denied terrain, electronic interference, and high-stakes mission profiles requiring sovereign, India-developed solutions.
Where we're going:
A vertically-integrated, sovereign UAV capability stack for industrial, civil, and strategic applications: engineered and manufactured in India.
Project enquiries, custom builds, defence collaborations, or research partnerships:
 verniquavs@gmail.com",Robotics Engineering,2-10 employees,Privately Held,"Ahmedabad, Gujarat, India",India,verniquavs.in,https://www.linkedin.com/company/verniq-uavs
Robots Developer,"At Robots Developer, we transform your robotics and automation dreams into reality. 

We specialize in delivering cutting-edge Robotics and Automation solutions, seamlessly integrated with our expertise in forward-looking Software Development. With a commitment to precision and a vision for the future, we empower industries to thrive in the age of technological evolution.

Join us on the journey of redefining possibilities and shaping the future landscape of automation.",Robotics Engineering,Self-employed,Self Owned,"Bengaluru, Karnataka, India",India,,https://www.linkedin.com/company/robots-developer
MyTron Labs,"We support Robotics AI labs by providing high-quality, large-scale datasets that help them build smarter and more capable robotic systems.",Robotics Engineering,2-10 employees,Privately Held,"Ahmedabad, Gujarat, India",India,mytronlabs.com,https://www.linkedin.com/company/my-tron-labs
TrashBotics Tech,"Transforming the Recycling industry with Innovation: Welcome to TrashBotics! At TrashBotics, we're on a mission to revolutionize the recycling industry through cutting-edge artificial intelligence and robotics. In a world grappling with environmental challenges, our innovative solution addresses the critical issues of high sortation costs, contamination, and labor shortages in traditional recycling processes. Our AI-powered robotic sortation system is designed to operate around the clock, delivering unmatched efficiency and accuracy. This technology not only enhances the capacity of recycling facilities but also significantly reduces operational costs and environmental impact. By automating the sorting process, we ensure that more materials are correctly recycled, contributing to a cleaner, more sustainable planet.",Robotics Engineering,2-10 employees,Privately Held,"Chennai, Tamil Nadu, India",India,trashbotics.com,https://www.linkedin.com/company/trashbotics
RoboNest,Computational thinking and Innovation /Robotics(Open Source) lab provider.,Robotics Engineering,"501-1,000 employees",Educational,"Patna, Bihar, India",India,robonest.co.in,https://www.linkedin.com/company/robonest
STAVATECH TECHNOLOGY PVT. LTD.,"# Robotics, Automation, SPMs, 
# AI, ML, IOT Solutions
# Hi-Tech repairs",Robotics Engineering,11-50 employees,Privately Held,"Bengaluru, Karnataka, India",India,stavatech.co.in,https://www.linkedin.com/company/stavatech-technology
Sahas Labs,"SahasLabs is a technology-driven company at the forefront of industrial innovation. We specialize in developing cutting-edge technologies and industrial prototypes that address real-world challenges across multiple sectors. Our core expertise includes project design and prototyping, system integration and automation, quality assurance and testing, advanced sensor and transducer solutions, and analytical systems tailored for agriculture and healthcare.

Founded by experts with deep-rooted experience in industrial design and multidisciplinary engineering, we are committed to delivering sustainable, reliable, and innovative solutions. At SahasLabs, we believe in the power of collaboration, excellence, and integrity, constantly pushing the boundaries to create products that not only meet the highest standards but also contribute positively to the environment and society.

Learn more about our innovative solutions at sahaslabs.com.",Robotics Engineering,11-50 employees,Privately Held,"Karvir, Maharashtra, India",India,sahaslabs.com,https://www.linkedin.com/company/sahas-labs
iBot Club,"Initiated in 2008, with a vision to raise the level of Robotics in the institute to an international standard, the iBot club is currently one of the most active clubs in CFI engaging over 600 students. The club aspires to enable students to explore their creativity and engineering skills through robotics by engaging them in exciting mentor based programmes, cultivating in them both technical skills as well as teamwork. It has succeeded in sending teams to competitions like URC, ROBOCON, DRDO, IARC, IAUVC and FIRA.
By offering indispensable guidance through workshops and tutorials along with equipment to all the interested students, iBot club helps students express their skills, knowledge and creativity through conceptualising and designing state of the art prototypes. iBot club is not leaving any stone unturned in the process of becoming a self-sustained student robotics hub.
The iBot Club is home to many of Insti’s robotics enthusiasts who spend a great chunk of their time designing and prototyping robots which can perform any required task. It organises regular workshops to inspire students across varied technical backgrounds to develop their ideas and expose them to the wonders of robotics.",Robotics Engineering,51-200 employees,Self Employed,"Chennai, Tamil Nadu, India",India,iitm.ac.in,https://www.linkedin.com/company/ibot-club
DTU ALTAIR,"DTU Altair Robotics: Engineering Intelligent Systems with Purpose

DTU Altair Robotics is the official robotics and AI team of Delhi Technological University. Comprising over 30 passionate students, our mission is to become world-class engineers by designing, building, and programming advanced robots and intelligent systems. Each year, we represent DTU at top national and international competitions such as the World Robot Contest (China), CANSAT (USA), ABU Robocon, Technoxian, and Smart India Hackathon.
We tackle real-world engineering challenges in robotics, AI, and automation-ranging from autonomous navigation and sensor fusion to AI-driven control and precision actuation. Our hands-on projects and competition experience help us develop solutions that advance technology and create social impact.
Achievements:
Bronze Medal & Best International Team – World Robot Contest, China 2018
1st in India, 2nd Globally (PDR) – CANSAT USA 2021
1st in India, 6th Globally – CANSAT USA 2020
29th Globally – CANSAT USA 2022 (PDR)
1st Place – Aero-Design Challenge, IIT Delhi
3rd Globally – World Robotics Championship 2018-19
National Finalist – NXP AIM Smart Car Race
1st Rank – Plant Stress Prediction, IIT Bombay TechFest 2022
2nd Position – Drones, BITS Pilani 2023
Winner – World Robotics Championship Quad-Copter Event
Global Rank 1 – Simulink Student Challenge 2021
Winner – Annual Science & Engineering Exhibition, INIE 2022, 2024
3X Patents for AI-driven health monitoring innovations
Asia Pacific Excellence Award 2024, National Education Excellence Award 2024
International Innovation Awards 2024, Global Impact Ambassador Award, Malaysia 2025
Departments:
1) Mechanical Systems
2) Electronics & Embedded Systems
3) Software & AI
4) Corporate Relations & Outreach
Our vision is to pioneer innovation in robotics and AI, empower future engineers, and make a global impact through research, competition, and collaboration.",Robotics Engineering,11-50 employees,Educational,"New Delhi, Delhi, India",India,altair-dtu.in,https://www.linkedin.com/company/dtualtair
Shatterdome Labs,"At ShatterDome, we believe in making robotics accessible and exciting for everyone. Our mission is to inspire the next generation of innovators by providing high-quality robotics STEM kits and courses. We aim to break down barriers and make learning robotics fun, engaging, and achievable for all ages and skill levels.

Our Offerings:
Robotics STEM Kits: Carefully designed kits that include all the components needed to build and program your robots. Our kits cater to various skill levels, from beginners to advanced enthusiasts.
Educational Courses: Comprehensive courses that cover the fundamentals of robotics, programming, and engineering. Our courses are designed to be interactive and hands-on, ensuring that learners gain practical experience.

Our Vision:
ShatterDome envisions a world where robotics education is within everyone's reach. We are committed to fostering a community of learners and creators who are passionate about exploring the possibilities of robotics. As we grow, we plan to venture into developing complex, cutting-edge robotics solutions, pushing the boundaries of innovation and technology.

Join Us:
Whether you are a student, educator, hobbyist, or professional, ShatterDome invites you to join our journey. Let's build, learn, and innovate together to shape the future of robotics.",Robotics Engineering,2-10 employees,Privately Held,"Chennai, Tamil Nadu, India",India,vercel.app,https://www.linkedin.com/company/shatterdome-labs
Cravv,"You cook. We’ve got your back.
Building for everyone who steps into the kitchen and wants to get better at it.",Robotics Engineering,11-50 employees,Privately Held,"Bengaluru, Karnataka, India",India,cravv.in,https://www.linkedin.com/company/cookwithcravv
Livemetal,"A Pre-Incubated startup at the Centre for Entrepreneurship Development(CED), Anna University, Chennai. 

Novel Multifabricators for the Normal Man. That's our mission. So you don't have to Learn Robotics to Use Robotics.",Robotics Engineering,2-10 employees,Privately Held,"Chennai, Tamil Nadu, India",India,livemetal.in,https://www.linkedin.com/company/livemetal
ParkHoch Technologies LLP,Mechanical and robotics Car Parking Systems,Robotics Engineering,2-10 employees,Partnership,"Mumbai, Maharashtra, India",India,parkhochtechnologies.com,https://www.linkedin.com/company/oxycare-india
Mecha Labs,We aim to research and develop solutions for various challenges in Robotics and Aerospace domains. We are currently doing R&D!,Robotics Engineering,2-10 employees,Self Owned,"Hyderabad, TG, India",India,mechalabs.in,https://www.linkedin.com/company/mecha-labs
MAS ROBOTICS,"Welcome to our business that specializes in robotics and automation solutions. We offer cutting-edge technology to improve safety, quality, and deliverables while optimizing costs for our clients. Our team of experts is dedicated to providing innovative solutions that streamline processes and enhance efficiency. Whether you are looking to automate a manufacturing line or improve the functionality of your operations, we have the skills and technology to meet your needs. Contact us today to learn more about how our robotics and automation services can take your business to the next level.",Robotics Engineering,11-50 employees,Self Employed,"R.f, India",India,masrobotics.in,https://www.linkedin.com/company/mas-robotics
ROBODEX,"Founded in the year 2009, ROBODEX is the Robotics club of Delhi Public School Dwarka, New Delhi. The club began with only 5 members as an intra-house activity. Within a years time we grew to conduct our first inter school event in the year 2010.
""Innovation is the outcome of a habit not a random act"" Keeping this in mind, we at Robodex conduct inter-school and intra-school events every year.",Robotics Engineering,11-50 employees,Non Profit,"Dwarka, Delhi, India",India,,https://www.linkedin.com/company/robodexx
Yami Agri Tech,"YamiAgri Tech is focused on building next-generation agricultural solutions by integrating automation, robotics, and IoT. We develop smart farming systems, hydroponic solutions, and intelligent platforms to improve productivity, sustainability, and efficiency in modern agriculture.",Robotics Engineering,11-50 employees,Privately Held,"Hyderabad, TG, India",India,yamiagritech.com,https://www.linkedin.com/company/yamiagritech
Maayan Robotics & Automation Private Limited,"Maayan Robotics and Automation Pvt. Ltd.,",Robotics Engineering,2-10 employees,Privately Held,"Chennai, Tamil Nadu, India",India,maayanrobotics.com,https://www.linkedin.com/company/maayan-robotics-automation-pvt-ltd
"Robotics & Automation Club—TSEC, kandivali","TSEC Robotics & Automation Club is the official student-led community of Thakur Shyamnarayan Engineering College, Mumbai.

We are passionate about building intelligent robots, exploring drone technologies, and creating real-world solutions through hands-on projects, workshops, and competitions.

Our mission is to inspire innovation, encourage collaboration, and nurture technical excellence among students.

 ASPIRE • COLLABORATE • INNOVATE — Together, we engineer the future.",Robotics Engineering,2-10 employees,Educational,"Mumbai, Maharashtra, India",India,tsecmumbai.in,https://www.linkedin.com/company/robotics-and-drone-club-tsecmumbai
E-yantra and robotics club,,Robotics Engineering,11-50 employees,Educational,"Uran Ishwarpur, Maharashtra, India",India,,https://www.linkedin.com/company/e-yantra-and-robotics-club
Aerial Robotics Research Group,"Aerial Robotics Research Group is the Drone/UAV Society of NIT Durgapur, run by a group of drone and robotics enthusiasts.",Robotics Engineering,2-10 employees,Privately Held,"Durgapur, West Bengal, India",India,,https://www.linkedin.com/company/aerial-robotics-research-grp
TCET-TRS,TCET-RSI Student Chapter is the Professional Body of the Mechanical and Mechatronics Engineering Department of Thakur College of Engineering and Technology,Robotics Engineering,2-10 employees,Educational,"Borivali, Maharashtra, India",India,,https://www.linkedin.com/company/tcet-rsi
GFR Robots,We continuously work to ensure a harmonious journey of life for all.,Robotics Engineering,11-50 employees,Privately Held,"Coimbatore South, Tamil Nadu, India",India,gfrrobots.com,https://www.linkedin.com/company/gfrrobots
Blue Gray Robotics,,Robotics Engineering,2-10 employees,Privately Held,"Bengaluru, Karnataka, India",India,bluegrayrobotics.com,https://www.linkedin.com/company/blue-gray-robotics
Robuverse,"Robuverse is a technology-focused startup working on the design and
development of intelligent systems across robotics, automation, and software.

We build products and prototypes that combine hardware and software —
including robotic systems, AI-driven automation, and custom software
solutions designed for real-world use cases.

Our work spans:
• Robotics and AI systems development
• Product and prototype design
• Automation and system integration
• Software and web application development
• Technical project support and implementation

Alongside product development, we collaborate with students, institutions,
and early-stage teams through applied learning, project guidance, and
hands-on technical support — helping turn ideas into working systems.

We believe technology should be built as complete, practical systems,
not isolated components.

Currently in the early stages, we are focused on building, learning,
and refining — one system at a time.",Robotics Engineering,2-10 employees,Privately Held,"Kozhikode, Kerala, India",India,,https://www.linkedin.com/company/robuverse
NEXTROY DYNAMICS,"NEXTROY DYNAMICS is a pioneer in advanced robotics, drone tech, and AI, dedicated to creating innovative defense systems that protect and serve humanity. Our solutions blend cutting-edge technology with humanitarian values, aiming to build a safer, smarter future for all.",Robotics Engineering,2-10 employees,Privately Held,"Hyderabad, TG, India",India,,https://www.linkedin.com/company/nextroy-dynamics
MELS 3D LABS,"MELS 3D LABS is a company specializing in advanced additive manufacturing, focusing on designing and developing innovative 3D printers, complex CAD models, electronics, and software solutions for a global consumer base.",Robotics Engineering,2-10 employees,Self Owned,"Taliparamba, Kerala, India",India,mels3d.com,https://www.linkedin.com/company/mels3d
ROBOMINDS UPES,"At ROBOMINDS, we’re more than just a robotics club — we’re a launchpad for future innovators and tech enthusiasts. Nestled at the heart of UPES, our club is where passion meets precision, and creativity powers cutting-edge technology",Robotics Engineering,11-50 employees,Educational,"Vikasnagar, Uttarakhand, India",India,,https://www.linkedin.com/company/robominds-upes
Robotics Club SKIT,"The Robotics Club  SKIT is a collaborative space for innovators and tech enthusiasts to design, build, and program robots. Members work on projects ranging from basic robotics to advanced automation, participate in competitions, and explore cutting-edge technologies like AI, IoT, and machine learning. Whether you're a beginner or an expert, the club offers hands-on learning, workshops, and team-based problem-solving opportunities to spark creativity and technical growth.",Robotics Engineering,Self-employed,Non Profit,"Jaipur, Rajasthan, India",India,github.io,https://www.linkedin.com/company/robotics-club-skit
Autobot Systems And Automation,"Autobot Systems and Automation specializes in providing turnkey robotic welding and handling solutions tailored for the agriculture, construction, and fabrication industries.

We design and integrate end-to-end robotic systems, including welding cells, part handling automation, and in-house manufactured robotic torch cleaning stations.

With a strong technical team, proven expertise in aluminum welding, and a reputation for fast execution, we help manufacturers improve productivity, consistency, and safety through automation.

 Turnkey Robotic Welding & Handling Solutions
 Torch Cleaning Stations
 Integration with major robot brands (Fanuc, OTC, Yaskawa, etc.)
 Strong domain knowledge in agriculture & construction equipment fabrication",Robotics Engineering,11-50 employees,Partnership,"Haveli, Maharashtra, India",India,autobotsystems.com,https://www.linkedin.com/company/autobot-systems-and-automation
Raphson Robotics,"We are building intelligent robotic solutions to transform pipeline inspection and maintenance in the oil and gas industry. Our focus is on developing a spider-inspired quadruped robot that can navigate inside pipelines, detect damage such as cracks and corrosion, and perform basic repairs without the need for shutdown.

By combining robotics, AI, and real-time data monitoring, we aim to reduce operational costs, improve safety, and prevent environmental risks caused by pipeline failures. Our solution minimizes human intervention in hazardous environments and enables faster, smarter, and more efficient infrastructure maintenance.

Our vision is to create a future where autonomous robots continuously monitor and maintain critical industrial systems, making them safer, more reliable, and highly efficient.",Robotics Engineering,2-10 employees,Partnership,"Chengalpattu, Tamil Nadu, India",India,raphsonrobotics.com,https://www.linkedin.com/company/raphson-robotics
EcruxBot,,Robotics Engineering,2-10 employees,Privately Held,"Jalgaon, Maharashtra, India",India,,https://www.linkedin.com/company/ecruxbot
Oblivik Robotics,"Oblivik Robotics is a leading robotics and automation technology company specializing in advanced toolpath planning for additive and subtractive manufacturing. Our solutions enhance precision, efficiency, and process automation across industries such as aerospace, automotive, defense, and industrial manufacturing.

We support robot kinematic solvers for systems with up to 36 axes, enabling high-performance motion control for both robotic arms and CNC machines. Our team also provides customized post processor development for a wide range of machine controllers and robot platforms, ensuring seamless integration and reliable output.

In addition, Oblivik Robotics delivers scalable automation frameworks that streamline production workflows, reduce manual intervention, and improve throughput. Our modular and flexible systems help manufacturers advance toward smart manufacturing and Industry 4.0 standards.

At Oblivik Robotics, we’re redefining the future of robotic manufacturing, enabling smarter, faster, and more agile operations across the global industrial landscape.",Robotics Engineering,2-10 employees,Privately Held,"Pune, Maharashtra, India",India,oblivikrobotics.com,https://www.linkedin.com/company/oblivik-robotics
AisleSense Robotics,"AisleSense Robotics builds retrofittable Automated Storage and Retrieval Systems (ASRS) designed to automate darkstores and small fulfillment hubs. 
By combining autonomous mobile robots (AMRs) with mechanical vertical lifts and intelligent fleet orchestration software, AisleSense eliminates manual picking touchpoints, slashes operational errors, and maximizes high density storage layout efficiency for quick commerce brands.",Robotics Engineering,2-10 employees,Privately Held,"Chennai, Tamil Nadu, India",India,aislesense.com,https://www.linkedin.com/company/aislesense-robotics
EvolveNest Labs,"We are building the next generation of intelligent robots—machines that don't just automate, but adapt, learn, and evolve with their tasks.

Our mission is to make India a global powerhouse in robotics and Physical AI, creating technology that transforms industries and sets new standards worldwide.",Robotics Engineering,2-10 employees,Privately Held,"Lucknow, Uttar Pradesh, Select One, India",India,evolvenestlabs.com,https://www.linkedin.com/company/evolvenestlabs
Humanoid Education,"We help educators to build their first Humanoid

We guide students through the process of building their own humanoid robots, from initial design to final implementation. This program fosters creativity, technical proficiency, and a deep understanding of the complexities involved in humanoid robotics.",Robotics Engineering,11-50 employees,Non Profit,"Hyderabad, TG, India",India,humanoid.education,https://www.linkedin.com/company/humanoid-education
Cyber Geeks,"At Cyber Geeks, we are at the forefront of innovation, merging the realms of the Internet of Things (IoT) and robotics to create intelligent solutions that enhance everyday life. Our passionate team of engineers and tech enthusiasts is dedicated to designing and developing cutting-edge technologies that drive efficiency, connectivity, and automation across various industries.

From smart home devices that simplify daily routines to advanced robotic systems for manufacturing and logistics, we leverage the latest advancements in AI, machine learning, and embedded systems. Our mission is to empower businesses and individuals by providing seamless, scalable, and secure IoT solutions that harness the power of interconnected devices.

At Cyber Geeks, we believe in the potential of technology to transform lives. Join us as we explore new frontiers in robotics and IoT, crafting a smarter, more connected world for everyone.",Robotics Engineering,2-10 employees,Privately Held,"New Delhi, Delhi, India",India,,https://www.linkedin.com/company/the-cyber-geeks
Bangladesh Robotics Foundation,"Bangladesh Robotics Foundation is an independent, non-profit, community organization that was established in 2017 in Dhaka, Bangladesh by a group of enlightened, enthusiastic professional innovators. The organization is heavily inclined towards promoting global growth and implementation of robotics and automation technology in which a majority portion is associated with academic institutions and research and development. Initially, the focus of this organization is on Artificial Intelligence, DIY Robots, Drones, Household robots, Humanoid Robots, Industrial Robots, Medical Robots, Military Robots, Sensors, Actuators, Robotics Software, and Space Robots. Beside, another main objective is to bring awareness in robotics industry and also and to promote the profitable use of robots, and assist in the development of Industrial Robots and Automation in various industries. BRF is committed to serving the entire robotics community both in academics and industry areas by promoting research-oriented development and training on corresponding criteria. BRF is open to individuals and organizations, both onshore and offshore. BRF is strongly devoted to excellence in the workplace.


Objectives: 
Bangladesh Robotics Foundation is an organization to lead students about Robotics and its applications both personal and commercial. Our main goal is to utilize the potential to build a self-reliant Bangladesh. Making a generation who will well-known of their capabilities, informed of their scopes of knowledge implementation, who are assiduous in research and application and convinced of building an enriched Bangladesh. It has been working to satisfy inquisitive minds by providing knowledge of the unknown and the unseen. Apart from this, the Bangladesh Robotics Foundation also patronizes robotics projects of the students. We support the student’s needs to materialize their robotics clean ideas not only morally but also financially. To increase the practice of robotic",Robotics Engineering,"10,001+ employees",Non Profit,"New Delhi, Delhi, India",India,bdrf.org.bd,https://www.linkedin.com/company/bdrf
ROCC SMVIT,"ROCC - Robotics and Computer Vision Club 
The Robotics Club at Sir MVIT is dedicated to nurturing young and innovative minds. Through a variety of seminars, sessions, and hands-on workshops, the club aims to provide students with valuable knowledge and practical experience in the field of robotics.",Robotics Engineering,11-50 employees,Educational,"Mangaluru, Karnataka, India",India,,https://www.linkedin.com/company/rocc-smvit
Kyzer Robotics,"Kyzer Robotics Pvt. Ltd.

Kyzer Robotics Pvt. Ltd. is a technology-driven engineering company focused on building practical, scalable, and high-impact robotic solutions for real-world applications.

At the core of our company is Team KYZER — the official home-grown innovation team of Kyzer Robotics Pvt. Ltd. A multidisciplinary group of engineers, designers, and makers who believe in learning by building.

From concept to execution, we integrate:

 Mechanical Design

 Electronics & Embedded Systems

 Smart Automation

 Rapid Prototyping & 3D Printing

We don’t just experiment.
We design. prototype. test. and innovate.

 Our Specializations

 Robotics Product Development
 Drone Technology & Autonomous Systems
 3D Printing & Rapid Prototyping
 Custom Engineering & Hardware Solutions

We support students, startups, research teams, and industries in transforming bold ideas into working machines — from early-stage prototypes to field-ready and competition-grade systems.

 Team KYZER – Competition Journey
 Robo War

Indian Institute of Technology Jodhpur – Prometeo 2026 (Participated)

Symbiosis International University – Kurukshetra 2026 (Participated)

Parul University – Projection 2026 (Participated)

 Line Follower

Indian Institute of Technology Bombay – Techfest 2023 (Participated)

Symbiosis International University – Kurukshetra 2026 (5th Position)

 Robo Race

Indian Institute of Technology Bombay – Techfest 2023 (Participated)

College of Engineering Pune – Mindspark 2024 (Participated)

MIT ADT University – Persona Fest 2026  1st Runner Up

 Sumo Wrestling

College of Engineering Pune – Mindspark 2024 (Participated)

Symbiosis International University – Kurukshetra 2026 (Participated)

 Pune, Maharashtra, India
 Open to collaborations, projects & innovation partnerships

Kyzer Robotics Pvt. Ltd.
Engineering Ideas into Intelligent Machines.",Robotics Engineering,2-10 employees,Privately Held,"Pune, Maharashtra, India",India,,https://www.linkedin.com/company/kyzerrobotics
BEE ROBOTICS,,Robotics Engineering,2-10 employees,Public Company,"Rajarhat, West Bengal, India",India,,https://www.linkedin.com/company/be-robotics
HomeMind Labs,Transforming homes into smart sanctuaries! | Redefining the future of home automation.,Robotics Engineering,2-10 employees,Self Employed,"Sriperumbudur, Tamil Nadu, India",India,,https://www.linkedin.com/company/homemind-labs
Homebot Global,"Welcome to HOMEBOT, the ultimate intelligent cleaning companion designed to revolutionize home cleaning. Say goodbye to the hassle of manual floor cleaning and embrace a new era of effortless cleanliness.

HOMEBOT is engineered with cutting-edge technology, offering automated, efficient, and intelligent cleaning solutions that fit seamlessly into your lifestyle. Whether you're at home or away, our smart cleaning system ensures spotless floors, giving you more time to focus on what truly matters.

 Smart Navigation & Precision Cleaning
 Advanced AI for Adaptive Cleaning
 Effortless Maintenance & Scheduling
 Eco-Friendly & Energy Efficient",Robotics Engineering,11-50 employees,Privately Held,"Ahmedabad, Gujarat, India",India,homebotglobal.com,https://www.linkedin.com/company/homebot-global
TRS REC,"The Robotics Society of REC is where we blend tech and creativity to craft incredible dreams. Our club is all about pushing boundaries and making futuristic dreams a reality. Join us for an exciting journey into the world of robotics, where innovation knows no bounds!",Robotics Engineering,11-50 employees,Self Employed,"Sriperumbudur, Tamil Nadu, India",India,,https://www.linkedin.com/company/trsrec
Team Thriveforce,We are the combat robotics team from BITS Pilani Hyderabad Campus,Robotics Engineering,2-10 employees,Self Employed,"Hyderabad, TG, India",India,vercel.app,https://www.linkedin.com/company/team-thriveforce
ROBOVERSE CGEC,The Official Robotics Club of Cooch Behar Government Engineering College,Robotics Engineering,2-10 employees,Educational,"Koch Bihar, West Bengal, India",India,,https://www.linkedin.com/company/roboverse-cgec
Robitech.in,Coming soon,Robotics Engineering,2-10 employees,Privately Held,"Varanasi, Uttar Pradesh, India",India,robitech.ai,https://www.linkedin.com/company/robitech-ai
Pigeon lab,"Pigeon labs aims to enable aerial logistics in urban areas using autonomous Unmanned Aerial Vehicles(UAV). Ours is a hybrid UAV(Unmanned aerial vehicle) which can land and take off from anywhere like a helicopter and can also fly far like an airplane. We will cut down current cost of delivery by 10x, time to deliver by 5x and increase delivery radius by 3x. Our clients will be able to service entire city without opening multiple branches. know more at www.pigeonlab.in",Robotics Engineering,Self-employed,Self Employed,"Bengaluru, Karnataka, India",India,pigeonlab.in,https://www.linkedin.com/company/pigeonlab
Avyay Intellitech,"Avyay Intellitech Pvt. Ltd. is a deep-tech innovation company building solutions in Generative AI, Computer Vision, Industrial Robotics, IIoT, and Defence Technology.

We combine cutting-edge research with practical engineering to develop products that enhance industrial efficiency, strengthen defence capabilities, and revolutionize education through technology.

Our portfolio includes advanced AI inspection systems, Multipurpose 3Dof ,6Dof Robotic Arms , and indigenous defense tech that contribute to India’s self-reliance in strategic sectors.

Mission: To engineer impactful technology that empowers industries, communities, and the nation.
Vision: To be a global leader in indigenous innovation, delivering solutions that matter.",Robotics Engineering,2-10 employees,Privately Held,"Ahmedabad, Gujarat, India",India,avyayintellitech.com,https://www.linkedin.com/company/avyay-intellitech
Team_PathFinders,"At Pathfinder, we are redefining indoor mobility with cutting-edge autonomous navigation technology. Our goal is to provide cost-effective, AI-powered smart robots that enable seamless movement for individuals with mobility challenges",Robotics Engineering,2-10 employees,Self Employed,"Jalandhar, Punjab, India",India,,https://www.linkedin.com/company/team-pathfinders
IoTwebplanet,"IoTWebPlanet is an online store that sells the bits and pieces to make your Arduino ,electronics, robotics and Internet Of Things projects possible. No matter what your vision is, our products and resources are designed to make the world of electronics more accessible to the beginner. In addition to products, Our online tutorials and support designed to help educate individuals in the wonderful world of embedded electronics.",Robotics Engineering,2-10 employees,Self Owned,"Kanpur, Uttar Pradesh, India",India,iotwebplanet.com,https://www.linkedin.com/company/iotwebplanet
Vctroid Concepts Pvt Ltd,"Vctroid Concepts Pvt Ltd is a leading education provider, offering online and offline Robotics Training in school, colleges and Industrial Training, Job Oriented and IT skills. With expert-led training and hands-on learning.",Robotics Engineering,51-200 employees,Educational,"New Delhi, Delhi, India",India,vctroid.com,https://www.linkedin.com/company/vctroid-concepts-pvt-ltd
phi9,"Physical AI research, data systems, and applied intelligence.",Robotics Engineering,2-10 employees,Privately Held,"New Delhi, State, Delhi, India",India,phi9.space,https://www.linkedin.com/company/phi9
Ligent Lab,Ligent Lab is a startup working on Robotics and IoT to make our lives easier.,Robotics Engineering,2-10 employees,Public Company,"New Delhi, Delhi, India",India,ligentlab.com,https://www.linkedin.com/company/ligent-lab
MaVCrone,"MaVChron is the Robotics, Autonomous Systems, and Industrial Automation division of MaVionix, dedicated to developing next-generation intelligent robotic solutions for real-world challenges. By combining Artificial Intelligence, Robotics, Computer Vision, IoT, Edge Computing, and Autonomous Navigation, MaVChron designs advanced systems that enhance operational efficiency, improve safety, and reduce human intervention across critical industries.

Our mission is to create autonomous robotic technologies capable of performing complex inspection, monitoring, maintenance, surveillance, logistics, and disaster-response tasks with precision and reliability. From intelligent quadruped robots and autonomous drones to industrial inspection platforms and AI-powered robotic systems, MaVChron is building the future of smart automation.

We focus on delivering scalable, secure, and industry-ready robotic solutions for sectors including oil & gas, manufacturing, smart infrastructure, healthcare, agriculture, mining, defense, logistics, and smart cities. Every solution is engineered to integrate seamlessly with AI-driven analytics, cloud platforms, and digital enterprise ecosystems, enabling organizations to make faster, data-driven decisions.

At MaVChron, innovation goes beyond automation—we are engineering autonomous intelligence that empowers industries to operate smarter, safer, and more sustainably.",Robotics Engineering,2-10 employees,Partnership,India,India,,https://www.linkedin.com/company/mavcrone
Triobotics Automation Solutions,,Robotics Engineering,2-10 employees,Privately Held,"Pune, Maharashtra, India",India,,https://www.linkedin.com/company/triobotics-automation-solutions
YuwaWork,"YuwaWork Robotics is building the future of intelligent, autonomous machines.

We are an early-stage robotics startup focused on taking robots from simulation to the real world—where intelligence meets motion and ideas become physical systems. 

From perception and control to hardware integration, we design robots that are practical, scalable, and built for impact.",Robotics Engineering,2-10 employees,Privately Held,"Ujjain, Madhya Pradesh, India",India,yuwawork.in,https://www.linkedin.com/company/yuwawork-robotics
ROY TECH LAB,"ROY TECH LAB (RTL) is a skill-based learning company dedicated to empowering students through practical education in Robotics, Artificial Intelligence, Coding, and Technology. Established in 2025, RTL works with schools and institutions to provide hands-on training, workshops, and project-based learning that build real-world problem-solving skills.
Our mission is to make future technology simple, accessible, and career-focused for every learner.",Robotics Engineering,Self-employed,Self Owned,"English Bazar, West Bengal, India",India,,https://www.linkedin.com/company/roy-tech-lab
SYSMIC,"Sysmic is building the next generation of general-purpose robots. Our mission is to create intelligent, reliable, and scalable robotic systems that make automation accessible for businesses worldwide.",Robotics Engineering,2-10 employees,Privately Held,"Bengaluru, Karnataka, India",India,vercel.app,https://www.linkedin.com/company/sysmic-ai-assist
Reops Intellitech,,Robotics Engineering,2-10 employees,Privately Held,"Mumbai, Maharashtra, India",India,reopsintellitech.com,https://www.linkedin.com/company/reops-intellitech
Beetle Robotics and Aeromodelling Club,"At Beetle Robotics, we are driven by a passion for innovation and a commitment to shaping the future of technology. As a pioneering student-led club, we specialize in robotics, aeromodelling, and aerospace engineering, creating cutting-edge solutions that push the boundaries of science and technology.

Our mission is to empower enthusiasts to transform ideas into reality through hands-on projects, workshops, and competitions. From building drones and RC planes to developing advanced robotic systems, we bring together creativity, engineering, and teamwork.",Robotics Engineering,2-10 employees,Non Profit,"Amber, Rajasthan, India",India,,https://www.linkedin.com/company/beetle-robotics-and-aeromodelling-club
LeevAI,"At LeevAI, we are pioneering the future of robotics to simplify everyday tasks and enhance efficiency. Our innovative solutions leverage advanced automation and intelligent technology to create robots that make life easier, safer, and more convenient.

Driven by a passion for innovation, our team of experts is dedicated to developing cutting-edge robotic systems that seamlessly integrate into various environments, delivering high performance and reliability. With a commitment to quality, efficiency, and user-friendly design, we aim to revolutionize how people interact with technology.",Robotics Engineering,2-10 employees,Privately Held,"Bengaluru, Karnataka, India",India,,https://www.linkedin.com/company/raseksha
Reaion Systems,"Our mission is to engineer next-generation UAV and robotic systems that redefine capability, extend operational reach, and solve real-world challenges.",Robotics Engineering,2-10 employees,Self Owned,"Pune, Maharashtra, India",India,reaion.com,https://www.linkedin.com/company/reaion
CHOTU BOT,"Chotubot builds open-source 6-DOF robotic arms designed to make advanced robotics accessible to everyone.

Powered by Chotu servo motors and a simple UART controller, our robotic arm delivers the right balance of precision, affordability, and ease of integration - ideal for students, makers, educators, researchers, and early-stage automation projects.

We believe robotics should empower creativity, not complicate it. That’s why Chotubot provides open design files, clear documentation, and community support, giving you the freedom to build, modify, and innovate with confidence.

Whether you’re learning robotics, prototyping motion systems, or exploring automation concepts, Chotubot offers an intuitive, hands-on platform that sparks learning and experimentation.

Robotics doesn’t have to be expensive or complex.
With Chotubot, it’s finally within reach.",Robotics Engineering,2-10 employees,Privately Held,"Hyderabad, TG, India",India,chotubot.in,https://www.linkedin.com/company/chotubot
neutronslab.in,,Robotics Engineering,Self-employed,Self Owned,"Kanpur, Uttar Pradesh, India",India,,https://www.linkedin.com/company/neutronslab-in
shizen dynamics,"Passionate Entrepreneurs | Robotics Enthusiasts | Innovators

As co-founders of Bio Inspired Robots, we are dedicated to merging nature's brilliance with cutting-edge technology. Our mission is to develop advanced robotic solutions inspired by the natural world, starting with the creation of a robotic human hand and progressing towards autonomous humanoid robots. With a strong focus on bio-inspired engineering, we aim to revolutionize the robotics industry and push the boundaries of innovation.

 Current Project: Robotic Human Hand
 Future Vision: Autonomous Humanoid Robots

Join us on our journey to create groundbreaking technologies that emulate the wonders of nature. Connect with us to explore collaboration opportunities, share insights, or simply discuss the exciting future of robotics.",Robotics Engineering,2-10 employees,Privately Held,"Chennai, Tamil Nadu, India",India,,https://www.linkedin.com/company/shizen-dynamics
KAUSTYA ROBOTICS LIMITED,"KAUSTYA ROBOTICS LIMITED is a leading Industrial Robotics, Automation, and Industry 4.0 company committed to driving digital transformation through advanced engineering solutions, intelligent automation, and industry-focused skill development.
We specialize in Industrial Robotics, PLC, SCADA, HMI, Machine Vision, Industrial IoT (IIoT), Artificial Intelligence (AI), Robotic Simulation, Digital Manufacturing, and Smart Factory solutions. Our services include robot system integration, turnkey automation projects, engineering consulting, and customized solutions that enhance productivity, efficiency, quality, and operational excellence across industries.
Beyond industrial automation, we are dedicated to developing future-ready engineers through practical training and globally aligned certification programs. We collaborate with industries, engineering colleges, universities, and educational institutions to establish Robotics Labs, Centers of Excellence, STEM Labs, and advanced workforce development initiatives that bridge the gap between academia and industry.
Our Core Expertise
• Industrial Robotics & Robot Programming
• PLC, SCADA & HMI Automation
• Industry 4.0 & Smart Manufacturing
• Digital Manufacturing & Robotic Simulation
• Industrial IoT (IIoT) & AI Solutions
• Engineering Consulting & Turnkey Automation Projects
• Corporate Training & Technical Upskilling
At KAUSTYA ROBOTICS LIMITED, our mission is to empower industries and aspiring engineers with innovative technologies, practical expertise, and world-class engineering solutions that accelerate industrial growth and prepare organizations for the future of intelligent manufacturing.
Innovation • Automation • Excellence",Robotics Engineering,11-50 employees,Public Company,"Pune, India",India,kaustya.com,https://www.linkedin.com/company/kaustya-robotics-limited
Electronic Blocks,Our company will create circuit blocks for children of 10-18 years of age so that they can try out making their own innovative projects in school. The circuit blocks will be modules of various circuit elements which upon attaching will complete the circuits. The blocks can be attached just the lego toys.,Robotics Engineering,2-10 employees,Self Employed,"Rajarhat, West Bengal, India",India,,https://www.linkedin.com/company/electronic-blocks
Team Heavy Drivers,"Team Heavy Drivers is a group of seven passionate robotics engineers dedicated to designing and building high-performance combat and competitive robots. We actively participate in national and international competitions such as Robo Soccer, Robo Wars, Robo Race, and Robo Sumo.

Our team combines innovation, engineering precision, and teamwork to create robots that excel in speed, strength, and strategy. With several national and international achievements to our name, we continue to push the limits of robotics and represent excellence on global platforms.",Robotics Engineering,2-10 employees,Privately Held,"Faridabad, Haryana, India",India,,https://www.linkedin.com/company/team-heavy-drivers
Osocius Dynamics,"Osocius Dynamics is a robotics engineering company developing physical AI systems designed for connected aging environments.

We build intelligent robotic and sensor driven systems that operate reliably in real world domestic and assisted care settings.

Our focus is not on prototype demonstrations, but on predictable, safe, and consistent behavior under real world uncertainty.

By combining robotics engineering, embedded intelligence, and applied AI, we aim to create dependable automation infrastructure for aging populations.",Robotics Engineering,2-10 employees,Privately Held,"Varanasi, Uttar Pradesh, India",India,osodyn.in,https://www.linkedin.com/company/osodyn
TechnoXian Gwalior,"Technoxian Gwalior is a dynamic robotics community based in the heart of India, on a mission to make Gwalior a hub of innovation and technology.
We bring together students, engineers, and innovators who are passionate about robotics, automation, and building the future with their own hands.
Our vision goes beyond just community — we are actively working towards setting up state-of-the-art Robotics Labs in schools across Gwalior, giving young students hands-on experience with robotics from an early age. We believe every child deserves the chance to build, code, and create.
We are also driving the mission to bring a Robotics Championship to Gwalior — a platform where young innovators can compete, showcase their talent, and get recognized on a national and global stage.
 Robotics Community & Innovation Hub
 Setting Up Robotics Labs in Schools
 Bringing Robotics Championship to Gwalior
 Nurturing Young Engineers & Innovators
 Based in Gwalior, Madhya Pradesh
Empowering the next generation — one robot at a time.",Robotics Engineering,2-10 employees,Non Profit,"Gwalior, Madhya Pradesh, India",India,worso.org,https://www.linkedin.com/company/technoxian-gwalior1
Cortexa Robotics,"Cortexa Robotics is an AI and Robotics startup pre-incubated at Nirmaan, IIT Madras, building intelligent automation solutions for the next generation of smart manufacturing. We leverage Artificial Intelligence, Computer Vision, Robotics, and Intelligent Automation to help manufacturers improve quality, productivity, and operational efficiency. Our mission is to make advanced automation accessible, scalable, and practical through intelligent, plug-and-play solutions that seamlessly integrate into existing production environments.",Robotics Engineering,2-10 employees,Privately Held,"Chennai, Tamil Nadu, India",India,cortexarobotics.com,https://www.linkedin.com/company/cortexa-robotics
Atombotikx,"Atombotikx is a deep-tech Research & Development company dedicated to advancing the future of robotics, artificial intelligence, and intelligent manufacturing.

We develop innovative technologies that bridge academic research and industrial applications, transforming cutting-edge ideas into practical engineering solutions. Our work spans autonomous robotic systems, AI-powered perception, industrial automation, digital twins, advanced manufacturing, and intelligent inspection technologies.

Our research focuses on building scalable, reliable, and intelligent systems for next-generation industries, combining robotics, computer vision, machine learning, simulation, and cloud-connected manufacturing.

Our areas of expertise include:

• Robotics Research & Development
• Artificial Intelligence & Machine Learning
• Computer Vision & Vision-Language AI
• Industrial Automation & Smart Manufacturing
• Digital Twins & Simulation
• Autonomous Robotic Systems
• 3D Scanning, Reverse Engineering & Metrology
• Additive Manufacturing & Digital Fabrication
• ROS 2 & Robotic Software Development
• Product Design, Prototyping & Engineering

Alongside our R&D initiatives, we are developing innovative platforms such as PrintHub, a cloud-based digital manufacturing ecosystem designed to connect customers, engineers, and manufacturing providers through intelligent workflows.

At Atombotikx, our mission is to create technologies that redefine how intelligent machines are designed, built, and integrated into the industries of tomorrow.

Research. Engineer. Innovate.",Robotics Engineering,2-10 employees,Privately Held,"Coimbatore, Tamil Nadu, India",India,atombotikx.com,https://www.linkedin.com/company/atombotikx
The Drone Swarm,"The Drone Swarm is an independent research collaboration platform founded by Shazin Hijazy, bringing together students, researchers, engineers, innovators, and technology enthusiasts who share a common interest in intelligent autonomous systems.

We believe meaningful innovation begins with collaboration. The Drone Swarm provides a space where like-minded individuals can connect, exchange ideas, conduct research, develop prototypes, and work together on technologies that address real-world challenges. Our goal is to foster an open and interdisciplinary research community built on curiosity, technical excellence, and responsible innovation.

Our research interests include 

1. Swarm Intelligence
2. Multi-Agent Systems
3. Autonomous Aerial Systems (UAVs)
4. Marine Robotics and Autonomous Surface Vehicles (ASVs)
5. Artificial Intelligence
6. Machine Learning
7. Computer Vision
8. Autonomous Navigation
9. ROS2
10. Sensor Fusion
11. Edge Intelligence
12. Human-Robot Collaboration
13. Intelligent Sensing
14. Open-Source Robotics.

We welcome contributors from every stage of their journey, whether they are undergraduate and postgraduate students, researchers, faculty members, or industry professionals. The Drone Swarm encourages collaborative research, technical discussions, prototype development, research reading groups, mentorship, and knowledge sharing across institutions, disciplines, and countries.

Our vision is to cultivate a collaborative ecosystem where research grows into practical engineering solutions, academic contributions, open technologies, and innovations that create meaningful value for society.

Connecting Researchers. Advancing Intelligent Autonomy.",Robotics Engineering,2-10 employees,Self Owned,"Visakhapatnam, Andhra Pradesh, India",India,,https://www.linkedin.com/company/drones-swarm
Tealaa Innovations,To be filled later,Robotics Engineering,2-10 employees,Privately Held,"Virakeralampudur, Tamil Nadu, India",India,tealaa.com,https://www.linkedin.com/company/tealaa
Team Ravage,Wreck Limits . Win Battles,Robotics Engineering,2-10 employees,Public Company,"Coimbatore, Tamil Nadu, India",India,,https://www.linkedin.com/company/ravagerobotics
ACTTS Infotech Pvt. Ltd.,"ACTTS – Where Imagination Meets Innovation 

At ACTTS, we believe the future belongs to innovators. Our mission is to empower the next generation with cutting-edge technical training, digital skills, and real-world exposure.

 We integrate STEM education, robotics, AI, and emerging technologies into interactive learning experiences.
 Our programs bridge the gap between creativity and innovation, equipping learners with the skills to thrive in a rapidly evolving digital world.
 With hands-on training, mentorship, and future-driven curriculum, ACTTS nurtures curiosity, critical thinking, and problem-solving abilities in young minds.

 Our Vision: To create a world where education is not just about knowledge, but about innovation, imagination, and impact.

 Let’s collaborate to build the innovators of tomorrow.",Robotics Engineering,11-50 employees,Partnership,"New Delhi, Delhi, India",India,actts.in,https://www.linkedin.com/company/actts-infotech-pvt-ltd
screu,"Screu is India's first production-grade Physical 
AI training data company.

We deploy humanoid robots across real Indian environments 
and collect multi-modal, hardware-synchronized datasets 
for companies building robot foundation models.

Data: RGB + Depth + Proprioception + IMU + Actions
Format: LeRobot

Headquarters: Bangalore, India""",Robotics Engineering,2-10 employees,Public Company,"Bengaluru, Karnataka, India",India,vercel.app,https://www.linkedin.com/company/screu
TEAM AERO DRIFTERS,"We are Aero Drifters, an innovative team from Sri Sai Ram Engineering College, Chennai, driven by a passion for cutting-edge technology and engineering excellence. As participants of SAE AeroTHON, we actively engage in designing and developing advanced unmanned aerial systems, showcasing our skills on a competitive and professional platform.

Specializing in autonomous drone development, we focus on building intelligent aerial systems capable of performing tasks with minimal human intervention. Our work integrates modern technologies such as embedded systems, control algorithms, computer vision, and real-time data processing to ensure efficiency, precision, and reliability.

Through continuous learning, experimentation, and collaboration, we aim to push the boundaries of aerial automation. Our mission is to contribute to advancements in drone technology across domains such as agriculture, surveillance, and mapping, while fostering innovation and technical excellence among aspiring engineers.",Robotics Engineering,11-50 employees,Educational,"Chennai, Tamil Nadu, India",India,,https://www.linkedin.com/company/aero-drifters-team
VajraX,"Welcome to VajraX, student-led hub for robotics at Newton School of Technology, Bangalore.",Robotics Engineering,11-50 employees,Educational,"Bengaluru, Karnataka, India",India,vajrax.club,https://www.linkedin.com/company/vajrax-club
Rutham Techno Lab,"Rutham Techno Lab
Advanced Control Systems & Robotics Engineering

We build the engineering foundation that makes complex systems work — and work better.
Rutham Techno Lab is an engineering and consulting company helping robotic, industrial, and autonomous system organizations solve two of the hardest problems in product development: making systems perform at their best, and making sure requirements don't become liabilities.

Our founders bring 10+ years of hands-on experience building and testing navigation, guidance, autonomy, and control systems for real-world deployed autonomous machinery — experience we bring directly into every engagement.

We work through two focused practices:

 Robotics & Advanced Control Systems

From Model Predictive Control to dynamic system modeling, we design and optimize control strategies for robotic and autonomous applications — helping teams increase efficiency, reduce instability, and get more out of complex environments.

 Requirements & Validation Consulting

We bring field-tested rigor — proven on real-world deployed autonomous systems — to robotics, EV, and embedded system companies. By bringing an independent verification and validation perspective to technical requirements, we help teams identify gaps, ambiguities, risks and inconsistencies in navigation, autonomy, perception, and control system requirements early in development. Our structured reviews improve requirement quality, strengthen validation readiness, and help hardware-software teams ship with greater confidence.

Our belief is simple: great engineering starts before the first line of code or circuit design. It starts with clarity — on objectives, on constraints, on what the system actually needs to do.

We don't just consult — we build. From production-ready control systems and robotics products to structured requirements frameworks, we work alongside teams as both makers and advisors.
That's what we deliver.",Robotics Engineering,2-10 employees,Self Owned,"Coimbatore, Tamil Nadu, India",India,,https://www.linkedin.com/company/rutham-techno-lab
Roboticbell AI,"Roboticbell is a Cloud-programmable intelligent system designed for automatic bell ringing, audio broadcasting, and micro-learning through an institution’s Public Address (PA) system. Best suited for schools, colleges, temples, factories, offices, military zones, and more.  Say goodbye to noisy alarms.  Say hello to soothing music and AI voices. Online scheduling, and AI-generated music and speech such as news reading, birthday wishes, motivational speeches, storytelling, health tips, and more. It is not an automatic device, but a AI Guruji for your school with abundant AI knowledge",Robotics Engineering,2-10 employees,Self Owned,"Kerala, India",India,vrobotics.in,https://www.linkedin.com/company/roboticbellai
Nova Dynamix,"About Us

Nova Dynamix is a robotics and technology company focused on developing innovative hardware, intelligent robotics solutions, and hands-on STEM learning experiences.

Our Products

* ONECHIP – An all-in-one robotics controller designed to simplify robot development with integrated motor drivers, sensor interfaces, and plug-and-play connectivity, enabling faster prototyping and learning.
* Robotics Kits – Modular, project-based kits that help students and makers explore electronics, programming, and robotics through hands-on experimentation.
* STEM & Robotics Workshops – Industry-oriented training programs that combine theoretical concepts with practical implementation, equipping learners with future-ready technical skills.",Robotics Engineering,2-10 employees,Privately Held,"Indore, Madhya Pradesh, India",India,,https://www.linkedin.com/company/nova-dynamixofficial
AlterBots,,Robotics Engineering,2-10 employees,Self Employed,"New Delhi, Delhi, India",India,alterbots.com,https://www.linkedin.com/company/alterbots
Edunosis Education,"Edunosis pioneers in Robotics programs and S.T.E.M Education . Our Goal is to offer best possible programs to enrich young minds and help them to grow, learn and succeed in optimal and fun way from nursery to 12th standard.",Robotics Engineering,2-10 employees,Privately Held,"Pitam Pura, Delhi, India",India,edunosis.com,https://www.linkedin.com/company/edunosis-robotics
RTSTIC PUNE,"RTSTIC PUNE a student organization dedicated to the advancement of robotics at NBNSTIC. The team is composed of students from all years and majors, and they come together to design, build, and compete with robots in various competitions. The team has a strong focus on STEM education, and they strive to promote robotics as a fun and rewarding activity for all students.",Robotics Engineering,2-10 employees,Self Employed,"Pune, Maharashtra, India",India,,https://www.linkedin.com/company/rtstic-pune
Shadow Hunter,"We are a distinguished robotics team specializing in the development and execution of innovative engineering projects. Our team actively engages in a variety of robotic competitions, showcasing a remarkable track record of achievements. Our core participation areas include:

Robo Soccer
Robo Fight
Drone Competition
Line Follower
Project Showcasing
By consistently pushing the boundaries of technological advancements, we have garnered accolades and recognition in these challenging arenas. Stay connected with us for updates on our endeavors. Thank you for your interest and support.",Robotics Engineering,2-10 employees,Non Profit,"Civil Lines, Delhi, India",India,,https://www.linkedin.com/company/the-shadow-hunter
Thalir Robotics,"At Thalir Robotics, we believe great innovations start small. We are building next-generation autonomous agricultural robots that help farmers save time, reduce labour, and increase yield. With a blend of AI, robotics, and sustainability, we aim to transform agriculture into a more efficient and climate-resilient sector.",Robotics Engineering,2-10 employees,Self Employed,"Coimbatore, Tamil Nadu, India",India,,https://www.linkedin.com/company/thalir-robotics
Bellu AI,"At Bellu.ai, we’re building large-scale, customizable real + sim infrastructure to train and evaluate the next generation of embodied AI — systems that perceive, reason, and act in the physical world.

Our platform unifies data, simulation, and control — generating massive real and simulated datasets that accelerate the development of robotics foundation models.

We focus on scaling the full AI-to-action pipeline: from sensory understanding to decision-making and physical execution.
Bellu.ai is building the infrastructure layer for embodied intelligence, enabling robots to learn from both the real and simulated worlds at unprecedented scale.",Robotics Engineering,11-50 employees,Privately Held,"Bengaluru, Karnataka, India",India,bellu.ai,https://www.linkedin.com/company/bellu-ai-research
Wayd,We consult for designing and manufacturing robotics systems.,Robotics Engineering,2-10 employees,Self Owned,"Pune, Maharashtra, India",India,wayd.ai,https://www.linkedin.com/company/waydai
CENTER FOR MOBILE ROBOTS AND HUMANOIDS,CENTER FOR MOBILE ROBOTS AND HUMANOIDS LAB,Robotics Engineering,"1,001-5,000 employees",Educational,"Tenali, Andhra Pradesh, India",India,vignan.ac.in,https://www.linkedin.com/company/center-for-mobile-robots-and-humanoids
BURAQROBOTICS AI,"BURAQROBOTICS AI is an advanced drone technology, robotics and artificial intelligence company based in Ramanagara, Karnataka, India.

Founded by Mohammed Ismail Ahmed — we exist to make intelligent, customizable machines accessible to every Indian business and consumer.

━━━━━━━━━━━━━━━━━━━━━━━━━━━━━━━━━━━━━━━━
WHAT WE BUILD:
━━━━━━━━━━━━━━━━━━━━━━━━━━━━━━━━━━━━━━━━

 Custom Drone Assembly & UAV Systems.
 Robotics Solutions for Industry.
 AI-Integrated Autonomous Systems.
 Drone as a Service (DaaS).
 Drone Sales & Technical Consultation.

━━━━━━━━━━━━━━━━━━━━━━━━━━━━━━━━━━━━━━━━
CURRENT PROJECT:
━━━━━━━━━━━━━━━━━━━━━━━━━━━━━━━━━━━━━━━━

SHAHIIN D-22 — our flagship advanced autonomous quadcopter UAV currently under active development on the Tarot 650 carbon fiber platform.

Engineered for agriculture, construction, aerial photography, stock monitoring, event services and AI operations.

We are building this completely in public — follow our journey for daily development updates.

━━━━━━━━━━━━━━━━━━━━━━━━━━━━━━━━━━━━━━━━
OUR VISION:
━━━━━━━━━━━━━━━━━━━━━━━━━━━━━━━━━━━━━━━━

To be India's one and only destination for fully customizable drones, robotics and AI solutions — for every business, every industry and every consumer across India.

We don't follow the future. We engineer it. 

━━━━━━━━━━━━━━━━━━━━━━━━━━━━━━━━━━━━━━━━
 CONNECT WITH US:
━━━━━━━━━━━━━━━━━━━━━━━━━━━━━━━━━━━━━━━━

We are open to:
→ Business partnerships & collaborations.
→ Custom drone project inquiries.
→ Investment conversations.
→ Research & development tie-ups.
→ Drone service requirements.
→ Technical consultations.

━━━━━━━━━━━━━━━━━━━━━━━━━━━━━━━━━━━━━━━━
CONNECT:
━━━━━━━━━━━━━━━━━━━━━━━━━━━━━━━━━━━━━━━━
 buraqrobotics.com
 contact@buraqrobotics.com
 Ramanagara, Karnataka, India

Engineering Intelligence. Building the Future.",Robotics Engineering,Self-employed,Self Owned,"Ramanagara,, Karnataka, India",India,buraqrobotics.com,https://www.linkedin.com/company/buraqroboticsai
Azybron Robotics,"Azybron Robotics is an innovation-focused engineering company committed to building the future through robotics, automation, and intelligent technologies. Founded by passionate engineers, we specialize in developing customized robotic systems, automation solutions, product designs, and AI-enabled applications that solve real-world challenges.

By combining creativity, engineering excellence, and emerging technologies, we help startups, industries, researchers, and innovators transform ambitious concepts into impactful products and solutions.

Azybron Robotics — Where Dreams Take Shape.",Robotics Engineering,2-10 employees,Partnership,"Kanayannur, Kerala, India",India,azybronrobotics.com,https://www.linkedin.com/company/azybron-robotics
HyperSphere Robotics,"Hypersphere Robotics is the robotics and artificial intelligence brand of Tesseract Technologies Pvt. Ltd., focused on developing next-generation autonomous aerial-terrestrial robotic systems that redefine mobility, intelligence, and automation.

Our flagship innovation is a transformable Drone-Rover - an autonomous robotic platform capable of seamlessly switching between flight and ground mobility. By combining the endurance and efficiency of a rover with the agility of a drone, our technology enables longer missions, higher payload efficiency, and reliable operation across challenging environments where conventional robots fall short.

 Applications:

 Defence & Border Security
 Autonomous Logistics & Last-Mile Delivery
 Precision Agriculture & Smart Farming
 Construction & Infrastructure Inspection
 Mining & Underground Exploration
 Disaster Response & Emergency Services
 Medical & Organ Delivery
 Industrial Inspection & Hazardous Environment Monitoring

 Our Expertise:

Autonomous Robots | Drone-Rover Transformers | AI Robotics | Unmanned Aerial Vehicles (UAVs) | Unmanned Ground Vehicles (UGVs) | Autonomous Navigation | Robotics Engineering | Artificial Intelligence | Machine Learning | Deep Learning | Reinforcement Learning | Computer Vision | Embedded Systems | Edge AI | SLAM & Mapping | Multi-Sensor Fusion | Fleet Management | Robotics Software | Human-Robot Interaction | Mechatronics | Industrial Automation | Smart Mobility | Robotics Research & Development

At Hypersphere Robotics, we believe the future belongs to intelligent autonomous systems that can seamlessly adapt to air, land, and beyond. Our mission is to build world-class robotics technologies that empower industries, strengthen national capabilities, and accelerate the adoption of AI-driven automation.

Proudly building indigenous deep-tech solutions aligned with Make in India, Atmanirbhar Bharat, Digital India, and the future of intelligent autonomous systems.",Robotics Engineering,2-10 employees,Privately Held,"Ahilyanagar, Maharashtra, India",India,hypersphere.io,https://www.linkedin.com/company/hypersphere-robotics
Rush Robotics,"Rush Robotics is a robotics research and development company focused on designing and building intelligent automation solutions. We specialize in taking ideas from concept to functional prototypes through a complete stack of capabilities, including mechanical design, embedded systems, and ROS-based development.

Our expertise spans CAD modeling, 3D printing, electronics integration, and software frameworks for robotic control and autonomy. We work with startups, research teams, and industries to deliver custom robotics solutions tailored to real-world applications.

At Rush Robotics, we engineer systems that bridge the gap between innovation and implementation.

Core Capabilities:

-Robotics prototyping and development

-CAD design and rapid 3D printing

-Mechatronics and embedded system integration

-Simulation and control using Robot Operating System (ROS)

We build robots to help you build the future.",Robotics Engineering,2-10 employees,Self Employed,"Navi Mumbai, Maharashtra, India",India,,https://www.linkedin.com/company/rushrobotics
theishanjain,"We offer interactive Robotics and AI workshops for students, fostering creativity and innovation through hands-on activities led by our expert team.",Robotics Engineering,2-10 employees,Partnership,"Chhatrapati Sambhajinagar, Maharashtra, India",India,theishanjain.com,https://www.linkedin.com/company/theishanjain
VisionX Mera SATHi,"VisionX Mera SATHi has been a pioneering force in agricultural technology for over 15 years, specializing in the development of innovative solutions to address the evolving needs of farmers worldwide. Our expertise lies at the intersection of technology and agriculture, where we leverage cutting-edge advancements in robotics, artificial intelligence, and data analytics to revolutionize farming practices.

Our team of skilled engineers and AI specialists possesses a wealth of experience in designing and manufacturing robust, reliable, and high-performance robotic systems tailored for agricultural applications. We excel in developing intelligent algorithms and data analytics tools to extract actionable insights from agricultural data, empowering farmers to make informed decisions and optimize their operations for maximum efficiency and yield.

At VisionX Mera SATHi, we are committed to promoting sustainable agricultural practices that safeguard the environment and ensure the long-term viability of farming ecosystems. Our solutions are designed with sustainability in mind, offering farmers the tools they need to cultivate crops responsibly and protect natural resources for future generations.

Over the years, VisionX Mera SATHi has garnered widespread acclaim and recognition for our innovative contributions to the agricultural technology sector. Our solutions have been successfully deployed across a diverse range of farms and agricultural enterprises worldwide, delivering tangible results in terms of increased productivity, efficiency, and profitability.

Through strategic partnerships with leading players in the agriculture industry and a relentless commitment to customer satisfaction, VisionX Mera SATHi has established itself as a trusted partner and a driving force for positive change within the agricultural community. We are dedicated to shaping the future of farming and empowering farmers to thrive in an increasingly complex and competitive landscape.",Robotics Engineering,2-10 employees,Privately Held,"Kota, Rajasthan, India",India,visionxmerasathi.in,https://www.linkedin.com/company/visionx-mera-sathi
Technovate Labs,We are committed to providing a space where creativity and fun take centre stage over theory. Our platform is a place where individuals can leverage the skills and knowledge they have acquired over the years to create and innovate.,Robotics Engineering,2-10 employees,Self Owned,"Ottappalam, Kerala, India",India,technovatelabs.com,https://www.linkedin.com/company/technovatelabs
Robo Sapiens,"Are you passionate about robotics and eager to be part of an exciting community that explores the frontiers of technology? Look no further! The Robotics Club is the perfect platform for individuals with a shared interest in robotics, automation, and artificial intelligence.

At the Robotics Club, we believe in fostering innovation, collaboration, and hands-on learning experiences. Whether you're a seasoned expert or a curious beginner, our club welcomes enthusiasts of all skill levels.",Robotics Engineering,11-50 employees,Self Employed,"Pune, Maharashtra, India",India,,https://www.linkedin.com/company/robo-sapiens
Yantronix,"Yantronix is a robotics and automation startup dedicated to developing secure, modular, and future-ready robotic systems for industrial and research applications. The company focuses on designing and prototyping advanced robotic platforms that combine intelligent control, reliable performance, and flexibility for multiple domains — from manufacturing automation to experimental research.",Robotics Engineering,2-10 employees,Privately Held,"Visakhapatnam, Andhra Pradesh, India",India,yantronix.co.in,https://www.linkedin.com/company/yantronix
Infra Robotics,,Robotics Engineering,2-10 employees,Privately Held,"Rupnagar, Punjab, India",India,infrarobotics.in,https://www.linkedin.com/company/infra-robotics
ROS Simplified,"ROS Simplified is a learner-driven initiative focused on simplifying ROS 2 for real-world understanding and application.

It provides structured tutorials, conceptual explainers, and practical walkthroughs designed to help students and developers understand how ROS systems work and apply them effectively in projects.

The goal is to make robotics software more approachable, reducing the gap between learning and building real-world systems.

Through clear explanations and hands-on insights, ROS Simplified helps learners move from confusion to confidence in the ROS ecosystem.",Robotics Engineering,Self-employed,Self Employed,"Phagwara, Punjab, India",India,,https://www.linkedin.com/company/ros-simplified
Perfect Robotics,"“PerfectRobotics creates intelligent robots that transform industries and everyday life. Subscribe for robot demos, innovations, and AI breakthroughs.”",Robotics Engineering,11-50 employees,Partnership,"Pune, Maharashtra, India",India,perfectrobotics.in,https://www.linkedin.com/company/perfectrobotics
MateROV India - National Underwater Robotics Competition,"MATE ROV India is the official national chapter of the MATE ROV Competition — the world's largest underwater robotics challenge, hosted globally by the Marine Technology Society (MTS, USA).
Through annual regional and national competitions, we identify and develop India's brightest young engineers in underwater robotics — students from Grade 1 to undergraduate level — and send our national champions to compete at the World Championship against teams from 50+ nations.
Our students don't just build robots. They build the skills, mindset, and engineering courage that will power India's future in marine technology, defence, and the broader Blue Economy.
 →  → 
Powered by YoLabs. In affiliation with MATE ROV Competition (USA).",Robotics Engineering,2-10 employees,Non Profit,"Bengaluru, Karnataka, India",India,materovindia.org,https://www.linkedin.com/company/materovindia
Qbit Dynamics,Everything about engineering.,Robotics Engineering,2-10 employees,Privately Held,"Kolkata, West Bengal, India",India,qbitdynamics.in,https://www.linkedin.com/company/qbitdynamics
RoboSchool,"RoboSchool partners with schools to deliver hands-on Robotics, STEM, AI, Coding, and Innovation programs. Through experiential learning, practical projects, and technology-driven activities, we help students develop creativity, critical thinking, problem-solving abilities, and future-ready skills beyond traditional classroom learning.",Robotics Engineering,2-10 employees,Partnership,"Ahmedabad, Gujarat, India",India,roboschool.in,https://www.linkedin.com/company/roboschoolind
NiRaa.Ai,"NiRaa AI is a cutting-edge Robotics and Artificial Intelligence company dedicated to engineering the future through intelligent machines and automation. We design, develop, and deploy advanced AI-powered robotic solutions that simplify complex industrial and commercial challenges.

At NiRaa AI, we believe that intelligence should simplify, and innovation should scale. Our team specializes in AI Robotics, Smart Machines, Machine Learning, and Intelligent Automation — delivering next-generation robotic systems built for the demands of tomorrow.

Our mission is to create a smarter, more efficient world by integrating AI with robotics to drive productivity, precision, and progress across industries.

Email: niraaecom@niraa.ai
Phone: +91 8929149652
Website: www.niraa.ai (Coming Soon)",Robotics Engineering,2-10 employees,Privately Held,"New Delhi, Delhi, India",India,,https://www.linkedin.com/company/niraa.ai.official
Exodia Technologies,"Exodia Technologies is a technology-driven company focused on building impactful software solutions that drive social growth while advancing the future of drone technology. We specialize in developing intelligent platforms, scalable digital systems, and cutting-edge drone software for both commercial and defence applications.",Robotics Engineering,11-50 employees,Privately Held,"Kochi, Kerala, India",India,exodiatech.in,https://www.linkedin.com/company/exodia-tech
Mechaforge,,Robotics Engineering,2-10 employees,Partnership,"Barasat, West Bengal, India",India,,https://www.linkedin.com/company/mechaforge
TechForge,"We are an exclusive engineering club for the most inquisitive and potent young minds of Rajasthan. From learning how to make high-powered rockets to autonomous robots, our members do it all.",Robotics Engineering,2-10 employees,Privately Held,"Sanganer, Rajasthan, India",India,,https://www.linkedin.com/company/techforgehq
Tech X Robotix,"TechX Robotix is a robotics and automation company dedicated to empowering students, educators, and innovators with hands-on solutions. We provide high-quality robotics kits, DIY components, custom PCBs, automation systems, and project guidance for hobbyists, researchers, and professionals.

Founded by passionate engineers, our mission is to make robotics and STEM learning accessible, practical, and future-driven. From classroom projects to national competitions, we help students and schools build, innovate, and excel with the right tools, mentorship, and support.

At TechX Robotix, we don’t just sell products—we create an ecosystem for innovation where ideas turn into reality.",Robotics Engineering,2-10 employees,Self Owned,"Bengaluru, Karnataka, India",India,techxrobotix.in,https://www.linkedin.com/company/tech-x-robotix
DRECON INNOVATIONS,"An innovation ecosystem forging breakthrough ventures across science, tech, and design.

DRECON combines deep-tech research, stealth-mode incubation (DRECON Forge), and scalable digital execution (DRECON Digital) to build impactful ventures from the ground up. Operating quietly and deliberately, DRECON supports visionary founders and researchers in turning complex ideas into real-world solutions — all while protecting intellectual property until it’s ready to launch.",Robotics Engineering,11-50 employees,Privately Held,"Hyderabad, TG, India",India,drecon.io,https://www.linkedin.com/company/drecon-innovations
Sritech Engineering,Sritech Engineering  is a turn key solution provider for industrial automation and IIOT solutions. Authorized integrator of Fanuc. Authorized dealer for Global CNC products.,Robotics Engineering,11-50 employees,Partnership,"Ambattur, Tamil Nadu, India",India,sritechengineering.com,https://www.linkedin.com/company/sritech-engineering
Scholasys Creative Learnings,"Scholasys is a leading company specializing in robotics education and solutions. Our mission is to inspire and empower learners to explore the fascinating world of robotics, coding, and automation. We offer a wide range of robotics programs, kits, and curricula designed to engage students of all ages and skill levels.
Whether it's in classrooms, after-school programs, or robotics competitions, ScholaSys Robotics strives to create dynamic learning environments where students can unleash their creativity and curiosity. We provide comprehensive training and support to educators, ensuring they have the knowledge and resources to effectively teach robotics and integrate it into their curriculum.
As a trusted partner in robotics education, ScholaSys Robotics aims to inspire a new generation of innovators and problem solvers. By making robotics accessible and exciting, we are shaping a future where technology and creativity intersect to drive meaningful change.",Robotics Engineering,11-50 employees,Privately Held,"Thrissur, Kerala, India",India,scholasys.com,https://www.linkedin.com/company/scholasys-creative-learnings
Phoenixcore Systems Private Limited,"PhoenixCore Systems is a deep-tech robotics startup building advanced unmanned aerial systems (UAS) for high-risk, mission-critical environments. We design and develop indigenous, non-GPS-dependent drones focused on applications such as nuclear radiation reconnaissance, disaster response, industrial inspection, and defense-grade surveillance.

Our work spans airframe design, propulsion, thermal and structural engineering, autonomy software, swarm coordination, and custom payload integration. We operate at the intersection of mechanical/aerospace engineering and robotics, taking systems from concept and simulation all the way to real-world flight, testing, and deployment.",Robotics Engineering,2-10 employees,Privately Held,"Mumbai, Maharashtra, India",India,phoenixcoresystems.com,https://www.linkedin.com/company/phoenixcore-systems-private-limited
KitOSys,"iKichn is a SMART HOME product to disrupt the future of cooking and eating pattern of the whole world. iKichn is a multi-cuisine/multi-food automated machine suitable for home and businesses. 

More than that, the system is powered by IOT and cloud storage to have connectivity to external power users and experts across the world to upload and download recipes or to seek consultation for diet and nutrition plan for various day to day requirements.",Robotics Engineering,2-10 employees,Privately Held,"Chennai, Tamil Nadu, India",India,kitosys.com,https://www.linkedin.com/company/kitosys
Tekodyne,"Tekodyne is an engineering consultancy specializing exclusively in next-generation robotic industrial automation solutions for high-mix manufacturing environments.

We connect every stage—from concept to commissioning—by integrating mechanical design, controls engineering, process automation, software, and data science into one cohesive solution.

We strive to translate rapidly evolving robotic innovations into turnkey production solutions that modernize factory floors.",Robotics Engineering,2-10 employees,Privately Held,"Hyderabad, Telangana, India",India,tekodyne.com,https://www.linkedin.com/company/tekodyne
Dreambot,,Robotics Engineering,11-50 employees,Privately Held,"Visakhapatnam, Andhra Pradesh, India",India,dreambot.co.in,https://www.linkedin.com/company/dreambot
Entudio Group of Companies,"Entudio Pvt Ltd is a technology-first engineering company specializing in the development of next-generation drones, marine robotic platforms, and precision CNC machinery. Our work blends innovation, advanced manufacturing, and intelligent systems to deliver cutting-edge solutions for industrial and research domains.

We also contribute to the future of engineering through industry-focused skilling programs, preparing talent for high-impact roles in core technology sectors.
Engineering Intelligence. Enabling the Future.",Robotics Engineering,11-50 employees,Privately Held,"Tirunelveli, Tamil Nadu, India",India,entudio.com,https://www.linkedin.com/company/entudio-groupofcompanies
Rotatum Mechatronics Pvt. Ltd,"Rotatum Mechatronics Pvt. Ltd. is a technology-driven company specializing in the design and development of precision actuator systems for robotics, defense, and aerospace industries.

Founded by engineers with over a decade of experience in the industry, Rotatum delivers custom-engineered motion solutions — from compact linear and rotary actuators to advanced harmonic-drive mechanisms.

We offer a standard series of actuators designed for high-precision applications, covering a wide range of motion needs. Our products are also highly customizable to meet any specific operational or performance requirement.",Robotics Engineering,2-10 employees,Privately Held,"Secunderābād, Telangana, India",India,rotatummechatronics.com,https://www.linkedin.com/company/rotatum-mechatronics-pvt-ltd
Techligence,"Techligence is a deep-tech company in AI, Robotics & Automation. We provide hardware as well as software solutions. From websites and AI driven software applications to highly complex robots such as Humanoids and AMRs we have expertise in all related domains. 

Explore more about us with the links given below 

Websites : Robotics :-  www.techligencerobotics.com 
                 Software :- www.devpulsz.com

YT :  https://www.youtube.com/@Techligence-World",Robotics Engineering,2-10 employees,Privately Held,"Pune, Maharashtra, India",India,techligence.in,https://www.linkedin.com/company/techligence-world
RoboEdge Automation Solutions LLP,,Robotics Engineering,2-10 employees,Partnership,"Noida, Uttar Pradesh, India",India,roboedgesolutions.com,https://www.linkedin.com/company/roboedge-automationsolutions-llp
The Energy Lab,"At The Energy Lab, our mission is to advance the frontiers of unmanned aerial vehicle (UAV) technology by delivering cutting-edge, customizable drone solutions for defense and commercial sectors. We engineer drones that are not only tailored in form factor and payload capability but also embedded with autonomous navigation, real-time obstacle avoidance, and variable-range communication links.

As pioneers in aerial robotics, we go beyond traditional drone systems—merging hardware innovation with intelligent software to create fully integrated, mission-ready platforms. Powered by our proprietary flight controllers, ROS-based software stack, and vision-enabled navigation systems, our UAVs are designed to meet the stringent demands of military, industrial, and research-grade applications.

From high-resolution mapping and tactical surveillance to rapid delivery systems and swarm-based coordination, we aim to make aerial robotics faster, safer, and smarter. With a strong foundation in innovation we are committed to redefining what drones can achieve—pushing the limits of speed, reliability, and intelligence in the skies.",Robotics Engineering,11-50 employees,Privately Held,"Hyderabad, TG, India",India,theenergylab.in,https://www.linkedin.com/company/the-energylab
Giga Robotics,"Robotics, Automation & Engineering Consulting Company. Bring us your ideas, and we'll transform them into tangible products.

Offering top-tier product development and consulting services, we specialize in prototypes, custom machinery, and small-scale manufacturing. From initial concept to the final physical product, we manage the entire process, employing advanced materials and manufacturing techniques such as 3D printing, CNC machining, metal fabrication works and plastics manufacturing.

We take pride in our ability to serve a diverse range of clients, from startups to corporations and OEMs. Our portfolio spans various industries, including aerospace, AVs, UGVs, automotive, medical, consumer electronics, IoT and automation.",Robotics Engineering,2-10 employees,Privately Held,"Serilingampalli, TG, India",India,gigarobotics.in,https://www.linkedin.com/company/gigarobotics
ROBOSTREAKS,,Robotics Engineering,51-200 employees,Government Agency,"Brahmapur, Oregon, India",India,robostreakspmec.com,https://www.linkedin.com/company/robostreaks
ET Robotics,"The future won’t just be intelligent—it will be embodied. We are building an AI operating system for humanoid robots, enabling machines to understand the world, make decisions, and perform real-world tasks with human-like adaptability. Our vision is to accelerate the age of intelligent robots that seamlessly integrate into everyday life, empowering businesses, strengthening economies, and redefining what’s possible.",Robotics Engineering,2-10 employees,Privately Held,"New Delhi, Delhi, India",India,etrobotics.ai,https://www.linkedin.com/company/et-robotics
NexStride Robotics,"The Future of Mobility is here,

We’re a tech-driven company creating a future where mobility transforms industries and empowers human potential. With a belief that mobility is more than just movement, we combine technology, design to build cutting-edge autonomous robots. These robots are designed with human centric approach that enhance productivity, improve efficiency, and unlock new innovative possibilities.

Our intelligent, adaptable robots seamlessly integrate into workflows, enhancing efficiency, safety, and scalability to push the boundaries of what’s possible in the world of mobility. Equipped with advanced sensors and robust navigation and vision stack, our robots navigate in dynamic environments and handle complex tasks effortlessly.

Our robots are built to navigate intricate environments with precision, reliability, and purpose, helping businesses achieve more with less. 

Partner or connect with us to revolutionize solutions with smart, autonomous robotics!",Robotics Engineering,11-50 employees,Privately Held,"Bengaluru, Karnataka, India",India,nexstriderobotics.com,https://www.linkedin.com/company/nexstride-robotics
REVOLTRONX,"RevoltronX stands for revolution in technology. We consider ourselves as a laboratory of crazy minds who are passionate to bring change in the society by giving wings to innovative ideas. Here we research on various advance fields such as robotics, artificial intelligence, IOT, cloud computing, etc. and will be using such technologies to solve real life problems. Our aim is to use this technology to empower people and assist them in their day-to-day life’s. Our strength is our innovation and our fuel is our determination.",Robotics Engineering,2-10 employees,Privately Held,"Mumbai, Maharashtra, India",India,revoltronx.com,https://www.linkedin.com/company/revoltronx
Agastyx Labs,"Agastyx Labs, based in Cochin, India, is a dynamic startup driving innovation in robotics. We're focused on cutting-edge R&D, advanced manufacturing, and empowering the next generation through hands-on robotics internships.",Robotics Engineering,Self-employed,Partnership,"Kochi, Kerala, India",India,agastyx.com,https://www.linkedin.com/company/agastyx
Sentrix Robotics Pvt. Ltd.,"Incubated at V-NEST, VIT Chennai's Start-Up Incubator, our ongoing research focuses on foundational technologies that will enable next-generation human-machine interaction. Our flagship product, GloveXR, transforms any laptop, mobile, or TV display into a medically precise AR surgical simulation theatre, using customized 3D models of a patient’s unique anatomy generated from everyday diagnostic scans.",Robotics Engineering,2-10 employees,Privately Held,"Chennai, Tamil Nadu, India",India,sentrixrobotics.in,https://www.linkedin.com/company/sentrixrobotics
Motion Robotics,"Empowering Future Innovators Through Hands-On Learning

Motion Robotics is an EdTech company dedicated to creating inspiring, innovation-driven learning environments. From AI & Robotics Labs to Space, 3D Modelling, and Aero Modelling Labs. We design and set up cutting-edge educational spaces that spark curiosity and creativity.

Our offerings include:
- Robotics Kits & Educational Tools
- Expert-Led Trainings & Courses
- End-to-End Lab Setup & Support

We equip schools and institutions with the technology and training they need to prepare students for tomorrow's world- today.",Robotics Engineering,11-50 employees,Public Company,"Mulshi, Maharashtra, India",India,motionrobotics.in,https://www.linkedin.com/company/motionrobotics
PEL ROBOTICS (OPC) PRIVATE LIMITED,"We specialize in cutting-edge robotics solutions, including prototyping, IoT development, and robotic systems, empowering businesses to automate, enhance productivity, and revolutionize operations.",Robotics Engineering,2-10 employees,Privately Held,"Uran, Maharashtra, India",India,,https://www.linkedin.com/company/pelrobotics
Integri Robotics & Automation,"Integri Robotics and Automation is a dynamic company aiming to lead in specialized machinery and line production autorotation systems.

 Our Vision: We're on a mission to deliver cutting-edge solutions tailored to meet our clients' unique requirements.

Our Mission: With a strong background in marine automation, we extend our expertise to the shore industry, providing innovative and customized solutions to optimize production processes, especially in line production autorotation systems.

We prioritize quality and customer satisfaction, working closely with our clients to exceed their expectations and enhance their competitiveness.

As innovators, we constantly push boundaries to revolutionize the industry, developing cutting-edge solutions that transform manufacturing processes and boost productivity.

Choose Integri Robotics and Automation as your partner for specialized machinery and autorotation systems. Experience the difference of working with a company committed to delivering innovative, tailored solutions that propel your business forward.",Robotics Engineering,11-50 employees,Privately Held,"Mumbai, Maharashtra, India",India,integrirobotics.com,https://www.linkedin.com/company/integrirobotics
Team QBotix,"Team QBotix, representing Kumaraguru Institutions, is a dynamic group of young innovators and engineers passionate about robotics and automation. Competing in national and international robotics competitions, including the prestigious Robocon, we push the boundaries of technology, creativity, and teamwork.

Our Mission:
At Team QBotix, we are dedicated to advancing robotics technology through rigorous research, design, and competition. We aim to inspire the next generation of engineers by creating groundbreaking solutions and participating in high-impact events like Robocon.",Robotics Engineering,11-50 employees,Educational,"Coimbatore North, Tamil Nadu, India",India,,https://www.linkedin.com/company/team-qbotix
Team Astra Robotics,"Astra Robotics is the flagship robotics team of RV College of Engineering, entirely student-led",Robotics Engineering,51-200 employees,Educational,"Bengaluru South, Karnataka, India",India,astrarobotics.co.in,https://www.linkedin.com/company/team-astra-robotics
AT Bots,"AT Bots is a dynamic technology startup specializing in Robotics and Artificial Intelligence (AI) solutions. We are committed to developing innovative, autonomous systems that address real-world challenges across industries such as construction, disaster management, and environmental monitoring. Our mission is to empower industries with intelligent, sustainable, and custom robotics solutions that enhance efficiency, safety, and operational performance.  

At AT Bots, we prioritize cutting-edge innovation, eco-friendly technology, and collaboration to deliver impactful solutions that transform how industries operate. Through our expertise in AI-driven robotics, we strive to create smarter, future-ready systems that drive progress and make a meaningful difference in the world.",Robotics Engineering,11-50 employees,Partnership,"Kottayam Taluka, Kerala, India",India,atbots.net,https://www.linkedin.com/company/at-bots
Phiscape,"Welcome to Phiscape! We're a dynamic team of young engineers dedicated to the exciting realm of robotics and automation. With a passion for innovation, we specialize in crafting cutting-edge solutions that bridge the gap between technology and human progress. From bespoke building projects to crafting state-of-the-art electrical and electronics devices, our goal is to shape the future through ingenious engineering. Join us on this journey of transformation and discover the power of robotics and automation.",Robotics Engineering,11-50 employees,Self Owned,"Kerala, India",India,phiscape.com,https://www.linkedin.com/company/phiscape
FLYMIN INNOVATION Pvt. Ltd,"At FLYMIN Innovation, we are pioneering next-generation maritime technology by developing advanced underwater drones (ROVs), autonomous surface robots, and marine monitoring systems. Our mission is to transform how industries interact with aquatic environments—making underwater exploration, vessel maintenance, and environmental surveillance smarter, safer, and more sustainable.

We combine deep expertise in embedded electronics, robotics, AI, and sensor systems to create reliable solutions for challenges beneath and around the water surface. From cleaning ports and hulls to mapping the ocean floor and protecting marine ecosystems, FLYMIN is setting new standards in blue-tech innovation.

Whether you're a port authority, research institution, defense unit, or marine-focused startup, we help you dive deeper—both literally and technologically.

 Core Areas:
Underwater drones for cleaning, inspection & surveillance

Surface bots for port & harbor cleaning

Marine IoT systems for data acquisition and analysis

Embedded product development for harsh environments

Training & R&D support for the next-gen workforce",Robotics Engineering,2-10 employees,Partnership,"Kochi, Kerala, India",India,flymininnovation.com,https://www.linkedin.com/company/flymin-innovation
CLYXN_STUDIOS & SORXN (Tantraniketan),"Clyxn Studios LLP & Sorxn LLP drive hands-on learning and technical excellence. Formerly known as TANTRANIKETAN MSME-registered (UDYAM-MH-18-0398483). Trained 2,000+ students through internships, workshops, and expert sessions in robotics, IoT, automation, and coding.
We deliver industry-ready skills in programming, web/mobile development, and machine learning.
Clyxn Studios LLP Services:Robotics & Coding Sesions, STEAM Workshops & Internships, IoT & Electronics Kit Development, Custom PCB Design, 3D Printing & Prototyping Technical Lab Setup(School & College).
Sorxn LLP – Services: Core Coding Sessions (C, Python, Java & More), Web & App Development, LMS, CRM & Automation, AI & Data Solutions, UI/UX & Branding, 2D/3D, VFX & AR/VR
Our Vision
""To empower learners with the skills to drive technological innovation and create a better future. We aim to cultivate lifelong enthusiasts who are passionate about technology and committed to continuous
growth.""
Our Mission
To educate tech enthusiasts and help them develop skills under the ""Skill India Mission."" We aim to bridge the gap between educational theories and practical applications, ensuring learners can effectively implement their knowledge in real-world scenarios.
Since our inception, Tantraniketan has trained over a thousand students through personalized training, workshops, and technical sessions across various educational institutions. Our hands-on approach encourages participants to apply their knowledge through various projects and
collaborations.
Our intensive internship program welcomes school and college students, providing hands-on experience, developing key skills in collaborative settings, and exploring participants' potential in technology and innovation.
At Tantraniketan, we believe education drives innovation and growth. Our programs help participants reach their potential through continuous learning. We are passionate about nurturing the next generation of tech innovators.",Robotics Engineering,2-10 employees,Self Owned,"Borivali, Maharashtra, India",India,clyxnxsorxn.com,https://www.linkedin.com/company/tantraniketan
SudoYantra India Pvt. Ltd.,"Sudoyantra is a deeptech company building the future of outdoor autonomy. Our core IP is a highly modular robotic platform capable of navigating extreme industrial terrains. Our first commercial application is an ultra-lightweight (<20kg), water-free solar cleaning robot. After validating demand with an early MVP, we intentionally re-engineered our architecture to eliminate weight-based warranty risks for operators. Today, our hardware and remote telerobotics infrastructure are actively deployed in paid enterprise engagements and pilots with AM/NS India, NTPC Green, and HUL, proving we can scale seamlessly in the harshest outdoor environments.",Robotics Engineering,2-10 employees,Privately Held,"New Delhi, Delhi, India",India,sudoyantra.com,https://www.linkedin.com/company/sudoyantra
HumanoidXVITCC,"The Official Humanoid Club of VIT CHENNAI
Integrating Humanity and Technology through Innovation. We focus on building humanoids that can help you with daily tasks and ease human life.",Robotics Engineering,51-200 employees,Privately Held,"Thiruporur, Tamil Nadu, India",India,netlify.app,https://www.linkedin.com/company/humanoidxvitcc
Power Robotics and automation chh. Sambhajinagar (Aurangabad),"Power Robotics and Automation is a cutting-edge robotics and automation solutions provider committed to driving innovation and delivering smart, cost-effective technologies for the manufacturing industry.

We specialize in:

Robotic Welding Solutions (MIG, Spot, material handling, press shop automation, logistic)

Low-Cost Automation

Industry 4.0 Integration

AI-Powered Industrial Applications

Customized Automation Design Services

 needs. Our focus is to provide reliable, scalable, and high-quality automation systems tailored to OEMs and Tier 1 suppliers.

We are currently empowering leading automotive and manufacturing firms such as Yeshshree Press Comps, Rucha Industries, TVS Motors, Lakshmi Agni, Badve Engineering, and Umasons Auto.

At Power Robotics and Automation, we believe in building a future where technology empowers people, enhances productivity, and ensures sustainable growth.

Let’s automate, innovate, and lead the future together!",Robotics Engineering,11-50 employees,Privately Held,"Aurangabad, Bihar, India",India,powerrobotics.co.in,https://www.linkedin.com/company/power-robotics-and-automation-chh-sambhajinagar-aurangabad
Mechonyx Automation,"Welcome to Mechonyx Automation Private Limited, a cutting-edge startup that is revolutionizing the world of robotics and automation. With a relentless passion for innovation, we specialize in developing state-of-the-art autonomous systems that seamlessly integrate hardware and software to drive efficiency, productivity, and safety.

At Mechonyx Automation, we believe in the power of robotics to transform industries, redefine consumer experiences, and shape the future of technology. Our expertise lies in autonomous vehicles, industrial automation, and product-based solutions designed to meet the evolving needs of businesses across various sectors.

As the world moves towards a more connected and automated future, our focus is on developing advanced robotics solutions that push the boundaries of possibility. One of our flagship products, SYRAX, embodies our commitment to excellence. SYRAX is a self-driven, yield load carrying robot that is poised to revolutionize the way industries operate. With its intelligent navigation system and seamless integration of cutting-edge technologies, SYRAX streamlines processes, maximizes efficiency, and ensures optimal safety in industrial environments.",Robotics Engineering,2-10 employees,Privately Held,"Bengaluru, Karnataka, India",India,mechonyx.com,https://www.linkedin.com/company/mechonyx
Paradox Innovator Pvt Ltd,"Paradox Innovator is a group of enthusiastic engineering students dedicated to research and development, focusing on creating impactful and market-ready solutions. The team blends creativity and technical expertise to address real-world challenges through affordable and deployable technologies.  

Their most recent innovation, the Earthing Monitoring System, is designed to enhance safety and efficiency in power systems. This product monitors the health of earthing systems, providing real-time alerts to prevent malfunctions. It’s a practical, ready-to-use solution tailored for industries and utilities.  

Paradox Innovator thrives on collaboration and innovation, consistently pushing boundaries to deliver meaningful advancements. With a focus on functionality and accessibility, the team continues to work toward empowering society through cutting-edge technologies.",Robotics Engineering,11-50 employees,Public Company,"Kolkata, West Bengal, India",India,paradoxinnovator.com,https://www.linkedin.com/company/paradox-innovator
Collaborative Intelligence Pvt. Ltd.,"Collaborative Intelligence is a DeepTech company in the field of AI and Robotics. We make the unmanned intelligence and provide intelligence as a service. We utilise computer vision, machine learning, deep learning and robotics to transform unmanned devices into objects of purpose and provide insightful and actionable data.",Robotics Engineering,11-50 employees,Privately Held,"Gurugram, Haryana, India",India,collabint.com,https://www.linkedin.com/company/collaborative-intelligence
MAC Robotics & Automation,"MAC Robotics & Automation (formerly known as MAC Machine Tools & Automation) is a leading turnkey solutions provider specializing in industrial robotics and automation. We cater to a diverse range of manufacturing sectors, including FMCG, pharmaceuticals, automotive, electronics, and food & beverages, delivering cutting-edge solutions that enhance efficiency and productivity.

Located in the heart of Bangalore’s industrial hub, Peenya, MAC operates out of an ~21,000 sq. ft. facility within the MAC Group's ~1,20,000 sq. ft. business space, offering seamless connectivity to its valued customers. Our fully equipped technical laboratory is designed to support customer training, product testing, proof-of-concept (POC) development, and other essential service requirements.

Established in 1991, MAC Group began as a dedicated service center for CNC controllers and servo drives, founded by Mr. J. Nagarajan, a seasoned engineer with a Master’s Degree in Control Systems. Drawing upon five years of hands-on experience at the Fanuc Service Centre, Mr. Nagarajan laid the foundation for what would become a trusted name in the field of industrial automation and control systems.

About MAC Group

With over 34 years of excellence in serving the manufacturing and engineering domains, MAC Group specializes in Special Purpose Machines (SPMs), tools, fixtures, automation, robotics, electronics and solar solutions.

Key Highlights:
 Group Facility Area: ~1,20,000 sq. ft.
 Group Team Strength: 500+ professionals
 Group Customer Base: 1,000+ satisfied clients

Visit our website - https://www.mac-robotics.com/",Robotics Engineering,51-200 employees,Privately Held,"Bengaluru North, Karnataka, India",India,mac-robotics.com,https://www.linkedin.com/company/mac-robotics-automation
"CICR - Creative & Innovative Cell in Robotics, JIIT NOIDA","The Official Robotics Hub of Jaypee Institute of Information Technology Sector-128, Noida",Robotics Engineering,11-50 employees,Educational,"Noida, Uttar Pradesh, India",India,cicr.in,https://www.linkedin.com/company/cicrjiit128
SOAR (Students Orchestration of Artificial Intelligence and Robotics)Club,Robotics and AI,Robotics Engineering,51-200 employees,Educational,"Kollam , Kerala, India",India,,https://www.linkedin.com/company/soar-students-orchestration-of-artificial-intelligence-and-robotics-club
P RoboAI Innovation (OPC) Private Limited,"To provide cutting-edge solutions and services in the fields of Robotics Software Development, Artificial Intelligence, Computer Vision, Data Science, and Firmware Engineering. Our company is dedicated to advancing innovation through the development and deployment of intelligent systems, enabling businesses to automate processes, enhance decision-making, and optimize performance. We aim to deliver bespoke software, algorithms, and integrated solutions that cater to the specific needs of various industries, from manufacturing and healthcare to automotive and consumer electronics. Our services include custom software development, AI model training and deployment, computer vision solutions, data analysis and predictive modeling, embedded systems and firmware design, and consulting. Through continuous research and development, we strive to push the boundaries of technology, ensuring our clients stay at the forefront of their respective markets.",Robotics Engineering,Self-employed,Self Employed,"Ahmedabad, Gujarat, India",India,proboaiinnovation.com,https://www.linkedin.com/company/p-roboai-innovation-private-limited
Red Orbit@NIT Durgapur,We are a group of robotics enthusiast from NIT Durgapur participating in ISRO Space Robotic Challenge(IROC-U24) . Our group is made up of passionate engineering students from various branches and various skillsets.,Robotics Engineering,2-10 employees,Non Profit,"Durgapur, West Bengal, India",India,red-orbit-ee442.web.app,https://www.linkedin.com/company/red-orbit-nit-durgapur
NEXTRONIX(UTD),"Nextronix Robotic Club 
 Innovating the Future of Robotics
 Building, Coding, and Creating
 Official ROBOTIC and IOT club
UTD CSVTU",Robotics Engineering,201-500 employees,Non Profit,"Bhilai, Connecticut, India",India,,https://www.linkedin.com/company/nextronix-utd
ARNOBOT - Arnobot Private Limited,"At Arnobot, we are dedicated to revolutionizing the way businesses operate through cutting-edge automation solutions. Our mission is to empower organizations by streamlining processes, enhancing productivity, and reducing operational costs.
With a team of experienced professionals and a commitment to excellence, we specialize in developing intelligent systems that integrate seamlessly with your existing workflows. Our solutions are designed to adapt to your unique business needs, ensuring efficiency and scalability.
Join us on our journey to transform industries and unlock new possibilities through automation. Connect with us to learn more about how Arnobot can drive innovation in your organization.",Robotics Engineering,2-10 employees,Privately Held,"Ahmedabad, Gujarat, India",India,arnobot.in,https://www.linkedin.com/company/arnobot
Maavan Drone Academy,"Maavan Drone Academy is an assemblage of young and dynamic professionals aimed at fostering UAV Research & UAV Training from the grass roots. The team proposes hands-on training in UAV design, autopilot programming, avionics integration and flight simulation classes to provide the students an all round exposure in UAV development.

Courses Offered
1. RC Fixed-wing Piloting (6 days)
2. Advanced Fixed-wing Autonomous Piloting (4 days)
3. Drone Assembly (Multicopter) (4 days)
4. Maavan Certified Test Pilot (3 days)
5. Humanoid Robot Assembly & Coding [5 days] (powered by Seiyon AI)",Robotics Engineering,2-10 employees,Educational,"Chennai, Tamil Nadu, India",India,maavandrones.com,https://www.linkedin.com/company/maavandroneacademy
Neovik Technologies Private Limited,"We believe in the power of innovation to transform small-scale businesses. Our mission is to bridge the gap between small-scale companies and leading robotic manufacturers, enabling them to harness the potential of robotics for increased efficiency and productivity.",Robotics Engineering,51-200 employees,Privately Held,"Bengaluru, Karnataka, India",India,neoviktechnologies.com,https://www.linkedin.com/company/neovik-technologies-private-ltd
T2HInnovations,"T2HInnovations Private Limited, a Kerala-based company registered on January 2, 2024, specializes in innovative product development in the biomedical, healthcare, rehabilitation, and assistive device sectors. The company leverages cutting-edge technologies including AI, predictive software, and electronics to create patient-centric solutions aimed at improving quality of life. Their expertise extends to mobile app and GUI development tailored for biomedical devices, as well as AI-driven diagnostics, treatment, research, and drug discovery. T2HInnovations also provides professional services such as PCB design, technical training, internships, and workshops to empower individuals and organizations with advanced technological skills. Committed to revolutionizing healthcare, the company strives to enhance patient outcomes and advance medical research globally. The company is registered under the Registrar of Companies, Ernakulam, with its office located in Kollam, Kerala.",Robotics Engineering,11-50 employees,Public Company,"Alumkadavu, Kerala, India",India,,https://www.linkedin.com/company/t2hinnovations
YOI ROBOTICS LABORAORY LLP,"Yoi Robotics Laboratory is a Coimbatore based Research and Training concern, while much of our work focuses on core robotics and Training for schools, colleges and Corporates. Manufacturing educational industrial type of Robots",Robotics Engineering,2-10 employees,Self Owned,"Coimbatore, Tamil Nadu, India",India,yoirobotics.com,https://www.linkedin.com/company/yoi-robotics-laboratory
GTU Robotics Club(GRC),,Robotics Engineering,11-50 employees,Educational,"Ahmedabad, Gujarat, India",India,gturoboticsclub.in,https://www.linkedin.com/company/gtu-robotics-club-grc
Robotics and Innovation Club CBIT,"The Robotics and Innovation Club, CBIT is more than just a student group - it is a passionate fraternity of creators, innovators, and learners driven by the thrill of bringing machines to life. Rooted in collaboration and curiosity, our club thrives on the belief that technology, especially Robotics, is best learned by doing.

We actively work on Combat Robotics including Robo Rovers, Robo Sumo, Robo Soccer, and Robo Wars, as well as a variety of impactful technical projects. Throughout the academic year, we organize workshops, events, and competitions designed to enrich the hands-on learning experience of students across CBIT.

Our club provides essential mentorship, access to tools, components, and workspace, and encourages knowledge sharing among all members - whether you're a beginner or an experienced enthusiast. We meet regularly to discuss ongoing projects, manage resources, and plan upcoming events and innovations.

There are no prerequisites to join only a willingness to learn, contribute, and grow. At the Robotics and Innovation Club, we don’t just build robots we build the future.",Robotics Engineering,11-50 employees,Educational,"Hyderabad, TG, India",India,github.io,https://www.linkedin.com/company/robotics-and-innovation-club-cbit
Botriq Innovations Pvt Ltd,"Botriq Innovations Pvt. Ltd. is an AI-powered robotics company developing autonomous service robots for healthcare, hospitality, industrial logistics and security applications.
 
Combining advanced AI, intelligent navigation and in-house engineering expertise, we help organizations automate routine operations, improve efficiency and scale through intelligent robotics solutions.
 
Botriq is a government-recognized startup under the Startup India program. We build innovative robots and automation solutions that help businesses solve real-world operational challenges and improve efficiency across different industries.
 
We design, manufacture and deploy AI-powered robots that take over repetitive, time-consuming and mission-critical tasks, enabling staff to focus on higher-value work. Our robots support applications such as meal delivery, medication transport, room service, laundry movement, surveillance and heavy cargo transportation.
 
Our Autonomous Robots
• BQ-Delivery – Healthcare logistics with 3D SLAM navigation and sterile compartments
• BQ-Tray – Triple-tier hospitality delivery robot with AI voice interaction
• BQ-Industry – 500+ kg autonomous mobile robot (AMR) for industrial supply chains
• BQ-Scout – Surveillance rover for 3D mapping and security patrols
• BQ-Cargo – Heavy-duty inter-building transport robot
• BQ-Patrol – Autonomous perimeter monitoring and intruder detection robot
 
Hospitality | Healthcare | Industrial & Logistics | Security & Surveillance",Robotics Engineering,11-50 employees,Public Company,"Indore, Madhya Pradesh, India",India,botriq.com,https://www.linkedin.com/company/botriq
RheinForge Systems,"Rheinforge Systems is a defence technology and advanced engineering company focused on developing next-generation autonomous systems, artificial intelligence solutions, aerospace technologies, and mission-critical software. Through research-driven innovation and rigorous engineering, we transform advanced concepts into deployable capabilities for defence, aerospace, and security applications.",Robotics Engineering,2-10 employees,Privately Held,"Ahmedabad, Gujarat, India",India,,https://www.linkedin.com/company/rheinforge-systems
Bringup Labs,"BringUp Labs provides the essential workflow, integrated tools, networking infra, and data pipelines robotics teams need to design, debug, and deploy faster.",Robotics Engineering,2-10 employees,Privately Held,"Delhi, Delhi, India",India,bringup.dev,https://www.linkedin.com/company/bringup-labs
KOLINO,"KOLINO is at the forefront of robotics innovation, developing intelligent machines designed to transform industries through automation and AI.
Our mission is to engineer scalable robotic systems that bridge the gap between digital intelligence and real-world execution.
We are building the foundation for a smarter, more automated future.",Robotics Engineering,2-10 employees,Privately Held,"Chennai, Tamil Nadu, India",India,kolino.in,https://www.linkedin.com/company/kolino
Futurebots AI,"Futurebots AI is a robotic and automation company deals with Industrial problems in automations,training for school and college students ,working on number of projects for young minds.",Robotics Engineering,2-10 employees,Partnership,"Coimbatore, Tamil Nadu, India",India,,https://www.linkedin.com/company/futurebots-ai
STES ROBOTICS,Institute Level Student Robotics Team Participate in various National and International Robotics Challenges,Robotics Engineering,51-200 employees,Educational,"Pune, Maharashtra, India",India,sinhgad.edu,https://www.linkedin.com/company/stesrobotics
Transen Dynamics,"Transen Dynamics, a trailblazer since its inception in 2018, was born out of an unwavering passion for revolutionizing the robotics landscape. Our commitment to innovation is manifested in our unique products, avant-garde concepts, and cutting-edge designs. From sensor-based devices to extraordinary humanoid robots, and automation tools tailored for diverse industries, we are redefining the boundaries of technological possibilities.
Among our groundbreaking inventions, the offline-based GPS system, Gas detectors for drainage systems, and the Humanoid robot 'Clara v1.0' have garnered significant acclaim. Currently, our focus lies on advancing the 'Clara v2.0' humanoid robot project, followed by the groundbreaking Mono electric vehicle.

Our Mission: Embedded in the heart of our mission is the ambition to revolutionize industries through the transformative power of automation and robotics. We aim to empower businesses with the latest technological advancements, enabling them to streamline operations, cut costs, and lead in a dynamically evolving market.

Our Vision:
Picture a future where automation and robotics seamlessly integrate into every facet of human life, unlocking unprecedented possibilities. Through our innovative products and solutions, we aspire to construct a more sustainable and interconnected world, propelling progress and prosperity for all.

Expertise: Our team comprises seasoned experts with an abundance of experience in automation, robotics, and related fields.

Cutting-Edge Technology: We consistently lead in technology trends, harnessing the latest advancements to craft state-of-the-art solutions.

Customized Solutions: Tailored to address specific challenges and requirements, our solutions guarantee optimal performance and results.",Robotics Engineering,11-50 employees,Privately Held,"Perambur, Tamil Nadu, India",India,transendynamics.com,https://www.linkedin.com/company/transen-dynamics
Aero and Robotics Club (ARC),"The Aero and Robotics Club (ARC) at BIT Sindri is a dynamic hub for students passionate about aerospace engineering and robotics. As the technical wing of the Institution Innovation Council (IIC), our mission is to inspire and equip members with the knowledge and skills needed to excel in these cutting-edge fields.

ARC provides a vibrant platform for students to explore, learn, and apply their expertise through practical projects, competitions, workshops, and research. Our hands-on approach includes activities like building lunar rover models, designing autonomous UAVs, and competing in prestigious events such as the World Robotics Championship, AIAA Design Build Fly, University Rover Challenge, etc.

We are dedicated to fostering a culture of innovation, collaboration, and excellence, contributing to the advancement of aerospace engineering and robotics. ARC also focuses on the professional and personal development of its members, nurturing a community of aspiring engineers and innovators.

At ARC, we inspire, empower, and provide opportunities for students to push the boundaries of aerospace engineering and robotics.",Robotics Engineering,11-50 employees,Educational,"Dhanbad, Jharkhand, India",India,,https://www.linkedin.com/company/aero-and-robotics-club-bit-sindri
"CERA, GCE Erode","Welcome to the Centre of Excellence in Robotics and Automation at the Department of Electronics and Communication Engineering, Government College of Engineering, Erode!

We specialize in cutting-edge robotics and automation research, development, and education. Our lab, part of GCE Erode’s esteemed ECE Department, drives innovation through pioneering projects and industry collaborations.

Key Areas:

    -> Advanced Robotics and Automation Research
    -> Industry Partnerships and Development
    -> Hands-on Training and Workshops",Robotics Engineering,51-200 employees,Educational,"Erode, Tamil Nadu, India",India,,https://www.linkedin.com/company/centre-of-excellence-in-robotics-and-automatiion
CENTRE OF EXCELLENCE FOR AI AND ROBOTICS,"Our club is a community of passionate individuals who share a common interest in robotics and technology. We believe in the power of robotics to change the world and we strive to explore, innovate and make a difference.

Our members come from diverse backgrounds and skill levels, ranging from hobbyists to seasoned professionals. We offer a collaborative and supportive environment where members can learn, share ideas, and develop their skills in robotics.

As a club, we are committed to advancing the field of robotics through various projects, events, and competitions. We believe that by working together, we can push the boundaries of robotics and make a positive impact on society.",Robotics Engineering,11-50 employees,Educational,"Pune, Maharashtra, India",India,,https://www.linkedin.com/company/centre-of-excellence-for-ai-and-robotics
AtriBotix Services Pvt. Ltd.,"AtriBotix Services Pvt. Ltd., registered under Startup India, is a next-generation technology company dedicated to AI, Coding, and Robotics education and solutions. Founded with a vision to empower students, institutions, and industries, AtriBotix is building a strong foundation for future-ready skills through innovative training, research, and product development.",Robotics Engineering,2-10 employees,Privately Held,"Gorakhpur, Uttar Pradesh, India",India,atribotix.in,https://www.linkedin.com/company/atribotix-services-pvt-ltd
"SPARK, IIIT Bhopal",,Robotics Engineering,11-50 employees,Educational,"Bhopal, Madhya Pradesh, India",India,,https://www.linkedin.com/company/spark-iiitb
Team GENSUS,"We are an all-student team dedicated to crafting innovative robotics projects. Collaboratively, we tackle complex challenges to develop cutting-edge solutions. Currently, we're building a two-wheeled self-balancing robot, an all-terrain autonomous rover for ROBOFEST Gujarat, and a dexterous robotic arm for FLIPKART GRID competition.",Robotics Engineering,11-50 employees,Non Profit,"Mumbai, Maharashtra, India",India,github.io,https://www.linkedin.com/company/team-gensus
Airoveda,"AIROVEDA | Gandhinagar, Gujarat

Elevate your events with AIROVEDA, your premier destination for breathtaking drone shows. From enchanting wedding celebrations and vibrant event showcases to awe-inspiring spiritual gatherings, we specialize in crafting unforgettable aerial experiences tailored to your unique needs. Our cutting-edge technology and creative expertise ensure that every show is a spectacular display of artistry and precision. If you’re looking to make a memorable impression with a stunning drone display, we’re here to turn your vision into reality. Let’s light up the sky together!

AIROVEDA is revolutionizing the event experience landscape with our groundbreaking drone shows. Based in Gandhinagar, we are dedicated to bringing our unique aerial displays to both urban centers and the serene countryside, ensuring that every celebration, no matter how remote, can sparkle with innovation and wonder.

Our mission is simple yet profound: to transform your beautiful moments into unforgettable memories. At AIROVEDA, we understand that every event is special, and our custom-designed drone shows are crafted to reflect the essence and emotion of your occasion. 

With a commitment to excellence and a passion for artistry, AIROVEDA is not just about adding flair to your events; it's about creating lasting impressions that you and your guests will cherish forever. Let us light up  your skies and make your next event truly extraordinary.",Robotics Engineering,11-50 employees,Privately Held,"Gandhinagar, Gujarat, India",India,airoveda.com,https://www.linkedin.com/company/airoveda
SILIRIS TECHNOLOGIES PRIVATE LIMITED,"Siliris Technologies Pvt. Ltd. is a manufacturer and supplier of robots, robotics, robot peripheral equipment, rc drones, autonomous robots, drones and boats,  and electronic products. We also provide support software to help users build their own robot. Some of our products include Beetle Bot (A product designed for the DRDO, Wolf RObot - An Autonomous Robot based on ROS, Development Boards based on AVR, STMicro and ESP32 microcontrollers, Sensors, Modules and Motor Controllers, Long Range Drones and Boats.

Siliris Technologies also offers training on robotics and electronics and we have successfully trained Engineering Professors, Students and Researchers on our products. 

The company's vision is to promote “Knowledge is Power” by encouraging today's generation to think tomorrow; Inspire & innovate in Science, Technology and Engineering and become leaders on a global scale. We help bring the best minds together to create a platform and Revolutionize Robotics.",Robotics Engineering,2-10 employees,Privately Held,"Bengaluru, Karnataka, India",India,siliris.com,https://www.linkedin.com/company/siliris-technologies-private-limited
DroneZone Pvt. Ltd,"Fueled by innovation and propelled by the support of DTU IIF, we are committed to crafting drones that push boundaries, ensuring a seamless blend of precision, reliability, and state-of-the-art technology.

With a focus on quality, efficiency, and sustainable practices, DroneZone is set to revolutionize the drone industry in the country. Join us as we navigate the skies, shaping a future where innovation meets altitude.",Robotics Engineering,2-10 employees,Privately Held,"New Delhi, Delhi, India",India,,https://www.linkedin.com/company/dronezone-pvt-ltd
Sahyadri Robotics Private Limited,"Sahyadri Robotics Private Limited is an Indian technology startup focused on building practical, field-ready robotic solutions for agriculture while also upskilling the youth of India through hands-on engineering and robotics training.

What We Do
 Agricultural Robotics

Design and develop robotic prototypes for agricultural applications
Focus on automation, efficiency, and precision farming
Build field-tested, practical solutions, not just concepts

 Robotics & Product Development

End-to-end robot design, prototyping, and testing
Mechanical, electronics, and software integration
Rapid prototyping and proof-of-concept development

 Youth Upskilling & Training

Hands-on training in robotics, automation, and emerging technologies
Skill development programs for students and young engineers
Industry-oriented learning with real projects

 Collaboration & Innovation

Work with farmers, agri-tech partners, institutions, and incubators
Support innovation through mentorship and technical guidance
Promote Make in India and Skill India initiatives

We believe innovation should solve real-world problems. Our work bridges the gap between advanced robotics, agriculture, and education, creating solutions that improve farm productivity and preparing young engineers to build the technologies of tomorrow.

Our mission is to strengthen Indian agriculture through automation and innovation, and to empower the next generation with industry-relevant technical skills.",Robotics Engineering,2-10 employees,Privately Held,"Kollam, Kerala, India",India,sahyadrirobotics.com,https://www.linkedin.com/company/sahyadri-robotics-private-limited
Robotics In Nutshell,"Welcome to ""Robotics In Nutshell,"" your go-to resource for staying ahead in the rapidly evolving world of robotics and automation. Whether you're a student, professional, or researcher, our page is dedicated to bringing you concise, insightful content that highlights the latest trends, groundbreaking innovations, and influential voices shaping the future of robotics.

Our focus is on delivering high-quality, bite-sized content that covers the latest advancements, industry insights, and key trends in robotics. We aim to simplify complex topics, making cutting-edge technology accessible and understandable for everyone. Through curated articles, expert opinions, and real-world applications, ""Robotics In Nutshell"" provides the knowledge you need to stay ahead in this dynamic field.

Join us on this journey as we explore the fascinating world of robotics, one nutshell at a time.

Sincerely Yours,
Parth Kanate",Robotics Engineering,Self-employed,Self Employed,"Pune, Maharashtra, India",India,,https://www.linkedin.com/company/robotics-in-nutshell
RVTLabs,"At RVT Labs, a division of Robotics, we take you from the fundamentals to advanced expertise in ROS2, computer vision, and cutting-edge technologies. Whether you’re a beginner or aiming to enhance your skills, our hands-on training and mentorship empower you to turn your ideas into real-world projects.",Robotics Engineering,2-10 employees,Privately Held,"Pune, Maharashtra, India",India,rvtlabs.com,https://www.linkedin.com/company/rvt-labs
Team VAUV,"We are Vellore Institute of Technology's only Autonomous Underwater Vehicle (AUV) team.

We are a team of engineering undergraduates spanning several disciplines who have independently designed, built, programmed an underwater vehicle.

We aim to push the boundaries of underwater vehicle design with cutting edge technology and a work ethic rivalling professionals.

SAUVC 2020 & 2025 – Qualified to compete at the Singapore AUV Challenge.

Teknofest 2024, Türkiye – Achieved the highest Concept Design Report (CDR) score among Indian teams with 78 points, showcasing our strong design and technical vision.

UVDC 2024, IIT Guwahati – Secured 5th place overall while competing against top national teams in the Underwater Vehicle Design Challenge.


At UVDC 2024, we authored a technical paper on a conceptual ROV for the Challenger Deep, focusing on multi-modal sensing, image enhancement in low-visibility conditions, and pressure-resilient structural design.

Teknofest 2025, Türkiye (Unmanned Underwater Systems Competition): We will be participating again and are ready to improve our performance.",Robotics Engineering,11-50 employees,Educational,"Vellore, Tamil Nadu, India",India,github.io,https://www.linkedin.com/company/vauv
Bots Overkill,"Adaptive Robotics for Every Environment, Oceans, Skies, and Land",Robotics Engineering,2-10 employees,Privately Held,"Bhopal, Madhya Pradesh, India",India,botsoverkill.com,https://www.linkedin.com/company/botsoverkill
Team Four Square,"Bringing Ideas and Innovations together!
Partnered with Mandred Tech",Robotics Engineering,2-10 employees,Self Employed,"Silchar, Assam, India",India,,https://www.linkedin.com/company/team-four-square
AI and Robotics Club,"Hello fellow humanoids,
We are thrilled to have the opportunity to speak with you today about our AI and Robotics club based at INSTITUTE OF RADIO PHYSICS AND ELECTRONICS. 
As you may know, AI   and robotics  are rapidly advancing fields that are transforming the way we live, work, and interact with each other. And by joining our AI and Robotics club , you have the chance to be at the forefront of these exciting developments.
Our club is open to everyone:
 Students of all levels of experience and interests.
 Beginner or experienced coder
 Robotics enthusiast or a curious learner
There is something for everyone in our club. You will have the chance to:
 Learn about the latest advancements in AI and robotics 
 Work on exciting projects that challenge your creativity and problem-solving skills.
 Get access to a collaborative and supportive community. You will have the opportunity to work with other students who share your interests and passions
 Learn from experienced mentors and industrialists who will guide you through the learning process. 
 You will also have the chance to participate in competitions and events that showcase your skills and knowledge.
Joining our AI and Robotics club is also a great way to prepare for the future. AI and robotics are transforming many industries, from healthcare to transportation to manufacturing. By developing your skills in these fields, you will be better equipped to succeed in the careers of the future. You will also be part of a community that is working to create a better future for all of us.
So, if you are interested in learning about AI and robotics, and in being part of a supportive and dynamic community, I encourage you to join our club. We welcome students of all backgrounds and levels of experience, and we look forward to seeing what you can accomplish with us. 
Thank you.
Registration link:
https://forms.gle/iao6MfHWQiLkzyuSA",Robotics Engineering,11-50 employees,Non Profit,"Kolkata, West Bengal, India",India,,https://www.linkedin.com/company/ai-and-robotics-club-irpe-cu
Visil Tech | Robotics and Automations,"Visil Tech is a Dynamic Start-Up Company specializing in Robotics, Automation, and Mechatronics Engineering Solutions, Products, and Services. By leveraging the latest advancements in Robotics, Artificial Intelligence, and Machine Learning, we aim to deliver State-of-the-Art Solutions. 

Visil Tech is committed to investing in research and development, exploring emerging technologies, and building strategic partnerships to stay at the forefront of the industry. We offer a comprehensive range of services, tailored to meet each client's unique needs, covering Concept Design, Prototyping, System Integration, and Optimization. We aspire to be a trusted partner for businesses seeking Robotics, Automation, and Mechatronics Engineering Solutions, aiming to drive Efficiency, Productivity, and Success.

Our Mission

We believe in evolving the world with advanced Robotics and Automation Technologies by continuously pushing the boundaries of what is Achievable.

Our Vision

To help people experience the benefits of implementing Robotics and Automation systems in their Day-to-day life, Businesses, and Industries.",Robotics Engineering,2-10 employees,Self Owned,"Chennai, Tamil Nadu, India",India,visiltech.in,https://www.linkedin.com/company/visil-tech
Cognibot,"Cognibot is on a mission to bring the world of Robotics and Artificial Intelligence to young learners, unlocking their potential to become tomorrow’s tech pioneers. Our programs go beyond just teaching skills; they inspire students to dream, create, and lead. Through hands-on projects and guided instruction from industry experts, students gain real-world experience in building and coding their own robots, fostering critical thinking, problem-solving, and innovation. With Cognibot, students don’t just learn technology—they learn to shape the future. Join us in sparking the next wave of creators and innovators.",Robotics Engineering,11-50 employees,Self Employed,"Navi Mumbai, Maharashtra, India",India,cognibotrobo.com,https://www.linkedin.com/company/cognibotrobo
Elecsy Innovations,"Our aim is to innovate technology for simpler living, making everyday tasks easier and enhancing quality of life. Through innovations, creativity and sustainable practices, we strive to be a global leader in delivering user-friendly solutions that empower individuals and businesses.",Robotics Engineering,2-10 employees,Privately Held,"New Delhi, Delhi, India",India,elecsy.in,https://www.linkedin.com/company/elecsyinnovations
PriotX Robotics,"At PriotX Robotics, we are driven by a passion for pushing the boundaries of what’s possible in the world of robotics. Our multidisciplinary team of experts brings together a wealth of experience in developing state-of-the-art robotic systems and a commitment to sharing that knowledge through education.

Whether you’re a passionate learner, an industry professional, or a college student aspiring to become a robotics engineer, PriotX Robotics invites you to join us in shaping the future of intelligent machines. Explore the possibilities, learn from the best, and embark on a transformative journey with us. Together, let’s redefine what’s achievable in the world of robotics!

JOIN NOW",Robotics Engineering,2-10 employees,Privately Held,"Ernakulam, Kerala, India",India,priotx.com,https://www.linkedin.com/company/priotx-robotics
AKGEC-KUKA,"AKGEC jointly with KUKA Robotics (India) has set up India’s first Industrial Robotics Training Centre for Educational Institutions
at AKGEC, Ghaziabad. The centre was inaugurated on 5th May, 2011 and operational since then.

The Centre aims to train young engineering graduates and diploma students of all engineering disciplines up to the Industry expectations and foster research in applied robotics field.

The primary objective of the centre is to encourage young professionals to take up this cross disciplinary field as a career of their choice and acquaint them with latest technological developments in the field of Industrial Robotics",Robotics Engineering,2-10 employees,Educational,"Ghaziabad, Uttar Pradesh, India",India,akgecskills.in,https://www.linkedin.com/company/akgec-kuka
LOGICBOOTS PVT LTD,"Logicboots is redefining how Artificial Intelligence can be leveraged to improve everyday living, critical healthcare, and complex infrastructure.

A DPIIT Recognised Startup incubated & Supported by TIDES IIT Roorkee, EP Delhi,STPI and Ministry of Electronics & IT (GOI).

Logicboots Pvt. Ltd. is a forward-thinking AI startup at the intersection of advanced technology and real-world impact. Focused on delivering intelligent, data-driven solutions across domestic, medical, and industrial domains, 

VISION :
To become a global leader in practical AI solutions that transform lives, enhance safety, and increase efficiency across core sectors of society.",Robotics Engineering,11-50 employees,Privately Held,"New Delhi, Delhi, India",India,logicboots.com,https://www.linkedin.com/company/logicboots
Team Alif,"Team ALIF is a multidisciplinary robotics and AI team from NUST, Pakistan, focused on advancing autonomous vehicles and Physical AI. We have shifted from Formula Student Electric to the RoboRacer Autonomous Racing Competition to push the boundaries of real-time perception, planning, and control.
RoboRacer is an international autonomous racing competition for 1:10 scale vehicles, challenging teams to navigate tracks autonomously, avoid obstacles, and compete under dynamic conditions.
With our participation, Team ALIF aims to develop cutting-edge ROS2-based autonomous systems, showcase Pakistan’s innovation in robotics, and compete at a global level.
 Competition URL: https://roboracer.ai/",Robotics Engineering,11-50 employees,Non Profit,"Amritsar, Punjab, India",India,,https://www.linkedin.com/company/team-alif-roboracer-nust
Texsonics Systems India Private Limited,"Texsonics Systems India Private Limited is a leading provider of innovative solutions in the field of industrial automation and robotics. With a strong focus on research, development, and manufacturing, Texsonics has become a trusted partner for companies seeking to enhance efficiency, precision, and safety in their operations.

Founded on the principles of technological excellence and customer-centric service, Texsonics specializes in designing and delivering advanced robotic systems, automation solutions, and custom-built controllers. Their products are engineered to optimize manufacturing processes across various industries, including automotive, aerospace, electronics, and metalworking.

The company’s flagship offerings include state-of-the-art industrial robots, automated systems for CNC machine tending, and cutting-edge robot controllers, all backed by years of expertise and innovation. With a commitment to sustainability and operational excellence, Texsonics is dedicated to driving the future of automation, helping businesses stay ahead in an increasingly competitive global market.

Core Competencies:

Industrial Robotics and Automation Solutions
CNC Machine Tending Automation
Custom-built Robot Controllers
Precision Engineering and Manufacturing
Research and Development for Cutting-edge Technologies
Mission:
To revolutionize industries by providing high-performance, reliable, and efficient automation solutions that enable businesses to achieve greater productivity, reduced costs, and enhanced safety.

Vision:
To be a global leader in industrial automation, offering innovative and sustainable solutions that drive transformation across diverse industries.",Robotics Engineering,11-50 employees,Privately Held,"Coimbatore North, Tamil Nadu, India",India,texsonics.in,https://www.linkedin.com/company/texsonics-systems-india-pvt-ltd
D.A.R.E. Workshop,D.A.R.E. (Drone and Robotics Electrical) is a specialized workshop dedicated to the intersection of Drone and Robotics Electrical Engineering. We bridge the gap between theoretical control systems and high-performance hardware implementation. Our mission is to empower engineers with the technical depth required to build the next generation of autonomous systems.,Robotics Engineering,51-200 employees,Non Profit,"New Delhi, Delhi, India",India,netlify.app,https://www.linkedin.com/company/dare-workshop
Nextup Community,"NextUp Robotics : Your gateway to the future of automation and innovation. Join our LinkedIn community to stay updated on cutting-edge robotics solutions, industry insights, and collaborative opportunities. Connect with like-minded professionals and explore the limitless possibilities of robotics technology.",Robotics Engineering,2-10 employees,Privately Held,"Ghaziabad, Uttar Pradesh, India",India,nextuprobotics.com,https://www.linkedin.com/company/nextup-community
ROBOTICS SOCIETY IGIT SARANG,,Robotics Engineering,51-200 employees,Educational,"Dhenkanal, Oregon, India",India,,https://www.linkedin.com/company/robotics-society-igit-sarang
IEEE Robotics and Automation Society MPSTME,"Welcome to the official LinkedIn page of the IEEE Robotics and Automation Society (RAS) at Mukesh Patel School of Technology Management and Engineering (MPSTME)! We are a dynamic student organization dedicated to fostering interest and promoting excellence in the fields of robotics and automation.

RAS MPSTME is a local chapter of the renowned IEEE RAS, a global community of professionals and enthusiasts in the robotics and automation industry. Our chapter is composed of driven students from various disciplines who share a passion for robotics, automation, and cutting-edge technologies. We strive to provide a platform for collaboration, knowledge sharing, and professional growth.

Our two main goals are as follows:-

Knowledge and Skill Development: We organize workshops, seminars, and hands-on training sessions to enhance technical knowledge and practical skills in the field of robotics and automation. We believe in empowering our members with the latest tools, technologies, and industry trends, equipping them to excel in their academic and professional journeys.

Networking and Collaboration: RAS MPSTME serves as a networking hub, connecting students with industry professionals, researchers, and like-minded individuals in the field. Through guest lectures, industry visits, and conferences, we create opportunities for meaningful interactions and collaborations, fostering a supportive community of passionate individuals.

Want to give your career a headstart and dive into this lucrative world of Automation filled with opportunities then this the community for you.",Robotics Engineering,11-50 employees,Non Profit,"Mumbai, Maharashtra, India",India,,https://www.linkedin.com/company/ras-mpstme
I-KIT LAB,"Education:-
                  We work closely with K-12 schools and provide a holistic educational environment, where trans-disciplinary education is imparted. As part of our educational delivery, we set up STEAM Labs in schools, where students are given first-hand experience across all areas of Science, Technology, Engineering, Arts, and Math through experiential learning methods. These areas include IOTs, Robotics, Drones, and 3D printing.

Agriculture:- 
                      We focus on creating opportunities for farmers to learn, share knowledge, and connect with others in their industry, building a stronger and more resilient farming community. By supporting farmers in this way, we can help to transform agriculture and contribute to a more sustainable and prosperous future. We are working on many technology interventions in the agriculture sector, including Technology based agri-education using AI and IoT usage and ICT-based training (Farmer Knowledge Platform)",Robotics Engineering,11-50 employees,Partnership,"Jaipur, Rajasthan, India",India,ikit.in,https://www.linkedin.com/company/ikit-lab
Rotonity Club,"Rotonity is the official Robotics and Automation club of Symbiosis Institute of Technology, Pune.",Robotics Engineering,11-50 employees,Educational,"Mulshi, Maharashtra, India",India,,https://www.linkedin.com/company/rotonity-club
Nikka Robotics Solution and Technology,"Our distinctive presence is due to ""Better Planning, Greater Involvement & Deeper Unity"". This has helped us buildup a dedicated team. Through Engineering Practice ""NIKKA"" has satisfied our valued customers and generated a faith by providing Creative, Innovative & customized integrated solution support which is our strength.",Robotics Engineering,11-50 employees,Partnership,"Vadodara Taluka, Gujarat, India",India,nikkainc.com,https://www.linkedin.com/company/nikka-robotics-solution-and-technology
Otonomy Labs,"Otonomy.ai is a robotics and AI company building full-stack autonomy systems by integrating advanced hardware, control systems, and intelligent software. We focus on enabling machines to perceive, decide, and act with precision in real-world environments across robotics, automation, and autonomous platforms.",Robotics Engineering,11-50 employees,Privately Held,"Bengaluru, Karnataka, India",India,otonomy.ai,https://www.linkedin.com/company/otonomyai
Robotics Explained,I mainly create videos on YouTube explaining concepts of Robotics,Robotics Engineering,2-10 employees,Self Employed,"Bengaluru, Karnataka, India",India,,https://www.linkedin.com/company/robotics-explained
AMID - Advanced MechIntel Dynamics,"At Advanced MechIntel Dynamics (AMID), we have mastered two distinct segments, combining innovation with expertise to deliver exceptional solutions. With a dual-focus approach, we cater to both cutting-edge drone technology and versatile software services, excelling in each domain with precision and dedication.",Robotics Engineering,2-10 employees,Privately Held,"Indore, Madhya Pradesh, India",India,amidsystems.com,https://www.linkedin.com/company/amidsystems
Team Matrix,"Team Matrix is the official robotics club of K.K. Wagh Institute of Engineering Education and Research, Nashik (An Autonomous Institute), affiliated with Savitribai Phule Pune University (SPPU).",Robotics Engineering,2-10 employees,Educational,"Nashik, Maharashtra, India",India,team-matrix.in,https://www.linkedin.com/company/team-matrixs
Vayut Autonomous Systems & Technologies Pvt. Ltd.,"VAST is building the Operating System for Real-World Robotics.

We’re redefining how robotics is deployed. With over the air android like updates and remote debugging cum introspection, VAST empowers businesses to automate complex operations without complexity.

Whether it’s drones in the field, mobile robots in warehouses, or custom automation in manufacturing — VAST gives you the power to configure, control, and optimize robotics like never before.

 Deploy robotics in days, not months
 Unify and manage diverse fleets from a single dashboard
 Automate with no-code logic and AI-driven orchestration
 Get real-time insights, predictive alerts, and full visibility
 Plug seamlessly into your ERP, WMS, or IoT stack

Hardware-agnostic. Developer-friendly. Built for scale.

VAST isn’t just making automation easier — we’re making it inevitable.

Welcome to the future of robotics.",Robotics Engineering,2-10 employees,Privately Held,"Pune, Maharashtra, India",India,vayut.com,https://www.linkedin.com/company/vayutsocial
Technotix MPSTME,"Team Technotix, the robotics enthusiasts from Mukesh Patel School of Technology Management and Engineering (MPSTME), Mumbai! We take pride in being a dedicated and dynamic student team that thrives on innovation and creativity in the world of robotics.",Robotics Engineering,51-200 employees,Educational,"Mumbai, Maharashtra, India",India,,https://www.linkedin.com/company/technotixmpstme
DeepTerrain Ai Pvt Ltd,"Building a Safer World through AI-Based Surveillance and Patrolling, Elevating Security with Precision & Effectiveness",Robotics Engineering,11-50 employees,Privately Held,"Bengaluru East, Karnataka, India",India,thedeepterrain.ai,https://www.linkedin.com/company/deepterrain-ai-pvt-ltd
Fons Robotics And Automation Pvt Ltd,"Fons Robotics and Automation Pvt Ltd formerly known as SR Robotics and Automation has been serving in the areas of Production and Assembly. We develop customized solutions with our customers in manufacturing and engineering.

Our Expertise are in Robot & PLC Programming, Installation, Commissioning & troubleshooting.

Our highly skilled Robot Programmers can handle Industrial Robot, mainly FANUC, KUKA, ABB, YASKAWA-MOTOMAN, COMAU, PANASONIC & HYUNDAI in the best way possible.

Maintenance of Robots (Robot health check up quarterly, half yearly and annual basis, Robot Greasing, Robot Spot gun maintenance).

Our PLC team can proficiently work on Allen Bradly, Siemens, Mitsubishi, Delta,Omron PLC. 

""We are a highly motivated people with full of potential, having strong work ethic."" 
Our ""Vision"" is to create a better everyday life for many people around with a ""Mission"" to deliver the right automotive solution through our Quality standards and Expertise.

We wish working with the new projects to make great innovations in the world of automation.",Robotics Engineering,11-50 employees,Privately Held,"Khed, Maharashtra, India",India,fonsrobotics.com,https://www.linkedin.com/company/fons-robotics-and-automation-pvt-ltd
Automind Dynamics,"AutoMind Dynamics is a deep-tech startup incubated at ARTPARK, Indian Institute of Science (IISc), Bengaluru. We specialize in unmanned ground vehicles (UGVs), combining AI-powered autonomy, embedded systems, and intelligent perception engineered to thrive where traditional systems fail.

Our Mission

We build autonomy into rugged, real-world deployment. Our solutions are designed to deliver safe, scalable, and reliable navigation in off-road and GPS-denied environments.

We focus on advancing Industrial & Mining Automation along side Defence & Tactical Mobility.

By reducing human dependency and overcoming environmental uncertainty, we are accelerating the future of intelligent mobility.",Robotics Engineering,11-50 employees,Privately Held,"Bengaluru, Karnataka, India",India,automindynamics.com,https://www.linkedin.com/company/automindynamics
Team Runtime Error,group of dedicated members working on building bots for various competitions,Robotics Engineering,2-10 employees,Educational,"Panaji, Goa, India",India,,https://www.linkedin.com/company/team-runtime-error
Mach and Ros,"Mach and Ros, short for Machines and Robots, is presently focused on providing engineering design, consultancy and analysis services for companies building machines like drones and robots. It has the capability to engineer solutions to challenging practical problems with in-depth analysis of the underlying physics using analytical or numerical tools which is often overlooked. However, minimalism is a core underlying philosophy in its design approach thereby delivering the most efficient and effective solutions without overcomplicating the problem.",Robotics Engineering,Self-employed,Self Owned,"Chennai, Tamil Nadu, India",India,,https://www.linkedin.com/company/mach-and-ros
Adroit Enterprises,"Established in the year 2002, Adroit Enterprises was a dream in the eye of two brothers, Nachiket & Vishwamitra Damle. Both of them had pursued Mechanical Engineering and wanted to take the road less travelled by others – Entrepreneurship. Intending to make a visible difference in the manufacturing industry, they started operations initially with job work and ensured they shipped out only high-quality products to their clients.

Focus on quality and timely deliveries made sure that Adroit grew quickly and on-boarded increasing number of clients with each passing year. In the year 2004, we imported our first horizontal boring machine to complement the increasing workload and ensure adoption of new technology, moving ahead.

Further to this we imported and installed new machines with even more advanced features in the coming years to keep pace with the latest manufacturing technology at our facility.

With time, Adroit Enterprises successfully carved out a Niche for itself in the Industrial Fixtures and Material Handling Segment.",Robotics Engineering,51-200 employees,Partnership,"Pune, Maharashtra, India",India,adroit-enterprises.com,https://www.linkedin.com/company/adroit-enterprises
Robotics Club WEC,"The Club’s vision is to continue on the path towards creating a welcoming and constructive environment where student membership stems from a wide-array of academic programs, reaching beyond Science and Technology related fields of study.",Robotics Engineering,11-50 employees,Educational,"Patiala, Punjab, India",India,,https://www.linkedin.com/company/rbtclubpk
Automation World,"Automation World is an industrial automation solution provider backed by 15 years of hands-on industrial experience.
We support manufacturing industries with end-to-end automation services, including:
 PLC Programming & Commissioning
 HMI Programming & Visualization
 Robot Programming & Integration
 Control Panel Design & Manufacturing
 SPM (Special Purpose Machine) Design & Automation
In line with Industry 4.0, we also deliver Smart Factory solutions such as:
 SCADA Systems
 OEE Monitoring & Production Analytics
 Energy Saving & Optimization Projects
With strong shop-floor expertise, Automation World focuses on reliable, scalable, and cost-effective solutions that improve productivity, quality, and energy efficiency.
 15 years of real industrial experience. Practical automation. Proven results.",Robotics Engineering,11-50 employees,Self Owned,"Pune, Maharashtra, India",India,,https://www.linkedin.com/company/automationworld08
Axis Global Automation,,Robotics Engineering,51-200 employees,Partnership,"Khas, India",India,axisglobalautomation.com,https://www.linkedin.com/company/axisglobalautomation
InzpireX,"InzpireX | Hands-On STEM Education
 Robotics • IoT • Electronics
 Learn • Build • Innovate
 DM for Collaborations",Robotics Engineering,2-10 employees,Privately Held,"Gurugram, Haryana, India",India,inzpirex.in,https://www.linkedin.com/company/inzpirex
Oraxiz Inc,"We build intelligent, user-centric robotic and hardware, AI solutions designed to simplify processes, accelerate workflows, and enhance customer engagement. From autonomous service robots to smart interactive, our technologies adapt seamlessly to multiple industries, empowering businesses to operate faster and smarter.",Robotics Engineering,2-10 employees,Privately Held,"Chennai, Tamil Nadu, India",India,oraxiz.com,https://www.linkedin.com/company/oraxiz-inc
QBOTIX Rover,"QBOTIX Rover is the rover engineering division at Kumaraguru Institutions, dedicated to creating advanced ground robotics systems. The team unifies mechanical design, embedded electronics, software, and autonomy to develop reliable rover platforms capable of operating in real-world field environments.

What We Do
QBotix Rover designs, prototypes, and tests rover technologies, advancing capabilities in mobility, manipulation, sensing, and communication. The team represents the institution in major rover competitions and strengthens the campus robotics ecosystem through applied, multidisciplinary engineering work.

Purpose
We exist to build impactful rover systems and cultivate strong engineering talent by giving students direct experience with end-to-end robotic development.",Robotics Engineering,11-50 employees,Privately Held,"Coimbatore, Tamil Nadu, India",India,iqubekct.ac.in,https://www.linkedin.com/company/team-qbotix-rover
Beta Tank Robotics,BetaTANK has developed specialiazed robots for the petroleum industry.  These robots need to pass stringent safety standards,Robotics Engineering,2-10 employees,Privately Held,"Bengaluru, Karnataka, India",India,betatankrobotics.com,https://www.linkedin.com/company/beta-tank-robotics
Hoverlords,"We are a dynamic team of 10 passionate students, each bringing unique skills and perspectives to the table. Our team is composed of individuals from various engineering disciplines, united by our shared enthusiasm for autonomous systems and aerial technology.

Together, we are committed to pushing the boundaries of drone technology and making a significant impact in the Autonomous Drone Development Challenge 2025(by SAEINDIA Southern Section). Our diverse skill set and collaborative spirit enable us to tackle complex challenges and bring innovative solutions to the forefront.",Robotics Engineering,2-10 employees,Educational,"St. Joseph's College Of Engineering And Technology, Pala, India",India,,https://www.linkedin.com/company/hoverlords
Roboveda SNIST,"Roboveda, organised by The Robotics Club - SNIST, stands as one of the most anticipated technical festivals in the entire nation. We’ve always been proud to elevate the institution’s name through excellence, and we’re committed to pushing that standard even higher. This technical fest is a vibrant stage where the country’s brightest tech minds come together to challenge themselves in every event. Whether you leave with a trophy or simply with new insights, Roboveda never fails to ignite a deep passion in your heart for learning and achieving more. We, at Team Roboveda, are truly thrilled to have you join us and are looking forward to another incredibly successful chapter together.",Robotics Engineering,51-200 employees,Self Employed,"Ghatkesar, TG, India",India,roboveda.org,https://www.linkedin.com/company/roboveda-snist
AUTONOMI CIC,Autonomi is a student driven society which gives freedom to every member to break the shackles of stereotype thought process and dwell a sense of “out of box thinking”,Robotics Engineering,51-200 employees,Educational,"Delhi, Delhi, Delhi, India",India,,https://www.linkedin.com/company/autonomi-cic
Team Artemis,"Team Artemis: Advancing Legged Robotics at VIT Vellore

At Team Artemis, we’re not just walking the talk - we’re engineering the future of locomotion. Based at VIT Vellore, we’re a group of passionate innovators focused on pushing the boundaries of legged robotics.

Our mission:
	•	Develop cutting-edge legged robots that navigate complex 
                terrains with ease
	•	Pioneer bio-inspired designs that mimic nature’s most efficient                                   
                walkers and runners
	•	Compete at the forefront of international legged robotics 
                competitions

What drives us:
	•	The challenge of balancing stability and agility in our quadruped and biped designs
	•	Implementing advanced control algorithms for dynamic locomotion
	•	Exploring applications from search and rescue to planetary exploration

--------

We’re a young team with big ambitions, combining fresh perspectives with rigorous engineering. Our projects range from nimble quadrupeds that can traverse rough terrain to humanoid robots that could one day assist in disaster recovery.

Are you fascinated by the potential of legged robots? Whether you’re a budding engineer, a potential sponsor, or an industry expert, we invite you to join our journey. Together, let’s take the next step in robotics evolution.

#TeamArtemis #LeggedRobotics #VITInnovates #FutureOfLocomotion",Robotics Engineering,11-50 employees,Privately Held,"Katpadi, Tamil Nadu, India",India,,https://www.linkedin.com/company/teamartemis
Jiva Robotics,"Jiva Robotics — Redefining the Future of Intelligent Automation

At Jiva Robotics, we are shaping a world where robots and humans work in perfect harmony. Headquartered in India with a growing global footprint, we specialize in AI-powered service and delivery robots that revolutionize industries through intelligence, precision, and human-centric design.

Our mission is simple yet powerful — to make automation intelligent, accessible, and scalable. By merging AI, sensor fusion, and cloud connectivity, our robots think, move, and interact naturally, enabling organizations to enhance service quality, reduce operational costs, and boost productivity.

 Innovation at the Core:

Each Jiva robot is powered by Jiva OS, a modular, cloud-connected platform built on ROS2, unifying navigation, control, and communication into one smart system. With dual-sensor SLAM (LiDAR + visual cameras), our robots navigate dynamic environments like hotels, hospitals, and offices with centimeter-level precision.

 Flagship Product — Jiva Bot S1 :

Our flagship model, the Jiva Bot S1, is a next-generation service robot designed for hospitality, healthcare, retail, and corporate environments. 

 Industries We Serve:

 Hospitality — Room service, food delivery, guest assistance
 Healthcare — Contactless delivery of medicines and samples
 Corporate & Logistics — Internal deliveries and office automation
 Retail & Malls — Visitor guidance and customer engagement

 Global Vision, Sustainable Future:

As a global robotics brand, Jiva Robotics collaborates across Asia, Europe, and the Middle East, focusing on innovation, energy efficiency, and eco-friendly materials. With ongoing R&D in AI perception, voice interaction, and mobility, we are committed to creating smarter, greener robotics for tomorrow.",Robotics Engineering,11-50 employees,Privately Held,"Mumbai, Maharashtra, India",India,jivarobotics.com,https://www.linkedin.com/company/orbixglobal
Team Vulcans,"Team Vulcans is the robotics team of the Robotics Club at P.E.S.'s Modern College of Engineering, Pune.

We are a group of undergraduate engineers from different disciplines, brought together by a shared interest in building competitive and high-performance robotic systems. Our work is showcased through platforms like ABU ROBOCON.

We focus on practical engineering — experimenting with new technologies, solving real design challenges, and building efficient systems within real-world constraints.

At our core, we believe robotics should go beyond competitions and contribute to solving meaningful problems. Through teamwork, hands-on learning, and constant iteration, we aim to grow as engineers and create systems that make a difference.",Robotics Engineering,11-50 employees,Non Profit,"Pune, Maharashtra, India",India,teamvulcans-pesmcoe.com,https://www.linkedin.com/company/teamvulcans
Aeromech UAV,"At Aeromech, we are at the forefront of innovation, specialising in cutting-edge drone solutions for agriculture, defense, and logistics. Based in India, we design, manufacture, and deploy advanced drones that empower industries to achieve efficiency, precision, and sustainability.

Our Expertise

1. Agriculture Drones: Revolutionizing farming practices with precise spraying, monitoring, and data collection to increase yield and reduce costs.
2. Defense Solutions: Providing reliable and robust UAVs for surveillance, reconnaissance, and tactical operations.
3. Delivery Drones: Enabling fast and efficient logistics with drone delivery systems.
4. Drone-as-a-Service (DaaS): Offering flexible and scalable drone services tailored to meet unique operational requirements.

Why Aeromech?

With a mission to make drone technology accessible and impactful, we blend innovation, engineering excellence, and customer-centric solutions. Our team of experienced engineers and certified drone pilots ensures that every project is executed with the highest standards of quality and safety.

Key Achievements

1. Certified RPTO (Remote Pilot Training Organization) for training future drone operators.
2. Successfully completed numerous projects in agricultural spraying, logistics, and surveillance.
3. Pioneering solutions in drone technology to meet India’s evolving industrial and agricultural needs.

Join Us

Aeromech is driven by innovation and collaboration. We are always looking for talented individuals and partners to join us in shaping the future of UAV technology.

Let’s soar together toward a brighter, more efficient future!",Robotics Engineering,2-10 employees,Privately Held,"Tauru, Haryana, India",India,aeromechuav.com,https://www.linkedin.com/company/aeromech-uav-private-limited
DRC SPIT,"The Drones and Robotics Club of S.P.I.T. is a vibrant student-driven initiative dedicated to exploring, innovating, and advancing the fields of robotics and drone technology. We aim to bridge the gap between theory and real-world application by fostering a culture of hands-on learning, experimentation, and collaboration.

Our club provides a platform for students to work on cutting-edge projects involving autonomous systems, embedded systems, and intelligent robotics. Through workshops, technical sessions, competitions, and interdisciplinary collaborations, we equip our members with practical skills and industry-relevant knowledge in mechanical design, electronics, programming, and control systems.",Robotics Engineering,11-50 employees,Non Profit,"Mumbai, Maharashtra, India",India,,https://www.linkedin.com/company/drc-spit
Elecon Aerotech Private Limited,"Elecon Aerotech is an emerging leader in the field of unmanned aerial vehicle (UAV) development, offering fully integrated drone-based solutions for industrial, commercial, and defense applications.",Robotics Engineering,2-10 employees,Privately Held,"Sahibzada Ajit Singh Nagar, Punjab, India",India,elecongroup.in,https://www.linkedin.com/company/elecon-aerotech
Robo Impex,"We build advanced robotic arms and automation solutions that help industries improve precision, efficiency, and productivity. Based in Surat, we focus on innovative design, high-quality engineering, and smart robotics for real-world applications.",Robotics Engineering,2-10 employees,Privately Held,"Surat, Gujarat, India",India,roboimpex.com,https://www.linkedin.com/company/robo-impex
Prime Robotics PVT LTD,"Prime Robotics — Your Partner in Automation Excellence
We help manufacturers across India automate smarter, delivering end-to-end industrial robotics solutions from initial design through long-term support. Our certified engineers work across all major robotic platforms to keep production lines running faster and more reliably.
 Robotics simulation, offline programming & digital twin validation
 Automation for welding, painting, material handling, assembly, cutting & inspection
 Multi-brand programming & integration — Fanuc, ABB, Yaskawa, KUKA, Kawasaki, Yamaha
 Preventive maintenance, emergency breakdown support & AMCs
 Genuine spare parts for all major robot brands
 Industrial IT — SCADA/MES integration & Industry 4.0 data infrastructure
Why manufacturers work with us:
 24/7 customer support
 Certified engineers across all major brands
 12-month onsite warranty on new deployments
 Free on-site analysis before every project
 Uptime guarantee
 Based in Pune, serving industrial clients across India
 primerobo.in |  amit.patil@primerobo.in |  +91 97661 76342",Robotics Engineering,2-10 employees,Privately Held,"Pune, Maharashtra, India",India,primerobo.in,https://www.linkedin.com/company/prime-robo-in
"Student Innovation lab, EE, IIT Delhi","Students Innovation Lab at Electrical Engineering Department IIT Delhi is a multidisciplinary innovation and prototyping facility  dedicated to empowering students to transform ideas into real-world solutions through hands-on learning, creativity, and collaboration. The lab provides an inclusive environment where students, researchers, and innovators can explore emerging technologies, develop practical skills, and build innovative prototypes.

SIL promotes innovation through internships, technical training, workshops, hackathons, design challenges, research projects, industry collaborations, and mentorship from faculty, alumni, and industry experts.

The lab provides advanced equipment and modern fabrication facilities, including 3D printers, laser cutters, PCB design and fabrication tools, high-performance GPU clusters, robotic arms, humanoid and quadruped (robot dog) platforms, drones, Arduino, ESP32, Raspberry Pi, NVIDIA Jetson, FPGA and embedded development kits, sensors, electronics testing instruments, and rapid prototyping tools. SIL also offers a dedicated **24×7 co-working and innovation space**, enabling students to collaborate, design, prototype, test, and refine innovative solutions.

SIL serves as a bridge between academia, industry, startups, and the research community, fostering interdisciplinary collaboration, innovation, and entrepreneurship. Our research and development activities include robotics, drones, autonomous systems, embedded electronics, artificial intelligence (AI), Internet of Things (IoT), intelligent devices, rapid prototyping, digital manufacturing, and product design. Through collaborative projects and industry engagement, students gain practical experience while developing technologies that address real-world challenges.

Follow and tag this page for updates on student projects, internships, workshops, competitions, research highlights, industry collaborations, startup initiatives, innovation success stories, and upcoming events.",Robotics Engineering,2-10 employees,Educational,"New Delhi, Delhi, India",India,,https://www.linkedin.com/company/student-innovation-lab-iit-delhi
DynoArk,"Dynoark is a technology-driven robotics and AI Startup specializing in intelligent automation, drones, agriculture  machines & industrial robots, and advanced research. Our mission is to build smart, autonomous machines that revolutionize industries, optimize workflows, and enhance human capabilities.  

We integrate cutting-edge robotics, artificial intelligence, and automation to develop solutions for warehousing, manufacturing, agriculture, defense, and beyond. With a strong focus on innovation and research, Dynoark is shaping the future of technology, making industries more efficient, sustainable, and intelligent.  

Key Areas of Focus:  
- AI-Powered Robotics – Smart humanoid and industrial robots.  
- Autonomous Drones – UAVs for surveillance, delivery, and automation.  
- Warehouse & Logistics Automation – AI-driven systems for operational efficiency.  
- Smart Machinery – Advanced technology solutions for various industries.  
- Research & Development – Pushing the boundaries of AI and robotics.  

Dynoark – Where Intelligence Fuels Innovation.",Robotics Engineering,2-10 employees,Privately Held,"Hyderabad, TG, India",India,dynoark.com,https://www.linkedin.com/company/dynoark
Team Vicharaka IISc,We are a passionate group of people at IISc building rovers for rover competition.,Robotics Engineering,11-50 employees,Non Profit,"Bengaluru, Karnataka, India",India,iisc.ac.in,https://www.linkedin.com/company/team-vicharaka-iisc
Alas RoboTech Solutions,"Robotics is a field of technology that involves the design, construction, operation, and use of robots. Robots are programmable machines that can carry out tasks autonomously or semi-autonomously, often mimicking or augmenting human actions. They are used in various industries such as manufacturing, healthcare, agriculture, space exploration, and more recently, in everyday environments like homes and offices. Robotics combines elements of mechanical engineering, electrical engineering, computer science, and artificial intelligence to create versatile machines capable of performing a wide range of functions.",Robotics Engineering,2-10 employees,Partnership,"Salem, Tamil Nadu, India",India,,https://www.linkedin.com/company/alas-robotics-technology
Jaitech Robotics and Automations Private Limited,"We are a leading robot manufacturing company dedicated to shaping the future of automation. With a passion for innovation, precision engineering, and advanced technology, we specialize in designing, developing, and manufacturing cutting-edge robotic solutions for a wide range of industries.",Robotics Engineering,2-10 employees,Privately Held,"Jaipur, Rajasthan, India",India,jaitechrobotics.com,https://www.linkedin.com/company/jaitech-robotics-and-automations-private-limited
Airbt,"AIRBT is an AI Data Infrastructure company helping organizations build, train, evaluate, and deploy advanced AI systems.
We provide high-quality data annotation, model evaluation, human feedback, and AI operations services that enable companies to develop reliable machine learning and generative AI applications at scale.
Our services include:
• Data Annotation & Labeling
• Computer Vision Data Operations
• Generative AI Evaluation & RLHF
• Autonomous Vehicle Data Annotation
• Robotics & Perception Data Services
• AI Model Testing and Validation
• Large-Scale Data Collection & Curation
• Enterprise AI Operations
AIRBT combines skilled human expertise with advanced workflows to deliver accurate, scalable, and secure AI training data for next-generation artificial intelligence systems.
Mission: Accelerating the development of trustworthy AI through world-class data infrastructure.
Vision: To become a leading global AI data platform powering the future of artificial intelligence.",Robotics Engineering,2-10 employees,Self Owned,"Visakhapatnam, Andhra Pradesh, India",India,airbt.in,https://www.linkedin.com/company/airbtai
CYBODYNAMICS TECHNOLOGIES,"CYBODYNAMICS Technologies is a growing star in the robotics industry, providing cutting-edge robot manufacturing and comprehensive training programs. Our experts are passionate about technology and education, bringing innovative solutions and hands-on learning experiences to our clients.

At CYBODYNAMICS Technologies we are committed to producing the most advanced robots on the market. Our robots are carefully crafted to meet the unique needs of businesses, ensuring their reliability and functionality. Alongside our manufacturing services, we also offer a variety of training programs for students and professionals. These programs provide practical experience and equip individuals with the skills they need to work with robots, preparing them for a bright future in the rapidly evolving field of robotics",Robotics Engineering,2-10 employees,Privately Held,"Bengaluru, Karnataka, India",India,cybodynamics.com,https://www.linkedin.com/company/cybodynamics-technologies
Robotronics IET DAVV,"Robotronics Club of IET DAVV is a dynamic, student-driven innovation hub that pushes the frontiers of robotics and automation. With a focus on practical learning and hands-on experience, we explore cutting-edge technologies such as Arduino, Raspberry Pi, robotic arms, and Bluetooth-controlled cars. The club serves as a creative playground where engineering students from various disciplines collaborate on groundbreaking projects that redefine the possibilities of robotics. Supported by experienced faculty, we are committed to fostering a culture of innovation, problem-solving, and technical excellence.

Our members, spanning departments such as Electronics, Computer Science, and Mechanical Engineering, are immersed in real-world applications of robotics, bridging the gap between theoretical knowledge and industry-ready skills. The club offers a platform for aspiring technologists to design, build, and innovate, empowering them to become the next generation of leaders in the rapidly evolving world of robotics and automation.

Join us at Robotronics, where curiosity sparks invention, and together, we bring the future to life.",Robotics Engineering,11-50 employees,Non Profit,"Indore, Madhya Pradesh, India",India,,https://www.linkedin.com/company/robotronics-iet-davv
Robozone Robotics & Automation Systems,"RoboZone is a dynamic innovation hub driven by young minds passionate about transforming ideas into intelligent systems. We specialize in designing, building, and deploying cutting-edge robotics, automation, and IoT-based solutions that empower industries, education, and communities.

From autonomous drones and robotic arms to smart systems and industrial automation, our team thrives on solving real-world challenges with technology. We also engage in STEM outreach, technical workshops, and prototype development to foster a culture of hands-on learning and innovation.

 What We Do:

-Robotics Prototyping & Development

-Industrial & Home Automation

-IoT & Embedded Systems Integration

-Custom Smart Projects

-Technical Training & STEM Programs


 Our Mission:
To make robotics and automation accessible, practical, and impactful — building future-ready solutions while nurturing next-gen innovators.

 Let’s build the future together.
Connect with us for collaborations, tech partnerships, and workshops!",Robotics Engineering,2-10 employees,Non Profit,"Bhubaneshwar, Oregon, India",India,na.com,https://www.linkedin.com/company/robozone-robotics-automation-systems
Designotics,,Robotics Engineering,2-10 employees,Privately Held,"Visakhapatnam, Andhra Pradesh, India",India,,https://www.linkedin.com/company/designotics
AQ Automations Pvt Ltd,,Robotics Engineering,Self-employed,Privately Held,"Pune, Maharashtra, India",India,,https://www.linkedin.com/company/aq-automations-pvt-ltd
Veetrag Robotics,"Innovating the Future with Cutting-Edge Robotics Solutions”
Empowering Education, Research, and Industry through Intelligent Robotics
 About Us
At Veetrag Robotics we are pioneering the future of automation with a
A comprehensive suite of robotics solutions tailored to educational institutions, industrial sectors,
healthcare, agriculture, logistics, and defence. Our robotics ecosystem comprises modular
hardware, intelligent software, laboratory setups, and real-time applications, all powered by deep
industry expertise and an innovation-driven R&D lab.
* Our Mission*
To revolutionise learning, manufacturing, and service sectors through robotics systems that
enhance productivity, precision, and safety, preparing India for Industry 4.0.",Robotics Engineering,11-50 employees,Privately Held,"Sangli, Maharashtra, India",India,veetragrobotics.com,https://www.linkedin.com/company/veetrag-robotics-pvt-ltd
Delphnoid,"Delphnoid is an innovative startup redefining robotics for supply chain facilities with AI-driven solutions designed to streamline operations. We simplify the complexity of robotics and artificial intelligence, transforming them into intuitive, user-friendly technologies that businesses can easily integrate and operate. 

Our approach ensures seamless automation of supply chain processes, making it effortless to manage robotics in your facility. With Delphnoid, automating your operations is no longer a challenge—it’s a smooth, seamless experience. 

Get ready to plug, play, and automate like never before, as we reshape the future of robotics.",Robotics Engineering,2-10 employees,Privately Held,"Hyderabad, TG, India",India,delphnoid.com,https://www.linkedin.com/company/delphnoid
Applied Robotics Club - JKLU,"Welcome to the Applied Robotics Club at JKLU, where innovation knows no bounds! We are a dedicated and diverse team, harnessing the power of multiple disciplines to craft extraordinary products. With a passion for cutting-edge advancements, we embark on a journey fueled by curiosity and expertise. Our mission goes beyond conventional norms as we strive to create and implement innovative solutions. From engineering marvels to interactive events, we're committed to pushing the envelope of possibility. Join us in shaping a future where technology and creativity converge, here at Applied Robotics Club, JKLU.",Robotics Engineering,11-50 employees,Educational,"Jaipur, Rajasthan, India",India,jklu.edu.in,https://www.linkedin.com/company/applied-robotics-club
Altru Robotics,"Gaze Beyond Possible
.
Official Page For Altru Robotics
Previously Adapt Robotics
.
.
.
Powered by DPIIT
Logo Rights Reserved",Robotics Engineering,2-10 employees,Privately Held,"Chennai, Tamil Nadu, India",India,,https://www.linkedin.com/company/altrurobotics
Eyantra MSIT,eyantra@msit.in,Robotics Engineering,2-10 employees,Non Profit,"Delhi, Delhi, India",India,,https://www.linkedin.com/company/eyantra-msit
Robotics Club of Heritage Institute of Technology,,Robotics Engineering,11-50 employees,Educational,"Kolkata, West Bengal, India",India,,https://www.linkedin.com/company/robotics-club-hitk
Nferent AI,"We are at the forefront of building the foundational data infrastructure that powers the next generation of Physical AI and Robotics.


As humanoid robots and intelligent machines move from research labs into the real world, the need for high-quality, structured, and diverse data has never been greater. We bridge that gap  collecting, processing, and delivering the data that teaches robots to see, move, think, and interact like never before.
Our work sits at the intersection of cutting-edge robotics, artificial intelligence, and real-world data engineering. From sensor fusion and environmental mapping to motion capture and behavioral datasets, we build the data pipelines that give physical AI systems the intelligence they need to operate confidently in complex, dynamic environments.

We partner with leading robotics companies, research institutions, and AI developers to create robust, scalable, and reliable data solutions  purpose-built for the machines of tomorrow.",Robotics Engineering,11-50 employees,Public Company,"Gurugram, Haryana, India",India,,https://www.linkedin.com/company/nferent-ai
Rovoq,"Rovoq is a specialized engineering studio delivering end-to-end robotics and computer vision solutions for industrial, medical, and autonomous systems. We build what others find complex — stereo vision pipelines, real-time robot control, embedded AI on edge hardware, and BLDC motor systems — and we deliver it production-ready. Our work spans: - Vision-guided robotic manipulation and 3D perception - ROS/ROS2-based robot software development - Motion planning and control system design - Embedded AI deployment on Jetson, RZV2L, and Raspberry Pi - BLDC motor control and firmware development Whether you need a complete system or a targeted solution for a hard engineering problem, Rovoq delivers with precision.",Robotics Engineering,2-10 employees,Self Employed,"Bengaluru, Karnataka, India",India,rovoq.online,https://www.linkedin.com/company/rovoq
UAV-ZHCET,UAV ZHCET works on Future drone Industry,Robotics Engineering,11-50 employees,Educational,"Koil, Uttar Pradesh, India",India,,https://www.linkedin.com/company/uav-zhcet
AiSu Robotics & Automation,"AiSu Robotics & Automation is an industrial robotics seller and system integrator focused on innovation-driven automation solutions. We specialize in robotics integration, IIoT-enabled systems, and smart manufacturing solutions that improve productivity, connectivity, and operational intelligence across modern industries",Robotics Engineering,2-10 employees,Partnership,"Noida, Uttar Pradesh, India",India,aisurobotics.com,https://www.linkedin.com/company/aisu-robotics-automation
Roboclub MVJCE,"This is the official page of the Robotics club of MVJ College Of Engineering, Bangalore.",Robotics Engineering,11-50 employees,Self Employed,"Bengaluru, Karnataka, India",India,,https://www.linkedin.com/company/roboclubmvjce
Createz.ai,"Createz.ai is a creative technology startup at the intersection of art, AI, and robotics. We specialize in delivering unforgettable, tech-powered brand experiences through our innovative SketchBot platform - a unique fusion of robotic precision and human creativity.

At Createz.ai, we believe in the magic of personalization. Our SketchBots transform digital portraits into hand - drawn sketches in real time, creating a memorable and interactive experience for event-goers, brand activations, corporate gatherings, and retail campaigns.

Built with cutting-edge robotics and AI, our platform brings technology to life - literally on paper. From custom-branded photo templates to instant sketch souvenirs, we offer a seamless, high-impact engagement solution for brands looking to leave a lasting impression.

Whether you’re a marketing agency, event planner, or brand owner, Createz.ai’s SketchBot is your creative partner for innovative experiences that people won’t just see - they’ll take home.",Robotics Engineering,2-10 employees,Partnership,"Coimbatore, Tamil Nadu, India",India,createz.ai,https://www.linkedin.com/company/createz-ai
INGENIOUS TECH KEY,Providing unique Solutions and Services in field of Robotics and advance technology.,Robotics Engineering,11-50 employees,Self Owned,"Balesar, Rajasthan, India",India,ingenioustechkey.com,https://www.linkedin.com/company/ingenious-tech-key
Autodrag,"AUTODRAG is a student-driven technical society focused on designing, developing and testing intelligent engineering solutions across UAVs, Robotics, IoT, CAD Design, Electronics and Avionics.

We believe engineering goes beyond classrooms.

Our members work together to transform concepts into functional prototypes through research, design, manufacturing, programming and real-world testing.

Our Domains:

 UAV Development
 Robotics & Automation
 Electronics & Avionics
 IoT & Embedded Systems
 CAD & Product 

What We Do:

 Build innovative engineering projects
 Participate in national-level technical competitions
 Develop industry-relevant engineering skills
 Create collaborative learning environments
 Convert ideas into working solutions

Since 2023, AUTODRAG has represented innovation across multiple national-level platforms, competing among some of the strongest engineering teams.

Major Highlights:

 Technoxian World Robotics Championship Winner
 IIT Delhi Maze Runner Winner
 NIDAR AIR 6 & AIR 1 Ignite Prize
 Drone4S Hackathon IIT Roorkee Winner
 Multiple UAV Challenge Victories

Open For:

• Technical Collaborations
• Industry Mentorship
• Sponsorship Opportunities
• Innovation Partnerships


Building today.
Engineering tomorrow.",Robotics Engineering,11-50 employees,Privately Held,"Muradnagar, Uttar Pradesh, India",India,,https://www.linkedin.com/company/autodrag
Aimers Infotech & Automation,"Aimers Infotech & Automation is a dynamic Electronics, IoT, and Software Services firm dedicated to empowering engineering students and professionals through expert project development and technical guidance.

What We Offer:
Electronics & IoT Solutions
Software Development Support (Web, Android, Embedded Systems)
Academic & Industry Project Guidance
Technical Documentation & Reports
Workshops & Mentoring for Students",Robotics Engineering,2-10 employees,Privately Held,"Sangamner, Maharashtra, India",India,aimersinfotech.in,https://www.linkedin.com/company/aimers-infotech-automation
MechaTinker,"Welcome to Mechatinker, where the fusion of robotics and creativity sparks unparalleled innovation. As pioneers in the realm of roboptics engineering, we specialize in pushing the boundaries of technological advancement, crafting solutions that seamlessly blend precision engineering with imaginative design.

we build projects which runs in ones head.

here is our workflow
idea -> validation -> planning -> building -> testing -> shipping-> orchastrating/automating -> taking feedback -> maintaining",Robotics Engineering,2-10 employees,Privately Held,"Vadodara, Gujarat, India",India,vercel.app,https://www.linkedin.com/company/mechatinker
Loop Robotics Technologies,"Loop Robotics is revolutionizing industrial automation by providing autonomous mobile robots (AMRs) designed to function as AI-powered employees operating around the clock.

Vision

The company aims to transform perceptions of AMR robots by developing modular systems that integrate seamlessly across various industries and environments.

Product Lineup

Loop Robotics offers a diverse range of AMRs tailored to specific operational needs:
	•	Loop Fork 500: Automates point-to-point material movement within controlled environments without human intervention.
	•	Loop Lift 500: Designed for autonomous lifting and transporting tasks, enhancing efficiency in material handling.
	•	Loop Tug 500: Capable of moving carts and carrying payloads autonomously, streamlining internal logistics.
	•	Loop Arm 500: Equipped with pick-and-place capabilities and QR code scanning, facilitating precise item handling.
	•	Loop UV 500: Provides 360-degree effective disinfection autonomously, ensuring sanitary conditions without human assistance.
	•	Loop Defense AMR: Engineered for defense applications, capable of traversing various terrains with multi-weapon attachments and inbuilt machine vision, operating with or without human intervention.

Key Features

Loop Robotics’ AMRs are distinguished by:
	•	Quick and Easy Deployment: Robots can be operational within days, minimizing downtime during implementation.
	•	Multipurpose Systems: Designed for versatility across different tasks and industries.
	•	Flexible and Scalable Solutions: Easily adaptable to changing operational needs and scalable for growing demands.
	•	Collaborative Operation: Engineered to work safely alongside human workers, enhancing overall productivity.",Robotics Engineering,2-10 employees,Partnership,"Gandhinagar, Gujarat, India",India,looprobotics.in,https://www.linkedin.com/company/loop-robotics-technologies
YANTROR Pvt. Ltd.,"Yantror was founded in 2023 as a spin-off from the Smart Materials Structures and Systems (SMSS) Laboratory at the Department of Mechanical Engineering, IIT Kanpur.  Yantror specializes in providing robotic solutions for industrial inspection and maintenance. Yantror's robots are an outcome of decade long experience of indigenously designed and developed robotic platforms by the founding team at SMSS Lab, IIT Kanpur for various PSUs (Public Sector Undertaking) companies like GAIL (India) Ltd, POWERGRID, Johnson Controls, Portescap, General Motors, ISRO and HAL. The startup works in constant collaborations with international organizations and universities from Japan, UK, Sweden, USA, Australia, Canada and Italy to incorporate advanced technologies in our products.",Robotics Engineering,2-10 employees,Privately Held,"Kanpur, Uttar Pradesh, India",India,,https://www.linkedin.com/company/yantror-pvt-ltd
Absurd Explorations,"We're all about bending the rules and defying the norm - to push boundaries, and to make science and technology a whole lot more fun.",Robotics Engineering,Self-employed,Privately Held,"Bengaluru, Karnataka, India",India,absurd.industries,https://www.linkedin.com/company/absurd-explorations
Motridox Robotics,"At Motridox Robotics, we are pioneers at the intersection of robotics and IoT. Our mission is to create cutting-edge solutions that automate, optimize, and transform the way industries operate. By leveraging the power of intelligent automation and real-time connectivity, we provide innovative, scalable technologies designed to solve complex challenges in sectors ranging from manufacturing to smart cities.

Our team is driven by a passion for technological advancement, bringing together experts in robotics, IoT systems, and AI. Whether it's creating autonomous machines, enabling seamless IoT integration, or designing smart, adaptive systems, Motridox Robotics is committed to pushing the boundaries of what's possible in the field of automation.

Join us as we revolutionize the future of robotics and IoT—building a smarter, more connected world.",Robotics Engineering,2-10 employees,Partnership,"Manjeri, Kerala, India",India,pages.dev,https://www.linkedin.com/company/motridoxrobotics
Quantum Techs,"Your one-stop for diverse robot manufacturing, 3D printing, hardware design, and software services. We do it all to make your robots smarter and better.",Robotics Engineering,2-10 employees,Partnership,"Ahmedabad, Gujarat, India",India,quantumtechs.in,https://www.linkedin.com/company/quantum-techs
RAIT NIRMAAN,"RAIT NIRMAAN is the official Robotics and Aerospace Club of Ramrao Adik Institute of Technology, founded with the vision of transforming student potential into innovation and excellence. The club provides a dedicated platform for students to engage in research and development (R&D), explore advanced technologies, and contribute to projects that go beyond the classroom.

With access to state-of-the-art infrastructure and mentorship, students are encouraged to innovate, collaborate, and file intellectual property rights (IPRs) that showcase their creativity and technical skill. The club also aims to enable students to take part in prestigious contests and win, ensuring both individual growth and recognition for the institute.",Robotics Engineering,11-50 employees,Self Employed,"Navi Mumbai, Maharashtra, India",India,vercel.app,https://www.linkedin.com/company/rait-nirmaan
Age of Robotics,"Hello and welcome to Age of Robotics!
We’re passionate tech explorers on a mission to make Robotics and Embedded Systems accessible to everyone. With hands-on expertise in Robotics, CAD Modeling, PCB Design, Programming, Robot Operating Systems (ROS), and more, we love turning complex tech into easy-to-follow educational content.

The internet gives us a powerful way to share knowledge globally—and we’re here to do exactly that, free and open for all.

Get ready for a stream of exciting, project-based content to supercharge your journey in robotics. Whether you’re a student, hobbyist, or tech enthusiast—there’s something here for you.

Let’s build the future, one robot at a time!",Robotics Engineering,Self-employed,Self Employed,"Rahta, Maharashtra, India",India,,https://www.linkedin.com/company/age-of-robotics
Easwari Society Of Robotics and Automation,The Easwari Society of Robotics and Automation is a Student Association of the Department of Robotics and Automation of Easwari Engineering Colege(SRM Group).,Robotics Engineering,201-500 employees,Privately Held,"Chennai, Tamil Nadu, India",India,,https://www.linkedin.com/company/easwari-society-of-robotics-and-automation-association
Huromata,"At Huromata, we develop and turn innovative concepts into practical results using advanced technologies such as robotics, 3D printing, drones, brain-computer interfaces, and underwater robotics (ROVs). We are experts in delivering unique proof of concept (PoC) development and lightning-fast prototyping, concentrating on intelligent robotics, cutting-edge 3D-printed designs, modern unmanned aerial vehicles, and intriguing brain-computing technologies. We engage in partnerships focused on underwater ROV initiatives aimed at deep-sea exploration and various industrial uses. We also work in smart fabrics, AR/VR, and various hardware and software projects, helping students gain hands-on experience. Our dedication is to enabling enterprises to succeed in innovation, transforming complex ideas into meaningful, practical solutions.",Robotics Engineering,2-10 employees,Self Owned,"Coimbatore, Tamil Nadu, India",India,huromata.com,https://www.linkedin.com/company/huromata
AISC [Advanced Integrated Systems for Cybernetics],"Advanced Integrated Systems for Cybernetics (AISC) is a student-led organisation focused on the study and development of cyber-physical and intelligent systems. The organisation operates across multidisciplinary engineering domains, encouraging structured problem-solving, systems thinking, and practical application of engineering principles. AISC is committed to technical excellence, professional development, and the cultivation of industry-relevant skills among its members.",Robotics Engineering,2-10 employees,Privately Held,"Mysore, Karnataka, India",India,,https://www.linkedin.com/company/aiscjc
Mantronix Solutions,"We are an industrial robotics and automation startup focused on transforming manufacturing through smart, efficient, and reliable automation solutions. Our mission is to help industries improve productivity, enhance quality, and reduce operational costs by integrating advanced robotics, artificial intelligence, machine vision, and Industry 4.0 technologies. From robotic assembly and material handling to automated inspection and process optimization, we develop customized solutions that address real-world manufacturing challenges. By combining innovation with engineering expertise, we empower businesses to build safer, more flexible, and future-ready production environments",Robotics Engineering,2-10 employees,Self Owned,"Ghaziabad, Uttar Pradesh, India",India,mantronixsolutions.com,https://www.linkedin.com/company/mantronix-solutions
Focalpreneur Technologies & Services Pvt. Ltd,"Company Overview:
Welcome to Focalpreneur Technologies & Services Pvt Ltd, where innovation meets excellence in the realms of robotics, embedded systems, IoT, app development, and website solutions. As a pioneering tech company, we specialize in creating cutting-edge solutions that seamlessly integrate the physical and digital worlds.

Our Expertise:

Robotics:
Elevating automation through 3D modeling, hydraulic, pneumatic actuators, and sensor-driven precision.

Embedded Circuits:
Crafting bespoke circuits, expert embedded programming, and firmware development for diverse projects.

Internet of Things (IoT):
Enabling connectivity with electronic circuits that transcend boundaries, controlled effortlessly over the Internet.

App Development:
From IoT apps that redefine smart living to e-commerce apps revolutionizing digital commerce, we bring ideas to life. Our web wrappers ensure a seamless user experience across platforms.

Website Development:
Crafting digital experiences with expertise in E-commerce websites, engaging blog platforms, and feature-rich college websites complete with intuitive admin panels.",Robotics Engineering,2-10 employees,Privately Held,"Brahmapur, Oregon, India",India,focalpreneur.org,https://www.linkedin.com/company/focalpreneur
MetaWyse Solutions,"At Metawyse Solutions, we turn ideas into reality by providing cutting-edge solutions in robotics, embedded systems, software development, and mechanical design. Our expertise spans across a wide range of industries, including automation, research, and engineering, with a mission to deliver on-time, reliable, and high-quality products and services at competitive prices.

Our Expertise

•	Robotics and Automation
From concept to production, we design and develop fully autonomous robotic systems tailored to meet your industry’s needs.

•	Embedded Systems Development
Offering precise, efficient, and reliable embedded systems to power your products, we help drive innovation in IoT, control systems, and more.

•	Software Development
Specializing in full-stack and mobile applications (MERN, Android), our team delivers robust, scalable software tailored to your business objectives.

•	Mechanical Design & Fabrication
With expertise in CAD, ANSYS, and SolidWorks, we provide high-precision mechanical designs and prototypes that push engineering boundaries.

Why Choose Metawyse Solutions?

•	Tailored Solutions
Whether you're a researcher, student, or industry professional, our team works closely with you to customize solutions that match your goals.
•	Unparalleled Quality & Reliability
We pride ourselves on our commitment to delivering top-notch quality products and services you can trust.

•	Affordable Pricing
Our solutions are not only innovative but also competitively priced to give you the best value for your investment.

•	End-to-End Service
From idea to execution, we provide comprehensive services, including research guidance, journal and thesis writing, training, and final-year project support.",Robotics Engineering,2-10 employees,Self Owned,"Chennai, Tamil Nadu, India",India,metawysesolutions.com,https://www.linkedin.com/company/metawyse-solutions
VagoPlex Technologies,"At VagoPlex Technologies, we don’t just build gadgets; we engineer the future. Founded on the principle of bridging the gap between hardware and software, VagoPlex is a hub for innovation in Robotics, AI-driven automation, and high-performance engineering. From developing prototypes of Automated Guided Vehicles (AGVs) to precision CAD design for competitive Formula 1 racing, we thrive on solving complex technical challenges.

Driven by a passion for ""Circuits to Code,"" our mission is to push the boundaries of what’s possible for the next generation of technology.

Core Focus:

 Robotics & Automation (AGVs, Line Followers, IoT)

 Full-Stack Software Development

 CAD & Basic Computational Fluid Dynamics (CFD)

 AI & Computer Vision Integration",Robotics Engineering,Self-employed,Self Employed,"Gandhinagar, Gujarat, India",India,netlify.app,https://www.linkedin.com/company/vagoplex-technologies
INNVERSE,"INNVERSE – Building Future Innovators

At INNVERSE, we are transforming education by building Innovation-First Schools through experiential learning and emerging technologies.

We empower students with the skills of tomorrow through:

 AI & Robotics Labs – Hands-on learning with Artificial Intelligence, Robotics, IoT, and Automation.

 Innovation Labs – Design Thinking, Prototyping, 3D Printing, Electronics, and Real-World Problem Solving.

 Drone Education – Interactive drone technology, coding, and future aviation skills aligned with modern education.

 STEM & Future Skills – Equipping students with creativity, critical thinking, collaboration, and innovation to thrive in the 21st century.

Our mission is to bridge the gap between traditional education and future-ready learning by creating classrooms where students don't just learn technology—they build with it.

We believe every student has the potential to become an innovator, creator, entrepreneur, and problem-solver.

 Creating Future Innovators. Building India's Innovation Ecosystem.

 Follow INNVERSE to discover how we're transforming schools into innovation hubs and preparing the next generation for the future.",Robotics Engineering,2-10 employees,Partnership,"Dera Bassi, Punjab, India",India,innverse.tech,https://www.linkedin.com/company/innverse-india
Centre for Industrial Automation,"The Center of Excellence for Industrial Automation was established to provide training in industrial robotics and automation. 

In 2017, the centre expanded with the addition of an Industrial Automation facility in collaboration with Tianjin University, China, and Mitsubishi Robots. This facility includes four industrial-grade Mitsubishi robots and automation infrastructure for practical learning in automation, PLC programming, and more.

Training here is split into two levels:

The initial phase covers sensors, actuators, and interfacing techniques using kits like Lego Mindstorm and C6 Creative Bricks.
The second phase involves working with industrial-grade automation systems, including the Mitsubishi Melfa RV4FLD robotic arm and PLCs, offering students exposure to complex automation setups.
The centre also provides consultancy services, attracting attention to industrial solutions and product development. Students from the centre have achieved national and international recognition in skill competitions, gaining global attention.",Robotics Engineering,2-10 employees,Privately Held,"Chennai, Tamil Nadu, India",India,citchennai.edu.in,https://www.linkedin.com/company/centre-for-industrial-automation
Artify Technologies Pvt. Ltd,"Artify Technologies Pvt. Ltd is a startup that specializes in developing automation solutions using robotics, image processing, artificial intelligence, and machine learning technologies.

Our mission is to address the issues of inconsistent service quality, inaccuracy, and huge price variation. We aim to develop cutting-edge technology solutions in the field of arts and traditions. We believe that by leveraging the latest advancements in technology, we can help businesses and individuals achieve their goals more efficiently and effectively.",Robotics Engineering,2-10 employees,Privately Held,"Hyderabad, Telangana, India",India,,https://www.linkedin.com/company/artify-technologies-pvt-ltd
Fluxion Dynamic Technologies Pvt. Ltd.,Autonomous Drones for safety and security.,Robotics Engineering,Self-employed,Privately Held,"Gurugram, Haryana, India",India,github.io,https://www.linkedin.com/company/fluxion-dynamic-technologies
Embeddinator,"Embeddinator is an EnGeniusLab initiative to spread Digital Electronics literacy. We believe that “skills” is the path to prosperity, dignity and justice. Because skills are so vital, access to education is a right not a privilege.
Embeddinator hosts the collection of online resources covering technology, software, physical sciences and interfacing and communication. It delivers seamless integrated access to over many articles from over 15,000 online books, and hundreds of reference works, laboratory protocols and databases.

We follow the “learn any time” delivery model. Whether you are in between jobs or have school, two jobs and a young baby, you can learn a new skill. And you can learn anywhere. We call it @Your Pace, @Your Place education.",Robotics Engineering,2-10 employees,Self Employed,"New Delhi, Delhi, India",India,embeddinator.com,https://www.linkedin.com/company/embeddinator
Experimentation Hub SIST,"A space located in the Center for Advanced Studies at Sathyabama, Chennai, Tamil Nadu, where students are trained and work on projects in IoT and robotics. It is a place to learn, collaborate, and build practical skills.",Robotics Engineering,11-50 employees,Educational,"Chennai, Tamil Nadu, India",India,,https://www.linkedin.com/company/experimentation-hub-sist
Neptune Systems,"Neptune System is promoted by young dynamic, qualified technocrats having vast experience in design, development, rapid prototyping, robotics, plant automation, system integration, manufacturing and turnkey solutions.",Robotics Engineering,11-50 employees,Self Owned,"Haveli, Maharashtra, India",India,neptunesystems.in,https://www.linkedin.com/company/neptunesystems
FAITH CREATORS,,Robotics Engineering,2-10 employees,Privately Held,"Kanpur, Uttar Pradesh, India",India,,https://www.linkedin.com/company/faith-creator-labs
AIROBOVEIN TECHNOLOGY,"At Airobovein Technology, we are redefining learning through Innovation, Intelligence, and Imagination.
We specialize in delivering end-to-end STEM, Robotics, Artificial Intelligence (AI), Coding, Electronics, and Cybersecurity solutions designed exclusively for K–12 students in alignment with the National Education Policy (NEP) 2020 and National Curriculum Framework (NCF).

Our mission is to empower young learners with future-ready skills that foster creativity, critical thinking, and problem-solving abilities. Through hands-on experiential learning, we enable students to understand, design, and innovate with emerging technologies — preparing them to thrive in a rapidly evolving digital world.

Airobovein Technology partners with schools, educators, and institutions to establish Robotics and AI labs, develop customized learning programs, and integrate 21st-century skills into classroom learning. Our solutions combine coding, electronics, automation, and cybersecurity awareness to make education interactive, engaging, and impactful.

With a vision to bridge the gap between education and innovation, we are nurturing the next generation of tech leaders, creators, and innovators — shaping a smarter, safer, and more connected future for all.",Robotics Engineering,2-10 employees,Privately Held,"Singhwara, Bihar, India",India,airobovein.com,https://www.linkedin.com/company/airobovein-technology
The Future Teck,"The Future Tech | Innovating Robotics, Embedded Systems & 3D Printing

At The Future Tech, we are shaping the future of automation with cutting-edge robotics, embedded systems, and 3D printing. Our mission is to bridge the gap between intelligent machines and real-world applications, delivering innovative, efficient, and reliable technology.

 Our Expertise

Robotics Development – Advanced automation, AI-driven robotics, and autonomous systems.

Embedded Systems – Custom firmware, IoT solutions, and real-time applications.

3D Printing & Prototyping – Rapid prototyping, custom parts, and product design.

R&D and Product Development – From concept to deployment, we bring ideas to life.

 Why Choose Us?
We combine innovation, precision, and scalability to develop high-performance tech solutions tailored to industry needs. Whether it's AI-powered robots, IoT devices, advanced 3D-printed components, or next-gen automation, we push the boundaries of technology to create smarter, faster, and more efficient solutions.

 Join us in building the future of technology today!

 Connect with us to explore collaborations and opportunities.",Robotics Engineering,2-10 employees,Privately Held,"Thane, Maharashtra, India",India,thefutureteck.com,https://www.linkedin.com/company/the-future-teck
Robowelt Systems Pvt. Ltd.,"RoboWelt Systems is built on a strong foundation of innovation, expertise, and industry experience. Originally established in 2018 as PRevail Robotics, the organization has since evolved into RoboWelt Systems Pvt. Ltd. , united by a clear vision to deliver advanced, reliable, and scalable robotics and automation solutions that drive manufacturing excellence.",Robotics Engineering,11-50 employees,Privately Held,"Pune, Maharashtra, India",India,roboweltsystems.com,https://www.linkedin.com/company/robowelt-systems-pvt-ltd
Nagabots Nagaland,"We at NAGABOTS are committed to promote today's students to grow with the rest of the ever-advancing technological world by inculcating a desire to learn the concepts of Science, Technology, Engineering and Mathematics through the very interesting world of Robotics. We are associated with India's premium Robotics brand, Pune-based IndiaFirst Robotics. We provide World-class Robotics education and Coding classes. With a well-defined curriculum for various age groups; well-qualified trainers; affordable and versatile training kits coupled with an ardent desire to build Future Engineers, Inventors and entrepreneurs for our Society. Join us in creating a world where education is a Fun and Exciting journey",Robotics Engineering,11-50 employees,Privately Held,"Kohima Sadar, Nagaland, India",India,nagabots.net,https://www.linkedin.com/company/nagabots-nagaland
Kvanttik,"Kvanttik is a young and vibrant start-up at the forefront of drone technology. We specialize in designing and developing high-quality drones customized for diverse industry needs, from agriculture to infrastructure and beyond. With a commitment to quality and innovation, we craft drones that meet specific industry needs, bringing precision and reliability to every project. In addition, we’re committed to making technology accessible by working with schools and colleges, where we introduce students to the world of programming and drones in a hands-on way. At Kvanttik, we’re making advanced technology both impactful and accessible, one drone at a time.",Robotics Engineering,2-10 employees,Partnership,"Tadepalli, Andhra Pradesh, India",India,,https://www.linkedin.com/company/kvanttik
Techfest XPLORA,"Welcome to Xplora — The Ultimate Celebration of Innovation! 

Get ready to dive into the world of technology, creativity, and limitless imagination at Xplora, the grand Techfest hosted by Krishna Public School, Raipur, in collaboration with ATL and the Coders Club.

Xplora isn’t just an event — it’s an experience. Over two electrifying days, the brightest minds will come together to innovate, compete, and explore through a series of tech-driven competitions, workshops, and interactive showcases. From the thrill of Robo Soccer to the strategy of Gamers’ League, from AI Talks that spark ideas to Virtual Reality adventures that redefine boundaries — Xplora is where technology meets imagination.

Unleash your potential in hands-on events like Circuitrix, Multimedia Design, and more, as you bring your creative and technical skills to life.

At its core, Xplora is about inspiring curiosity, fueling innovation, and celebrating the spirit of discovery. Whether you’re a coder, gamer, creator, or dreamer, this is your stage to shine, learn, and lead the future of tech.

Step into Xplora — where ideas spark, innovations rise, and the future begins!",Robotics Engineering,11-50 employees,Partnership,"Raipur, Connecticut, India",India,xplorakps.tech,https://www.linkedin.com/company/techfest-xplora
RoboVyu,"We are a passionate group of innovators, engineers, and creators driven by a shared vision—to design and build advanced robots that push boundaries and solve real-world challenges. Our club was founded to foster a culture of hands-on learning, collaboration, and technical excellence in the field of robotics.

Our mission is not just to compete, but to learn, share knowledge, and inspire more students to explore robotics and automation.",Robotics Engineering,11-50 employees,Non Profit,"Pune, Maharashtra, India",India,,https://www.linkedin.com/company/team-autonauts
Indronovation Labs Pvt Ltd,"Headquartered in Bengaluru, India, Indronovation Labs is an automation and robotics solution provider catering to a wide range of sectors. Our engineers aren't just building technology—they are creating the future, one game-changing idea at a time, pushing the boundaries of what’s possible with drones and robots.
Our solutions serve defence, manufacturing, agriculture, law enforcement, oil & gas, and EV mobility ecosystem. With a core focus on interdisciplinary research and development, we tackle challenges of technology adoption in business processes. We empower enterprises to achieve operational excellence, increase productivity, and gain a competitive advantage.
We aim to empower organisations to overcome technological barriers, drive progress, and unlock new possibilities using drones and robots. Through solution-based Research and Development, and turnkey support we aim to reshape industries and inspire tech adoption at a larger scale.
Dedicated to the ""Make in India"" initiative, Indronovation Labs is focused on strengthening India's technological resilience. Beyond product and solution development, we offer flexible operational options and comprehensive support; ensuring our clients have the resources for a seamless adoption of drones and robots.",Robotics Engineering,11-50 employees,Privately Held,"Bengaluru, Karnataka, India",India,indronovationlabs.com,https://www.linkedin.com/company/indronovation-labs-pvt-ltd
ThunDroids LLP,"Thundroids LLP is a robotics startup based in Kochi, India, focused on developing innovative and scalable robotic solutions for education, research, and industry. We specialize in autonomous systems, embedded electronics, simulation, and AI-powered robotics. We also design and manufacture custom robotics solutions tailored to specific use cases.

Our mission is to solve real-world problems through intelligent automation—bridging the gap between theoretical knowledge and practical application with accessible, hands-on innovation rooted in open-source technology.",Robotics Engineering,2-10 employees,Partnership,"Kanayannur, Kerala, India",India,thundroids.com,https://www.linkedin.com/company/thundroids-llp
COSMOS-NMIT Space Robotics Society,"COSMOS is NMIT’s official Space Robotics Society, where students design, build, and launch ideas that push the limits of space exploration and autonomous systems. From rover prototypes to satellite design challenges, we aim to turn curiosity into innovation.",Robotics Engineering,11-50 employees,Non Profit,"Bengaluru, Karnataka, India",India,,https://www.linkedin.com/company/cosmos-nmit
EduBerg Learning Hub LLP,"EduBerg | Empowering Minds for the Future

EduBerg is the education division of BloomBerg Research Institute of Digital Communication Pvt. Ltd., dedicated to shaping future-ready professionals through advanced, industry-aligned learning.

We specialize in delivering cutting-edge education and hands-on training in:

Artificial Intelligence & Robotics

Data Science and Data Analytics

Full Stack & Programming Technologies

Emerging Digital and Automation Technologies

At EduBerg, learning goes beyond theory. Our programs are designed with a practical, project-based approach, guided by highly skilled industry experts and supported by modern labs and real-world exposure. We focus on building innovation, problem-solving skills, and technical excellence among students from school level to higher education and professional domains.

With a strong commitment to quality education, skill development, and future technologies, EduBerg bridges the gap between academic knowledge and industry demands, preparing learners to thrive in a rapidly evolving digital world.

EduBerg – Learn. Innovate. Lead.",Robotics Engineering,51-200 employees,Educational,"Tirur, Kerala, India",India,edubergindia.com,https://www.linkedin.com/company/eduberg-learning-hub-llp
Alan Scott Automation & Robotics Limited,"Revolutionizing Industry Through Robotic Ingenuity

At Alan Scott Automation & Robotics, we streamline packaging with advanced, customised solutions that deliver superior efficiency, reliability and accuracy. Powered by our PACKTOPACKOFF technology, we optimise palletizing, case packing, crate handling and sealing for faster, smoother production.

Every plant is unique, so our automation is built to fit your exact operational needs. This customised approach has helped leading brands in Paint, Edible Oil, Dairy, FMCG and Consumer Goods transform their end-of-line performance.

Our mission is to revolutionize industries by providing cutting-edge automation solutions that enhance efficiency, productivity, and sustainability.

Looking to upgrade your production line?
Let’s connect and automate your next breakthrough.",Robotics Engineering,11-50 employees,Privately Held,"Mumbai, Maharashtra, India",India,asrobotics.in,https://www.linkedin.com/company/alan-scott-automation-robotics-limited
PRASTHANAM GBPIET,"Welcome to the Robotics Club!

This is more than just a club—it’s a growing community of innovators, thinkers, and creators passionate about robotics and technology.

We are just getting started, but the vision is clear: to evolve continuously, explore new ideas, and build impactful projects. With time, this platform will expand into a hub of learning, collaboration, and innovation.

1.Expect exciting workshops, hands-on projects, competitions, and real-world problem-solving experiences.
2. Opportunities to develop technical skills, teamwork, and creativity.
 3. A journey where curiosity turns into creation.

Stay connected—because this is only the beginning, and there’s a lot more exciting to come!

Follow us and be a part of the journey.",Robotics Engineering,51-200 employees,Educational,"Pauri , Uttarakhand, India",India,,https://www.linkedin.com/company/prasthanam-gbpiet
"HOMI  ROBOTICS  R&D , CONSULTING",Robotics Research and Robotics Consulting,Robotics Engineering,2-10 employees,Privately Held,"Amberpet, TG, India",India,homirobotics.com,https://www.linkedin.com/company/homi-robotics-r-d
volnlabs,"every major computing platform eventually learned how to update itself without shutting down. robots haven't.

volnlabs is building the operating system that lets robots safely evolve after deployment. instead of treating software as something flashed once and forgotten, we make it possible to deploy new capabilities continuously while preserving real-time performance and safety.

our goal is simple: make updating a robot as routine as deploying software to the cloud.",Robotics Engineering,2-10 employees,Privately Held,"Bengaluru South, Karnataka, India",India,volnlabs.com,https://www.linkedin.com/company/volnlabs
Robotics Club BMU,"Welcome to the official LinkedIn page of the BMU Robotics Club, founded at BML Munjal University. Our club is driven by a passion for innovation at the intersection of technology and creativity. We foster collaboration, teamwork, and skill development, equipping our members with the tools to thrive in a technology-driven world.

At the BMU Robotics Club, we provide a platform for students to design, build, and program robotic systems. Members participate in exciting challenges and competitions that inspire learning and push the boundaries of what robotics can achieve. Our signature events include Robo Ignite, Robo Soccer, Arial Drone, Robo Race, alongside a variety of hands-on technical workshops.

Join us in shaping the future of robotics through dynamic workshops, competitions, and collaborative projects that take creativity and technical expertise to the next level. Together, we innovate, compete, and excel!",Robotics Engineering,11-50 employees,Self Employed,"Gurugram, Haryana, India",India,bmu.edu.in,https://www.linkedin.com/company/bmuroboticsclubofficial
KITES SOFTWARE & ROBOTICS PRIVATE LIMITED,"KITES, established in 2005 and headquartered in Kochi, has been at the forefront of technology innovation, research, and skill development for nearly two decades. As an NSDC-accredited partner, KITES has successfully designed and delivered a wide spectrum of government-supported, corporate, and academic programs, empowering thousands of technology enthusiasts across India in Software Engineering, Embedded Systems, and Robotics.

Beyond training, KITES operates as a research-driven technology and product development company with a primary focus on developing consumer-centric robotic solutions that enhance ease of living. The organization is actively engaged in applied R&D, prototyping, and intelligent product engineering, addressing real-world challenges through affordable, practical, and user-friendly robots.

KITES’ innovation roadmap is centered on future technologies such as AI-enabled robotics, smart automation, IoT-integrated systems, and embedded intelligence, with an emphasis on solutions for home assistance, service automation, education, and everyday productivity.

Through strong industry–academia collaboration, hands-on R&D labs, and project-based learning ecosystems, KITES continues to build next-generation talent while creating impactful consumer robotics and technology solutions that contribute to smarter, more comfortable living.
In alignment with the mandate of the Government of India, KITES actively delivers training programs, seminars, and technology interventions across leading engineering colleges, with the objective of nurturing a future-ready, technology-driven generation. These initiatives are designed to ignite technical enthusiasm, bridge the industry–academia gap, and enhance student employability by equipping learners with industry-relevant skills, hands-on exposure, and practical knowledge in emerging technologies.",Robotics Engineering,11-50 employees,Privately Held,"Kanayannur, Kerala, India",India,kitesnet.com,https://www.linkedin.com/company/kites-soft-robotics-pvt
Techsics Technologies,"'Techsics' is a drone development and home automation manufacturing as well as service provider company. We manufacture various kinds of drones for different sectors like agriculture, railway inspection, film shooting, surveillance and many more.",Robotics Engineering,2-10 employees,Privately Held,"Patna, Bihar, India",India,techsics.in,https://www.linkedin.com/company/techsics-ltd
Robotics Society (RobSoc),Where Innovation Meets Precision.,Robotics Engineering,51-200 employees,Non Profit,"New Delhi, Delhi, India",India,,https://www.linkedin.com/company/robotics-society-robsoc
Team Arcelor,"Welcome to the Official LinkedIn Page of Team Arcelor, Competitive Robotics Team! 

We're innovators, creators, and competitors in the thrilling world of robotics. As a dynamic team passionate about pushing the boundaries of technology, we specialize in a range of robotics competitions including:
 RoboSoccer
 Pick and Place Bot
 RoboRace
 Amphibian Bot
 Line Following Robot (LFR)
 Aero Modelling
 FPV Drone Racing

Driven by a passion for robotics and a commitment to excellence, our team consistently pushes boundaries, embraces challenges, and celebrates victories. Join us on our journey as we continue to innovate, compete, and inspire the next generation of robotic enthusiasts.

Connect with us to stay updated on our latest achievements, projects, and collaborations. Let's revolutionize the world of robotics together!

#TeamArcelor #JorhatEngineeringCollege #RoboticsTeam #Innovation #Competition #STEM #Engineering #RoboticsEvents #Technology #Teamwork #FutureOfRobotics",Robotics Engineering,11-50 employees,Self Employed,"East Jorhat, Assam, India",India,,https://www.linkedin.com/company/team-arcelor
DROBOTICS LAB JUIT,"Drobotics Lab | JUIT – Jaypee University of Information Technology

Drobotics Lab is the advanced robotics and intelligent systems laboratory at Jaypee University of Information Technology (JUIT), dedicated to innovation across quadruped robotics, aerial systems (drones), and software engineering.

We work at the intersection of hardware and software to design autonomous machines, intelligent flight systems, and scalable technology solutions for real-world challenges. Through hands-on research, student-driven innovation, and industry-aligned projects, we aim to build future-ready engineers and impactful technologies.

Our focus is on innovation, experimentation, and engineering excellence.

Keywords: Robotics, Aerial Systems, Drones, Software Engineering, Artificial Intelligence, Automation, Research, Innovation, Autonomous Systems",Robotics Engineering,11-50 employees,Educational,"Solan, Himachal Pradesh, India",India,vercel.app,https://www.linkedin.com/company/droboticslab
Kanā,Open MakerSpace Ecosystem for Autonomous Robotics,Robotics Engineering,201-500 employees,Non Profit,"Coimbatore South, Tamil Nadu, India",India,vaan.com,https://www.linkedin.com/company/kanaspace
Karta Innovations,"We are a deeptech company building Safe, Self-aware, & Scalable Operational Autonomy.

Conventional unmanned systems fail when GPS is jammed, communication drops, terrain turns hostile, or operating conditions worsen. At Karta, we are building robust autonomy stacks that allow unmanned systems to continue operating under degraded and uncertain environments.

Our work spans aerial platforms, onboard autonomy, mission software, ground control systems, simulation, perception, and fleet-level command systems. At Karta Innovations, we're redefining the boundaries of what autonomy can achieve in critical environments.",Robotics Engineering,2-10 employees,Privately Held,"Hyderabad, TG, India",India,kartainnovations.com,https://www.linkedin.com/company/karta-innovations
Modal Robotics,We go where robots don’t go yet.,Robotics Engineering,11-50 employees,Privately Held,"Bengaluru, Karnataka, India",India,kuul.club,https://www.linkedin.com/company/modal-ai-data
NITK Battle-Bots,Home for Gnarly 2.5 (15kg) & Scrambler (3lb) combat robots,Robotics Engineering,11-50 employees,Educational,"Surathkal, Karnataka, India",India,,https://www.linkedin.com/company/nitk-combat-robotics
DUCBOT INNOVATIONS,,Robotics Engineering,2-10 employees,Privately Held,"Trivandrum, Kerala, India",India,ducbotinnovations.com,https://www.linkedin.com/company/ducbotinnovations
HydraBotz Technologies,A Robotics sport organization from Hyderabad.,Robotics Engineering,2-10 employees,Non Profit,"Hyderabad, TG, India",India,,https://www.linkedin.com/company/hydra-botz
DFA ROBOTIX INDIA,"DFA ROBOTIX INDIA is a leading robotics integration company specializing in industrial robotic solutions. We design, manufacture, and integrate advanced robotic systems for a wide range of industries, including automotive, food processing, and manufacturing. Our expertise includes machine tending robots, welding robots, forging robots, painting robots, and other customized robotic automation solutions. We are committed to delivering innovative, reliable, and high-performance automation technologies that enhance productivity, precision, and operational efficiency.",Robotics Engineering,11-50 employees,Privately Held,"Rajkot, Gujarat, India",India,dfarobotix.com,https://www.linkedin.com/company/dfa-robotix-india
Bhartiya Robotics,"Bhartiya Robotics also Known as TIMKOLAS, Envision future where children, empowered by immersive experiences in robotics and technology, not only find joy in learning but emerge as confident innovators. Our vision is to shape a world where technological literacy is inherent, and young minds effortlessly explore the frontiers of IoT, robotics, and programming, sculpting a landscape rich with boundless opportunities and creativity.",Robotics Engineering,2-10 employees,Self Owned,"Dehra Dun, Uttarakhand, India",India,bhartiyarobotics.com,https://www.linkedin.com/company/bhartiya-robotics
DUCBOT INNOVATIONS,,Robotics Engineering,2-10 employees,Privately Held,"Trivandrum, Kerala, India",India,ducbotinnovations.com,https://www.linkedin.com/company/ducbot-innovations
Probable Robotics Private Limited,"Probable Robotics is building modular, electric agricultural robotic platforms designed for plantation crops such as coconut and arecanut.

Our focus is on practical, field-deployable robots that support mechanised basin preparation, soil work, and repeatable navigation in plantation environments.

The platform is being developed with an emphasis on supervised autonomy, modular tooling, and farmer-centric deployment in Kerala’s plantation conditions.

Probable Robotics is working with the EIR ecosystems at IIT Palakkad (IPTIF) and NIT Calicut (GENESIS), receiving mentorship and institutional support during early-stage prototyping and field validation.",Robotics Engineering,2-10 employees,Privately Held,"Koyilandy, Kerala, India",India,probablerobotics.ai,https://www.linkedin.com/company/probable-robotics-private-limited
IoTronics,,Robotics Engineering,11-50 employees,Non Profit,"Panagar Tehsil, Madhya Pradesh, India",India,,https://www.linkedin.com/company/iotronics-srist
C-- Robotics,,Robotics Engineering,2-10 employees,Non Profit,"Ponda, Goa, India",India,,https://www.linkedin.com/company/cminusminus
Crefodder Labs Pvt Ltd,"We are a team of passionate engineers and designers creating innovative solutions for the modern technological landscape.  At Crefodder Labs, we're dedicated to bridging the gap between cutting-edge technology and practical applications. We create innovative solutions that solve real-world problems and drive technological advancement.",Robotics Engineering,2-10 employees,Privately Held,"Punalur, Kerala, India",India,crefodderlabs.com,https://www.linkedin.com/company/crefodder-labs
Bengal Dynamics,"Bengal Dynamics is an Indian robotics and deep-tech startup based at West Bengal focused on developing intelligent autonomous systems for real-world applications. We specialize in robotics, embedded systems, artificial intelligence, IoT, and advanced sensing technologies to create innovative solutions for defense, disaster response, environmental monitoring, industrial inspection, and research. Our mission is to build reliable, scalable, and affordable robotic platforms that enhance safety, efficiency, and situational awareness in challenging environments.

At Bengal Dynamics, we believe the future belongs to intelligent machines that can operate where humans cannot. Our multidisciplinary team combines expertise in robotics, AI, embedded systems, computer vision, and communication technologies to design next-generation autonomous platforms. We are committed to engineering practical, mission-driven technologies while fostering innovation through research, collaboration, and continuous development.

SpectreCrawl is the flagship robotic platform being developed by HexaSentinel, the autonomous robotics team at Bengal Dynamics. It is an intelligent, terrain-adaptive land-based robot designed to assist in ground-level reconnaissance, environmental monitoring, infrastructure inspection, and disaster response. The platform combines advanced mobility, modular sensing, onboard intelligence, and secure communication to operate in challenging environments while reducing human exposure to risk. SpectreCrawl is designed with a modular architecture that allows future expansion for diverse mission requirements and research applications.

HexaSentinel is the autonomous robotics development unit of Bengal Dynamics, dedicated to designing and prototyping next-generation robotic systems. The team focuses on intelligent mobility, autonomous navigation, embedded AI, and modular robotic technologies for various applications.",Robotics Engineering,2-10 employees,Self Owned,"Howrah, West Bengal, India",India,,https://www.linkedin.com/company/bengal-dynamics
SGN RoboWorks,"SGN RoboWorks
Pioneering intelligent solutions for modern industries and sustainable living.

Specializing in advanced home automation and IoT-driven hydroponic systems, we deliver robust, end-to-end hardware solutions—from robotics and ESD protection to PLC-based automation—for both residential and industrial environments. Our R&D consultancy empowers businesses with custom, high-performance automation strategies, addressing complex challenges across manufacturing, agriculture, and smart infrastructure.

Transform your operations with expertise in:

Smart home automation

Automated hydroponics & irrigation

Industrial IoT & robotics integration

ESD-safe system design

PLC-based process automation

End-to-end R&D consultancy

SGN RoboWorks: Engineering innovation for smarter living and resilient industry.",Robotics Engineering,2-10 employees,Partnership,"Chennai, Tamil Nadu, India",India,,https://www.linkedin.com/company/sgn-roboworks
Rubbix Robotix,"At Rubbix Robotix, we design and build autonomous Service Robots that transform how businesses operate.
Our robots are built to handle real-world challenges in hospitality, healthcare, and warehouse management — delivering consistency, efficiency, and reliability around the clock.
Driven by innovation and human-centered design, we create machines that work seamlessly alongside people, adapting to dynamic environments with intelligence and precision.
Our mission is simple: to make autonomy accessible and practical, helping organizations automate everyday tasks and focus on what truly matters — people and experience.",Robotics Engineering,11-50 employees,Privately Held,"Bengaluru, Karnataka, India",India,rubbixrobotix.com,https://www.linkedin.com/company/rubbix-robotix
Ferronyx,"Ferronyx is a platform built to help teams operate robots reliably in production.

We provide observability and operational tooling for robotics systems by bringing together infrastructure metrics, ROS2 insights, and real-time task tracking into a single view.

Ferronyx helps teams understand what their robots are doing, why failures happen, and how to diagnose and fix issues safely. Our platform includes context-aware alerts, diagnostic and healing runbooks, AI-assisted debugging, secure remote SSH access, and deployment tracking to correlate changes with failures.

Ferronyx is designed for robotics teams running robots beyond the lab where reliability, uptime, and fast recovery matter.",Robotics Engineering,2-10 employees,Self Employed,"Bengaluru, Karnataka, India",India,ferronyx.com,https://www.linkedin.com/company/ferronyx-robotics
Aadyon Robotics,Aadyon robotics - Building smarter machines using Artificial intelligence and Machine Learning.,Robotics Engineering,2-10 employees,Self Employed,"Coimbatore, Tamil Nadu, India",India,aadyonrobotics.com,https://www.linkedin.com/company/aadyon-robotics
Robotics Club - VCE,"Welcome to the Robotics Club at Vasavi College of Engineering! We’re a community dedicated to exploring robotics through hands-on projects, skill-building workshops, and competitions. Join us to collaborate with like-minded peers, enhance your technical skills, and innovate in the exciting field of robotics!",Robotics Engineering,51-200 employees,Non Profit,"Hyderabad, TG, India",India,,https://www.linkedin.com/company/robotics-club-vce
Coeus Robotics,,Robotics Engineering,2-10 employees,Privately Held,"Nashik, Maharashtra, India",India,coeusrobotics.com,https://www.linkedin.com/company/coeus-robotics
HiTorq Motion Systems,"HiTorq Motion Systems is a forward-looking technology company dedicated to industrial automation, robotics, and intelligent motion innovations. As a strategic arm of Specx Technologies Pvt Ltd, we engineer the mechanical intelligence behind smart factories, autonomous systems, and next-generation production platforms.

Our mission is to empower industries with precision motion, robotic integration, and automation technologies that are agile, scalable, and future-ready.",Robotics Engineering,2-10 employees,Privately Held,"Mumbai, Maharashtra, India",India,hitorqsystems.com,https://www.linkedin.com/company/hitorq
QodeAris,,Robotics Engineering,2-10 employees,Privately Held,"Mawal, Maharashtra, India",India,qodearis.com,https://www.linkedin.com/company/qodearis
DESPU ROBO CLUB,"DESPU's- ROBO CLUB 

DESPU ROBO CLUB - Official Robotics Club of DES Pune University, is a student-led technical community focused on advancing knowledge and practical skills in robotics, automation, and emerging technologies. The club actively organizes hands-on robotics workshops, technical events, seminars, and competitions, encouraging innovation and experiential learning.
The club’s objective is to is to create a collaborative platform where students can gain hands-on experience in robotics, integrate coding skills with core electronics concepts, explore innovative ideas, build intelligent systems, and solve real-world problems. We strive to nurture technical excellence, teamwork, and industry-oriented skills, preparing students for future challenges in technology-driven fields.",Robotics Engineering,11-50 employees,Non Profit,"Pune, Maharashtra, India",India,,https://www.linkedin.com/company/despu-robo-club
SkandaVel Dynamics,"SkandaVel Dynamics is building the next generation of autonomous systems for air, land, and sea.

We engineer cyber-physical systems that integrate robotics, perception & autonomy into mission-ready platforms. From unmanned vehicles to intelligent sensing and control systems, our focus is on developing indigenous technologies that are practical and built for the real world.

Everything Autonomous Under the Sun.",Robotics Engineering,2-10 employees,Privately Held,"Pune, Maharashtra, India",India,skandaveldynamics.in,https://www.linkedin.com/company/skandavel-dynamics
Team AUV MIT-B,"The MIT-B AUV Team is a ragtag crew of engineering undergraduates at Manipal Academy of Higher Education, Bengaluru building a self-driving submersible for RoboSub 2026, powered by innovation, caffeine, and teamwork. Embracing our underdog status, we're out to show that fresh ideas and all-nighters can rival the giants of marine robotics, while gaining hands-on skills that dive way deeper than lectures.",Robotics Engineering,11-50 employees,Self Employed,"Bengaluru, Karnataka, India",India,,https://www.linkedin.com/company/team-auv-mit-b
Robotics Intelligence Centre,"A professional student club specializing in innovative research and development of Robotics, AI/ML, and IoT solutions.

Vision
To establish RIC (Robotics Intelligence Center) as a global hub for innovation,
advancing robotics, AI, and IoT while empowering future innovators to address
real-world challenges ethically and sustainably.

Mission
To foster innovation and collaboration in robotics and intelligent systems for
solving modern industrial and societal challenges.To drive progress through
research, development, and practical application of emerging technologies.",Robotics Engineering,11-50 employees,Self Employed,"Chennai, Tamil Nadu, India",India,,https://www.linkedin.com/company/ric-nec
The Robotics And Automation Club DBS Global University,"The Robotics and Automation Club at DBS Global University is more than just a student club—it is a launchpad for innovation and future technology leaders.

We are a trend-setting community of creators, engineers, and problem-solvers who believe in learning by doing. From designing autonomous robots to experimenting with AI-driven systems, we focus on project-based learning, real-world applications, and industry-inspired challenges.

Our vision is to bridge academia and innovation, making students not just job-ready, but future-ready change-makers. Through hackathons, workshops, competitions, and research-driven projects, we empower members to think boldly, build fearlessly, and innovate sustainably.

Whether you are a curious beginner or a passionate technologist, the Robotics and Automation Club at DBS Global University is the place where ideas become reality, and students become game changers of tomorrow’s tech world.",Robotics Engineering,201-500 employees,Non Profit,"Dehra Dun, Uttarakhand, India",India,,https://www.linkedin.com/company/the-robotics-and-automation-club-dbs-global-university
kaaiis,"We are a fast-growing startup on a mission to deliver cutting-edge solutions in Embedded Systems and Robotics. From concept to deployment, we provide end-to-end services tailored to diverse industries — empowering businesses to innovate, scale, and thrive.

With 30+ projects successfully delivered and a global footprint spanning Europe, USA, UK, and Australia, our expertise is trusted by clients who value both engineering excellence and business impact.

- Why Us?
1) A highly skilled and experienced team of engineers solving real-world problem statements.
2) Transparent processes and organized operations that inspire client confidence.
3) Proven track record of creating robust, future-ready systems with measurable results.

We don’t just build solutions; we build partnerships. By aligning technology with business goals, we ensure our clients stay ahead in this fast-evolving era of embedded intelligence.

- Our Promise:
To deliver innovation with precision, reliability with speed, and growth with trust.",Robotics Engineering,2-10 employees,Privately Held,"Ahmedabad, Gujarat, India",India,,https://www.linkedin.com/company/kaaiis
Jap bot,"JAP BOT is a robotics and technology solutions company specializing in robotics lab setup, educational kits, electronics components, and advanced sensors. We provide high-quality materials and customized lab solutions for schools, colleges, and industries to promote hands-on learning and innovation in robotics, automation, and IoT.
 Products & Services:

Robotics Kits & Components

Electronics Materials & Sensors

3D Printers & Drone Parts

IoT & Automation Modules

Robotics and Innovation Lab Setup

Technical Training & Workshops

Mission:

To empower the next generation of innovators through accessible, practical, and high-quality robotics education and technology solutions.",Robotics Engineering,2-10 employees,Educational,"Patiala, Punjab, India",India,japbot.in,https://www.linkedin.com/company/jap-bot
Aerial Robot Study Circle,"The Aerial Robot Study Club (ARSC) at COEP Technological University is a student-led organization dedicated to the design, development, and application of Unmanned Aerial Vehicles (UAVs) and drone engineering. 

Our mission is to provide a collaborative environment where students can apply theoretical knowledge to hands-on projects, fostering a culture of innovation and research.",Robotics Engineering,11-50 employees,Non Profit,"Pune, Maharashtra, India",India,,https://www.linkedin.com/company/aerial-robot-study-circle
Vyooma,,Robotics Engineering,2-10 employees,Partnership,"Bengaluru South, Karnataka, India",India,vyooma.in,https://www.linkedin.com/company/vyooma
Creative Buds,"*After a successful exit, Creative buds is closed now*

We are here to challenge the status quo. Creative Buds is a Technology firm focusing mainly on Research and Development of innovative and impactful solutions for society

About Creative Buds Research & Development

""Balasya Mulam Vigyanam""—the source of strength is science.
Here, at creative buds, our focus is mainly on driving the technology forward with science and intensive Research and Development to ensure the highest level of quality at par with industry standards.
Our vision is to ensure state-of-the-art technology is delivered to our clients completely personalized to their needs, and we can achieve this with the help of our R&D team that value the personal touch and are driven in our client approach. Their ambitions become our ambitions. And it is that same personal way in which our engineers interact amongst each other. 

About Consulting:

We provide consulting in the field of electronics and have a group of highly experienced people in the field with more than 20 Years of experience in the industry. We have a proven track record for exceeding customer expectations and delivering value through the delivery of engineering solutions and products.
Our diverse teams of experts combine innovative thinking and breakthrough use of technologies to progress further, faster. We, together with our clients adapt to industry standards and transform to achieve enduring and groundbreaking results.

Combining the capabilities and experience of our Team and the flexibility of a small company, creative buds can easily adapt and respond to our customers' requirements.
Thanks to the experience acquired in different areas, creative buds is the best partner for hardware solutions, designed on specific customer requirements reducing the time-to-market on embedded systems.
Creative Buds is a privately owned firm headquartered in Bangalore, India.",Robotics Engineering,11-50 employees,Partnership,"Bengaluru, Karnataka, India",India,,https://www.linkedin.com/company/creativebuds
ASUNAMA,We design and develop a quadcopters with autonomous mission,Robotics Engineering,11-50 employees,Public Company,"Pallavaram, Tamil Nadu, India",India,,https://www.linkedin.com/company/asunama
Kerael Robotics Kompany,"Kerael Robotics Kompany is a next-generation robotics company building intelligent, autonomous machines for real-world, high-complexity environments. We design and develop robots, drones, rovers, actuators, and AI-driven systems where mechanical performance, control intelligence, and cognition are tightly integrated.",Robotics Engineering,2-10 employees,Privately Held,"Bengaluru, Karnataka, India",India,keraelroboticskompany.com,https://www.linkedin.com/company/kerael-robotics-kompany
HEXOROBOTICS,"Founded in 2025, HEXOROBOTICS is a cutting-edge robot system integrator based in Bengaluru, India. We specialize in delivering end-to-end automation solutions that enhance productivity, safety, and efficiency across industrial environments.

By combining advanced technologies with deep industry expertise, we design and develop intelligent robotic systems tailored to meet evolving manufacturing needs. Our approach focuses on creating smart, reliable, and scalable automation solutions that drive operational excellence.

Our core strength lies in integrating advanced robotic systems customized for client-specific applications across diverse industries. From concept and design to installation and commissioning, we provide complete automation solutions that ensure seamless performance and long-term value.",Robotics Engineering,2-10 employees,Self Owned,"Bengaluru, Karnataka, India",India,hexorobotics.com,https://www.linkedin.com/company/hexorobotics
SUN AI ML & Robotics Club,"We’re a community of curious minds, builders, and dreamers exploring the world of **Artificial Intelligence, Machine Learning, and Robotics**.

Our goal is simple: **learn, create, and innovate together**.
From hands-on workshops and hackathons to real-world projects and inspiring talks from industry leaders, we create opportunities for our members to grow not just as techies, but as problem-solvers ready to make an impact.

Here, you’ll find people who:

* Love turning ideas into real innovations.
* Believe in learning by doing, not just reading.
* Support each other, share knowledge, and build together.

Whether you’re coding your first AI model, building your first robot, or simply curious about how these technologies work, you’ll find a place here.

This isn’t just a club it’s a launchpad for **skills, creativity, and connections** that can shape your future.",Robotics Engineering,2-10 employees,Public Company,"Nashik, Maharashtra, India",India,,https://www.linkedin.com/company/sun-ai-ml-robotics-club
Canopuz Robotics and Automation Solutions,"Founded recently in 2022 with a vision to provide preferred solution provider for our clients' by leveraging our superior engineering skills to increase their competitive advantages. With a mission to offer manufacturing firms complete industrial automation solutions so they can become smart, automated, and digital, Canopuz Robotics and Automation Solutions have around 18-20 employees smartly working to focus on modern Engineering with Ingenuity, Unleashing Innovation to the world.",Robotics Engineering,11-50 employees,Privately Held,"Tumakuru, Karnataka, India",India,canopuzrobotics.com,https://www.linkedin.com/company/canopuz-robotics-and-automation-solutions
Stepz Robotics,"Stepz Robotics is a division of Stepz Innovation based in Muvattupuzha, Kochi, and is committed to promoting robotics innovation and education. For students and enthusiasts, Stepz Robotics provides science fair project support, vacation programs, and interactive vacation courses in robotics. Through interactive learning, participants get hands-on experience with robotics, coding, electronics, and automation. Stepz Robotics prepares students for the technological future by emphasizing the development of technical proficiency, creativity, and problem-solving abilities.",Robotics Engineering,2-10 employees,Self Owned,"Muvattupuzha, Kerala, India",India,stepzinnovation.com,https://www.linkedin.com/company/stepz-robotics
AEROBOTIX CLUB,"AeroBotiX is the official Robotics and Drone Club run by the Department of Mechatronics Engineering, SVPM’s College of Engineering. The club provides a practical platform for students who want to work on robotics, UAVs, automation, and intelligent systems through real, hands-on engineering activities.
Our focus is on building and testing systems, conducting technical workshops, hosting competitions, and encouraging research-focused learning. Students get the chance to apply concepts beyond the classroom, collaborate on projects, and develop strong problem-solving and technical skills.
The purpose of the club is straightforward: help students learn by doing, take responsibility for projects, and prepare themselves for careers in robotics, automation, and modern engineering fields.",Robotics Engineering,11-50 employees,Self Employed,"Baramati, Maharashtra, India",India,,https://www.linkedin.com/company/aerobotix-club
AkashVahini Private Limited,"AkashVahini Private Limited is a drone and robotics-driven technology startup building intelligent aerial solutions for inspection, surveillance, rescue, and industrial monitoring.
We combine unmanned aerial systems (UAS), robotics engineering, and AI-powered data analytics to deliver real-world, field-ready solutions for government agencies, infrastructure operators, and industrial environments.
Operating on a Drone-as-a-Service (DaaS) and Software-as-a-Service (SaaS) model, AkashVahini focuses on safety-first operations, rapid deployment, and actionable insights rather than just hardware delivery.
The company is incubated at Foundation for Technology and Business Incubation (FTBI), NIT Rourkela, under the MeitY GENESIS – Entrepreneur-in-Residence (EIR 2.0) program, supported by the Ministry of Electronics & Information Technology (MeitY), Government of India.
Our mission is to build scalable aerial intelligence systems that support smarter decision-making in complex and high-risk environments.",Robotics Engineering,2-10 employees,Privately Held,"Rourkela, Oregon, India",India,akashvahini.com,https://www.linkedin.com/company/akashvahini-private-limited
Euphostraaa Systems,"Euphostraaa Systems is a robotics and aerial technologies company driven by the joy of building powerful machines.
We design, develop, and engineer high-performance UAVs, drone components, embedded systems, and custom robotics solutions for education, R&D, and industry.

With hands-on expertise in:

Drone design, development & testing
Embedded C, microcontrollers & flight controllers
Robotics education, workshops & edutech initiatives

We also conduct high-impact learning programs for schools, colleges, and communities to inspire young innovators through practical robotics and drone education.

Our Mission:
To empower the next generation of builders by creating world-class machines and world-class learning experiences.

Our Vision:
To become India’s most trusted name in robotics and aerial technology innovation.",Robotics Engineering,2-10 employees,Privately Held,"Hyderabad, TG, India",India,euphostraaasystems.com,https://www.linkedin.com/company/euphostraaa-systems
ROBO STUDIO,"Welcome to Robo Studio an ISO 9001:2015 Certified company, your go-to destination for cutting-edge educational electronics products! As a proud member of the Startup India community, we are thrilled to be at the forefront of innovation, bringing you a unique blend of technology and education.
At Robo Studio, we believe in the transformative power of learning and the impact it has on young minds. Our carefully curated selection of educational electronics products is designed to inspire creativity, curiosity, and a love for STEM (Science, Technology, Engineering, and Mathematics).
Customer satisfaction is at the heart of what we do. We are committed to providing you with the best quality products at affordable prices. Our mission is to make education not only informative but also accessible to all, ensuring that learning is a joyous and fulfilling experience.
From DIY robotics kits to interactive coding tools, we offer a range of products that cater to learners of all ages and skill levels. Navigating our website is a breeze, and you can trust in secure transactions and swift deliveries.",Robotics Engineering,2-10 employees,Self Owned,"Nagpur, Maharashtra, India",India,roboplus.in,https://www.linkedin.com/company/robo_studio
SPRW.in,"An R&D firm from India specializing in Robotics, Vision Tech, Edge AI, ML, IoT, Robot & product prototyping, and Software Dashboards for Robotic Systems.",Robotics Engineering,2-10 employees,Privately Held,"Bengaluru, Karnataka, India",India,sprw.in,https://www.linkedin.com/company/sprw
Quantessa Robotics,"Our breakthrough solutions deliver faster, smarter, and more reliable deliveries - from critical medical supplies to commercial goods. We're making autonomous logistics accessible at scale, regardless of terrain or weather challenges.",Robotics Engineering,11-50 employees,Partnership,"Bengaluru, Karnataka, India",India,quantessa.in,https://www.linkedin.com/company/quantessa-robotics
TRINETRA AI LAB,"Welcome to TRINETRA ROBOTICS 

At TRINETRA ROBOTICS, we are pioneering the future of intelligent automation by building advanced robotics and AI-driven systems designed to transform industries. Our focus lies in developing scalable, high-performance solutions that enhance efficiency, precision, and adaptability across real-world applications.

From autonomous systems to smart industrial robotics, we leverage cutting-edge technologies in artificial intelligence, machine learning, and embedded systems to solve complex challenges and unlock new possibilities.

We are committed to driving innovation, fostering strategic partnerships, and creating impactful solutions that shape the next generation of intelligent infrastructure.

Connect with us to explore career opportunities, collaborations, and advancements in robotics and AI. Let’s build the future of automation together.

#TEINETRARobotics #RoboticsInnovation #AI #Automation #IndustrialAI #FutureTech #DeepTech #EngineeringExcellence",Robotics Engineering,11-50 employees,Privately Held,"Chittoor, Andhra Pradesh, India",India,,https://www.linkedin.com/company/trinetrarobotics
QUANTIS AI LABS,"Quantis AI Labs is building the intelligence infrastructure for autonomous systems — beginning where conditions are least forgiving: at sea.

Unmanned platforms are being procured at scale. Budgets are committed. Hulls are being launched. The constraint is no longer the vessel — it is the intelligence that makes the vessel operationally viable. Autonomy today is fragmented across point solutions, brittle outside controlled conditions, incapable of coordinating at fleet scale, and blind to its own operational data. Quantis AI Labs exists to close that gap.

We do not build vessels. We build the intelligence layer that makes vessels operationally autonomous.

The stack:

Mission Compute — proprietary deterministic mission compute: low-SWaP, modular and stackable from nano-UAV to large USV and AUV.

Perception & Navigation — sensor fusion and navigation intelligence engineered for degraded sensors, dynamic weather, and high-traffic waterways.

Mission Autonomy — mission-level decision software built for meaningful independence from human supervision. Autonomous, not remote-controlled.

Fleet Intelligence — a cloud-based coordination layer for distributed multi-vessel operations, with every mission feeding a continuous learning loop.

The same stack extends beyond the maritime domain — to robotics, advanced manufacturing, and critical infrastructure. The sea is where it is validated first.

One platform family. Every class of unmanned system. Built to learn.",Robotics Engineering,2-10 employees,Privately Held,"Gurugram, Haryana, India",India,quantis-labs.com,https://www.linkedin.com/company/quantislabs
Hyaku Innovative Technologies Pvt. Ltd.,,Robotics Engineering,2-10 employees,Privately Held,"Jaipur, Rajasthan, India",India,techhyaku.com,https://www.linkedin.com/company/hyaku-innovative-technologies-pvt-ltd
DANKYS BOTS,"At DANKYS BOTS, we believe that everyone deserves comfort and convenience in their daily lives. That's why we design and develop BOTS that make life easier and more relaxing.",Robotics Engineering,2-10 employees,Privately Held,"Gurugram, Haryana, India",India,,https://www.linkedin.com/company/dankys-bots
Krisi Vahana Pvt. Ltd,"Krisi Vahana Pvt Ltd is an agricultural robotics company driven by deep curiosity about how real farms work and why most machines fail in them. We build robots for Indian field conditions, not for lab demonstrations.

Our work focuses on autonomous, selective crop harvesting, beginning with tomatoes. Indian farms are small, dense, irregular, and labour-constrained. Instead of forcing foreign designs onto these realities, we engineer from the ground up rethinking mobility, perception, manipulation, and endurance at the field level.

We believe robotics should amplify human capability, not replace it. Our vision is simple and demanding: one trained operator, one robot, one acre per day delivering consistent output that matches or exceeds multiple manual harvesters, without damaging plants or exhausting people.

At Krisi Vahana, curiosity is not a slogan; it is our operating system. We iterate in fields, fail fast, rebuild, and return stronger until the machine earns its place on the farm.

Krisi Vahana is built by two people who refuse to stay in their lanes. Gopal, a mechanical engineer, obsesses over building machines that survive real farm conditions. Radhesh comes from advertising and marketing, obsessed with taking those machines to farmers, markets, and scale. Together, engineering meets execution.",Robotics Engineering,2-10 employees,Privately Held,"Mangalagiri, Andhra Pradesh, India",India,,https://www.linkedin.com/company/krisi-vahana
IntelliFly Robotics (OPC) PVT LTD,"This is a drone manufacturing startup with the aim to develop innovative, intelligent, and connected drone systems and services that are reliable, robust, cost-effective, and easy to operate, with a focus on safety and compliance with relevant regulations towards addressing challenges in a variety of industries, such as agriculture, construction, environmental monitoring, emergency response, delivery services, and more. Our mission includes driving technological advancement and innovation in the drone
industry through research and development, as well as contributing to the creation of new job opportunities and economic growth while fulfilling the specific requirements of its customers and stakeholders, especially for the Indian market. We are dedicated to creating cutting-edge drones that are easy to use and meet the needs of a wide range of customer requirements.",Robotics Engineering,2-10 employees,Self Owned,"New Delhi, Delhi, India",India,ifrobotics.tech,https://www.linkedin.com/company/intellifly-robotics-opc-pvt-ltd
ROFIES - IIITP,The Robotics Club of IIIT Pune,Robotics Engineering,11-50 employees,Non Profit,"Pune, Maharashtra, India",India,iiitp.ac.in,https://www.linkedin.com/company/rofies-iiitp
DK ROBOTICS,"The project of this channel is easy to prepare at home with limited resources without cost.
This will also enhance your knowledge of the basics of science and essential social projects like smart cities that will help in developing local ,global and social comprehension",Robotics Engineering,2-10 employees,Self Owned,"Udaipur, Rajasthan, India",India,dkrobotics.org,https://www.linkedin.com/company/dk-robotics
Living Pixel Labs,"Living Pixel Labs Pvt. Ltd. is an Indian hard-tech company focused on building emotionally intelligent systems for homes, families, and human lives.

We believe the next era of artificial intelligence won’t just be about automation, it will be about understanding. Our mission is to engineer AI that can perceive, interpret, and respond with empathy, not just logic.

By combining deep tech with emotional intelligence, we are redefining how AI interacts with people. From health and wellness to safety and everyday assistance, we are designing systems that prioritize human emotion, privacy, and real-world impact.

We operate on a subscription-based model to ensure continuous innovation, personalized support, and long-term value for our users. Our technology is engineered to grow with people, not replace them.

Privately held and founder-led, we’re shaping the future of human-AI connection with purpose, integrity, and precision.",Robotics Engineering,2-10 employees,Privately Held,"Hingna, Maharashtra, India",India,thelivingpixel.in,https://www.linkedin.com/company/livingpixellabs
FlyRobo Technologies,"FlyRobo is your one-stop destination for Electronics, Mechanical, DIY, Hobby, RC & Engineering products.

We at FlyRobo, realized the hardships faced by people who had limited access to a variety of products at the right prices with sparse information on how to use them and had no other option than to pay exorbitant prices to import them in the country and thus Flyrobo.in was founded with a vision to eliminate this problem and empower the community by making them available an extensive variety of quality products at the best possible prices.",Robotics Engineering,2-10 employees,Self Owned,"Ahmedabad, Gujarat, India",India,flyrobo.in,https://www.linkedin.com/company/flyrobo
Team Astranova,"Team AstraNova | KKWIEER, Nashik
A multidisciplinary robotics team building advanced bots for Micromouse, Sumo, Line Follower, and AI challenges.
We unite engineering minds across ENTC, Electrical, Mechanical & CSD to innovate, compete, and lead in robotics.
Rise Wired. Rule the Stars.",Robotics Engineering,11-50 employees,Educational,"Nashik, Maharashtra, India",India,,https://www.linkedin.com/company/team-astranova
INSPAXIS ROBOTICS,,Robotics Engineering,2-10 employees,Partnership,"Nilambur, Kerala, India",India,inspaxisrobotics.com,https://www.linkedin.com/company/inspaxis-robotics
Vritam Labs.,"Vritam Labs is a technology and R&D startup specializing in robotics, AI, automation, and advanced engineering solutions.
We create and design: 
Intelligent automation and robotics systems,
Digital transformation and AI-driven solutions,
3D development mechanical design, and prototyping 
Drone production and aerial platforms with AI integration",Robotics Engineering,2-10 employees,Non Profit,"Gwalior, Madhya Pradesh, India",India,,https://www.linkedin.com/company/vritamlabs
Team Cybrotics,"Who we are?
   We are a group of students pursuing graduation at Government College of Engineering, Aurangabad (GECA), Trying our level best to excel in the field of Robotics. 

* Objectives
   - Learn various aspects of robotics
   - Implement these aspects to build robots
   - Share the knowledge with Robotics Enthusiasts

* To fulfill all these objectives- 

We look to feature on a recognized platform-The ABU Asia-Pacific Robot Contest (ABU Robocon).
This is an Asian Oceanian College robot competition, founded in 2002 by Asia-Pacific Broadcasting Union. The contest aims to create friendship among young people with similar interests who will lead their countries in the 21st century, as well as help advance engineering and broadcasting technologies in the region. The event is broadcast in 18 countries through ABU member broadcasters.

* History and Achievements
The team was first featured in National Robocon 2010 and till now, we have won the following awards:
1) Best Rookie Award - National ROBOCON 2010
2) Best Innovative Design Award - National ROBOCON 2016
3) First Runner-up Award MathWorks Modelling Competition - National ROBOCON 2018
4)Winner of MathWorks Modelling Competition - National ROBOCON 2019",Robotics Engineering,11-50 employees,Self Employed,"Chhatrapati Sambhajinagar, Maharashtra, India",India,geca.ac.in,https://www.linkedin.com/company/teamcybrotics
Vrobots,"Welcome to Vrobots, your premier destination for cutting-edge robotics solutions and e-commerce opportunities. As an innovative e-commerce platform specializing in robotics, we offer a dynamic marketplace where companies can showcase their products and services to a global audience. By partnering with us, businesses gain access to a lucrative business ecosystem, enabling them to secure the best deals, reach new customers, and promote their solutions across various industries requiring automation solutions.

At Vrobots, we go beyond traditional e-commerce by providing a comprehensive Edutech platform, empowering individuals to enhance their robotics skills through immersive courses, training programs, and certifications. Whether you're a seasoned professional or a budding enthusiast, our platform equips you with the latest technologies and knowledge to excel as a robotics and automation engineer in today's competitive market.

In addition to our robust e-commerce and educational offerings, Vrobots serves as a collaborative hub where companies can share and develop innovative solutions. Our platform facilitates international collaboration, allowing businesses to access a diverse pool of expertise and resources from around the world. With a wide range of features and capabilities, Vrobots is your one-stop destination for all things robotics, empowering you to innovate, learn, and thrive in the ever-evolving field of automation.",Robotics Engineering,11-50 employees,Privately Held,"New Delhi, Delhi, India",India,vrobots.in,https://www.linkedin.com/company/vrozart-ecommerce
Roboparadigm,"RoboParadigm aims to design, build, and deploy intelligent robotic systems that can autonomously perform scientific experiments, data acquisition, and decision-making in drug discovery and materials science laboratories — bridging AI models with real-world experimentation.

We envision a world where repetitive, precision-based laboratory tasks are handled by robotic systems—improving accuracy, reproducibility, and operational efficiency while enabling scientists to focus on higher-priority research.

Our long-term mission is to build India’s capability to develop fully indigenous robotic systems, including a humanoid platform engineered from the ground up.",Robotics Engineering,2-10 employees,Privately Held,"Uppal, Telangana, India",India,,https://www.linkedin.com/company/roboparadigm
RIVERWAVE,Newly formed Team,Robotics Engineering,11-50 employees,Self Employed,"Nagpur, Maharashtra, India",India,,https://www.linkedin.com/company/riverwave-tech-research
PSG Robotics,,Robotics Engineering,2-10 employees,Partnership,"New Delhi, Delhi, India",India,psgrobotics.com,https://www.linkedin.com/company/psg-robotics
Senior Quality Engineer Kutre,"A Senior Quality Engineer is a dedicated professional responsible for overseeing and enhancing the quality management processes within an organization. This role is pivotal in ensuring that products, services, and processes meet and exceed established quality standards, ultimately contributing to customer satisfaction and organizational success.",Robotics Engineering,2-10 employees,Self Employed,"Belagavi, Karnataka, India",India,,https://www.linkedin.com/company/senior-quality-engineer-kutre
InnovVortex,"InnovVortex 

InnovVortex stands at the intersection of innovation and technology, embodying the vision of bringing all groundbreaking ideas into a unified vortex of possibilities. As a budding company, we are dedicated to designing and developing state-of-the-art robots that cater to a wide spectrum of industries and individuals. From revolutionizing defence operations to simplifying everyday domestic tasks, we strive to deliver cutting-edge solutions that are secure, robust, and tailored to address real-world challenges.

Our Mission
At InnovVortex, our mission is clear:  to create a future powered by robots that serve everyone. With the core belief that robotics can significantly enhance society, we are committed to making advanced robotics accessible across various sectors. Our mantra, ""Robotics for All,"" reflects our dedication to inclusivity, efficiency, and societal progress.

What We Offer
Our expertise spans multiple domains, including:
1.	Defence Robots,
2.	Service Robots,
3.	Domestic Robots,
4.	Industrial Robots. And more.

Our Vision
InnovVortex envisions a world where robotics seamlessly integrates into daily life, empowering individuals and organizations to achieve more with less effort. Through sustainable and intelligent robotics, we aim to create solutions that are not only technologically advanced but also socially responsible.

Our Values
1.	Innovation, 
2.	Efficiency,
3.	Security,
4.	Social Impact,
5.	Sustainable.

""At InnovVortex, we don't just build robots—we create a future where innovation meets purpose, transforming challenges into opportunities for all.""",Robotics Engineering,2-10 employees,Privately Held,"Balapur, TG, India",India,innovvortex.com,https://www.linkedin.com/company/innovvortex
Grafen Innovations,Grafen Innovations design and manufacture intelligent industrial automation systems for solar plant operations that optimize energy output through data-driven maintenance and water-efficient cleaning.,Robotics Engineering,2-10 employees,Partnership,"Chavakkad, Kerala, India",India,grafeninnovations.com,https://www.linkedin.com/company/grafeninnovations
AuMi Robotics and Mobility Solutions,"AuMi Robotics and Mobility Solutions develops advanced technologies for electric mobility and industrial automation. Our engineering expertise spans embedded systems, power electronics, and automotive control systems. We specialize in the design and development of EV control units including inverters, battery management systems, DC‐DC converters, and intelligent automation platforms.

With deep expertise in embedded software development across multiple microcontroller architectures, automotive communication protocols (CAN, Ethernet, I2C, SPI), power electronics, and system-level automotive engineering, AuMi delivers reliable, scalable, and future-ready solutions for modern mobility and industrial applications. Our capabilities also include AUTOSAR-based software development, enabling robust and standardized automotive systems.",Robotics Engineering,2-10 employees,Self Owned,"Coimbatore, Tamil Nadu, India",India,aumitechnologies.com,https://www.linkedin.com/company/aumi-robotics
IEEE ACROM RAS,IEEE ACROM RAS encourages exploration. We aim to increase the quality and number of Robotics Enthusiasts by helping the growth of the community.,Robotics Engineering,11-50 employees,Non Profit,"Bengaluru, Karnataka, India",India,,https://www.linkedin.com/company/ieee-acrom-ras
RoboticsClub@NIE,,Robotics Engineering,11-50 employees,Self Employed,"Mysore, Karnataka, India",India,roboticsclubnie.in,https://www.linkedin.com/company/roboticsclub-nie
Exobonic,"Exobonics is a pioneering robotics company committed to developing innovative assistive technologies that create real social impact. From automation tools to rehabilitation aids, we transform everyday challenges into opportunities for progress and inclusion.",Robotics Engineering,2-10 employees,Privately Held,"Kochi, Kerala, India",India,exobonic.com,https://www.linkedin.com/company/exobonic
MARITEAM NAVAL SYSTEMS,"MARITEAM is a deep-tech maritime systems company developing intelligent, autonomous uncrewed surface and underwater platforms for defence and critical maritime operations. 

We design and develop next-generation autonomous systems combining AI, advanced robotics, and mission-grade marine engineering. Our focus is on delivering scalable, high-reliability solutions for maritime surveillance, security, and operational superiority across global naval and commercial domains.",Robotics Engineering,11-50 employees,Privately Held,"Delhi Ncr, National Capital Region, India",India,mariteam.group,https://www.linkedin.com/company/mariteam-group
MULTIAXIA,"MULTIAXIA is a leading technology company that energizes the transformation of society and industry to achieve a more productive, sustainable future. By connecting software to electrification, robotics, automation, and motion portfolio, MULTIAXIA pushes the boundaries of technology to drive performance to new levels. With a history of excellence stretching back more than years, MULTIAXIA success is driven by about 25 talented employees.",Robotics Engineering,11-50 employees,Self Owned,"Tambaram, Tamil Nadu, India",India,multiaxia.com,https://www.linkedin.com/company/multiaxia
Tech For Need Dypiu,"Tech for Need | Dypiu’s Robotics & Technology Club 

At Tech for Need, we’re all about pushing the limits of innovation! We empower students with hands-on experience in robotics, AI, and embedded systems, offering a platform to solve real-world challenges and compete on national stages.  From impactful projects to expert mentorship, we’re here to inspire and develop tomorrow’s tech leaders. Join us as we turn bold ideas into reality and shape the future of technology!",Robotics Engineering,11-50 employees,Self Employed,"Pune, Maharashtra, India",India,,https://www.linkedin.com/company/tech-for-need-dypiu
UDoBots,"UDoBots is a technology startup focused on robotics, drones, and AI-powered automation solutions. We aim to build innovative products that solve real-world challenges for industries and businesses.

Our mission is to develop intelligent robotic systems and automation technologies that improve efficiency, safety, and productivity.

Based in India, UDoBots is committed to advancing robotics innovation and supporting the growth of modern technology solutions.",Robotics Engineering,11-50 employees,Privately Held,"Chennai, Tamil Nadu, India",India,udobots.com,https://www.linkedin.com/company/udobots
Navricon (India) Private Limited,"Navricon (India) Private Limited is a technology-driven company focused on Robotics, AI, and Automation solutions. We specialize in building intelligent systems that enhance productivity, efficiency, and decision-making for businesses.

Our mission is to create innovative, scalable, and future-ready solutions that bridge the gap between human intelligence and machine capabilities.

We work on cutting-edge technologies including robotics engineering, AI systems, automation platforms, and smart solutions tailored for modern industries.",Robotics Engineering,11-50 employees,Privately Held,"Chennai, Tamil Nadu, India",India,,https://www.linkedin.com/company/navricon-india-private-limited
Robo Maths Lab,"Robo Maths Lab is an educational initiative focused on making robotics more understandable by breaking down the mathematics and engineering that power modern robots. It simplifies complex topics like dynamics, control systems, actuator design, and optimization into clear, practical insights.

The lab creates content, primarily videos and explanations, that bridge theory and real-world robotics, helping students, researchers, and enthusiasts build strong fundamentals while seeing how concepts apply to systems like quadrupeds, humanoids, and other advanced robots.",Robotics Engineering,2-10 employees,Privately Held,"Bengaluru, Karnataka, India",India,,https://www.linkedin.com/company/robomathslab
Team Sophos,"We are an Autonomous Robotics Team at VIT Vellore, focused on building search-and-rescue robots to aid with different natural disasters. We aim to participate in several prestigious competitions such as the Robocup Rescue League and the ISRO Robotics Challenge. Follow and join us on this exciting venture!",Robotics Engineering,11-50 employees,Non Profit,"Vellore, Tamil Nadu, India",India,,https://www.linkedin.com/company/team-sophos
Autonomous Systems Lab,,Robotics Engineering,2-10 employees,Non Profit,"Chennai, Tamil Nadu, India",India,github.io,https://www.linkedin.com/company/autonomous-systems-lab
Society for Professional Automation & Robotics Consortium,Welcome to the World of Robotics,Robotics Engineering,"501-1,000 employees",Educational,"Guntur, Andhra Pradesh, India",India,sparcvignan.ac.in,https://www.linkedin.com/company/sparc-vignan
QUADRATECH INNOVATIONS AND TECHNOLOGIES PVT LTD,"Welcome to Quadratech, where technology and creativity converge to drive innovation! We are a dynamic robotics and product development company dedicated to transforming ideas into tangible solutions for a diverse range of industries.

At Quadratech, we thrive on pushing boundaries and turning visionary concepts into reality. Our multidisciplinary team of engineers, designers, and technologists collaborates closely to design, develop, and manufacture cutting-edge robotic systems and innovative products.

With expertise in robotics, automation, and product design, we specialize in delivering customized solutions that address complex challenges. From industrial automation and intelligent manufacturing to consumer electronics and IoT devices, we empower businesses to enhance productivity, efficiency, and competitiveness in a rapidly evolving world.

Driven by a passion for innovation, we combine advanced technologies like artificial intelligence, machine learning, and computer vision with intuitive design principles to create intelligent and user-centric products. Whether it's developing robotic arms with precise motion control, designing intuitive human-machine interfaces, or prototyping groundbreaking inventions, we excel at bringing ideas to life.

As a forward-thinking company, we are committed to continuous research and development, keeping pace with the latest advancements in the industry. We embrace a collaborative approach, working closely with our clients to understand their unique needs and co-create solutions that exceed expectations.

Join us on our journey to revolutionize industries through robotics and product development. Explore opportunities to collaborate, innovate, and contribute to game-changing projects. Let's unlock the potential of technology together and make a lasting impact on the world.

Connect with us on LinkedIn and visit our website at www.quadratech.in to learn more about our transformative solutions.",Robotics Engineering,11-50 employees,Privately Held,"Kottayam, Kerala, India",India,quadratech.in,https://www.linkedin.com/company/quadratechinnovations
IEEE Robotics & Automation Society RSCOE,"Welcome to the official page of the IEEE Robotics & Automation Society, Student Chapter at JSPM Rajarshi Shahu College of Engineering. This page serves as a platform for students and professionals to stay updated on the latest events, workshops, and seminars in the fields of robotics and automation. Through this page, we aim to foster a collaborative learning environment, share valuable resources, and provide a medium for communication about upcoming events and opportunities within the IEEE RAS community. Stay tuned for exciting updates and opportunities to grow your skills!",Robotics Engineering,11-50 employees,Non Profit,"Pimpri Chinchwad, Maharashtra, India",India,,https://www.linkedin.com/company/ieee-ras-sbc-rscoe
Xenon Robotics,Xenon Robotics is a dynamic tech company focused on developing innovative robotic products and providing service-based automation solutions. We specialize in building intelligent machines and offering custom technology services to solve real-world problems across industries.,Robotics Engineering,2-10 employees,Partnership,"Kanayannur, Kerala, India",India,xenonrobotics.in,https://www.linkedin.com/company/xenonrobotics
ANANTRIT,,Robotics Engineering,2-10 employees,Self Employed,"Pilani, Rajasthan, India",India,,https://www.linkedin.com/company/anantrit
ROBOTICS CLUB PTU,"The Robotics Club of PTU is a student-led community dedicated to innovation, collaboration, and hands-on learning in robotics and emerging technologies. Driven by passionate students, the club brings together individuals from diverse engineering backgrounds to explore areas such as embedded systems, automation, AI, and IoT.

Through workshops, technical events, and real-world projects, we create a platform for students to learn, build, and grow beyond the classroom. From beginners to advanced enthusiasts, the club fosters creativity, teamwork, and problem-solving skills.

At PTU Robotics Club, students don’t just learn technology—they lead, innovate, and build the future.",Robotics Engineering,51-200 employees,Educational,"Puducherry, Puducherry, India",India,ptuniv.edu.in,https://www.linkedin.com/company/robotics-club-ptuniv
Team Mechanics,"Insta:- teammechanic_

Team Mechanics is a passionate collective of young engineers, creators, and innovators dedicated to designing and building cutting-edge robotic systems and tech solutions. We specialize in electronics, mechanical design, embedded programming, and system integration, blending creativity with technical precision to bring ideas to life.

Our Mission
To empower students and young engineers with practical knowledge, collaborative experiences, and a spirit of innovation that fuels the future of technology.

Highlights
 Participated in national-level robotics competitions
 Built over 20+ functional robotic prototypes
 Conducted workshops to mentor 100+ students
 Promoting DIY culture and sustainable tech development

Let’s Connect
We’re always open to collaborations, mentorships, and new opportunities to learn and grow in the world of tech and engineering.",Robotics Engineering,2-10 employees,Public Company,"New Delhi, Delhi, India",India,,https://www.linkedin.com/company/team-mechanics
Agilmax Robotics,"Agilmax is a modular adaptive exchanging technology that extends the capabilities of mobile robots through on-demand reconfiguration. MAX is a tool changer interface that also functions as a logistical lifting module, defining a flexible role in material flow and enabling rapid deployment of new capabilities with minimal integration effort.

If you are interested in joining us or you’re exploring entrepreneurship in robotics, feel free to contact us.",Robotics Engineering,Self-employed,Privately Held,"Chhuriya, Connecticut, India",India,agilmax.com,https://www.linkedin.com/company/agilmax-robotics
Medha Robotics Pvt Ltd,"Medha Robotics is a technology-driven enterprise dedicated to advancing intelligent automation through next-generation robotics. Founded with a vision to transform human–machine collaboration, the company operates at the intersection of humanoid robotics, underwater exploration systems, and industrial automation. Medha’s mission is to push the frontiers of robotics innovation to enhance productivity, safety, and sustainability across industries.",Robotics Engineering,11-50 employees,Privately Held,"Hyderabad, TG, India",India,medharobotics.com,https://www.linkedin.com/company/medha-robotics-pvt-ltd
YuvaYantra Technology Private Limited,"We design and deliver educational robotics kits, end-to-end robotics lab setups, and custom robotics solutions for schools, colleges, and training institutions. Our focus is on hands-on, application-driven learning that bridges the gap between academic theory and real-world engineering.

Our offerings cover curriculum-aligned kits, complete lab infrastructure, installation and commissioning, and tailored robotics solutions based on institutional or industry requirements. We work closely with educators and organizations to ensure practical relevance, scalability, and measurable skill outcomes.

Core offerings:
	•	Educational robotics & STEM kits
	•	Robotics and automation lab setup
	•	Custom robotics and IoT solutions
	•	Technical training and implementation support

Focus areas: Robotics, Automation, IoT, STEM education, skill development",Robotics Engineering,2-10 employees,Privately Held,"New Delhi, Delhi, India",India,,https://www.linkedin.com/company/yuvayantra
Spatio Data Labs,"At Spatio Data Labs, we believe that for robots to truly coexist with humans, they must first understand the complexity of our homes. We are a specialized data collection firm dedicated to bridging the gap between robotic hardware and real-world domestic environments.

We provide high-fidelity, diverse, and ethically sourced datasets designed to train the next generation of household service robots. From navigation in cluttered environments to complex human-robot interaction (HRI), our data empowers AI to see, learn, and act with precision.

By capturing the nuances of everyday life, we help robotics companies move from the lab to the living room faster.

What we offer:

High-resolution spatial and visual datasets of domestic environments.

Annotated interaction data for object manipulation.

Diverse edge-case scenarios for robust model training.

Scalable, custom data collection tailored to specific hardware needs.",Robotics Engineering,2-10 employees,Self Owned,"Mohali, Punjab, Punjab, India",India,spatiodatalabs.com,https://www.linkedin.com/company/spatio-data-labs
Roobix Semicon Pvt. Ltd.,"Roobix Semicon Pvt. Ltd. enables mission-critical electronics for defence and autonomous platforms by bridging global deep-tech innovation with India’s deployment ecosystem.

Roobix Semicon provides deep engineering understanding, system-level integration, regulatory and compliance support, and on-ground execution, ensuring global technologies are successfully deployed within Indian operational, environmental, and regulatory frameworks.

Enabling proven global technologies to be realized, deployed, and supported in India.",Robotics Engineering,2-10 employees,Privately Held,"Pimpri Chinchwad, Maharashtra, India",India,roobixsemicon.com,https://www.linkedin.com/company/roobix-semicon-pvt-ltd
Lichi Robotics,"EtherCAT Master Software
Complete PLC Replacement Solutions
Custom Automation Solutions
Multi-Axis Robotics & Factory Automation Turnkey Solutions",Robotics Engineering,2-10 employees,Partnership,"Bengaluru, Karnataka, India",India,lichirobotics.com,https://www.linkedin.com/company/lichirobotics
orbitstone labs,,Robotics Engineering,2-10 employees,Self Employed,"Pune, Maharashtra, India",India,orbitstone.in,https://www.linkedin.com/company/orbitstone
Roso,"Welcome to Roso! 

At Roso, we are pioneers in the field of robotics, specializing in the design and manufacture of cutting-edge PCB motors, 3D motors, and advanced gripper solutions. 

 With a relentless commitment to innovation and excellence, we leverage our expertise in electrical engineering and robotics to develop state-of-the-art technologies that drive automation and revolutionize industries worldwide. 

 Our PCB motors are engineered with precision and ingenuity, offering unparalleled performance and reliability for a wide range of robotic applications. From compact designs to high-torque solutions, our motors power the next generation of robotic systems with efficiency and agility. 

 In the realm of 3D motors, we push the boundaries of possibility, delivering dynamic motion control solutions that enable intricate movements and seamless operation in complex environments. Our 3D motors empower robotics across diverse sectors, from manufacturing and logistics to healthcare and beyond. 

 Additionally, our gripper technology sets new standards for versatility and adaptability in automation. Designed to handle a variety of shapes, sizes, and materials, our grippers optimize efficiency and flexibility in robotic manipulation tasks, enhancing productivity and streamlining workflows. 

 Committed to driving progress and shaping the future of robotics, we collaborate with partners and clients to customize solutions, address challenges, and unlock new possibilities in automation. Together, we embrace innovation and propel industries forward into a smarter, more efficient future. 

Join us on our journey to transform the world of robotics. Follow Roso ! for updates on our latest developments, projects, and opportunities for collaboration. Let's build the future together!",Robotics Engineering,2-10 employees,Privately Held,"Delhi, Delhi, India",India,,https://www.linkedin.com/company/rosobot
NK Engineering,"NK Engineering is a robotics and industrial automation startup and an official system integrator for Yaskawa. We design and deploy custom automation solutions, including Yaskawa robot integrations and in-house developed computer vision systems for industrial applications. Our work focuses on bringing smart, efficient, and scalable automation to manufacturing and production environments. At NK Engineering, interns get hands-on experience with robotics, motion control, 3D design, and vision-based automation projects, working closely with engineers to solve real-world industry problems.",Robotics Engineering,2-10 employees,Privately Held,"Ghaziabad, Uttar Pradesh, India",India,nkeorg.com,https://www.linkedin.com/company/nkeorg
Aqua Forge Robotics Pvt Ltd,"Aqua Forge Robotics likely refers to a company or initiative focused on developing advanced robotic systems designed for underwater or marine applications. The Aqua Forge Robotics delivers solutions in the fields of Land and Marine Survey, RTK/DGPS Survey, Terrestrial Laser Scanning,
and Mapping, Sub-Sea & Off-Shore Services, Underwater Diving, Pipeline Projects, GPR Survey, Surface features by Drone survey Utility, Topographical Survey, Building, SubSea & Off-Shore Services, Underwater Diving, Pipeline Projects, Marine Salvaging and Marine Engineering Services Oil and Gas, Mining, GIS, and Environmental and Air Quality Assessments.",Robotics Engineering,2-10 employees,Privately Held,"Thoothukudi, Tamil Nadu, India",India,aquaforgerobotics.com,https://www.linkedin.com/company/aqua-forge-robotics-pvt-ltd
BIONIC ROBOTICS IN,"Deep Technical Heritage
18+ Years Domain Expertise: Our leadership and core engineering team bring over 18 years of specialized hands-on experience in global robotic platforms

Multi-Robot Platform Mastery: Certified integration competence across FANUC, ABB, KUKA, and Yaskawa industrial robots

Established Growth: Founded in 2020 as a full-suite robotics integrator, backed by 16+ highly skilled automation & design engineers

Design & Sales Office: Strategically situated in Chennai for high-end engineering design, simulation, and client consulting

Manufacturing Facility: Advanced fabrication & system integration plant located in Hosur for pre-commissioning & testing

Proven Delivery: Successfully deployed 145+ turnkey projects as on date across premier automotive and industrial manufacturing sectors

Turnkey Capability: End-to-end scope including mechanical design, simulation, PLC/robot programming, safety integration, I&C",Robotics Engineering,11-50 employees,Partnership,"Chennai, Tamil Nadu, India",India,bionicrobotics.co.in,https://www.linkedin.com/company/bionic-robotics-in
RAVYO AUTO TECH PVT. LTD.,"Ravyo Auto Tech Pvt. Ltd. is engineering services company, we are here to help you with all possible solutions for your any kind of engineering problems, design, manufacturing, consulting, assembly, development of concept etc.",Robotics Engineering,2-10 employees,Partnership,"Nashik, Maharashtra, India",India,ravyostore.com,https://www.linkedin.com/company/ravyoautotech
Agastya Robotics,"We bring life to humanoid robots and help humans every day! 

Agastya Robotics is an AI and humanoid robotics company dedicated to creating intelligent machines that enrich the quality of our lives and help the human race to advance.

Advanced Humanoid Robots will soon be everywhere. Agastya Humanoid Robots with good aesthetic design, rich personalities, and social cognitive intelligence can potentially connect deeply and meaningfully with humans and help humans every day.",Robotics Engineering,11-50 employees,Privately Held,"Hyderabad, Telangana, India",India,agastyaenergy.com,https://www.linkedin.com/company/agastyarobotics
Comp-Point Systems (I) Pvt. Ltd.,"Comp-Point was born in mid eighties which was the starting era of computers in India. Since inception, Co. kept on spreading its wings in the technology field. Till date, it has mushroomed in more than thousand schools, colleges & institutes.  
Being not just the trainer but a facilitator as well, De. Parveen Kt. Narang, CEO, focuses on making its retail stores more productive. A number of retail stores/hubs have been set up at prominent locations & near public schools all over India. The products available are - Robotics kits, Mini Educational Think Pads, Kids' Robots, LCD Projectors, Solar Edu' Products, Self-assembly electronic Kits, Computer Books etc.
The company provides 'educational labs' like Robotics lab, Audio Visual lab, EVS lab, Language Learning lab, Jr. Fun Activity lab, Computer lab, Smar-tech lab, Maths lab, etc., has a presence throughout the length & width of the country. 

Our company always follows an ancient saying,""I hear I forget, I see I remember, I do I understand.

The courseware is at par with NEW EDUCATION POLICY (CBSE/ICSE) or the respective school board-backed & developed by professionals from DTU/1 IM/1 IT/NIT /REC. 

Why do WE ONLY?  
»	An ISO 9001 & 33 yrs old Co.
»	Associated with 1000+ Schools I Colleges & 15+ franchisees pan India.
»	Awarded by FEPI (Federation of Educational Publishers in India).
»	Backed by professionals from DTU/IIM/IIT /NIT /REC.
»	Awarded by CBSE Chairman & Ex. LG of Delhi. Covered by India Today, TOI, Jansatta, Dainik Bhaskar, HT, etc.",Robotics Engineering,11-50 employees,Privately Held,"New Delhi, Delhi, India",India,compoint.in,https://www.linkedin.com/company/comp-point-systems
"LIFE ROBO-Robotics Club FoET, University of Lucknow",,Robotics Engineering,11-50 employees,Public Company,"Lucknow, Uttar Pradesh, India",India,vercel.app,https://www.linkedin.com/company/life-robo
Latys Labs Pvt. Ltd.,"We turn ideas into working machines—bringing AI, IoT, drones and automation to farms and factories. From concept to pilot to production, we build systems that are reliable, affordable and easy to deploy.",Robotics Engineering,2-10 employees,Privately Held,"Gurugram, Haryana, India",India,latyslabs.com,https://www.linkedin.com/company/latys-labs-pvt-ltd
Artibots,"""Beyond Automations""
Focusing on Robotics and Ai 
Designed For the Next Generation",Robotics Engineering,11-50 employees,Privately Held,"Coimbatore, Tamil Nadu, India",India,artibots.in,https://www.linkedin.com/company/artibots
Code Lotus Team,"Code Lotus is the competitive robotics team at Lotus Valley International School, Noida, building autonomous systems across embedded control, mechanical design, and robotics engineering.

The team develops fully autonomous robots through iterative design, fabrication, and field testing. Most recently, Code Lotus earned a 3rd place national podium finish at the ITU AI for Good Youth Challenge India 2025 with an autonomous agricultural robotics system.",Robotics Engineering,2-10 employees,Non Profit,"Noida, Uttar Pradesh, India",India,,https://www.linkedin.com/company/code-lotus-robotics
Robopixnary.com,"Robopixnary is an informative blog dedicated to the fascinating world of robots. It offers detailed insights into various makes, models, companies, and innovations in robotics. Whether you're a tech enthusiast or just curious about the future of automation, Robopixnary is your go-to source for comprehensive robot-related content.",Robotics Engineering,Self-employed,Self Owned,"Ahmedabad, Gujarat, India",India,robopixnary.com,https://www.linkedin.com/company/robopixnary
NEXUSTEKFUSION PRIVATE LIMITED,"Our startup was founded with a single belief — that innovation should be accessible, scalable, and impactful. We exist to empower creators, institutions, and industries to bring their boldest ideas to life through the fusion of intelligent machines, cutting-edge design, and digital transformation.
Building innovation through Drone & Robotics Engineering, 3D Printing, Advanced Lab Infrastructure, and IT Services — we are shaping the next era of smart automation and research technology. We specialize in end-to-end solutions for drone and robotics projects, 3D printing systems, laboratory setup services, and IT-based engineering support. Whether you’re a startup, a research institution, a university, or an enterprise, we help you conceptualize, design, build, and deploy systems that redefine how technology integrates into everyday problem-solving.",Robotics Engineering,2-10 employees,Privately Held,"Nagpur, Maharashtra, India",India,nexustekfusion.in,https://www.linkedin.com/company/nexustekfusion-llp
Exo-suit,Sustainable Smart Light Weight Sensorized Lower Body Wearable Exoskeleton for Various human body movements with Safety protocols,Robotics Engineering,2-10 employees,Privately Held,"Hyderabad, Telangana, India",India,,https://www.linkedin.com/company/exo-suit
Robo_Insights,"Welcome to RoboTech Innovations. We specialize in cutting-edge robotics solutions tailored to your industry needs. Our team of experts is dedicated to pushing the boundaries of innovation, from collaborative robots to AI-driven automation. We work closely with clients to understand their unique challenges and deliver personalized, reliable solutions. With a focus on enhancing productivity, safety, and efficiency, we pride ourselves on our track record of success across diverse industries. Trust RoboTech Innovations to be your partner in harnessing the power of robotics technology for sustainable growth and success.",Robotics Engineering,2-10 employees,Self Employed,"Pune, Maharashtra, India",India,,https://www.linkedin.com/company/robo-insights
armetix india,"Mission:
Our mission is to revolutionize industries by delivering cutting-edge robotic solutions that enhance human capabilities, reduce operational costs, and enable businesses to thrive in the digital age. We strive to bridge the gap between technology and usability, ensuring that our products are both powerful and user-friendly.

Vision:
We envision a future where intelligent machines and humans work side-by-side, enabling a new era of productivity, sustainability, and innovation. Our goal is to lead the transformation toward a fully automated, smart world, improving quality of life through the power of robotics.

Core Values:
Innovation: Constantly pushing the boundaries of what’s possible with cutting-edge robotics technology.
Precision: Ensuring every system is engineered with the highest level of accuracy and efficiency.
Sustainability: Creating solutions that promote environmental responsibility and reduce waste.
Customer-Centricity: Designing robots that are tailored to meet the specific needs of our clients.
Collaboration: Working hand-in-hand with industry leaders, engineers, and researchers to advance robotics technology.
Our Vision for the Future:
As pioneers in robotics, we aim to lead the next wave of technological evolution by combining human ingenuity with automated excellence. Our goal is to unlock new possibilities for businesses, individuals, and communities, creating a world where smart robotics enable a higher quality of life, increased productivity, and sustainability.",Robotics Engineering,2-10 employees,Self Employed,"Indore, Madhya Pradesh, India",India,,https://www.linkedin.com/company/armetix-india
Robofret,"RoboFret is a cutting-edge tech company committed to providing students, enthusiasts, and inventors with practical training in robotics, drones, AR/VR, and satellite technologies. We offer high-quality products, functional models, and step-by-step instructions to teach anyone how these systems work and how to create them from scratch.
Along with serving individual learners, we also operate in the B2B space, offering customised solutions, technical models, training modules, and collaborative development for schools, colleges, companies, and research institutions.
At RoboFret, precision meets imagination. We don’t just teach future tech, we help you create it.",Robotics Engineering,2-10 employees,Partnership,"Kolkata, West Bengal, India",India,robofret.com,https://www.linkedin.com/company/robofret
Yantra Spares,"At Yantra, we are committed to empowering industries with reliable, innovative, and cost-effective industrial solutions. What began as a trusted supplier of industrial spare parts has evolved into a comprehensive platform for factory automation, motion control, MRO (Maintenance, Repair & Operations), and engineering solutions.

Founded in 2015, Yantra Spares is a trusted supplier of electric linear actuators, motion control products, industrial automation components, and spare parts. We support OEMs, machine builders, system integrators, EPC contractors, and manufacturing facilities with dependable automation solutions designed to improve productivity, precision, efficiency, and operational reliability.

We understand that every industry faces unique challenges. That's why we focus on delivering more than just products—we provide complete, customized solutions backed by technical expertise, responsive support, and a commitment to long-term partnerships. Whether it's sourcing critical components, implementing automation systems, or optimizing industrial processes, our goal is to simplify procurement and help businesses achieve sustainable growth.

Driven by innovation, quality, and customer success, Yantra is building the future of industrial automation and engineering—helping industries operate smarter, reduce downtime, and maximize performance.

Yantra – Your One-Stop Partner for Industrial Automation, Motion Control & Engineering Solutions.",Robotics Engineering,11-50 employees,Self Owned,"Mumbai, Maharashtra, Maharashtra, India",India,yantraspares.com,https://www.linkedin.com/company/yantra-spares
Voxel Additive Solutions,"VOXEL ADDITIVE SOLUTIONS is a technology-driven manufacturing, prototyping, and engineering solutions company delivering practical, reliable, and precision-focused technical services.

We specialize in 3D Printing, Machining, 3D Designing & Reverse Engineering, Prototyping, Laser Cutting, Robotics, and engineering support services, helping bridge the gap between ideas and manufacturable reality.

We support industries, startups, students, product developers, research teams, and B2B organizations from concept development to functional prototypes and production-ready solutions.

Our capabilities include rapid prototyping, customized parts, engineering components, digital modeling, reverse engineering, precision machining, fabrication, and technical project support with a strong focus on quality, feasibility, and manufacturability.

At VOXEL ADDITIVE, manufacturing is not just producing parts - it is about solving engineering challenges through design, process selection, material understanding, and practical execution.

Beyond manufacturing, we are involved in Robotics and technical innovation support, contributing to engineering development, experimental projects, and technical solution building.

Built on technical accuracy, structured execution, and problem-solving, we aim to be a dependable engineering and manufacturing partner for clients across India.

Core Areas:
• Additive Manufacturing (3D Printing)
• Subtractive Manufacturing / Machining
• 3D Designing & Reverse Engineering
• Prototyping & Product Development
• Laser Cutting & Fabrication
• Robotics & Technical Projects",Robotics Engineering,2-10 employees,Self Owned,"Madathukulam, Tamil Nadu, India",India,voxeladditive.com,https://www.linkedin.com/company/voxel-additive-solutions
NalaBhima,"An open-source collaborative robot (co-bot) chef specializing in South Indian cuisine. A passion project by food-lovers, for food lovers.",Robotics Engineering,2-10 employees,Privately Held,"Bengaluru, Karnataka, India",India,nalabhima.in,https://www.linkedin.com/company/nalabhima
Strato Robotics,"We are a cutting-edge and futuristic technology startup focusing on Robotics, AI and Data Science to improve efficiency, minimize costs and reduce potential risks in Industries.",Robotics Engineering,11-50 employees,Privately Held,"Bengaluru, Karnataka, India",India,,https://www.linkedin.com/company/strato-robotics
Electro Knights,"We are Team Electro Knights, the robotics club of LNCT Bhopal. We are a dedicated team of engineering students passionate about building innovative robotic solutions to solve real-world challenges. Our journey has been marked by continuous learning, collaboration, and achievements that have brought pride to our institute.

Finalist IRoC-U 2024 | Finalist SIH'23 Hardware Edition | Finalist The Inventor's Challenge 2023 | Finalist Technoxian 2023 | Robotics Team based in LNCT Bhopal.",Robotics Engineering,11-50 employees,Privately Held,"Bhopal, Madhya Pradesh, India",India,,https://www.linkedin.com/company/electro-knights
RoboGenesis Club,"RoboGenesis – the Robotics Club of the School of AI, where innovation meets creativity! Explore the exciting world of robotics and artificial intelligence, collaborate with like-minded peers, and bring your ideas to life through hands-on projects, workshops, and competitions. Whether you’re a beginner or an expert, RoboGenesis is your gateway to learning, building, and shaping the future of technology.",Robotics Engineering,11-50 employees,Educational,"Sadar, Uttar Pradesh, India",India,robogenesissoai.in,https://www.linkedin.com/company/robogenesis-club
AV Robotics,"About AV Robotics

AV Robotics is a personal initiative focused on building and understanding real-world robotics systems through continuous learning and hands-on experimentation.

This page shares practical work in robotics software engineering, including perception, navigation, localization, and autonomous system development.

The goal is to learn deeply, explore ideas, and document real engineering challenges, solutions, and insights — contributing to both personal growth and the broader robotics community.

Areas of focus:

Perception & computer vision in real-world environments
Localization, Mapping & SLAM
Autonomous navigation
System integration, debugging & performance optimization

This journey is driven by curiosity, consistency, and a genuine interest in robotics. The name AV Robotics carries a personal inspiration.",Robotics Engineering,Self-employed,Privately Held,"Pune, Maharashtra, India",India,,https://www.linkedin.com/company/av-robotics
Robozome Technologies,"Founded in 2021 by a team of dedicated and hardcore mechanical engineers with a vision to build a leading enterprise in industrial automation and robotics.  Robozome has relentlessly risen to glory with its steadfast focus on achieving customer delight through excellence, innovation and agility. Keeping pace with the evolving needs and challenges of fast moving business world in the digital era, Robozome has embraced modern supply chain technology to enhance customer experience with heightened ease of doing business. 


Today, we meet the total lifecycle needs of the entire company, from SPM to Robots, Service and Repair adding value at every touch point to help customers realize the most value from their investment. To best address the business needs of our Industrial Customers, we offer a variety of products and services.",Robotics Engineering,11-50 employees,Self Owned,"Pune, Maharashtra, India",India,robozometechnosystems.com,https://www.linkedin.com/company/robozome-technologies
DYX Autonomous Pvt Ltd,,Robotics Engineering,2-10 employees,Privately Held,"Chennai, Tamil Nadu, India",India,,https://www.linkedin.com/company/dyx-autonomous-pvt-ltd
TEAM YANTRIX,"Team Yantrix is the official robotics team of NIT DURGAPUR, specializing in the design and development of high-performance robots for the ABU Robocon competition.

We are a multidisciplinary group of student engineers dedicated to pushing the boundaries of Mechanical Design, Embedded Systems, and Autonomous Navigation. From conceptual CAD modeling to real-world fabrication, we bridge the gap between classroom theory and elite-level engineering.

Our mission is to foster innovation, technical excellence, and a collaborative spirit as we represent our institution on the national stage.

Precision. Innovation. Power. This is Team Yantrix.",Robotics Engineering,11-50 employees,Public Company,"Durgapur, West Bengal, India",India,,https://www.linkedin.com/company/team-yantrix
TEAM DEADSHOT,Bits Goa's First Ever Robowars Team,Robotics Engineering,11-50 employees,Non Profit,"Sancoale, Goa, India",India,,https://www.linkedin.com/company/team-deadshot
MydroneKart,"MydroneKart Pvt. Ltd is a Made-in-India technology company focused on developing innovative solutions in Drone Technology, Robotics, and IoT (Internet of Things).

We design and build drone-based delivery systems, smart robotics solutions, and connected IoT platforms that help improve automation, logistics, and real-world problem solving for students, startups, colleges, and local businesses.

Our goal is to make advanced technologies like drones, robotics, and IoT systems practical and accessible through real projects, smart products, and hands-on learning opportunities.

MydroneKart provides drone development, robotics kits, IoT systems, software applications, and technical training programs, helping learners and organizations adopt modern technology for innovation and growth.

We are committed to “Made in India” engineering, focusing on building reliable, efficient, and future-ready technology solutions for education, industry, and smart automation.",Robotics Engineering,2-10 employees,Privately Held,"Ranchi, Jharkhand, India",India,mydronekart.com,https://www.linkedin.com/company/mydronekart
AURA@GU,"Automation & Robotics Association - AURA is a student led organisation based in Gauhati University. The organisation aims to develop and educate young minds towards Robotics, AI, and emerging technologies.",Robotics Engineering,2-10 employees,Self Employed,"Jalukbari , Assam, India",India,,https://www.linkedin.com/company/aura-gu
SkyLab Robotics,"Vision: Deep piercing of Robotics education to rural roots of India.

We at, “Skylab Robotics” engaged in providing robotics training to
candidates age group between 08 to 22 years.
We are engaged in robotics lab. setup at schools, Project Labs at
Diploma & Graduation college, ITI college training and Summer Camp.
Automation Training ( Android, 3D Printing, Electro-Hydraulics, Electro-
Pneumatics, CAD modelling using Fusion 360, PCB Design, Electronics
Circuit Simulation)",Robotics Engineering,2-10 employees,Self Owned,"Nagpur, Maharashtra, India",India,,https://www.linkedin.com/company/skylab-robotics
Ecrux Bot,"Welcome to the official LinkedIn page of Ecrux Bot , a leader in the field of Robotics and Artificial Intelligence for Educational Robots.

About Us:
At Ecrux Bot, we are passionate about harnessing the power of robotics and AI to revolutionize education. Our mission is to inspire and educate the next generation of innovators by providing cutting-edge robotic solutions that make learning engaging, interactive, and fun.

What We Offer:
 Innovative Educational Robots: We design and develop state-of-the-art robots tailored for educational environments. Our robots are equipped with advanced AI capabilities, making them ideal tools for hands-on learning in schools, universities, college  and STEM programs.

 AI-Powered Learning Resources: We provide a comprehensive suite of AI-powered learning resources and curriculum materials that seamlessly integrate with our robots. These resources enable educators to deliver immersive and effective lessons that nurture creativity, problem-solving skills, and critical thinking.

 Global Reach: With a presence in countries, we have impacted the education landscape worldwide. Our robots and educational solutions have been adopted by thousands of educational institutions and organizations, helping students of all ages explore the exciting world of robotics and AI.

 Empowering Educators: We are committed to supporting educators by offering training and professional development opportunities. We believe that well-prepared teachers are key to unlocking the full potential of our educational robots in the classroom.

 Innovation and Collaboration: Ecrux Bot is dedicated to pushing the boundaries of robotics and AI in education. We actively collaborate with educators, researchers, and institutions to drive innovation and create meaningful educational experiences.

Follow us to stay updated on the latest developments in Robotics & Artificial Intelligence",Robotics Engineering,2-10 employees,Privately Held,"Jalgaon, Maharashtra, India",India,,https://www.linkedin.com/company/ecrux-bot
Aredytie Dynamics Pvt. Ltd.,We cool things down when they get hot and bothered.,Robotics Engineering,2-10 employees,Privately Held,"Indore, Madhya Pradesh, India",India,aredytie.com,https://www.linkedin.com/company/aredytie
ROBOTICS CLUB,Build innovate automate,Robotics Engineering,11-50 employees,Educational,"Indore, Madhya Pradesh, India",India,,https://www.linkedin.com/company/club-robotics
Stambhh,"Aristomaxx is a research-first startup building deep engineering systems at the intersection of Robotics and Artificial Intelligence.
The organization focuses on tightly integrated AI–robotics architectures capable of reliable operation in real-world environments,
bridging the gap between theoretical research and deployable systems",Robotics Engineering,2-10 employees,Self Employed,"Delhi, Delhi, India",India,netlify.app,https://www.linkedin.com/company/stambhh
Veuniq Labs,Robotics & AI,Robotics Engineering,2-10 employees,Privately Held,"Gurugram, Haryana, India",India,,https://www.linkedin.com/company/veuniq-labs
Robodh,Building computer vision and robotics systems to solve real-world challenges.,Robotics Engineering,2-10 employees,Privately Held,"New Delhi, Delhi, India",India,robodh.ai,https://www.linkedin.com/company/robodh
Chaotic Bots,"Robotics and automation consultancy services , education , training.",Robotics Engineering,2-10 employees,Partnership,"Bengaluru, Karnataka, India",India,,https://www.linkedin.com/company/chaotic-bots
NeuralBricks.AI,"Unlock Your Business Potential with Advanced AI Solutions
NeuralBricksAI empowers businesses through cutting-edge AI models developed using a meticulous approach to AGI. Our commitment to secure data practices and rigorous evaluation methodologies ensures the performance and reliability of our solutions.",Robotics Engineering,2-10 employees,Self Employed,"Bengaluru, Karnataka, India",India,neuralbricks.ai,https://www.linkedin.com/company/neuralbricks
Kurukshetra,"Kurukshetra 2026 is a national-level technical festival designed to bring together innovation, engineering excellence, and practical problem-solving on a single high-impact platform. Organized with a strong focus on real-world applications, the event serves as a meeting point for engineering students, innovators, start-ups, and industry professionals from across India.

At the core of Kurukshetra lies a diverse set of robotics and technical competitions that challenge participants to design, build, and compete using engineering principles and hands-on skills. The flagship event, RoboWar, will feature Maharashtra’s first-ever Beetleweight category, alongside intense robot combat battles that test strength, strategy, and control. Complementing this are high-engagement competitions such as RoboWrestling, Robo Line Follower, Robo Soccer, and Robo Race Challenges, each designed to push the limits of automation, control systems, and mechanical design.

Beyond competitions, Kurukshetra 2026 will host live demonstrations, innovation exhibits, and interactive showcases, offering participants and visitors exposure to emerging technologies, student-built solutions, and creative engineering concepts. These exhibits aim to inspire learning, collaboration, and dialogue between academia and industry.

With an expected footfall of over 5,000 participants and visitors, including students, start-ups, educators, and industry representatives from across the country, Kurukshetra 2026 offers a powerful platform for brand visibility, talent engagement, and strategic partnerships. The event provides sponsors and partners with meaningful opportunities for on-ground branding, digital outreach, and direct interaction with India’s next generation of engineers and innovators.",Robotics Engineering,51-200 employees,Educational,"Pune, Maharashtra, India",India,kurukshetratechfest.org,https://www.linkedin.com/company/kurukshetra-techfest
Gyro Labs,"Gyro Labs is a robotics research and engineering lab focused on delivering practical robotic automation solutions for small and medium enterprises (SMEs).

We begin with collaborative robots (cobots) designed to address repetitive, labor-intensive, and consistency-critical tasks commonly found in manufacturing and industrial environments.

Our solutions are offered through a Robotics-as-a-Service (RaaS) model, enabling SMEs to adopt automation with minimal upfront investment, faster deployment, and operational flexibility. This approach allows businesses to scale automation based on real operational needs rather than large capital commitments.

At the core of our systems are ROS2-based control and software architectures, engineered for real-time performance, safety, and seamless integration with existing industrial workflows. Our research emphasizes motion control, perception, and autonomous behavior to ensure reliable human-robot collaboration.

While our immediate focus is on cobot deployments for SMEs, our long-term research roadmap extends toward advanced robotic systems and human-like (humanoid) robotics, building on the same scalable control and intelligence foundations.

At Gyro Labs, we believe sustainable automation is achieved when robots enhance human productivity, improve workplace safety, and deliver measurable operational value.

Control the Future of Motion",Robotics Engineering,Self-employed,Self Employed,"Chennai, Tamil Nadu, India",India,,https://www.linkedin.com/company/gyrolabs
Origo Dynamics,"Origo Dynamics Private Limited is an autonomous mobility company developing intelligent ground mobility solutions for mission-critical operations. The company combines indigenous vehicle engineering, robotics, artificial intelligence, autonomous navigation, and software-defined vehicle technologies to create scalable autonomous mobility systems capable of addressing complex operational challenges across multiple industries. Driven by a vision to transform how critical operations move people, equipment, and materials.
Origo is building a new generation of autonomous ground mobility solutions that combine adaptability, intelligence, and operational efficiency to support the evolving needs of mission-critical industries.

One platform Endless possibilities",Robotics Engineering,2-10 employees,Privately Held,"Hyderabad, TG, India",India,origodynamics.com,https://www.linkedin.com/company/origodynamics-pvt-ltd
KIDSBOT PVT LTD,"HELLO GUYS, WE ARE KIDSBOT PVT LTD WHICH IS NEWLY LAUNCHED NON PROFIT VENTURE CAPITAL FIRM SPECIALIZING IN ROBOTICS INNOVATION.WE ARE CURRENTLY HEAD QUARTERED IN PUNE.ALSO WE HAVE TOTAL 5 CITIES PRESENCE ACROSS INDIA.PLEASE COME AND JOIN US IN REVOLUTIONILIZING ROBOTICS EDUCATION AND INNOVATION ACROSS INDIA.
Pune Location
KIDSBOT PVT LTD
ADDRESS-C1, COMMONWEALTH SOCIETY, KOREGAON PARK, PUNE.
Other Cities we operate are following
1) Phaltan
2) Baramati
3) Latur
4) Nashik
5) Nagpur
WE ARE LOOKING TO EXPAND ALL OVER INDIA PLEASE COME AND JOIN US TO EMPOWER UNDER PRIVILEGED COMMUNITY EMPOWERMENT THROUGH TECHNICAL EDUCATION.",Robotics Engineering,2-10 employees,Non Profit,"Pune, Maharashtra, India",India,,https://www.linkedin.com/company/kidsbot-pvt-ltd
Robocuit,""" Elevate your skills at ""Robocuit"", where innovation meets expertise!  Unleash the potential of robotics with hands-on learning, expert guidance, and a collaborative community.  Ready to redefine your future in tech? Join us and be at the forefront of the robotics revolution! #RoboticsTraining #TechInnovation""",Robotics Engineering,2-10 employees,Educational,"Gadhinglaj, Maharashtra, India",India,robocuit.co.in,https://www.linkedin.com/company/robocuit
Futurbee Pvt Ltd,,Robotics Engineering,2-10 employees,Privately Held,"Malappuram, Kerala, India",India,futurbee.com,https://www.linkedin.com/company/futurbee-pvt-ltd
Inferbyte Technologies,"Inferbyte Technologies is a deep-tech startup developing fully autonomous drone systems for defense, infrastructure, and industrial applications.

We are building an integrated aerial robotics ecosystem that combines autonomous drones, intelligent docking stations, and cloud control to enable continuous operations with minimal human intervention.

Our mission is to transform aerial operations by making them more efficient and scalable through advanced AI and robotics.",Robotics Engineering,2-10 employees,Privately Held,"Gurugram, Haryana, India",India,inferbyte.com,https://www.linkedin.com/company/inferbyte-technologies-private-limited
Panoptic X,"Panoptic X is the all-in-one autonomous robotics platform, giving agricultural operations of all sizes the modular tools they need to farm smarter. Our technology provides a comprehensive UGV (Unmanned Ground Vehicle) solution—from precision seeding to automated weeding—that seamlessly supports labor efficiency, resource conservation and, ultimately, agricultural growth.

We are pioneering a ""one-base, many-tasks"" ecosystem that allows a single rover to perform the work of an entire fleet. By integrating swappable mechanical interfaces with intelligent navigation, our platform adapts to the seasonal needs of diverse crops. With our modular approach, a complete suite of specialized attachments, and a rugged design built for the field, your farm will be ready for what’s next in precision agriculture.

Founded and led by a team of passionate engineering students, Panoptic X is built on a foundation of technical excellence and a mission to make high-tech automation accessible to every grower. We are currently in the development and prototyping phase, pushing the boundaries of what autonomous ground vehicles can achieve in the field.

Our Core Innovations Include:

Modular Attachment System: Rapid-swap interfaces for multi-task versatility.

Autonomous Navigation: Intelligent path-planning for complex field environments.

Precision Execution: High-accuracy task performance to reduce chemical waste and labor costs.

Scalable Architecture: A robust robotic platform designed to grow with your operation.",Robotics Engineering,2-10 employees,Self Employed,"Coimbatore, Tamil Nadu, India",India,,https://www.linkedin.com/company/panopticx
BITS Robotics Society,"We are a passionate and innovative college technical team driven by a shared interest in robotics and emerging technologies. With a strong focus on research and innovation, we explore new ideas, build intelligent systems, and constantly push the boundaries of what’s possible. Through hands-on projects and experimentation, we aim to create solutions that are not only functional, but forward-thinking and impactful.",Robotics Engineering,11-50 employees,Privately Held,"Pilani, Rajasthan, India",India,,https://www.linkedin.com/company/bits-robotics-society
Hardlight,"Space robots that fly up, dock, and repair broken satellites and space stations.",Robotics Engineering,2-10 employees,Privately Held,"Bengaluru, Karnataka, India",India,hardlightsim.com,https://www.linkedin.com/company/hardlightspace
QuantBulls Private Limited,"Quantbulls Pvt Ltd specialize in cutting-edge technologies including robotics, electronics, IoT, 3D printing, STEM Kits, and end-to-end product development.",Robotics Engineering,2-10 employees,Privately Held,"Haveli, Maharashtra, India",India,quantbulls.com,https://www.linkedin.com/company/quantbullsltd
CADx Automation,"At CADx, we are passionate about empowering businesses with cutting-edge technology solutions. As a leading provider in the field of CAD (computer-aided design) software and services, we strive to revolutionize the way businesses design, innovate, and create.",Robotics Engineering,11-50 employees,Privately Held,"Dadri, Uttar Pradesh, India",India,cadx.org.in,https://www.linkedin.com/company/cadxautomation
Antiopa,,Robotics Engineering,2-10 employees,Privately Held,"Goa, Goa, India",India,preyawnshoe.rocks,https://www.linkedin.com/company/antiopa-1
Robo Boys,we are roboboys we biult,Robotics Engineering,2-10 employees,Partnership,"Angara, Jharkhand, India",India,roboboys.in,https://www.linkedin.com/company/roboboys
MechX Mobility Private Limited,Building Autonomous Mobile Robots for diverse applications.,Robotics Engineering,2-10 employees,Privately Held,"Kolkata, West Bengal, India",India,,https://www.linkedin.com/company/mechx-mobility-private-limited
Lassi Bot!,"We are Lassi Bot!, a dynamic and forward-thinking company redefining how people enjoy Lassi. Our team consists of passionate individuals driven by innovation, technology and a love for this iconic Indian beverage. We have combined our robotics, artificial intelligence, and beverage production expertise to create automated vending machines that deliver freshly made lassi with the utmost convenience.",Robotics Engineering,11-50 employees,Privately Held,"Bengaluru, Karnataka, India",India,robolassi.com,https://www.linkedin.com/company/lassibot
Robai,#robotics #ai #tech #defense #automation,Robotics Engineering,2-10 employees,Self Employed,"New Delhi, Delhi, India",India,,https://www.linkedin.com/company/hirobai
Citifai,AI and Robotics company focused on improving infrastructural and environmental landscape of our cities,Robotics Engineering,2-10 employees,Privately Held,"Pune, Maharashtra, India",India,citif.ai,https://www.linkedin.com/company/citifai
cRobotics,cRobotics is a clean tech innovation company dedicated to restoring ecosystems through advanced robotic solutions for water and environmental cleanup.,Robotics Engineering,2-10 employees,Privately Held,"Sulur, Tamil Nadu, India",India,crobotics.in,https://www.linkedin.com/company/crobotics
Hephabots Robotics,"Hephabots is a deep-tech startup founded with a vision to support R&D and manufacturing for a new generation of robots exploring alternative actuation mechanisms that can lower cost, increase payload capacity, easily be repaired, etc. Applications include robot arms for agriculture spot weeding/fertilizer, waste sorting for recycling facilities, factory automation and intelligent inspection robots for high value facilities like semiconductor cleanrooms and space rovers. Based out of Bangalore in India, Hephabots is building in a high talent density zone in the world's fastest growing major economy with access to a huge growing market and a significant scope for automation, especially for tedious and hazardous jobs.",Robotics Engineering,Self-employed,Privately Held,"Bengaluru, Karnataka, India",India,hephabots.com,https://www.linkedin.com/company/hephabots
ElectroComps.in,"ElectroComps.in is your trusted online destination for high-quality DIY electronics components, STEM education kits, and hands-on learning tools. We empower students, hobbyists, makers, and innovators by providing reliable components that help bring ideas to life — from simple school projects to advanced prototyping.
At ElectroComps.in, we believe in making technology accessible. Our platform offers:
 Wide Range of Components – Arduino boards, sensors, motors, modules, Raspberry Pi accessories, and more.  STEM Learning Essentials – DIY kits, robotics parts, and educational tools for schools, labs, and makerspaces.  Quality You Can Trust – Every component is tested and packed with utmost care to support your innovation journey.  Support for Educators & Institutes – We collaborate with schools, ATL labs, and training centers to enable practical learning through electronics and emerging technologies.
Whether you're building your first circuit or developing a full-fledged prototype, ElectroComps.in is here to support your creativity, curiosity, and passion for engineering.
Build. Learn. Create. — with ElectroComps.in",Robotics Engineering,2-10 employees,Educational,"Hyderabad, TG, India",India,electrocomps.in,https://www.linkedin.com/company/electrocomps
INFRABOTS PRIVATE LIMITED,"Infrabots Pvt Ltd is pioneering the Robotics-as-a-Service (RaaS) revolution in India by delivering affordable, accessible automation for agriculture, infrastructure, and construction sectors. Founded with the vision of bridging technology and real-world utility, Infrabots provides businesses, contractors, and farmer cooperatives access to high-performance robots and drones — without the burden of ownership.

From agri-spraying drones to construction painting and plastering robots, our solutions are designed to increase operational efficiency, reduce dependence on manual labor, and empower a new generation of micro-entrepreneurs.

Headquartered in Chennai, Infrabots combines engineering excellence with a pragmatic service model — enabling small and mid-sized enterprises to scale faster, safer, and smarter through automation.",Robotics Engineering,2-10 employees,Privately Held,"Chennai, Tamil Nadu, India",India,infrabots.in,https://www.linkedin.com/company/infrabots-in
X-Humanoid-Robo,,Robotics Engineering,Self-employed,Self Employed,"Faridabad, Haryana, India",India,,https://www.linkedin.com/company/animatronics-humanoid-robo
AUROPRO - Automation Technologies Pvt Ltd,"Auropro Automation Technologies Pvt. Ltd. (ATPL) is an engineering and automation company specializing in intelligent industrial automation solutions for modern manufacturing and logistics.

With over 25 years of industry experience, we help businesses improve productivity, safety, and operational efficiency through robotics, AI, IoT, material handling systems, and customized engineering solutions. From concept and design to integration and commissioning, we deliver turnkey automation solutions tailored to each customer's requirements.

Our expertise spans automotive, pharmaceuticals, food & beverage, electronics, chemicals, plastics, metals, warehousing, and logistics industries.

**Our Core Solutions**
• Robotics & Automation Integration
• AI & IoT-enabled Industrial Automation
• AGV & AMR Solutions
• Material Handling Systems
• Customized Engineering Solutions
• Heavy Fabrication & Precision Machining
• Product Development & Engineering Services

At ATPL, we are committed to delivering reliable, scalable, and future-ready automation solutions that enable manufacturers to build smarter, safer, and more efficient operations.",Robotics Engineering,51-200 employees,Privately Held,"Pune, Maharashtra, India",India,atpl-i.com,https://www.linkedin.com/company/auropro-automation-technologies-pvt-ltd
BORMONZ,"Innovating Robotics Solutions since 2013
The pioneering Robotics Company & Research Centre located in Navi Mumbai, dedicated to revolutionizing industries through cutting-edge Robotics and Electronics solutions.
With a strong foundation established BORMONZ has consistently pushed the boundaries of innovation, delivering exceptional products and services that cater to a wide range of applications, from brand events and concerts to ceremonies, festivals, games, and educational initiatives.",Robotics Engineering,11-50 employees,Privately Held,"Navi Mumbai, Maharashtra, India",India,bormonz.com,https://www.linkedin.com/company/bormonz
Shrikar.io,,Robotics Engineering,2-10 employees,Self Employed,"Ahmedabad, Gujarat, India",India,shrikario.com,https://www.linkedin.com/company/shrikario
Bluehat Robochampions,"Parent Company : Jaipur Eduventures
Registration Number :UDYAM-RJ-17 -0018482
GSTIN : 08AEXPC2860D1ZG",Robotics Engineering,11-50 employees,Privately Held,"Haveli, Maharashtra, India",India,bluehatrobochampions.com,https://www.linkedin.com/company/bluehat-robochampions
The Student Projects,"""Affordable, innovative, and fully guided engineering projects for B.Tech, Diploma, and M.Tech students""

      Welcome to The Student Projects, your ultimate destination for innovative and comprehensive academic project solutions. We specialize in providing end-to-end project assistance for students pursuing B.Tech, Diploma, and M.Tech degrees, particularly in ECE, EEE, IT, and CSE domains.",Robotics Engineering,Self-employed,Self Employed,"Hyderabad, TG, India",India,,https://www.linkedin.com/company/the-student-projcets
Futura Intelligence LLP,"Building resilient, purpose-built robotics inspired by nature's efficiency to drive collective growth.

At Futura Intelligence LLP, we are a deep-tech innovation firm founded on the principle that the most efficient algorithms are found in nature’s design. We blend the abstract beauty of pure mathematics and physics with the tangible domain of advanced robotics and computer science to create intelligent, resilient automation systems.

Our Core Principles:

1. Inspired by Nature We believe nature holds the most efficient algorithms. Our work is a journey from the tangible world of robotics to the abstract beauty of mathematics, grounded in a sense of wonder for the grand design of creation.

2. Purpose-Built Innovation We build proprietary software and purpose-built robotics that master the unstructured complexity of the real world. Our designs ensure our solutions are rugged, low-cost, and perfectly suited for the environments they operate in.

3. Driving Collective Growth We believe in harnessing technology for collective growth. Our goal is to boost resource productivity, reduce environmental impact, and drive economic prosperity across critical sectors. We measure success by the value we create—from enabling sustainable practices on Earth to opening new frontiers in space.

4. Resilience and Security Our systems are designed for resilience, with hybrid power and a security model emphasizing fail-safes and remote overrides. We build robust platforms that operators can trust in the most demanding conditions.",Robotics Engineering,2-10 employees,Partnership,"Visakhapatnam, Andhra Pradesh, India",India,futura-intelligence.com,https://www.linkedin.com/company/futura-intelligence-llp
techZistors,"TechZistors Education | Empowering Young Innovators in Robotics & IoT
 Who We Are:
TechZistors Education is on a mission to revolutionize STEM learning by bridging the gap between theory and real-world application. We provide hands-on robotics, IoT, and embedded systems training to school students, engineering aspirants, and tech enthusiasts, preparing them for a future driven by innovation.

 What We Offer:
 Robotics & IoT Courses – Engaging, practical, and industry-relevant programs.
 Real-World Industrial Projects – Learn by solving real engineering challenges.
 Internships & Workshops – Hands-on experience in robotics and embedded systems.
 School & College Partnerships – Bringing next-gen tech education to institutions.
 Corporate Training & Industry Upskilling – Enabling professionals for Industry 4.0.

 Why Choose Us?
 Learn by Doing: We go beyond textbooks with a fully practical, problem-solving approach.
 Industry-Oriented Curriculum: Training aligned with modern tech trends.
 Mentorship from Experts: Guidance from professionals in robotics & embedded systems.
 Certification & Career Support: Helping students gain recognition & real opportunities.

Join us in shaping the next generation of tech leaders! 

 Connect with us to collaborate, enroll, or partner!",Robotics Engineering,2-10 employees,Partnership,"Indore, Madhya Pradesh, India",India,,https://www.linkedin.com/company/techzistors
Draco Botz,"Draco-botz is a robotics innovation group dedicated to designing, building, and programming intelligent robotic systems.

We focus on creating next-generation robots that combine mechanical design, embedded intelligence, and artificial intelligence to solve real-world challenges.",Robotics Engineering,2-10 employees,Privately Held,"Hyderabad, TG, India",India,,https://www.linkedin.com/company/draco-botz
TARVAN,"TARVAN builds the Physical AI intelligence layer that upgrades industrial machines from mechanical to intelligent.

We encode the complete Sense → Think → Act loop: industrial-grade machine vision captures every object and defect at line speed. Domain-specific ML models run inference on edge compute in under 85 milliseconds. Deterministic actuators execute grading, ejection, or path corrections — timed to the millisecond, logged for full traceability.

Our technology is designed as a plug-and-play intelligence module for OEM machine builders. We don't replace your machine — we make it see, decide, and act at production speed. Zero cloud dependency. 100% edge inference.

Where we operate:
→ Inspection & Grading: Real-time quality classification with pneumatic ejection (flagship: cashew kernel grading across 4 parallel lanes at 10 kernels/sec/lane)
→ Food & Agri Sorting: Export-grade quality assurance for spices, pulses, seeds, and packaged food
→ Process Automation: Continuous path planning and servo control for industrial workflows
→ Pharma & High-Value Inspection: Precision visual inspection for compliance-critical products

Founded by Dr. Shanmugakumar Murugesan (Ph.D. CSE, IIITDM Kancheepuram; M.Des. Electronic Systems), TARVAN is incubated at IIT Kanpur SIIC and NSRCEL IIM Bangalore, and supported by grants from DST NIDHI PRAYAS, DSIR-PRISM, and RKVY Raftaar.

The legal entity is Seventh Horse Agri-Tech Pvt. Ltd., Chennai.

Intelligence That Moves Matter.",Robotics Engineering,2-10 employees,Privately Held,"Chennai, Tamil Nadu, India",India,tarvan.ai,https://www.linkedin.com/company/tarvan
Sim2RealLab,"An initiative to teach AI and robotics to students and inquisitive people in India. The content is primarily in Hindi or Hinglish for a wide range of AI and robotics concepts as a series of raw and mostly uncut footage explaining the concepts in depths to allow the viewers to develop problem solving skills and scientific temprament. 
Major areas covered: AI and Machine Learning, Robotics, Modelling and Simulation of physical systems and general processes. 

https://www.youtube.com/channel/UCP306Lm5KWhbkuI6bn_dXCw",Robotics Engineering,Self-employed,Educational,"Ghaziabad, Uttar Pradesh, India",India,,https://www.linkedin.com/company/sim2reallab
probx,NDT |Robotic Scanners | EMATs | Eddy Current,Robotics Engineering,2-10 employees,Privately Held,"Kochi, Kerala, India",India,probx.co,https://www.linkedin.com/company/probx
FEREYDON,"Fereydon is a construction robotics startup incubated at the IIT Madras Incubation Cell, focused on developing intelligent robotic solutions for the construction industry.
Founded by three IIT Madras PhD candidates with expertise in Artificial Intelligence, Machine Learning, Robotics, and Advanced Manufacturing, Fereydon was established with a simple objective: to automate construction processes that have remained largely manual despite rapid technological advances in other industries.
We design and develop autonomous robotic platforms and AI powered systems that improve productivity, enhance safety, and deliver real time intelligence across construction projects. Our work spans autonomous inspection, progress monitoring, material movement, site intelligence, digital twins, and data driven decision support.",Robotics Engineering,11-50 employees,Privately Held,"Velachery, Tamil Nadu, India",India,fereydon.com,https://www.linkedin.com/company/fereydon
Genespar infotech,"It is your one-stop destination for Electronics, Mechanical, DIY, Hobby, RC & Engineering products.",Robotics Engineering,11-50 employees,Partnership,"New Delhi, Delhi, India",India,genespar.com,https://www.linkedin.com/company/genespar-infotech
K.K. Automation,"KK Automation is a leading provider of innovative automation solutions for homes, offices, and commercial spaces. With a commitment to transforming spaces into intelligent environments, we leverage cutting-edge technology, advanced IoT devices, and integrated security systems to deliver seamless and efficient automation experiences.

With a proven track record of excellence and a passion for pushing boundaries, KK Automation has established itself as a trusted name in the industry. Our team of skilled professionals brings a wealth of expertise and industry knowledge to every project, ensuring that our clients receive customized solutions that cater to their unique needs.

Whether it's creating smart homes that provide enhanced comfort and convenience, optimizing office spaces for productivity and energy efficiency, or implementing automation systems in commercial spaces to elevate the customer experience, KK Automation is dedicated to delivering solutions that make a tangible difference.

We pride ourselves on our customer-centric approach, focusing on building strong relationships with our clients and providing exceptional service throughout the entire project lifecycle. From initial consultation and design to installation and ongoing support, we are committed to exceeding expectations and delivering results that truly enhance the way people live, work, and interact with their environments.

At KK Automation, we are continuously pushing the boundaries of automation technology and staying at the forefront of industry advancements. Our aim is to drive innovation, enhance operational efficiency, and elevate the quality of life for our clients.

Join us in embracing the future of automation and experience the transformative power of intelligent spaces with KK Automation. Connect with us to explore how we can collaborate to bring your automation vision to life.

#Automation #SmartHomes #IntelligentSpaces #OfficeAutomation #CommercialAutomation",Robotics Engineering,2-10 employees,Privately Held,"Jamshedpur, Jharkhand, India",India,,https://www.linkedin.com/company/k-k-automation-jsr
Fiduciya,"Fiduciya is a leading provider of electronic components, catering to a diverse community of tech enthusiasts and creators. Our team consists of dedicated experts who share a common passion for technology and the limitless possibilities it brings. We strive to curate a vast selection of genuine products that align with your vision and project requirements.",Robotics Engineering,Self-employed,Self Owned,"New Delhi, Delhi, India",India,fiduciya.com,https://www.linkedin.com/company/fiduciya
Robo Series,,Robotics Engineering,Self-employed,Self Employed,"Bengaluru, Karnataka, India",India,roboseries.in,https://www.linkedin.com/company/roboseries
Project Yantrikta,"Here, at Project Yantrikta, we firmly believe that every child deserves access to quality education, which includes exposure to newer technologies and interdisciplinary fields like robotics. Our program aims to inspire and motivate young minds to consider robotics and STEM (Science, Technology, Engineering, and Mathematics) as a promising career field.

Through hands-on learning experiences and engaging activities, we foster creativity, problem-solving skills, and a passion for innovation. One of our primary objectives is to break down barriers by providing access to robotics equipment and parts that would otherwise be inaccessible to these aspiring young individuals. By removing this financial constraint, we open doors for them to explore their interests, tinker with technology, and gain practical experience in robotics.",Robotics Engineering,2-10 employees,Self Employed,"Bengaluru, Karnataka, India",India,projectyantrikta.org,https://www.linkedin.com/company/project-yantrikta
Terrax New Energy Private Limited,"TerraBots at Terrax pioneers sustainable agricultural automation. Our intelligent solutions optimize farming practices, boost efficiency, and minimize environmental impact, all while maximizing yields and conserving resources. 

TerraBots is dedicated to pioneering advancements in robotics that not only transform agriculture but also contribute to a greener, more sustainable planet.",Robotics Engineering,2-10 employees,Privately Held,"Hyderabad, TG, India",India,terrax.in,https://www.linkedin.com/company/terra-bots
Techtonoid,Educational toys of children’s.,Robotics Engineering,Self-employed,Privately Held,"Pune, Maharashtra, India",India,techtonoid.com,https://www.linkedin.com/company/techtonoid
Syntellect Robotics Pvt Ltd,"AIKYAM develops cutting-edge custom autonomy software for robotic platforms and intelligent systems operating in dynamic, real-world environments. We specialize in enabling robots, fleets, and autonomous machines—from forklifts and AMRs to drones and industrial robotics—to perceive, plan, and act with precision, safety, and coordination.

 What We Offer
 Perception & Computer Vision
Real-time object detection, 3D LiDAR processing, scene understanding

 Localization & Mapping
SLAM, multi-sensor fusion, GPS-denied navigation

 Autonomous Navigation
Path planning, obstacle avoidance, and mission execution across diverse terrain

 Simulation & Digital Twins
NVIDIA Isaac Sim, Gazebo, ROS-based environments for testing and validation

 AI-Driven Robotic Systems
End-to-end automation architectures designed for flexibility and scale

 Industries Served
Autonomous Vehicles & AMRs
Smart Warehousing & Logistics
Drones & Aerial Robotics
Manufacturing Automation
Infrastructure Inspection
Defense & Public Safety

 Why AIKYAM?
We bring together human insight and machine autonomy into a seamless, orchestrated system—purpose-built for the next era of industrial intelligence: Industry 5.0. With a modular architecture, real-time capabilities, and enterprise-grade reliability, AIKYAM is your partner for building resilient, scalable, and intelligent robotic ecosystems.",Robotics Engineering,2-10 employees,Privately Held,"New Delhi, Delhi, India",India,,https://www.linkedin.com/company/syntellect-robotics-private-limited
airexobot,Email : airexobot@gmail.com,Robotics Engineering,Self-employed,Privately Held,"Delhi, Delhi, India",India,airexobot.com,https://www.linkedin.com/company/airexobot
BluSigma Robotics,,Robotics Engineering,2-10 employees,Privately Held,"New Delhi, Delhi, India",India,shadowrobotics.tech,https://www.linkedin.com/company/blusigma-robotics
Gazebo Labs,Gazebo Labs builds AI-powered autonomous robots.,Robotics Engineering,2-10 employees,Privately Held,"Bhubaneshwar, Oregon, India",India,gazebolabs.in,https://www.linkedin.com/company/gazebo-labs
Coren Technologies Pvt. Ltd.,"COREN Technologies Private Limited is a technology company working across education, research & development, manufacturing, and technology services in emerging domains such as drones, robotics, automation, and intelligent systems.

The company focuses on building practical technology ecosystems by combining structured learning programs with real-world engineering systems and product development.

COREN’s first initiative is AEROLABS, a school-based Drone Technology Lab program designed for students from Grade 6 to 10. AEROLABS brings structured drone education into schools through simulator-based training, safe drone flying, and hands-on exposure to real UAV systems and mission planning concepts.

Beyond education, COREN is involved in the design, development, and manufacturing of drone and robotic systems, along with research activities in areas such as autonomous systems, AI, and machine learning.

Through its work in education, product development, and technology services, COREN aims to build future-ready technological capabilities and practical engineering skills for the next generation.",Robotics Engineering,2-10 employees,Privately Held,"Ahmedabad, Gujarat, India",India,corentwchnologies.com,https://www.linkedin.com/company/coren-technologies-pvt-ltd
Pura Robotics,"Cities run on invisible labour. The floors get cleaned. The corridors get sanitised. The public spaces stay usable. Behind all of it are service workers doing repetitive, physically demanding, chronically understaffed jobs that no one is solving at scale.
Pura Robotics is building the physical intelligence layer for the service robots cities need.

Not robots that follow routes. Robots that understand their environment, reason about what needs doing, and take instructions in natural language from anyone, on day one, with zero training. Robots that adapt when the world changes, not just when someone reprograms them.

We are starting with commercial indoor floor cleaning - the highest-volume, highest-labour, most structurally underserved service task in the built environment. Our first robot, Ember, runs foundation models entirely on-device: voice-first, AI-native, built for the mid-market facility chains that enterprise-priced hardware has never reached.

Floor cleaning is the wedge. The ambition is every service robot a city depends on.

Physical intelligence is what makes the difference between a robot that executes and a robot that works.",Robotics Engineering,2-10 employees,Privately Held,"Bengaluru, Karnataka, India",India,purarobots.com,https://www.linkedin.com/company/pura-robotics
Rasalo Technologies,"RaSalo Technologies is an AgriTech and Robotics startup building AI-powered autonomous harvesting solutions for orchards. We combine computer vision, robotics, edge AI, drones, and precision agriculture to help fruit growers improve productivity, reduce labor dependency, and harvest with greater accuracy.

Our mission is to build the Autonomous Orchard—an intelligent ecosystem where robots, sensors, and AI work together to monitor crop health, detect fruit, estimate yield, and automate harvesting. Starting with orchard fruits such as apples, mangoes, kiwis, and citrus, we are developing technology that makes farming more efficient, sustainable, and profitable for growers worldwide.",Robotics Engineering,2-10 employees,Privately Held,"Kolkata, West Bengal, India",India,,https://www.linkedin.com/company/rasalo-technologies
CogRobots,"CogRobots focuses on building practical robotics and AI solutions for real-world use.
We design and develop intelligent systems that combine robotics, automation, and applied artificial intelligence to solve engineering and operational challenges.",Robotics Engineering,Self-employed,Privately Held,"Chennai, Tamil Nadu, India",India,cogrobots.com,https://www.linkedin.com/company/cogrobots
RovrOne Labs,"RovrOne Labs is a deep-tech innovation company building intelligent systems at the intersection of drones, robotics, automation, and digital engineering.

We design, manufacture, and deploy advanced drone platforms and autonomous solutions that solve real-world problems across industries—transforming how data is captured, decisions are made, and operations are executed.

From Drone-as-a-Service (DaaS) and aerial intelligence systems to robotics, EV & battery technology, and digital engineering, RovrOne Labs focuses on creating scalable, reliable, and future-ready technology that delivers measurable impact.

Our approach blends engineering excellence, applied AI, and system-level thinking—ensuring every solution is not just innovative, but practical, compliant, and deployment-ready.

At RovrOne Labs, we believe the future belongs to autonomous systems that think, adapt, and act intelligently—and we’re building that future today.",Robotics Engineering,2-10 employees,Privately Held,"Mumbai, Maharashtra, India",India,rovrone.com,https://www.linkedin.com/company/rovrone-labs
XSPIN Toys,"Perfect for curious minds of all ages, we design and build mechanical model kits and toys that bring the magic of engineering to life.

Our models explore the wonders of gears, motion, and mechanics, turning learning into a fun, hands-on adventure.

We are a small business and your support makes a lot of difference.",Robotics Engineering,2-10 employees,Privately Held,"Hyderabad, TG, India",India,getxspin.com,https://www.linkedin.com/company/xspin-toys
Homobot,,Robotics Engineering,2-10 employees,Self Owned,"Mumbai, Maharashtra, India",India,gmail.com,https://www.linkedin.com/company/homobot
Vyomi,"Vyomi is a comprehensive and innovative smart home technology solution designed to enhance the comfort, convenience, and efficiency of modern living. It encompasses a range of interconnected devices and systems that can be controlled and monitored remotely through a smartphone or other smart devices. By integrating cutting-edge technologies like Internet of Things (IoT), artificial intelligence, and automation, Vyomi offers users the ability to manage various aspects of their home environment, such as lighting, temperature, security, entertainment, and more, from a centralized platform. This creates a seamless and intelligent living experience, contributing to a smarter and more connected world.",Robotics Engineering,2-10 employees,Privately Held,"Lucknow, Uttar Pradesh, India",India,vyomi.in,https://www.linkedin.com/company/vyomi
CAPSULE INDUSTRIES,"Capsule Industries

Agricultural Automatons

Home building, surgical and household next.",Robotics Engineering,2-10 employees,Privately Held,"Hosur, Tamil Nadu, India",India,,https://www.linkedin.com/company/capsuleindustry
AeroVex Labs,"AeroVex Labs focuses on enabling enterprises to operate drones at scale with higher precision, automation and safety. Our technology helps industries such as agriculture, defense, logistics, infrastructure inspection and disaster management achieve smarter and more reliable drone-powered missions.",Robotics Engineering,2-10 employees,Privately Held,"Bengaluru, Karnataka, India",India,aerovexlabs.com,https://www.linkedin.com/company/aerovex-labs
Lab of innovation,,Robotics Engineering,2-10 employees,Self Owned,"Ajmer, Rajasthan, India",India,,https://www.linkedin.com/company/lab-of-innovation
Uneek Robotics,"Uneek Robotics is a technology-focused robotics and drone solutions company based in India.

We specialize in:
 Robotics Projects  
 Drone Development  
 Embedded Systems  
 UAV Integration  
 Drone Survey & Mapping  
 Site Progress Monitoring  
 Custom Automation Solutions  

We work with students, startups, industries, and research teams to develop innovative, practical, and real-world technology solutions.

 Our mission is to make advanced robotics and drone technology more accessible, affordable, and problem-solving for everyone.",Robotics Engineering,Self-employed,Self Employed,"Ahmedabad, Gujarat, India",India,,https://www.linkedin.com/company/uneek-robotics
The Orcas,,Robotics Engineering,2-10 employees,Privately Held,"Bengaluru, Karnataka, India",India,,https://www.linkedin.com/company/the-orcas
DROBOTZ,,Robotics Engineering,2-10 employees,Privately Held,"Coimbatotr, Tamil Nadu, India",India,drobotz.com,https://www.linkedin.com/company/drobotz
Eternity Robotics,We are solving The Automation Gap in AI space by creating the world's first AGI,Robotics Engineering,2-10 employees,Privately Held,"Chandigarh, Chandigarh, India",India,eternitystudios.co.in,https://www.linkedin.com/company/eternity-robotics
XROBOFLY,"Welcome to **xrobofly** – where innovation takes flight!   

At xrobofly, we are passionate about shaping the future of technology by bridging the gap between imagination and reality. As a leading e-commerce platform, we specialize in providing cutting-edge **drones**, **robotics parts**, and **3D printing services** to enthusiasts, professionals, and innovators alike.  

Our mission is to empower creators, engineers, and businesses with the tools they need to bring their ideas to life. Whether you're building the next generation of drones, designing advanced robotics systems, or prototyping with precision through our 3D printing services, xrobofly is your trusted partner in innovation.  

**What We Offer:**  
- **E-Commerce Store:** A curated selection of high-quality drones, robotics components, and accessories.  
- **3D Printing Services:** Customized, rapid prototyping and production to meet your unique design needs.  
- **Robotics Innovation:** A hub for exploring the latest advancements in robotics technology and fostering creativity.  

At xrobofly, we believe in pushing boundaries and inspiring the next wave of technological breakthroughs. Join us on this exciting journey as we revolutionize the world of drones, robotics, and 3D printing.  

Follow our page for updates on new products, industry insights, and stories of innovation. Let’s build the future together!",Robotics Engineering,Self-employed,Self Owned,"Barrackpur-II, West Bengal, India",India,xrobofly.com,https://www.linkedin.com/company/xrobofly
RJS Innovations Pvt Ltd,"""Our mission is to revolutionize the world with groundbreaking projects powered by advanced technology, all at affordable prices. Join us in shaping a brighter future through innovation and accessibility.""",Robotics Engineering,Self-employed,Self Employed,"Ibrahimpatnam, TG, India",India,,https://www.linkedin.com/company/rjs-innovations-pvt-ltd
Tech Assemble,"I have 17 years of experience as Installation and commissiong Engineer on a worldwide basis. I am based in New Delhi, India.
I am looking forward now to work as a freelancer to help companies install and commission machines at their customer sites and provide Service support.
I can perform both mechanical and electrical tasks like levelling machines, wiring.
I have good knowledge in understanding Mechanical and electrical drawings.
In my 17 years of experience i have gained sound knowledge of PLC,s Drives, motors, feedback systems, meterolgy etc.",Robotics Engineering,Self-employed,Self Employed,"New Delhi, Delhi, India",India,techassemble.net,https://www.linkedin.com/company/tech-assemble
Glassfield Infotech Pvt Ltd,"Glassfield Infotech Pvt Ltd is a technology-driven company based in Noida, India, specializing in the distribution of Raspberry Pi, IoT modules, sensors, and robotics components through our dedicated e-commerce platform Aryabot.in
.

We serve as a one-stop destination for engineers, educational institutions, and R&D organizations seeking reliable, high-quality hardware for innovation. Our curated product range covers everything from microcontrollers, embedded boards, and sensors to drone and automation components, enabling seamless prototyping and product development.

Beyond distribution, Glassfield Infotech is actively engaged in AI Vision, Audio Vision, and Machine Vision projects, delivering intelligent solutions for edge computing, real-time analytics, and industrial automation. Our work combines robust hardware with applied artificial intelligence to build smarter, connected systems for the future.

What We Do:
 Distribution of Raspberry Pi, IoT, and Robotics components via Aryabot.in

 Embedded Systems & Edge AI Solutions
 AI Vision, Audio Vision, and Machine Vision R&D
 Product Prototyping and Hardware Integration

At Glassfield Infotech, we’re not just selling components — we’re building the ecosystem for intelligent hardware innovation in India.",Robotics Engineering,2-10 employees,Privately Held,"Noida, Uttar Pradesh, India",India,aryabot.in,https://www.linkedin.com/company/glassfield-infotech-pvt-ltd
JPS & ICONIC,JPS Credit Management & Iconic,Robotics Engineering,2-10 employees,Public Company,"Chennai, Tamil Nadu, India",India,twitter.com,https://www.linkedin.com/company/jps-and-iconic
Inyx Batteries,Inyx Batteries designs and manufactures high performance batteries for Robots and Drone industries.,Robotics Engineering,2-10 employees,Privately Held,"Noida, Uttar Pradesh, India",India,inyxbatteries.com,https://www.linkedin.com/company/inyx-batteries
SHAURYA ROBOTICS,"Shaurya Robotics - drones empowered with artificial intelligence and advanced machine learning to support different requirements like agricultural, defense, surveillance and mapping for the customers.

Drones have undergone third-party lab tests to ensure maximum safety and performance. To deliver unparalleled and reliable performance, drones have undergone variety of lab tests to monitor environmental, EMC and functional tests to meet enhanced business requirements, improve data collection, and offer new horizons in the market.",Robotics Engineering,2-10 employees,Privately Held,"Faridabad, Haryana, India",India,shauryarobotics.com,https://www.linkedin.com/company/shaurya-robotics
Atsn Robotics,"Atsn ai is an AI and robotics company focused on creating Intelligence in Motion by bringing artificial intelligence into the physical world through autonomous robots and intelligent systems.

We build embodied AI systems that can perceive, understand, and interact with real-world environments. Our work spans autonomous robots, intelligent agents, and applied AI solutions designed to solve meaningful real-world problems.

Our core areas include:

• Autonomous Robots and Embodied AI
• AI Agents and Intelligent Automation
• Computer Vision and Perception Systems
• Robotics Software and Hardware Integration
• AI Consultancy and Custom AI Solutions

At atsn ai, we believe the future of AI is not confined to screens. It moves, interacts, and exists in the real world.

That future is Intelligence in Motion.",Robotics Engineering,11-50 employees,Privately Held,"Ahmedabad, Gujarat, India",India,atsnai.com,https://www.linkedin.com/company/atsn-robotics
SWARM Robotics Club,"SWARM Robotics Club is a student community dedicated to exploring the cutting edge of robotics and technology. Join us as we innovate, collaborate, and inspire the next generation of leaders in Robotics.

Follow us for updates, events, and insights into the exciting world of robotics!",Robotics Engineering,11-50 employees,Non Profit,"Guntur East, Andhra Pradesh, India",India,,https://www.linkedin.com/company/swarmkits
Together Solutions Robotics & AI,"A Start Up based out of Kolkata, formed in 2022 developing customized
 solutions for industries in the field of Cleaning & Inspection with the help
 of Robot, Drone & Information Technology",Robotics Engineering,2-10 employees,Partnership,"Bidhannagar, West Bengal, India",India,togethersolutions.co.in,https://www.linkedin.com/company/together-solutions-robotics-ai
ATSN AI,"Atsn ai is an AI and robotics company focused on creating Intelligence in Motion by bringing artificial intelligence into the physical world through autonomous robots and intelligent systems.

We build embodied AI systems that can perceive, understand, and interact with real-world environments. Our work spans autonomous robots, intelligent agents, and applied AI solutions designed to solve meaningful real-world problems.

Our core areas include:

• Autonomous Robots and Embodied AI
• AI Agents and Intelligent Automation
• Computer Vision and Perception Systems
• Robotics Software and Hardware Integration
• AI Consultancy and Custom AI Solutions

At atsn ai, we believe the future of AI is not confined to screens. It moves, interacts, and exists in the real world.

That future is Intelligence in Motion.",Robotics Engineering,11-50 employees,Privately Held,"Ahmedabad, Gujarat, India",India,atsnai.com,https://www.linkedin.com/company/atsn-ai
MuleSoft_RPA@DR_Technologies,"In today's rapidly evolving digital landscape, automation is not just a convenience but a necessity. MuleSoft's RPA capabilities enable businesses to streamline processes, boost efficiency, and drive innovation like never before.",Robotics Engineering,11-50 employees,Privately Held,"Hyderabad, TG, India",India,,https://www.linkedin.com/company/mulesoft-rpa-dr-technologies
Indus Capabilities LLP,Our primary objective is to revolutionize the Refinery and Shipping industries by leveraging robotics for abrasive blasting and painting. Our strategic focus lies in enhancing efficiency and safety while addressing the shortage of skilled manpower in industrial and commercial sectors. A high-tech approach to improving efficiency and safety in the Refinery and Shipping industries using robotics for abrasive blasting and painting could streamline processes and enhance precision.,Robotics Engineering,11-50 employees,Partnership,"Thane, Maharashtra, India",India,indiavetan.com,https://www.linkedin.com/company/indus-capabilities-llp
STEM Infinity Lab Foundation,"We are a Section 8 non-profit organization dedicated to transforming STEM (Science, Technology, Engineering, and Mathematics) education in India. Our goal is to bridge the gap between traditional learning and modern innovations by providing accessible, hands-on, and futuristic education to students of all ages.

Our Mission
Empower young minds with critical thinking, problem-solving, and technological skills.

Innovate through interactive workshops, STEM labs, and teacher training.

Collaborate with schools, industry leaders, and government initiatives.

Reach underserved communities with quality STEM education for all",Robotics Engineering,2-10 employees,Non Profit,"Kanpur, Uttar Pradesh, India",India,steminfinity.in,https://www.linkedin.com/company/stem-infinity-lab-foundation
Team Proboticists,"We build robots, participate in different level competitions, conduct research in emerging robotics domains and incubate high-potential projects towards start-ups.",Robotics Engineering,11-50 employees,Public Company,"Kharagpur, West Bengal, India",India,,https://www.linkedin.com/company/team-proboticists
Dinobots-KIET,"Welcome to the Robotics Club! .
We are a passionate community of students dedicated to exploring the exciting world of robotics. Our mission is to inspire innovation, foster collaboration, and develop hands-on skills through workshops, competitions, and projects. Whether you're a beginner or an experienced builder, join us to connect, create, and conquer the challenges of robotics together!",Robotics Engineering,11-50 employees,Educational,"Modinagar, Uttar Pradesh, India",India,,https://www.linkedin.com/company/dinobots-kiet
Robotics Inspired by Nature,"Robotics Inspired by Nature

We are pioneering the future of robotics by drawing inspiration from the elegance and efficiency of the natural world. Our mission is to design and develop innovative, bio-inspired robotic solutions that redefine the boundaries of technology. From mimicking the agility of animals to replicating the resilience of ecosystems, we create sustainable and adaptive technologies for real-world challenges. Join us as we bridge the gap between nature and engineering to shape a smarter, more sustainable future.",Robotics Engineering,2-10 employees,Self Owned,"Serilingampalli, Telangana, India",India,,https://www.linkedin.com/company/robotics-inspired-by-nature
"Radio Control Club, BITS Pilani","Radio Control Club is a club at Birla Institute of Technology and Science, Pilani dedicated to all things RC. We are a team of aviation enthusiasts who love building drones and planes and as well as flying them.",Robotics Engineering,11-50 employees,Non Profit,"Pilani, Rajasthan, India",India,,https://www.linkedin.com/company/rc-club-bits-pilani
OpenBot,"At OpenBot, we are building a completely open source AI robotics ecosystem. From low-cost hardware to state-of-the-art foundation models, training pipelines, and developer tools, OpenBot has what you need for your next Physical AI Robot.",Robotics Engineering,2-10 employees,Self Owned,"Bengaluru, Karnataka, India",India,openbot.co.in,https://www.linkedin.com/company/openbot-co-in
OriginOfBots,"Origin Of Bots is a robots-first platform where robotics is not a category—it is our DNA.

We focus exclusively on robots, covering everything from humanoid robots and service robots to drones and consumer robotics. Beyond tracking and reviewing robots, we actively work on secondary development, integrations, and real-world deployment support.

We help customers and organizations:

Select the right robot based on real use cases and operational needs

Understand robot capabilities beyond specifications

Customize, integrate, and extend robot functionality through secondary development

Evaluate robots for practical, commercial, and industrial applications

By combining structured robot data, hands-on insights, and applied robotics expertise, Origin Of Bots bridges the gap between robot manufacturers and real-world users.

As robots move from experimentation to large-scale adoption, Origin Of Bots is built to support the entire lifecycle—from discovery and evaluation to deployment and improvement.

 https://www.originofbots.com",Robotics Engineering,11-50 employees,Privately Held,"Noida, Uttar Pradesh, India",India,originofbots.com,https://www.linkedin.com/company/originofbots
Robocoz Tech Solutions,"A certified expert company in electronics, robotics, drone technology, and embedded systems with over 4 years of experience. We provide Electronics & Automation services with professional engineers and our experts. ""We provide electronic and automation services tailored to your specific requirements, and we can help you build your own projects.",Robotics Engineering,2-10 employees,Public Company,"Pune, Maharashtra, India",India,robocoz.in,https://www.linkedin.com/company/robocoz-tech-solutions
Sentiac,"Building software for machines that Sense, Think and Act.",Robotics Engineering,2-10 employees,Self Owned,"Bengaluru, Karnataka, India",India,sentiac.com,https://www.linkedin.com/company/sentiac
GroRobotics Innovations Pvt Ltd,"GroRobotics is building the future of agriculture by transforming farming operations into intelligent, autonomous systems powered by AI and robotics. We help commercial farms, greenhouse operators and agri enterprises move beyond manual, guess based decisions by bringing precision, consistency and automation into everyday operations. Our solutions continuously monitor crop needs and automatically optimize inputs, reducing resource usage while improving yield and quality. 

By enabling data-driven, self-learning farming systems, GroRobotics helps reduce fertilizer use, save water and lower operational effort. Our mission is to create farms that think, learn and grow autonomously.",Robotics Engineering,11-50 employees,Privately Held,"Bengaluru, Karnataka, India",India,grorobotics.com,https://www.linkedin.com/company/grorobotics
Metx Robotics,"Metx Robotics Started as a vision for excellence to create an unparalleled teaching experience in the field of Robotics under the insight of CEO & Director Mr. Shashank Mathur.

 Mr. Shashank Mathur has been working in the field of Robotics from 2005 and has since then created a huge variety of Robot’s. He has also invented the First Indian Wireless Welding Controller which can be customized to fit in any Existing/New Welding Machine and also pioneered the first ever Annual Robotics Workshop in India for M.B, High School in Mumbai, India in 2011

 He has worked on designing the Entire Working Cycle Contraption for the Visa Cycle Generator Debit Card Advertisement Shot in Sonemarg, Kashmir August 2012,which also bagged the Best Shot Ad for 2012.

 He has conducted many private and regular workshops with students from Maneckji Cooper, A.V.M School, Podar School,Oberoi International School, CNM School,Greenlawns High School, Jamnabai Narsee School from 2011 along with workshops in Engineering colleges such as L.T College Of Engineering in Navi Mumbai and A.C.Patil College Of Engineering in Kharghar in 2010 and has recently Sponsored the Annual Biomedical Event WBC & also organized a workshop on Robotics with Watumull College of Engineering in Worli.

 Currently he is involved in providing proprietary Robotics education & setting Robot labs in esteemed institutions and bringing interested schools and individuals together for the same.

 His company Metx Robotics a Proprietorship Firm provides consultation and customized design solutions for Industrial Automation, Professional Mobile Robotics, Customized Robotics Workshops and Surveillance Robotics. 

 They conduct a variety of workshops for Students from 1st Std to Engineering Level Students & also special Corporate workshops using Robotics as a tool to promote team work co-ordination.",Robotics Engineering,11-50 employees,Educational,"Mumbai, Maharashtra, India",India,metxrobotics.com,https://www.linkedin.com/company/metx-robotics
Robotics Club GEC Palakkad,"The Robotics Club of Government Engineering College, Palakkad, is a student-driven hub of innovation and creativity. We design, build, and program robots, exploring fields like IoT, AI, and automation. Through workshops, projects, and competitions, we provide hands-on learning and foster collaboration.

From crafting autonomous systems to tackling real-world challenges, we turn ideas into reality. Join us as we shape the future of technology, one robot at a time!

#RoboticsClub #Innovation #Automation #GECPalakkad #TechCommunity",Robotics Engineering,201-500 employees,Non Profit,"Palghat, Kerala, India",India,,https://www.linkedin.com/company/roboticsclubgecpkd
ReOps Intellitech Inc.,"Backed by IIT Bombay, ReOps Intellitech is a DPIIT-recognised deep-tech robotics startup focused on building systems that operate in environments humans and traditional robots cannot safely access.

We develop mobility-first robotic platforms designed for disaster response and critical infrastructure inspection: particularly in confined, unstable, and hazardous environments.

Our work centers around one core principle:
critical decisions should not be made without clear situational awareness.

From urban search and rescue operations to pipeline inspection and gas-leak assessment, our systems are engineered to provide real-time visibility in environments where access is limited and risk is high.

Our flagship platform, BIROS, features a snake-like articulated structure optimized for navigating cluttered, collapsed, and confined spaces where conventional wheeled or tracked robots fail. The focus is not autonomy for its own sake but dependable access, controlled deployment, and actionable visual intelligence.

We operate at the intersection of robotics engineering, systems architecture, and field deployment - building technology that supports human judgment rather than replacing it.

ReOps Intellitech is committed to advancing safe, reliable robotics for governments, infrastructure operators, and emergency response agencies worldwide.

Because in high-risk environments, visibility should come before intervention.",Robotics Engineering,2-10 employees,Privately Held,"Mumbai, Maharashtra, India",India,reopsintellitech.com,https://www.linkedin.com/company/reops-intellitech-inc
LINEAR ROBOTICS AND AUTOMATION,"Linear Robotics is privately based company, Our 
objective is to meet the high market demands for 
increasing production effectiveness, product 
quality, usability, ease of integration, and a 
favourable return on your investment.",Robotics Engineering,2-10 employees,Partnership,"Pune, Maharashtra, India",India,linearrobotics.in,https://www.linkedin.com/company/linear-robotics-and-automation
Team Srishti,"Team Srishti is the leading robotics team at Mar Athanasius College of Engineering (MACE), bringing together brilliant undergraduate students from various departments. Our success stems from a blend of multidisciplinary knowledge, creativity, and teamwork as we continuously refine and enhance our rover and drone. Join us as we proudly represent MACE and India on the world stage, showcasing groundbreaking technology design and unmatched collaboration.",Robotics Engineering,11-50 employees,Self Employed,"Kochi, Kerala, India",India,,https://www.linkedin.com/company/team-srishtimace2025
Pydart Intelli Corp,"We focus on crafting intelligent machines and smart automation systems.
We integrate Robotics, AI, and IoT to build connected, efficient, and future-ready solutions for the modern world",Robotics Engineering,2-10 employees,Privately Held,"Kanayannur, Kerala, India",India,pydart.in,https://www.linkedin.com/company/pydart-intelli-corp
nolon ai,,Robotics Engineering,2-10 employees,Privately Held,"Bengaluru South, Karnataka, India",India,nolon.ai,https://www.linkedin.com/company/nolon
NIST ROBOTICS CLUB (NRC),"The Robotics Club at NIST University aims to foster a creative and collaborative environment where students can explore, learn, and innovate in the field of robotics. The club empowers students with practical knowledge and hands-on experience in designing, building, and programming robots, while fostering a passion for technology and engineering. It provides opportunities for skill development through workshops and training sessions on robotics, coding, electronics, and mechanical design. Members are encouraged to work on innovative projects, participate in national and international competitions, and engage in research involving emerging technologies such as AI and IoT. The club also promotes teamwork, organizes guest lectures and industry visits, and fosters an inclusive environment welcoming students of all backgrounds, from beginners to experts. Through outreach activities, the Robotics Club inspires younger students and spreads awareness about robotics in the community, contributing to a culture of technological innovation.",Robotics Engineering,11-50 employees,Educational,"Brahmapur, Oregon, India",India,vercel.app,https://www.linkedin.com/company/nist-robotics-club-nrc
DROBONATION,"Welcome to DROBONATION – Powering the Sky, Fueling Innovation 

At DROBONATION, we are passionate about empowering drone enthusiasts, professionals, and innovators across industries with cutting-edge drone technology and robotic solutions.",Robotics Engineering,2-10 employees,Self Owned,"Agra, Uttar Pradesh, India",India,drobonation.com,https://www.linkedin.com/company/drobonation21
Automatrix Robotics,"ROBOTICS FOR MANKIND - Robotics Advancing mankind's potential through innovation, automation, and technology, shaping a brighter future for all.",Robotics Engineering,11-50 employees,Privately Held,"Bhubaneshwar, Odisha, India",India,automatrixrobotics.com,https://www.linkedin.com/company/automatrix-robotics
Ekatva Technovation,"Ekatva Technovation builds cutting-edge, AI-powered robotic solutions that redefine precision, speed and efficiency in manufacturing and automation. Our systems combine advanced computer vision, adaptive motion-planning and predictive maintenance to help industries scale up production, reduce errors, and maximize uptime. With a commitment to quality and innovation, we don’t just supply robots — we offer end-to-end automation partnerships that deliver long-term value.",Robotics Engineering,11-50 employees,Partnership,"Ahmedabad, Gujarat, India",India,ekatvatechnovation.com,https://www.linkedin.com/company/ekatva-technovation
ROBOTICS LAB @KIET,"Our Robotics Lab is a space for students to explore the world of robotics through hands-on learning and practical experience. We design, build, and test robots for various applications, encouraging creativity and innovation. The lab supports projects in automation, AI, and control systems, helping students turn ideas into real working models. It’s a collaborative environment where learning happens by doing.",Robotics Engineering,11-50 employees,Educational,"Tallarevu, Andhra Pradesh, India",India,,https://www.linkedin.com/company/robotics-lab-kiet
Husoro.,"Established in 2024, Husoro is a deep-tech company dedicated to advancing the field of unmanned robotics. Our mission is to protect human lives and transform critical operations through intelligent, reliable, and purpose-driven robotic systems.

Built on a strong foundation of in-house research and development, HUSORO combines expertise in AI, autonomy, and advanced sensing to deliver technologies that are both robust and future-ready.

With a clear focus on innovation, precision, and real-world impact, HUSORO is shaping the next generation of robotic solutions where technology serves humanity with trust, adaptability, and purpose.
At Husoro, we believe technology should serve humanity, not just convenience. Our mission is to create smart, adaptable, and purpose-driven machines that operate across industries from agriculture to space and beyond.",Robotics Engineering,2-10 employees,Privately Held,"Serilingampalli, TG, India",India,husoro.com,https://www.linkedin.com/company/husoro-technologies
tolasing robotics,"WHAT WE DO?

High-Impact Robotics: 
We design AI-powered systems that enhance warehouse efficiency, reduce errors, and improve                          safety. Our robots perform reliably, regardless of connectivity.

Process Optimization: 
Our solutions automate complex tasks, streamline operations, and lower costs.

Supply Chain Excellence: 
We optimize the flow of goods, ensuring faster delivery and reduced lead times.

OUR COMMITMENT:

Innovation Leadership: 
We are at the forefront of warehouse automation, creating groundbreaking on-device AI technologies.

Customer Focus: 
We actively showcase our prototypes, gather feedback, and tailor solutions to meet real business needs.

Uncompromising Quality: 
Our journey is personal, driving us to develop products that truly resonate with the market.

Let's Transform Your Warehouse! Ready to optimize your warehouse operations?

Contact us to discover how our AI-driven solutions can drive your business forward.",Robotics Engineering,2-10 employees,Privately Held,"Puducherry, Puducherry, India",India,,https://www.linkedin.com/company/tolasing-robotics
TALENTRONICS INFOTECH,"Talentronics Infotech is a technology-driven innovation company specializing in Robotics, Drones, Artificial Intelligence, IoT solutions, and Government-grade automation systems. We design, develop, and deliver high-performance technology solutions that transform industries and enable intelligent, efficient, and future-ready operations.

With a strong team of engineers and domain experts, we offer end-to-end services from research & product development to large-scale deployment and technical consulting. Our customized automation and intelligent system integrations empower businesses, institutions, and public sector organizations to solve real-world challenges with precision and reliability.

At Talentronics Infotech, we are committed to innovation, quality engineering, and practical impact. We partner with clients to bring advanced technologies to life — building smarter environments, safer systems, and scalable solutions for tomorrow’s world.

Core Expertise
• Autonomous Robotics & Industrial Automation
• Drone technology for surveillance, mapping & delivery
• AI-powered analytics & automation systems
• IoT-based smart solutions & infrastructure integration
• Research, prototyping & custom engineering development

Our Vision
To create technology that elevates human capabilities and shapes a smarter, sustainable future.

Our Mission
Deliver innovative, reliable and scalable tech solutions that solve real-world problems and accelerate digital transformation.",Robotics Engineering,11-50 employees,Partnership,"Bengaluru, Karnataka, India",India,talentronicsinfotech.in,https://www.linkedin.com/company/talentronics-infotech
Aryatronix Private Limited,"Aryatronix is a  robotics and unmanned systems company specializing in designing, manufacturing, and assembling advanced robotics solutions, including UAVs, UGVs, integrated with Artificial Intelligence and Machine Learning technologies. We aims to create cutting-edge autonomous systems that transform industries and redefine possibilities.",Robotics Engineering,2-10 employees,Privately Held,India,India,,https://www.linkedin.com/company/aryatronix-private-limited
Team Trixanth,"Team Trixanth is a team of enthusiastic students who are interested in different fields and are constantly working on real-world problems.
We are a passionate and innovative team from Dayananda Sagar University, actively working on cutting-edge technologies and engineering solutions. Our team is composed of highly motivated students specializing in aerospace, artificial intelligence, electronics, and mechanical engineering. With a shared vision of pushing the boundaries of technology, we aim to create impactful solutions in the field of space exploration and rover development.

Find us on Insta: https://www.instagram.com/team_trixanth.dsu/
Subscribe our YouTube: https://www.youtube.com/@Trixanth",Robotics Engineering,11-50 employees,Non Profit,"Ramanagara, Karnataka, India",India,github.io,https://www.linkedin.com/company/team-trixanth
Charmzz Techs,"At Charmzz Techs, we transform ideas into cutting-edge technology solutions. Founded by Jaiwin Sam, a visionary robotic engineer, in Coimbatore in 2017, we initially focused on developing innovative projects for students and individuals. 
Our commitment to excellence led to our official registration as a private limited company in London in 2023. Since then, we have expanded our team to 53 talented professionals across the globe, delivering successful projects in robotics, software development, and more.

Our Services:

Research and Development: Turning visionary concepts into practical solutions with thorough research and innovative prototyping.

Software Development: Creating custom software applications tailored to meet the unique needs of our clients.

Web Design and Development: Designing and developing responsive, user-friendly websites that enhance user experience and drive engagement.

Mobile App Development: Crafting intuitive and functional mobile applications for iOS and Android platforms.

Robotics and Automation: Developing advanced robotic systems and automation solutions that streamline processes and boost efficiency.

Data Science and Machine Learning: Leveraging data analytics and machine learning to drive informed decision-making and predictive insights.

IT Support Services: Providing comprehensive IT support to ensure seamless operations and minimal downtime.

Our Mission:
To empower businesses and individuals by providing innovative technology solutions that drive growth, efficiency, and transformation.

Our Vision:
To be a global leader in technology innovation, recognized for our excellence in research, development, and delivery of cutting-edge solutions.

Why Choose Us:
Contact us and know more ...

#charmzztechs #innovation #invent #GlobalTech #Technology #Gadget",Robotics Engineering,11-50 employees,Privately Held,"Papanasam, Tamil Nadu, India",India,charmzztechs.com,https://www.linkedin.com/company/charmzz-techs
SimuCode,"About SimuCode
Stop fighting your environment. Start building robotics.

At SimuCode, we believe the biggest barrier to robotics innovation isn't the complexity of the math—it's the ""Setup Tax."" Most engineers spend days configuring Linux partitions, Docker containers, and ROS2 dependencies before they can write a single line of control logic.

We built SimuCode to kill ""Setup Hell"" once and for all.

SimuCode is a cloud-native IDE and simulation platform that brings the entire ROS2 stack to your browser. No installation. No hardware overhead. No 3-day configuration nightmares. Just your code, a live simulation, and instant results.

What We Offer:
 Zero-Friction Learning: Go from a blank script to a running ROS2 node in under 15 seconds.

 Industry-Standard Curriculum: A growing library of 190+ problems covering everything from Basic Pub/Sub to EKF Sensor Fusion and A* Path Planning.

 Pro Debugging Tools: Integrated live rqt_graph visualization, real-time Hz frequency monitoring, and built-in diagnostic logging.

 Global Impact: Join a community of 2,250+ engineers and students mastering the autonomous systems of tomorrow.

Our Mission:
We are democratizing robotics education. Whether you are a student at a university without a high-end lab or a senior engineer prototyping a new autonomous mobile robot (AMR), SimuCode provides the professional-grade tools you need to move faster.

The future of robotics shouldn't be delayed by a ""Connection Timed Out"" error.

Join us at SimuCode and focus on what actually matters: The Logic.",Robotics Engineering,Self-employed,Privately Held,"Bengaluru North, Karnataka, India",India,simucode.online,https://www.linkedin.com/company/simucode
BotDyNax Private Limited,"BotDyNax is a robotics and automation company dedicated to developing autonomous robots and intelligent automation solutions. We specialize in designing and building robots that can navigate, perceive, and interact with their environment to perform real-world tasks efficiently. By combining AI, IoT, embedded systems, and advanced robotics, we create innovative technologies that enhance productivity, safety, and convenience across homes, industries, and commercial spaces. Our mission is to make autonomous robotics accessible and impactful for everyday life.",Robotics Engineering,2-10 employees,Privately Held,"Sonipat, Haryana, India",India,botdynax.com,https://www.linkedin.com/company/botdynax-privated-limited
Yantrika,"The Robotics Club is a vibrant hub of innovation and passion, where dedicated individuals come together to explore the limitless possibilities of automation and artificial intelligence. Our members, ranging from tech aficionados to creative thinkers, tirelessly collaborate on cutting-edge projects. With a fervor that knows no bounds, we diligently design and build robots that push the boundaries of technology. We're not just a club; we're a dynamic community where enthusiasm reigns supreme. From coding intricate algorithms to soldering wires with precision, our hardworking team embodies the spirit of continuous learning and achievement. Join us in crafting the future, one robot at a time.",Robotics Engineering,11-50 employees,Non Profit,"Vasai, Maharashtra, India",India,,https://www.linkedin.com/company/team-yantrika
IEEE Robotics and Automation Society BMSIT&M,,Robotics Engineering,51-200 employees,Educational,"Bengaluru, Karnataka, India",India,github.io,https://www.linkedin.com/company/rasbmsit
PRAYOG INDIA ROBOTICS,"PRAYOG INDIA ROBOTICS is empowering the next generation with hands-on learning in Robotics, AI, IoT, and Drone Technology.
We turn ideas into innovation through practical STEM education and real-world projects.
Building future-ready innovators with passion, technology, and purpose.",Robotics Engineering,2-10 employees,Educational,"Ranchi, Jharkhand, India",India,prayogindia.in,https://www.linkedin.com/company/prayog-india-robotics
TECHTOGREEN DRONE & ROBOTICS PRIVATE LIMITED,"Techtogreen Drone & Robotics Pvt. Ltd. (DPIIT certified) is focused on advanced drone and robotics technologies. We collaborate with organizations such as the AP Greening & Beautification Corporation and Police Department, Mangalagiri, and have received LoI from them for working on different AI integrated drone and robotics related projects. The company has received multiple funding support and has developed several patented technology in drone and robotics solutions addressing societal challenges. Our key innovation includes a unique AI-powered precision farming with drone, dual spraying drone (Patent Granted), an AI/ML and machine vision-based system for real-time monitoring of high-tension power lines, automotive robots for different societal applications etc. We have also been recognized with top awards at various national-level competitions. email: techtogreen02@gmail.com",Robotics Engineering,2-10 employees,Privately Held,"Kolkata, West Bengal And Amaravati, Andhra Pradesh, India, India",India,techtogreen.com,https://www.linkedin.com/company/techtogreen
vijAI Robotics Pvt Ltd,"vijAi Robotics is at the forefront of the AI and ML revolution, dedicated to transforming industries with innovative and reliable solutions. Our commitment to excellence and cutting-edge research drives us to create systems that not only perform exceptionally but also ensure the highest standards of security and reliability.
Our mission is to lead in data science education, research, and application. We aim to equip individuals and organizations with cutting-edge skills and knowledge, fostering innovation and addressing real-world challenges. We are dedicated to promoting data literacy, inclusive, and excellence, ensuring our work contributes to a smarter, more sustainable future.",Robotics Engineering,2-10 employees,Privately Held,"Haldwani, Uttarakhand, India",India,vijai.info,https://www.linkedin.com/company/vijai-robotics-pvt-ltd
B.E.I TECHNOLOGIES,"BEI Technologies is an engineering solutions company delivering advanced Die Casting, Robotics, and Automation solutions to the Die Casting industry.

We provide comprehensive machine and technology solutions for High Pressure Die Casting (HPDC) and Low Pressure Die Casting (LPDC) by thoroughly understanding customer requirements and aligning them with the most effective and reliable systems. Our capabilities include end-to-end project execution, from solution conceptualization to system integration and process optimization.

Our expertise in Robotics & Automation supports intelligent manufacturing through automated handling, improved process control, and seamless integration within modern production environments. We also offer a complete range of peripherals and auxiliary equipment, customized to meet demanding performance and quality expectations.

At BEI Technologies, we are driven by engineering excellence, precision, and a customer-centric approach, supporting manufacturers across India in building efficient and future-ready operations.",Robotics Engineering,11-50 employees,Privately Held,"Faridabad, Haryana, India",India,beitechnologies.in,https://www.linkedin.com/company/b-e-i-technologies
Keralatoys Pvt Ltd,"We create AI-powered toys and board games, offering multilingual and multicultural education for both young and old.",Robotics Engineering,2-10 employees,Privately Held,"Thiruvananthapuram Taluka, Kerala, India",India,ktoys.in,https://www.linkedin.com/company/keralatoys-pvt-ltd
Mech Squad Robotics,"Welcome to Mech-Squad - Empowering Indian Industries with Precision and Power! 

At Mech-Squad, we're more than just a supplier; we're your strategic partner in industrial excellence.  Explore our YouTube channel to embark on a journey into the world of top-notch Industrial Components, Bearings, Pneumatics, Motors, Controllers, and Drives that drive the heart of Indian Industries.

Discover the powerhouse behind India's industrial prowess! Mech-Squad stands as a beacon of Safety, Quality, Reliability, Efficiency, Innovation and Productivity. We specialize in providing a diverse range of industrial solutions from New Panels to Robots, Service, and Repair adding value at every touch point to help customers realize the most value from their investment. We offer a variety of products and services designed to elevate your operations so that we can best address the business needs of our Industrial Customers.",Robotics Engineering,11-50 employees,Self Owned,"Sahibzada Ajit Singh Nagar, Punjab, India",India,mech-squad.co.in,https://www.linkedin.com/company/mech-squad
Kasperob Robotics,"At Kasperob, we specialize in cutting-edge Robotics and Automation solutions designed to meet the demands of today's technological landscape. Our commitment to excellence is reflected in our high-quality, expertly engineered products, tailored to deliver innovative and reliable results.

We offer a range of services, from custom solutions to consulting for R&D projects, ensuring that our clients receive the most effective and efficient automation strategies. Whether you're looking for bespoke robotic systems or expert guidance, Kasperob is your trusted partner in advancing technology.

Explore how we can elevate your automation capabilities and drive your success in this rapidly evolving field.",Robotics Engineering,2-10 employees,Privately Held,"Trivandrum, Kerala, India",India,kasperobrobotics.com,https://www.linkedin.com/company/kasperob-robotics
GreySkale Robotics,"Greyskale Robotics was built with the intention of wanting to do something better in this rapidly changing industry, we are four engineering undergrad students trying to make a difference by learning, teaching, collab and more! We attend expos, hackathons and other events and share our journey! feel free to connect with us!",Robotics Engineering,2-10 employees,Educational,"Kochi, Kerala, India",India,netlify.app,https://www.linkedin.com/company/greyskale-robotics
ASME Student Chapter: Shiv Nadar Institution of Eminence,"Welcome to the official LinkedIn page of the ASME Student Chapter at Shiv Nadar Institution of Eminence! 

Our chapter is dedicated to empowering students in mechanical engineering through hands-on experiences and professional development. We offer a dynamic platform for students to engage in national and international competitions, gain practical knowledge through technical workshops, and stay updated with the latest trends via seminars and guest lectures from distinguished professionals. Additionally, our networking events provide opportunities to connect with peers, alumni, and industry leaders, fostering valuable relationships and career exploration. Join us and be part of a vibrant community that champions innovation, creativity, and excellence in mechanical engineering. Let's engineer a better future together!",Robotics Engineering,11-50 employees,Privately Held,"Dadri, Uttar Pradesh, India",India,,https://www.linkedin.com/company/asme-student-chapter-shiv-nadar-institution-of-eminence
ViTachyon Robotics,Building Robots for Diagnostics,Robotics Engineering,2-10 employees,Privately Held,"Hauz Khas, Delhi, India",India,vitachyonrobotics.in,https://www.linkedin.com/company/vitachyonrobotics
Team Vegavath PESU,"Team Vegavath is the official student innovation club of PES University, Electronic City Campus (PESU ECC). Founded by our Mechanical Engineering seniors as a racing team, Vegavath has now evolved into a multi-domain student community that brings together passionate minds from Computer Science and Electronics backgrounds with a passion for automotives and robotics . We work at the intersection of automation and coding , exploring robotics , automotive engineering , embedded systems and programming.",Robotics Engineering,51-200 employees,Educational,"Bengaluru, Karnataka, India",India,netlify.app,https://www.linkedin.com/company/team-vegavath-pesu
Retro Robotix Pvt Ltd,"At Retro Robotics, we are transforming the garment manufacturing landscape through intelligent, purpose-built automation. As the first company in India to introduce a linear-function robotic system in a garment printing unit, we’re setting new standards in precision, consistency, and productivity. Our solutions are designed specifically for textile production, addressing long-standing challenges in speed and scalability. By integrating advanced robotics into traditional workflows, we help manufacturers move toward smarter, more reliable operations.

Our mission is to drive the future of Indian manufacturing by reducing manual effort and enabling seamless, tech-driven processes. We believe automation is not just about replacing tasks — it's about elevating the entire ecosystem. With every deployment, we aim to empower industries to work faster, cleaner, and smarter. At Retro Robotics, we’re not just building machines — we’re building a new era of efficiency and innovation.",Robotics Engineering,2-10 employees,Privately Held,"India , Tamil Nadu, India",India,retrorobotix.com,https://www.linkedin.com/company/retro-robotix
StuTem Labs,"StuTem Labs teaches students online through live classes, recorded courses, hands-on kits, and mentorship. We are a skill building platform for curious students and supportive parents who want practical STEM, not passive screen time.
Start Learning",Robotics Engineering,2-10 employees,Privately Held,"Noida, Uttar Pradesh, India",India,stutem.com,https://www.linkedin.com/company/stutem-labs
Dezors,"Dezors is an emerging AI and technology company building intelligent systems that amplify human potential. Guided by research and creativity, we aim to redefine how humans interact with technology and move beyond automation toward purposeful innovation.

Contact Us: dey@dezors.com | sarkar@dezors.com",Robotics Engineering,11-50 employees,Privately Held,"Gurugram, Haryana, India",India,dezors.com,https://www.linkedin.com/company/dezors
BRET Innovations,"At Bret Innovations, we are committed to revolutionizing education through hands-on robotics and STEM learning solutions for K-12 students. We design and deliver cutting-edge robotics labs tailored for schools, aiming to spark creativity, boost problem-solving skills, and inspire innovation in young minds.

Our solutions are aligned with NEP 2020 and designed to promote 21st-century skills—including coding, electronics, AI, and design thinking—through engaging, experiential learning. Whether you're a school, educator, or institution looking to empower your students with future-ready tech skills, Bret Innovations is your trusted partner in creating the next generation of tech leaders.",Robotics Engineering,2-10 employees,Privately Held,"Purnia, Bihar, India",India,bretinnovations.com,https://www.linkedin.com/company/bret-innovations
TEAM SPHINX,"Team Sphinx || Sanjivani College of Engineering, Kopargaon ||",Robotics Engineering,11-50 employees,Educational,"Kopargaon, Maharashtra, India",India,teamsphinx.in,https://www.linkedin.com/company/team-sphinx
Peribott Dynamic LLP,"Peribott Dynamic LLP builds production-grade autonomous mobile robots 
for warehouses, hospitals, and manufacturing facilities across India.

Our flagship product — the devibot AMR — is a full-stack autonomous 
mobile robot built entirely in-house. From STM32 firmware and CANopen 
motor control to ROS2 Jazzy navigation, touchscreen kiosk dashboard, 
and cloud fleet management. Every layer. Zero external dependencies 
for on-site operation.

What makes devibot different:
→ Boots to operational in under 90 seconds. No SSH. No manual steps.
→ One-tap waypoint navigation. Operators need zero technical knowledge.
→ Works without internet — air-gapped factories, hospital basements, no problem.
→ Fleet management platform for multi-robot deployments from anywhere.

Built in Hyderabad, India. Designed for the realities of Indian 
manufacturing and healthcare environments — not adapted from a 
foreign product.

Industries we serve:
Warehousing · Manufacturing · Hospitals & Healthcare · Retail · Hospitality

Contact: info@peribott.com · www.peribott.com",Robotics Engineering,2-10 employees,Partnership,"Hyderabad, TG, India",India,peribott.com,https://www.linkedin.com/company/peribott
AssistAI Labs,"AssistAI Labs is an innovative startup concept driven by a team of passionate final-year college students. We are dedicated to transforming the way people manage their household tasks through the power of artificial intelligence and robotics. Our mission is to design and develop intelligent robots that can automate major household chores without human interference, making life simpler and more efficient.",Robotics Engineering,2-10 employees,Self Employed,"New Delhi, Delhi, India",India,github.io,https://www.linkedin.com/company/assistailabs
Freak Engineer,"My business is dedicated to providing electronic project components and IoT project components to students at the best rates and with the highest available quality. We also offer component kits that can assist students by eliminating the need to search for individual components. These kits serve as a starting point for learners interested in the field of electronics, fostering their journey as hobbyists.

We accomplish this through both retailing and manufacturing. Components will be easily accessible to students across India via various e-commerce platforms. This initiative aims to enable students to commence their learning at an earlier stage, thereby directly contributing to the country's growth in the field of electronics.",Robotics Engineering,Self-employed,Self Owned,"Jamshedpur, Jharkhand, India",India,freakengineer.com,https://www.linkedin.com/company/freak-engineer
VIHANG DRONE CLUB,,Robotics Engineering,11-50 employees,Self Employed,"Shegaon, Maharashtra, India",India,,https://www.linkedin.com/company/vihang-drone-club
AUTO BOTS PVT.LTD,"We are a leading Automation and Robotics Solutions Provider, dedicated to transforming industries with advanced technology and efficient, cost-effective solutions. Located in the industrial hub of MIDC, Bhosari, Pune, we have been a trusted partner for businesses since 2023. Specializing in System Integration and Automation, we offer turnkey solutions that cover everything from design and development to installation and commissioning, ensuring seamless project execution and operational efficiency.
Our Expertise:
Controls:
1. PLC Programming: Expertise in Mitsubishi, Siemens, Allen Bradley, and Delta PLCs
2. Control Panel Manufacturing
3. Machine Vision Systems
4. SCADA Systems
5. IoT Solutions
6. Line Traceability & Data Logging
7. Mobile & Android App Integration for System Alerts
8. QR/Barcode Printing Solutions
9. Error Proofing & Mistake Proofing
10. System Integration Services

Robotics:
1. 6-Axis Robots: Integration of Fanuc, Yaskawa, Kuka, Yasaka, etc.
2. Igus Delta Robots: 2-axis & 3-axis models
3. Gantry Systems: 2-axis & 3-axis robotic solutions
4. Applications: Pick & Place, Handling, Machine Tending, Packaging, Dispensing
5. Robot Programming & Integration

Automation Projects Integration:
1. Pick & Place Systems
2. Automated Dispensing Systems
3. End-of-Line Testing Systems
4. NDT Manipulators for X-ray Systems
5. Assembly Line Machines
6. Testing Systems
7. Machine Vision Integrated Solutions
8. Press Automation Systems

Industries We Serve:
1. Automotive Industry
2. Pharma Industry
3. Food Industry
4. Medical Industry
5. Chemical and Plastic Industry
6. Toys Industry
7. Electronics Industry

We have successfully executed projects for both domestic and international markets, with a strong presence in India, US, and UAE.
We empower industries by streamlining operations, improving productivity, and reducing downtime through automation and robotics.",Robotics Engineering,11-50 employees,Privately Held,"Haveli, Maharashtra, India",India,autobotsltd.com,https://www.linkedin.com/company/auto-bots-pvt-ltd-company
Team Equinox,"We are proud to be part of aBAJA SAEINDIA, a national-level autonomous vehicle competition that challenges engineering students to design, build, and test an off-road buggy capable of Level 2 autonomy and beyond.

We aim to develop an autonomous all-terrain vehicle capable of intelligent decision-making, obstacle avoidance, and safe navigation in unstructured environments.

Core Capabilities of Our aBAJA Vehicle:
• Lane Keeping Assist (LKA)
• Adaptive Cruise Control (ACC)
• Autonomous Emergency Braking (AEB)
• Obstacle Detection 
• Real-time Path Planning and Navigation

System Architecture Highlights:
• Onboard Processor: NVIDIA Jetson Orin Nano for AI & perception
• Control System: ROS 2 (Humble) powered modular software architecture
• Sensors: RADAR, GNSS/IMU, wheel encoders, and camera modules
• Drive-by-Wire: Custom EPS-based steering with absolute encoder feedback, longitudinal control through custom brake and throttle by wire mechanism for braking and acceleration
• Simulation & Testing: Validated in IPG CarMaker and RViz environments

Our development emphasizes real-time ROS 2 integration, sensor fusion, robust control systems (Stanley, PID), and a hardware-software co-design approach to bring a safe and reliable autonomous vehicle to the off-road terrain.

Our Goals:
Push the limits of autonomous mobility in challenging environments

Demonstrate reliable perception and control systems under dynamic conditions
Inspire innovation in student-driven robotics and autonomous systems

Stay tuned for more updates as we gear up for the aBAJA 2025 event at NATRAX, Pune! 

#AutonomousVehicles #aBAJA2025 #SAEINDIA #ROS2 #JetsonOrin #Robotics #OffRoadAutonomy #StudentInnovation #TeamABaja #MobilityEngineering",Robotics Engineering,11-50 employees,Non Profit,"Kottayam, Kerala, India",India,saintgits.org,https://www.linkedin.com/company/abaja-saintgits
Octaknight Labs Pvt. Ltd.,"Octaknight crafts intelligent automation solutions that streamline your operations, from repetitive chores to complex workflows. Think, self-managing inventory, data-driven decision-making and AI-powered insights. We empower you to focus on what matters most – innovation, growth and staying ahead of the curve.",Robotics Engineering,2-10 employees,Privately Held,"Belagavi, Karnataka, India",India,octaknight.com,https://www.linkedin.com/company/octaknight
RoboxCraft,"RoboXCraft – Crafting Imagination Into Reality 
India's next-gen hub for all things Robotics, IoT & DIY innovation!

At RoboXCraft, we're not just selling components—we're building a community of creators, students, and tech enthusiasts. Whether you're working on a college project, a school science exhibition, or your next startup prototype, we've got your back.

 What We Offer
• Ready-to-use Robotics & IoT Kits
• DIY Project Kits for Students
• Electronic Components & Modules
• Project Documentation & Guides
• Custom Solution Development
• AR Viewers & Subscription Plans (Coming Soon)

 Trusted by students, educators, and hobbyists across India, RoboXCraft makes tech fun, accessible, and project-ready.",Robotics Engineering,2-10 employees,Self Owned,"Bengaluru, Karnataka, India",India,roboxcraft.com,https://www.linkedin.com/company/roboxcraft
Robocentric Pvt.Ltd.,"THE FUTURE OF HUMANITY IS HERE
Discover the safest and smartest robotics experience with Robocentric.
We also offer Design services in EE (https://www.robocentric.in/ee-design-services)and Renewable energy Systems(https://www.robocentric.in/battery-design-services).",Robotics Engineering,2-10 employees,Privately Held,"Hyderabad, TG, India",India,robocentric.in,https://www.linkedin.com/company/robocentric-pvt-ltd
QUALITY ENGINEER Am,"A Quality Engineer plays a critical role in ensuring that products and services meet the highest standards of quality, reliability, and performance. This multifaceted profession combines engineering expertise with a meticulous attention to detail and a commitment to continuous improvement. Here's a comprehensive overview of the responsibilities and characteristics associated with the role of a Quality Engineer:",Robotics Engineering,2-10 employees,Self Employed,"Alwar, Rajasthan, India",India,,https://www.linkedin.com/company/quality-engineer-am
AI Roboo Tech Store,"AI Roboo Tech Store (Airoboo.in) is a leading online platform for robotics, AI, and electronics, designed for learners, innovators, and industry professionals.

We offer a comprehensive range of high-quality components, development boards, robotics kits, and electronic modules to support everything from learning and prototyping to advanced product development.

With strong roots in both education and industry, AI Roboo bridges the gap between theory and real-world application—enabling students, engineers, startups, and organizations to build, experiment, and innovate with confidence.

What We Offer
• Robotics kits, AI kits & STEM learning solutions
• Electronic components, sensors & modules
• Development boards (Raspberry Pi, NVIDIA & more)
• Drone components & embedded systems hardware
• Curated tools for prototyping and product development

 Why AI Roboo
• Wide range of quality, industry-grade products
• Suitable for beginners to advanced users
• Supports education, R&D, and commercial projects
• Backed by hands-on expertise in AI & Robotics

At AI Roboo, we empower creators to discover, build, and innovate in the ever-evolving world of intelligent technology 

 Explore: www.airoboo.in
 Connect with us for bulk orders, partnerships & technical support",Robotics Engineering,11-50 employees,Privately Held,"Bengaluru South, Karnataka, India",India,airoboo.in,https://www.linkedin.com/company/ai-roboo-in
QeMatic,"QeMatic is a data-driven Industrial Engineering and Automation consulting firm helping organizations improve productivity, efficiency, and operational performance through Time & Motion Studies, Robotic Process Automation (RPA), and Industry 4.0/5.0 technologies
With 15+ years of combined experience, 650+ professionals, and a 98% on-time delivery rate, we support enterprises across manufacturing, logistics, healthcare, BFSI, energy, retail, and emerging defence-oriented operations 

What Makes QeMatic Different
•  Precise work measurement & accurate costing
•  15 - 40% productivity improvement across engagements
•  Scalable digital workforce enabling 24/7 operations
•  Reduced operational cost and changeover time
•  Strong client retention (93%) 

Industries We Serve
Automotive, aerospace, defence, logistics, chemicals, orthopaedics, shipbuilding, FMCG, textiles, engineering, energy, retail operations, warehousing, e-commerce.

We drive Business Process Improvement with scalable solutions powered by AI, ML, and Data Analytics. Our end-to-end BPM services include Audit, Design, Training, and Implementation.",Robotics Engineering,"501-1,000 employees",Privately Held,"Ahmedabad, Gujarat, India",India,qematic.com,https://www.linkedin.com/company/qematic
"Amrita Robotics Club, CBE",Official LinkedIn page for the Robotics club of Amrita Vishwa Vidhyapeetham Coimbatore,Robotics Engineering,51-200 employees,Non Profit,"Coimbatore South, Tamil Nadu, India",India,,https://www.linkedin.com/company/amrita-robotics-club-cbe
Aevis AI Labs,One Model for Physical Intelligence.,Robotics Engineering,2-10 employees,Privately Held,"Bengaluru, Karnataka, India",India,aevislabs.com,https://www.linkedin.com/company/aevis-labs
Ubanthu Robotics,"Who We Are : 
We are a young company with a deep understanding of modern technology and a clear ambition to lead the future of industrial robotics. 
We bring a decade of strong industry expertise, powered by an engineering team that learns fast, adapts quickly, and is obsessed with innovation, delivering the best possible solution for every challenge.

What We Do :
At Ubanthu Robotics, collaboration drives everything, and we build reliable solutions for complex challenges by partnering with top industry experts and technology leaders.
We don’t build in isolation, because meaningful progress happens when people work together.

What We Believe :
Our philosophy is inspired by the Ubuntu (“oo-BOON-too”) principle: ‘I am because we are”

Collaboration makes us stronger, smarter, and better, and for us, it is rooted in respect and mutual trust. That spirit guides everything we create.",Robotics Engineering,2-10 employees,Self Owned,"Bengaluru, Karnataka, India",India,ubanthu.com,https://www.linkedin.com/company/ubanthu
RoboNex Innovations,"Robonex Innovations is a full-stack industrial automation company building automation systems, AI-driven inspection, and autonomous mobility for manufacturing and warehousing.

We work across the entire automation stack:
→ PLC/SCADA engineering (Siemens TIA Portal, WinCC) for process and discrete manufacturing
→ ASRS/RGV and warehouse automation — design, integration, and commissioning
→ CNC Vision Studio — edge AI quality inspection and defect detection for CNC and production lines
→ LiDAR-based autonomous mobile robot (AMR) fleets for material handling
→ Servo and motion control integration

We don't just design systems — we commission them on the floor, which shapes how we build software and hardware from day one.

Robonex is bootstrapped, ISO 9001 certified, and part of Microsoft for Startups on Azure. Based in Nashik's Ambad MIDC, we serve manufacturing and clients across India and are expanding into the Middle East and Southeast Asia.",Robotics Engineering,51-200 employees,Self Owned,"Nasik, Maharashtra, India",India,robonex.in,https://www.linkedin.com/company/robonex-in
RHPI Lab,"Receding Horizon & Predictive Intelligence (RHPI) Lab at IIT Kharagpur is focused on research at the intersection of control theory and Artificial Intelligence (AI). The real world applications of AI require safety guarantee and explainability of the AI module. In addition, several modules such as sensing and perception, planning and action need to interact to complete the feedback loop. Our main focus is in planning and decision making but we also consider sensing and actuation along with the effects of communication channels whenever required.",Robotics Engineering,11-50 employees,Educational,"Kharagpur, West Bengal, India",India,github.io,https://www.linkedin.com/company/rhpilab
Srimman Robotics Innovations,"Srimman Robotics Innovation is a technology-focused institute committed to advancing education and development in robotics, automation, and intelligent systems. The organization offers hands-on training, research opportunities, and practical learning environments designed to bridge the gap between theoretical knowledge and real-world application.

Specializing in cutting-edge fields such as Robotics Engineering , and smart automation, Srimman Robotics Innovation supports the growth of skilled professionals and fosters innovation-driven solutions for the future of technology",Robotics Engineering,2-10 employees,Self Employed,"Chengalpattu, Tamil Nadu, India",India,,https://www.linkedin.com/company/srimman-robotics-innovations
RaOneBytes,"Most hardware ideas die in the gap between ""great concept"" and ""working device."" Raonebytes exists to close that gap.

We're the engineering partner for ambitious hardware teams: founders, startups, and enterprises who need to turn an idea into a real, working product. We design custom PCBs, write firmware, build IoT and connectivity, and take you all the way to manufacturing. One team, full stack, under one roof.

Whether it's a connected device, a drone, a robot, or an autonomous vehicle prototype, you get a single accountable partner from the first sketch to production.

What working with us actually looks like:
- Fixed quote in 24 hours. No surprise invoices, no scope creep.
- 4 to 8 week average delivery. Validated hardware in your hands, fast.
- NDA on every project. Your designs stay yours, always.
- No upfront commitment. Start small, scale when you're ready.

The numbers behind it:
- 500+ prototypes shipped
- 40+ countries served
- 98% client satisfaction
- Engineering since 2015, based in Bengaluru, India

What we do:
- Custom multi-layer PCB design
- Firmware and embedded systems (bare-metal C/C++, RTOS)
- IoT and connectivity (WiFi, BLE, LoRa, LTE, NB-IoT) with cloud dashboards
- Enclosure and industrial design (3D-printed and injection-molded)
- Manufacturing at scale, from prototype to production

Got a board, a sensor, or a wild idea on a napkin? Let's build it.

Start a project: raonebytes.com
Talk to an engineer: raonebytes.com/contact",Robotics Engineering,11-50 employees,Privately Held,"Chennai, Tamil Nadu, India",India,raonebytes.com,https://www.linkedin.com/company/raonebytes
Sketch Robotics,"Sketch Robotics specializes in designing and developing advanced robotics, industrial automation systems, and AI-driven solutions that address complex real-world challenges. The company’s foundation is rooted in excellence demonstrated through success at WorldSkills competitions and key contributions to the Mars rover project at CUSAT, showcasing expertise in high-impact engineering initiatives.

With a focus on integrating intelligent software and robust hardware, Sketch Robotics delivers tailored, efficient, and sustainable automation solutions that align with the evolving needs of modern industries. The team is committed to innovation, quality, and reliability , enabling seamless collaboration between humans and machines through cutting-edge technology.",Robotics Engineering,2-10 employees,Privately Held,"Paravur, Kerala, India",India,sketchrobotics.in,https://www.linkedin.com/company/sketch-robotics-pvt-ltd
Digital Neurones,"Welcome to Digital Neurones – your gateway to the future of technology. As an Australian-based innovation and service company, we specialize in transforming industries through cutting-edge solutions in Artificial Intelligence, Robotics, AR & VR, IoT, and Metahuman technologies.
Our passion lies in pioneering revolutionary advancements that shape the world of tomorrow. By collaborating with a connected community, we drive innovation across borders, with a strong presence in Australia, the United Kingdom, Germany, the US, and our specialized development center in India – Tattavit Innovations.

At Digital Neurones, we are on a mission to make a difference in various sectors, leaving a lasting impact on Education Technology, Financial Services, Government and the Public Sector, Aged Care & Non-Profit, and Heritage Digitalization. Our relentless pursuit of excellence has led us to forge partnerships with visionaries who share our zeal for progress.

Behind our success stands our esteemed leadership team, spearheading the path to the next digital era. Empowered by the latest innovations, we embark on a success journey, redefining what's possible and crafting a legacy that transcends generations.

Through our AI-powered solutions, we revolutionize the way businesses operate, empowering them to make informed decisions with confidence. Our Robotics expertise drives automation, transforming industries and streamlining processes for efficiency like never before.

We pride ourselves in exploring the vast potential of Augmented and Virtual Reality, creating immersive experiences that redefine reality and open up new realms of possibility. Our IoT solutions connect the unconnected, ushering in a world of interconnected devices that shape smarter and more sustainable cities.
At Digital Neurones, our purpose is clear – to inspire progress, challenge the status quo, and foster a digital landscape that thrives on innovation. As we pioneer new frontiers, we invite you to join us .",Robotics Engineering,11-50 employees,Privately Held,"Hyderabad, Telangana, India",India,digitalneurones.ai,https://www.linkedin.com/company/digital-neurones
White Shadow Robotics,"A Robotics teams based out of Udupi, Karnataka with a  bunch of skilled engineering students, graduates and team players brushing up minds to make impressions in the field of robotics nation wide.",Robotics Engineering,11-50 employees,Privately Held,"Udupi, Karnataka, India",India,,https://www.linkedin.com/company/whiteshadow-robotics
STAARK ROBOTICS,"At Staark Robotics, we are committed to providing the best robotic education and research opportunities. We offer a range of courses designed to introduce students to the world of robotics lab, from basic coding and design to advanced programming and construction. We offer a course from Age 8+ to 16, and we offer master courses for college students and professionals.",Robotics Engineering,2-10 employees,Self Owned,"Chennai, Tamil Nadu, India",India,staarkrobotics.com,https://www.linkedin.com/company/staark-robotics
Equitk Innovations,"Equitk Innovations is a deep-tech company focused on autonomous systems. We develop technologies that enable platforms to operate with greater stability, accuracy and intelligence in dynamic environments across aerial, marine, and industrial sectors.",Robotics Engineering,2-10 employees,Privately Held,"Srinagar, Jammu & Kashmir, India",India,,https://www.linkedin.com/company/equitk-innovations
Coderbot Robotech Pvt. Ltd,,Robotics Engineering,2-10 employees,Privately Held,"Kerakat, Uttar Pradesh, India",India,coderbotrobotech.in,https://www.linkedin.com/company/coderbot-robotech
Pathway Robotics and Automation,"We at Pathway Robotics are passionate about the transformative power of robotics and automation. With a team of experienced engineers, developers, and industry experts, we specialise in creating customised automation solutions tailored to meet the unique challenges of various industries by designing, developing, and deploying innovative robotic systems and automated processes that enhance efficiency, productivity, and safety.",Robotics Engineering,11-50 employees,Self Owned,"Gurugram, Haryana, India",India,pathway-robotics.com,https://www.linkedin.com/company/pathway-robotics
Asoca,"ASOCA is a robotics and AI company building intelligent machines that seamlessly integrate into everyday life and work.

We focus on developing robotics, AI-powered systems, and next-generation hardware products that enhance human productivity, accessibility, and experiences. Our mission is to make advanced robotics practical, approachable, and impactful for individuals, businesses, and communities.

From intelligent companion robots to autonomous systems and robotics platforms, ASOCA is committed to engineering products that combine innovation, reliability, and thoughtful design.

We believe the future will be built through the convergence of robotics, artificial intelligence, and human-centered engineering—and we're building that future today.

Building the future, one robot at a time.",Robotics Engineering,2-10 employees,Privately Held,"Hyderabad, TG, India",India,asocalabs.com,https://www.linkedin.com/company/asocalabs
DeRobotica,We are a group of passionate students who are interested in working with robots and learning about Robotics. We offer a supportive environment where members can learn from each other and grow both technically and personally.,Robotics Engineering,2-10 employees,Non Profit,"New Delhi, Delhi, India",India,rf.gd,https://www.linkedin.com/company/derobotica
MAMA Robotics,"MAMA Robotics is a leading robotics education and technology organization focused on practical learning, innovation, and skill development. We bridge the gap between academic knowledge and real-world applications by delivering hands-on robotics education, technical learning, and automation solutions.",Robotics Engineering,11-50 employees,Privately Held,"Malda, West Bengal, India",India,mamarobotics.in,https://www.linkedin.com/company/mama-robotics
Bots World,"Preparing the world for life with robots, making daily life simpler, so we stop wasting time on small things.
By @jaswanthkumarkd @jasworldofficial",Robotics Engineering,2-10 employees,Self Owned,"Tamil Nadu, Tamil Nadu, India",India,botsworld.in,https://www.linkedin.com/company/bots-world
Vinayak Robotics LLP,"Founded in 2025, Vinayak Robotics is dedicated to designing and building advanced robots, smart tools, and intelligent devices that solve real-world challenges. Our focus spans industrial applications and personal-use solutions—engineered to be reliable, practical, and built for India",Robotics Engineering,2-10 employees,Partnership,"Rajarhat, West Bengal, India",India,vinayakrobotics.com,https://www.linkedin.com/company/vinayakrobotics
VektorDynamics,"We are focused on developing hardware and software solutions to develop the UAV infrastructure to provide Modern UAV requirements. We develop AI modules which can be integrated with existing fleet of drones to upgrade them for new future ready mission with modern sensor and control suites.
We also develop in-house communication modules and Made in India technology for promoting Indian industrial development.",Robotics Engineering,2-10 employees,Privately Held,"New Delhi, Delhi, India",India,vektordynamics.in,https://www.linkedin.com/company/vektordynamics
RoboTech NITK,"We are RoboTech NITK, a passionate group of students who love Technology and Robots. Join us as we explore, create, and push the boundaries of technology.",Robotics Engineering,51-200 employees,Partnership,"Surathkal, Karnataka, India",India,,https://www.linkedin.com/company/robotech-nitk
Tyvorx,"Cytronik Robotics is a deep-tech company pioneering the future of intelligent mobility and automation. Based in Chennai, India, we focus on creating smart, connected, and autonomous systems that blend robotics, AI, IoT, and edge computing to redefine how the world moves and operates.

Our mission is to engineer intelligent systems that make mobility more efficient, adaptive, and sustainable. We aim to bridge the gap between industrial automation and modern transportation through technologies that can think, learn, and act autonomously.

At Cytronik Robotics, innovation meets precision. Our multidisciplinary team of engineers and innovators works at the intersection of software and hardware to design scalable platforms built for real-time data processing, secure connectivity, and autonomous decision-making. We believe in creating systems that are not just automated, but truly intelligent — capable of understanding their environment and responding with purpose.

Driven by a vision to empower industries and cities with intelligent motion, we combine deep technical expertise with a human-centered design philosophy. Our goal is to build solutions that enhance safety, optimize performance, and contribute to a smarter, more connected world.

With a strong commitment to ethics, sustainability, and innovation, Cytronik Robotics continues to push boundaries in robotics and intelligent automation. We stand for progress that’s meaningful — technology that elevates industries while remaining responsible, transparent, and future-ready.

Cytronik Robotics — Innovation that moves you.
 Chennai, India",Robotics Engineering,2-10 employees,Privately Held,"Sholinganallur, Tamil Nadu, India",India,,https://www.linkedin.com/company/tyvorx
TEAM AIRAWAT,"Team AIRAWAT is a dynamic group of students focused on revolutionizing transportation through cutting-edge technology and sustainability. Our mission is to create an advanced e-bike that sets new industry standards by blending expertise in electrical engineering, mechanical design, and software development. Innovation drives us, and we believe creativity and collaboration hold the key to a greener future. Follow our electrifying journey as we prepare for competitions, showcase advancements, and highlight exceptional talents. Join us in shaping the future of transportation for a cleaner and brighter tomorrow!
#TeamAIRAWAT #SustainableMobility #InnovationInMotion #EcoFriendlyTransportation #EngineeringExcellence",Robotics Engineering,11-50 employees,Privately Held,"Pune, Maharashtra, India",India,,https://www.linkedin.com/company/team-airawat
Cytronik Robotics,"Cytronik Robotics is a deep-tech company pioneering the future of intelligent mobility and automation. Based in Chennai, India, we focus on creating smart, connected, and autonomous systems that blend robotics, AI, IoT, and edge computing to redefine how the world moves and operates.

Our mission is to engineer intelligent systems that make mobility more efficient, adaptive, and sustainable. We aim to bridge the gap between industrial automation and modern transportation through technologies that can think, learn, and act autonomously.

At Cytronik Robotics, innovation meets precision. Our multidisciplinary team of engineers and innovators works at the intersection of software and hardware to design scalable platforms built for real-time data processing, secure connectivity, and autonomous decision-making. We believe in creating systems that are not just automated, but truly intelligent — capable of understanding their environment and responding with purpose.

Driven by a vision to empower industries and cities with intelligent motion, we combine deep technical expertise with a human-centered design philosophy. Our goal is to build solutions that enhance safety, optimize performance, and contribute to a smarter, more connected world.

With a strong commitment to ethics, sustainability, and innovation, Cytronik Robotics continues to push boundaries in robotics and intelligent automation. We stand for progress that’s meaningful — technology that elevates industries while remaining responsible, transparent, and future-ready.

Cytronik Robotics — Innovation that moves you.
 Chennai, India",Robotics Engineering,2-10 employees,Privately Held,"Sholinganallur, Tamil Nadu, India",India,,https://www.linkedin.com/company/cytronik-robotics
Aximox,Building Smart Agents to connect Physical Space to Virtual Space,Robotics Engineering,2-10 employees,Privately Held,"Bengaluru, Karnataka, India",India,aximox.com,https://www.linkedin.com/company/aximoxai
Rabbit N Tortoise Entertainment Private Limited,,Robotics Engineering,11-50 employees,Privately Held,"Kolhapur, Maharashtra, India",India,rntrobotics.com,https://www.linkedin.com/company/rabbit-n-tortoise-entertainment-private-limited
Robohawk PCCOER,"Welcome to the official LinkedIn page of RoboHawk - the Robotics Club at Pimpri Chinchwad College of Engineering & Research!

 Who We Are:
RoboHawk is a passionate community of students and enthusiasts dedicated to the world of robotics, automation, and innovation. Our mission is to foster a culture of creativity, learning, and hands-on experience in the field of robotics.

 What We Do:

Explore the cutting-edge technologies in robotics.
Design and build innovative robotic systems.
Compete in national and international robotics competitions.
Collaborate with industry experts and academia for knowledge exchange.
Organize workshops, seminars, and events to spread awareness and skills in robotics.
 Connect With Us:
Join us on our journey as we push the boundaries of technology and robotics. Follow our page to stay updated on our latest projects, achievements, and events. Let's connect, collaborate, and create a brighter future together!

 Contact Us:
For inquiries, partnership opportunities, or to join our club, please feel free to reach out to us at [Email Address].

Stay tuned for exciting updates, inspiring stories, and a glimpse into the fascinating world of robotics. Together, we're shaping the future, one robot at a time!

#RoboHawk #Robotics #Innovation #Engineering #PCCE&R #STEM #TechEnthusiasts",Robotics Engineering,11-50 employees,Self Employed,"Pimpri Chinchwad, Maharashtra, India",India,,https://www.linkedin.com/company/robohawk-pccoer
Electroholics IIITD,"We are the electronics enthusiasts of IIITD. We build fun projects with microcontrollers, PCBs, SoCs, etc.",Robotics Engineering,11-50 employees,Public Company,"New Delhi, Delhi, India",India,,https://www.linkedin.com/company/electroholics-iiitd
Botics Edutech Private Limited,"Botics Edutech Private Limited is a leading provider of comprehensive, end-to-end robotics solutions for schools. Dedicated to transforming education through innovation, the company empowers students to explore the exciting world of robotics and STEM (Science, Technology, Engineering, and Mathematics).

From designing customized robotics curricula to delivering hands-on training programs, Botics Edutech ensures a seamless integration of robotics into school education. Their services include setting up state-of-the-art robotics labs, supplying cutting-edge equipment, conducting teacher training workshops, and organizing inter-school robotics competitions to foster creativity and teamwork.

With a focus on experiential learning, Botics Edutech inspires young minds to develop problem-solving skills, critical thinking, and technological aptitude, preparing them for the challenges of the future. By making robotics accessible and engaging, the company is at the forefront of shaping the innovators of tomorrow.",Robotics Engineering,11-50 employees,Privately Held,"Pune, Maharashtra, India",India,boticsedu.com,https://www.linkedin.com/company/botics-edutech-private-limited
Team NeptuneX Dr.AIT,"Team NeptuneX is a student-led robotics systems engineering team that brings together students from mechanical, electrical, and software engineering disciplines. The team focuses on the end-to-end design, integration, and testing of intelligent robotic systems, following structured engineering and systems-thinking approaches.

By working across multiple departments, Team NeptuneX emphasizes interdisciplinary collaboration, hands-on learning, and practical problem-solving. Members gain experience in mechanical system design, electrical and embedded systems, control, and software development while learning how complex robotic systems are built and validated as a whole.

Based at Dr. Ambedkar Institute of Technology, Bengaluru, Team NeptuneX aims to foster technical excellence, teamwork, and innovation by providing students with real world exposure to applied robotics systems engineering.",Robotics Engineering,11-50 employees,Non Profit,"Bengaluru, Karnataka, India",India,,https://www.linkedin.com/company/team-neptunex
"Robotics Club, IIT Dharwad","Welcome to the official LinkedIn page for the Robotics Club of the Indian Institute of Technology, Dharwad. We are a community of passionate students dedicated to exploring the vast and exciting world of robotics. Our mission is to foster innovation, collaboration, and hands-on learning in automation, artificial intelligence, and mechatronics. Follow us for updates on our projects, workshops, and achievements.",Robotics Engineering,51-200 employees,Public Company,"Dharwad, Karnataka, India",India,vercel.app,https://www.linkedin.com/company/robotics-club-iit-dharwad
Elamani Tech Pvt Ltd,"Elamani Tech Pvt Ltd is an emerging robotics company committed to developing indigenous robotic components and systems tailored for the Indian market. With a focus on innovation and adaptability, the company aims to advance the field of robotics by creating solutions that are both functional and accessible.",Robotics Engineering,2-10 employees,Privately Held,"Salem, Tamil Nadu, India",India,,https://www.linkedin.com/company/elamani-tech-pvt-ltd
SCIENCEPLACE,Scienceplace is a leading STEM education organization operative in India. STEM (Science Technology Engineering Mathematics) is a worldwide successful phenomenon in terms of making young ones more innovative and motivate them towards science and mathematics. In this pursuit Scienceplace has been working successfully with over 1000 schools in the country.,Robotics Engineering,51-200 employees,Educational,"New Delhi, Delhi, India",India,scienceplace.co.in,https://www.linkedin.com/company/activebrainsclub
Skylark Labs,"Skylark Labs is creating a self-learning brain for machines — intelligence that learns on-device, adapts to the world around it, and thinks collectively with others. Inspired by the human brain, it allows machines to grow smarter with every experience, without the cloud, commands, or retraining. Each system learns directly from what it sees, hears, and feels, turning raw perception into understanding and action. When one machine learns, they all learn — sharing insight without sharing data. Together, they form a living network of intelligence that’s always evolving. With this breakthrough, Skylark Labs is making machines truly autonomous — able to learn, act, and evolve as one",Robotics Engineering,51-200 employees,Privately Held,"Amritsar, Punjab, India",India,skylarklabs.ai,https://www.linkedin.com/company/skylarklabs
BEW,"BEW is a dynamic company driven by a passion for engineering, innovation, and the transformative power of technology. Headquartered in the heart of technological advancements, we specialize in delivering cutting-edge solutions that seamlessly integrate Artificial Intelligence (AI), Robotics, and Engineering across diverse sectors.

#ElectricalEngineering 
#MechanicalEngineering 
#CivilEngineering 

Join us on a journey of innovation, engineering excellence, and the limitless possibilities that arise when creativity meets technology.",Robotics Engineering,51-200 employees,Privately Held,"Gurugram, Haryana, India",India,thebharat.work,https://www.linkedin.com/company/thebharat
Anzo Controls,"At Anzo Controls, we’re passionate about driving change and innovation in everything we do. We empower our employees to take on challenging roles and assignments, offering them an elevated level of responsibility in an agile and dynamic working environment. Our people are at the heart of what makes us who we are, and together, we create exceptional products and experiences.

In short, we don’t just think outside the box — we think like there is no box.

Be part of an organization that's transforming the motion control industry in India.

As a leading manufacturer of electronics and software products for industrial sectors, we build best-in-class solutions in the following domains:

Robotics, SCARA, Delta & Gantry Systems
Motion Control and Drives
Automated Guided Vehicles (AGVs)
Motorized Driven Rollers
Servo Drives
HMIs
Barcode Scanner Applications

We enable the manufacturing sector to harness the full potential of our offerings, providing OEMs with competitive, advanced solutions for the market.

With expertise in Embedded Systems, IT, Controls, and Mechanical Engineering, we deliver end-to-end solutions for factory automation and customized projects.",Robotics Engineering,51-200 employees,Privately Held,"Gurugram, Haryana, India",India,anzocontrols.com,https://www.linkedin.com/company/anzo-controls
Kody Technolab Limited,"Kody Technolab Limited is a publicly listed DeepTech company at the intersection of robotics, AI, and platform engineering. Born as a software innovation studio, we’ve evolved into a full-stack robotics company. We design intelligent machines, build the AI that powers them, and engineer the platforms that monetize and manage them at scale. 

Headquartered in India with operations across the GCC, we operate through a vertically integrated structure. Our capabilities span R&D, product design, manufacturing, deployment, and service monetization. Our portfolio includes 7 proprietary robots and custom-built AI/IoT platforms deployed across enterprise and public-sector environments. 

We are driving global growth through a robust ecosystem of strategic alliances, a scalable technology portfolio, and a strong partner network. With a defensible IP base and an integrated approach to engineering, we’re positioned to lead the next wave of intelligent automation. 

What sets us apart is our commitment to human-centric automation. Robotics and AI at Kody amplify human potential rather than replace it. We engineer solutions that perform reliably in dynamic public settings, solving real-world problems with precision, purpose, and integrity. 

Our mission is to transform industries by integrating physical and digital operations into intelligent, scalable systems. These systems are designed to reduce effort, cost, and risk while unlocking new capabilities for businesses and governments. 

As we continue expanding across India, the Middle East, and the USA, we remain focused on building a future where automation is visible, useful, and accountable.",Robotics Engineering,51-200 employees,Public Company,"Ahmedabad, Gujarat, India",India,kodytechnolab.com,https://www.linkedin.com/company/kody-technolab-pvt-ltd
CynLr,"CynLr is a visual object intelligence platform that enables industrial robotic arms to see, understand and manipulate any object in random unstructured environments.",Robotics Engineering,51-200 employees,Privately Held,"Bengaluru East, Karnataka, India",India,cynlr.com,https://www.linkedin.com/company/cyn-lr
Rekise Marine,"Rekise Marine is a marine robotics company building intelligent autonomous systems for the world's oceans. We design and build autonomous vessels, surface and underwater, with the hull, the onboard subsystems, and the autonomy software developed together and tested at sea.

The problem we solve:
Navies and maritime operators worldwide are moving towards fleets that are smaller, smarter, software-defined and unmanned. Rekise exists to build that capability in India, to a global standard, for naval, survey and offshore missions globally.

Why we are different:
Most companies in this space pick a layer: software, hardware, or subsystems. We build the entire platform. Vessel design, systems integration, and autonomy software developed in-house. Every vessel we make, from a man-portable vessel to a 20-tonne submarine, runs the same autonomy software, so work done for one platform carries to every other.

Join us. We are hiring across robotics, autonomy software, AI/ML, embedded systems, naval architecture and sea operations alongside the manufacturing, procurement, finance, and operations roles that get every vessel built.

Reach us through the website or message us here.",Robotics Engineering,11-50 employees,Privately Held,"Bengaluru, Karnataka, India",India,rekise.com,https://www.linkedin.com/company/rekise
EyeROV (IROV TECHNOLOGIES PRIVATE LIMITED),"EyeROV (IROV Technologies Pvt. Ltd), is an India-based Marine Robotics and AI deeptech company headquartered in Kochi. We design and deploy advanced unmanned underwater and surface systems that make subsea inspection, monitoring, search-and-rescue, and intervention safer, faster, and more data-rich.

Our portfolio includes Remotely Operated Vehicles (ROVs), Autonomous Underwater Vehicles (AUVs), Unmanned Surface Vehicles (USVs), and EVAP, the EyeROV Visualization and Analytics Platform for digital reporting, data intelligence, and automated defect detection. EyeROV serves critical sectors including oil & gas, hydro, defence, maritime, infrastructure, search-and-rescue, marine research, and water-sector applications.

Founded by IIT alumni Johns T. Mathai and Kannappa Palaniappan P., EyeROV is driven by a mission to become a global leader in marine robotics by delivering reliable, field-proven solutions for subsea assets across infrastructure, energy, maritime, defence, and SAR missions. EyeROV has also secured a landmark ₹47 crore ($5M) contract from the Indian Navy for indigenously developed Underwater Remotely Operated Vehicles, reinforcing its defence-grade underwater robotics capability and its role in India’s maritime technology indigenisation efforts.

With 8+ years of innovation in subsea and surface robotics, EyeROV is building full-stack marine robotic systems that combine hardware, software, AI, analytics, and field services to transform how underwater critical infrastructure is inspected, monitored, and managed.",Robotics Engineering,51-200 employees,Privately Held,"Kunnathunad, Kerala, India",India,eyerov.com,https://www.linkedin.com/company/eyerov
Vimaan,"Vimaan is redefining warehouse inventory operations with AI-powered computer vision.

For years, inventory visibility in warehouses and distribution centers has depended on manual counting, scanning, and verification, a slow, error-prone process that absorbs labor hours and never fully closes the accuracy gap. Vimaan changes that.

We call our category Inventory Intelligence: going beyond basic visibility and tracking to give operations teams the ability to capture, reconcile, and act on inventory data without a manual recount to verify it.

Our platform is built on computer vision, not legacy machine vision or barcode-dependent systems, giving teams a live, reconstructed view of physical inventory rather than just recorded transactions. Our core products, StorTRACK, PalletSCAN, and ParcelSCAN, automate cycle counting, inbound receiving, and outbound shipping on this same foundation, helping teams achieve up to 80% lower labor costs and move toward 100% inventory accuracy.

Vimaan is an Amazon portfolio company, Gartner-recognized and already live in some of the world's largest warehouses and distribution centers.

Learn more at vimaan.ai.",Robotics Engineering,51-200 employees,Privately Held,"Bengaluru, Karnataka, India",India,vimaan.ai,https://www.linkedin.com/company/vimaan-robotics
Alphadroid,"Reimagine how your business operates with Alphadroid. 

We build robotic solutions and conversational AI that adapt to your needs, lighten the load, and make your business sharper, quicker, and better at what it does. 

Our robotic solutions don’t replace your team; they work with them to deliver better results. 

Hospitals, airports, hotels, retailers, and restaurants use Alphadroid to cut wait times, reduce operating costs, and deliver smoother, faster service. 

Our smart robotic solutions handle everyday tasks so your people can focus on what matters most: 
- Alpha Smart: zips food and goods securely 
- Alpha Signature: clears plates and keeps things tidy 
- Hey Alpha: answers customer queries in any language 
- Alpha Envoro: manages and sorts waste efficiently 
- Alpha Shine: keeps spaces spotless in no time 

Work smarter and move faster with Alphadroid 

Book a product walkthrough: https://meetings-eu1.hubspot.com/alphadroid",Robotics Engineering,51-200 employees,Privately Held,"Noida, Uttar Pradesh, India",India,alphadroid.io,https://www.linkedin.com/company/alphadroid
Goat Robotics,"Goat Robotics, where innovation meets automation in India! From education to heavy industries, our powerful mobile robots handle payloads of up to several tons, enabling Make in India. Join us on our mission to revolutionize education to industries and elevate the future of robotics.",Robotics Engineering,11-50 employees,Privately Held,"Coimbatore, Tamil Nadu, India",India,goat-robotics.com,https://www.linkedin.com/company/goat-robotics
Octobotics Tech,"Octobotics Tech helps organisations inspect, understand, and predict the health of their critical assets. By combining autonomous robotics, advanced Non-Destructive Testing (NDT), artificial intelligence, and digital analytics, we transform inspection data into trusted engineering intelligence that supports safer, faster, and more confident maintenance decisions.

Our robotic inspection systems capture high-quality data in challenging environments, while our intelligent software converts that data into actionable insights for asset integrity, reliability, and operational performance. From storage tanks and pressure vessels to pipelines, offshore structures, and railway assets, we help customers reduce risk, minimize downtime, extend asset life, and move from reactive maintenance to predictive asset health management.

At Octobotics Tech, we don't just inspect assets, we help industries understand them.

From Inspection to Intelligence!",Robotics Engineering,11-50 employees,Privately Held,"Noida, Uttar Pradesh, India",India,octobotics.tech,https://www.linkedin.com/company/octobotics-tech
Klynk,"At Klynk (by Futuristic Labs), we’re transforming cooking through intelligent automation. By building a connected ecosystem of hardware, software, and services, we’re making cooking more accessible, enjoyable, and efficient for everyone.

Our mission is to accelerate cooking to Level 5 autonomy. Where cooking becomes effortless while preserving its creative and cultural essence. At Klynk, we’re not just building products; we’re reimagining how people interact with their kitchens.

Our Ecosystem
Riku: The world’s first automatic rice and curry maker, enabling hands-free, worry-free cooking.  https://www.klynk.in/products/riku
Semi: India’s first intelligent induction cooktop, your culinary Navigator for guided precision. https://www.klynk.in/products/semi
Klynk.Recipes: A platform for creators to share and monetize their culinary expertise. https://www.klynk.in/products/recipe-platform
Klynk.App: Your ultimate kitchen companion for meal planning, shopping, and cooking. https://www.klynk.in/products/app

Why Build with Us?
Real-World Impact: Tackle problems that transform millions of kitchens worldwide.
Cutting-Edge Technology: Innovate across IoT, AI, and automation.
Collaborative Growth: Work with experts from diverse fields.
Ownership & Purpose: Drive initiatives with autonomy and accountability.

Our Values
Optimism: Boldly tackle challenges.
Innovation: Experiment with new solutions.
Growth: Invest in professional development.
Radical Candor: Foster open communication.
Selflessness: Succeed and grow as a team.
Located in Hyderabad, our innovation hub is equipped with prototyping labs and a facility capable of producing 500 units weekly. Here, ideas become reality.

Since 2017, we’ve grown from a small team to a 60-member organization, raising $1.7M USD along the way. Backed by visionary investors, we’re scaling rapidly.

If you’re passionate about building the future of cooking, we’d love to hear from you.

 Learn More: klynk.in
 Location: Hyderabad, India",Robotics Engineering,51-200 employees,Privately Held,"Hyderabad, TG, India",India,klynk.in,https://www.linkedin.com/company/klynkofficial
Sakar Robotics,"We founded Sakar Robotics to collapse fragmented point solutions into a single extensible mobile manipulation platform. Traditional automation required bespoke integration per workflow—slow to deploy, rigid to evolve. We architected a composable stack where perception, autonomy, manipulation and orchestration cooperate natively.
Guided by field feedback across regulated, high‐mix and throughput‐critical domains, we iterate on production reality—not lab abstractions—building durable leverage for customers.

Our mission is to deliver a unified robotics platform that can be rapidly configured to execute diverse workflows—reducing time‐to‐value, elevating safety, and embedding continuous improvement loops into daily operations.",Robotics Engineering,11-50 employees,Privately Held,"Pune, Maharashtra, India",India,sakarrobotics.com,https://www.linkedin.com/company/sakarobotics
IGRS - IIT Madras,"Image Guided Robotic Systems group is a research lab originating from IIT Madras’ Healthcare Technology and Innovation Centre (HTIC) which is at the forefront of affordable and accessible healthcare solutions. In collaboration with engineers, medical professionals, healthcare practitioners, technologists, industry leaders, and government stakeholders, we strive to continuously push the boundaries of healthcare innovation to enhance patient outcomes worldwide.

IGRS leverages a synergetic and innovative approach, combining state-of-the-art technology and collaborative research in areas such as computational robotics, computer vision, medical imaging, AR/VR technologies, mechatronics, and clinical and product design. While our focus includes image-guided navigation and robotic-assisted procedures, our passion drives us to explore new frontiers in healthcare technology, addressing diverse challenges and pushing the boundaries of innovation in the medical field.",Robotics Engineering,11-50 employees,Non Profit,"Chennai, Tamil Nadu, India",India,hticlab.org,https://www.linkedin.com/company/igrs-iit-madras
PetroBot Technologies,"At PetroBot Technologies, we don’t just build robots; we engineer answers to the industry's toughest challenges.

We are a deep-tech robotics company revolutionizing the way the Oil & Gas, Power, and Chemical industries approach Asset Integrity Management. Our mission is to eliminate human risk and operational downtime through the power of automation, AI, and Non-Destructive Testing (NDT).

Our Flagship Innovations: We have developed award-winning, globally certified (ATEX/PESO) robotic platforms that redefine inspection:
ITIS Rover: The solution for In-Service Tank Bottom Inspection (no draining, no sludge removal).
MagRover: Magnetic crawlers for vertical climbing on tanks, vessels, and pipelines.
PetroBot Visualize: Converting complex inspection data into clear, actionable 3D insights using AI.
Open Innovation & Custom R&D: We understand that off-the-shelf products don't solve every problem. We are builders at heart. Beyond our core product line, PetroBot acts as an Agile Innovation Partner for our clients. Do you have a unique inspection challenge or a confined space that is ""impossible"" to reach? We collaborate directly with asset owners to design, prototype, and deploy custom robotic solutions tailored to specific plant requirements.

Why Partner With Us?
Zero Downtime: Our in-service solutions keep your production running.
Unmatched Safety: We send robots where humans shouldn't go.
Collaborative Engineering: If the tool doesn't exist yet, we will build it for you.
Data Superiority: Replace spot checks with comprehensive data coverage and statistical and AI Analysis.

Whether you need a proven standard solution or a custom R&D breakthrough, PetroBot is your partner in building a safer, more efficient future.",Robotics Engineering,11-50 employees,Privately Held,"Jaipur, Rajasthan, India",India,petrobot.co.in,https://www.linkedin.com/company/petrobot-technologies
Integra Robotics,"A new category of general-purpose machines designed to reshape how work gets done.

Our robots adapt to any environment ranging from industrial automation to mission-critical operations through software and modular design rather than costly redesigns.

Every robot in our fleet runs on the same foundation model and core architecture. Like siblings sharing genetic code, they may perform different jobs but draw from one unified intelligence, ensuring consistency and seamless updates across the entire fleet.

When one robot learns a new skill, every robot inherits it. A fleet of 1,000 robots learning for one year delivers 1,000 years of collective experience, shared instantly with all.

Unlike traditional machinery that depreciates over time, our robots appreciate. Every deployment makes the entire fleet smarter, faster, and more capable. This is the network effect applied to physical AI, one brain powering many bodies, all learning together.

We are not just building robots. We are building a living, evolving intelligence that grows with every task, every environment, and every deployment.",Robotics Engineering,11-50 employees,Privately Held,"Bengaluru North, Karnataka, India",India,integrarobotics.in,https://www.linkedin.com/company/integra-robotics-india
Social Hardware,"Integra Robotics began with a simple conviction: robotics should be built by those who understand the ground reality, not imported at premium cost. What started with a patented flexible bionic hand and 150 assistive devices shipped through non-profits has evolved into India's most vertically integrated robotics platform, serving Defence, Industry, and Embodied AI.

We follow an ""Origami Approach"" to robotics, folding modular hardware, unified software, and shared components into a single platform. From security-based ground vehicles for suppliers to security agencies to Cobots on MSME shop floors, and robotic arms operating from factory lines to ocean depths of 300 metres, one DNA powers every deployment. With 95% in-house design, 5 patents, and NVIDIA Inception backing, every SKU we ship feeds our reinforcement learning models, compounding intelligence with every mission.

We are not competing with global incumbents on their terms. We are rewriting the economics of robotics from India, for the world.

All systems are developed in alignment with international standards, including ISO 9001, ISO/IEC 27001, ISO 13850, and ISO 10218‐1, ensuring quality, information security, and operational safety at a global benchmark.",Robotics Engineering,11-50 employees,Privately Held,"Bengaluru, Karnataka, India",India,integrarobotics.in,https://www.linkedin.com/company/integra-robotics
Cartesian Kinetics Inc,"Cartesian Kinetics retrofits robotics in existing warehouses, turning legacy racks into modern ASRS (Automated Storage and Retrieval Systems). Retrofit stands out in a field saturated with automation limited to new facilities. Legacy facilities represent 80% of the installed base, yet have been left behind the automation curve. 


Cartesian's Omni Rack Robotics (ORR) changes all that, automating pick mods, mezzanines, VNAs and high-bay racks. No need to pull out fire suppression systems, resurface floors, or new permits - just automate one aisle at a time, without disrupting ongoing operations.",Robotics Engineering,11-50 employees,Privately Held,"Bengaluru, Karnataka, India",India,cartesiankinetics.com,https://www.linkedin.com/company/cartesian-kinetics-inc
Vector Robotics,,Robotics Engineering,2-10 employees,Privately Held,"Pune, Maharashtra, India",India,getvectorbots.com,https://www.linkedin.com/company/vctr-labs
IRTI-Robotics,"IRTI-robotics aims at providing services in the field of Industrial Robotics.
-------------ONLINE ROBOT PROGRAMMING SERVICE PROVIDER-----------

HIGHLY SKILLED ENGINEERS/PROGRAMMERS IN KUKA KRC 4, FANUC & ABB 
Expertise - KUKA, ABB, FANUC, EPSON, RoboFlex, MOTOMAN, NACHI, PANASONIC, DURR, OTC, etc

APPLICATIONS - Spot welding, Mig welding, Laser Welding, Ultrasonic Welding, Roller Hemming, Pick and Place, Molten Metal Pouring, Marking, Handling, Clinching, Riveting, Palletization,  Gluing, Seaming, Punching, Screwing, Stud Weld, etc 

EXPERIENCED ENGINEERS WITH INTERNATIONAL STANDARDS
-----BMW Standard L6, L7,LU, G35UP ---
-----VW Standard -----------------------------
-----TATA Standard---------------------------
-----MAGNA COSMA Standard--------------
-----GUDEL Standard-------------------------
-------------------INTERNATIONAL STANDARDS IN PROJECT MANAGEMENT-------------------------

ONE STEP SOLUTION IN INDUSTRIAL ROBOTS
Programming, System Integration, System configuration, Cycle Time Management, Teaching Support

KUKA ROBOT TRAINING FACILITY
One to One/Expert Level/Basic Level/Commissioning/On Site Training/Operator Training
IRTI-robotics has its own KUKA KRC C4 Robot training cell(http://www.irti-robotics.com/courses.php). 
50+ Students/Engineers/Programmers/Industry Experts Trained by IRTI-robotics (Direct Indirect)
HANDLED/SERVICE PROVIDED/EXPERIENCED MORE THAN 500+ Industrial Robots.

                                                                    www.irti-robotics.com
Address :
S.No. 81/4B, Behind Kazi Industries, 
Near Agrawal Godown, Shivane, Pune-411023 

Email :
info@irti-robotics.com 

+91 9075090612 (Training)
training@irti-robotics.com

+91 9665994559  (Projects,     Mr. Tejas Sonawane Managing Director)
tejas@irti-robotics.com",Robotics Engineering,51-200 employees,Partnership,"Pune, Maharashtra, India",India,irti-robotics.com,https://www.linkedin.com/company/irti-robotics
xTerra Robotics,"xTerra Robotics is an Indian deeptech robotics & AI startup specializing in autonomous legged robots. We develop world-class solutions to solve the locomotion problem, defying boundaries and reaching the limits of traversability. 

Our mission is to build robots that empower people to perform tasks safer, faster, and more efficiently than ever before.",Robotics Engineering,11-50 employees,Privately Held,"Kanpur, Uttar Pradesh, India",India,xterrarobotics.com,https://www.linkedin.com/company/xterra-robotics
Neuralzome Cybernetics,Making robots sentient!,Robotics Engineering,2-10 employees,Privately Held,"Bengaluru South, Karnataka, India",India,neuralzome.com,https://www.linkedin.com/company/neuralzome-cybernetics
XMACHINES,"XMachines is an Indian Robotics & AI company HeadQuartered in Hyderabad, India which designs and manufactures innovative products infused with Robotics & AI technologies for consumer and enterprise markets.

The company was founded in 2017 to bridge the technology gap that exists in Indian agriculture and later ventured into producing Robots for various other industries. It currently produces AI based Robots for Precision agriculture, Autonomous mobile robots for automating material handling operations in manufacturing & warehouse facilities and Mobile Robot Platforms for Robotics Researchers.",Robotics Engineering,2-10 employees,Privately Held,"Hyderabad, TG, India",India,xmachines.ai,https://www.linkedin.com/company/xmachines-ai
ERIC Robotics,"ERIC is a deep-tech robotics company engineering the future of infrastructure inspection. From rail corridors to defence facilities and manufacturing floors, our systems are built for the environments where precision and reliability matter most.
One team. Three domains. Made in India, built for the world.",Robotics Engineering,11-50 employees,Privately Held,"Chinchwad, Maharashtra, India",India,ericrobotics.com,https://www.linkedin.com/company/eric-robotics
Bharat Skytech Private Limited,"Bharat Skytech Private Limited is India’s Only Trusted Agricultural Drone Components Online Store. We give wings to the Indian drone industry by providing quality components at the best prices. Whether you’re a Pilot, a Drone Spraying company, or a drone Manufacturer, Bharat Skytech provides everything you need to build and maintain your drones, all in one place.

Bharat Skytech’s credibility comes from being part of a Singapore Stock Exchange-listed Company with a history spanning over a century. Our strategic advantage is the experience of the local management in the Indian market, allowing us to tailor our offerings effectively for our clients. We have demonstrated versatility by catering to both business-to-business (B2B) and business-to-consumer (B2C) markets. Our Presence in 28 countries brings unmatched expertise in procurement and global supply chains. This support allows us to bring the best quality drone components to India. With Thakral’s backing, we ensure that our customers get access to top-tier products from leading manufacturers worldwide.

Bharat Skytech offers a wide range of drone components to suit different needs:

Motors and Propulsion Systems: Essential for smooth flight.
Flight Controllers: The brain of the drone, ensuring stability.
Cameras and Sensors: For photography, videography, and data collection.
Batteries and Power Systems: Reliable power sources for longer flights.
Software Solutions: Tools that enhance drone functionality.
Accessories and Spare Parts: Everything you need to keep your drone in top condition.
At Bharat Skytech, quality is our priority. We understand that the performance of your drone depends on the quality of its parts. That’s why we only source components directly from trusted manufacturers, ensuring they meet high standards. Plus, we offer competitive pricing, making sure that quality products are affordable for everyone.",Robotics Engineering,51-200 employees,Privately Held,"Gurugram, Haryana, India",India,bharatskytech.com,https://www.linkedin.com/company/bharat-skytech-private-limited
SVR Robotics,"SVR Robotics Pvt. Ltd., based in Pune, is a technology-driven company transforming industries through turnkey robotics and automation solutions. We specialize in robotics integration for manufacturing, industrial automation, educational robotics, and product development.
Our in-house team designs and manufactures advanced Autonomous Mobile Robots (AMRs) and innovative clean robots, tailored to meet diverse automation needs across sectors.

We proudly collaborate with premier institutions like VSSC/ISRO Trivandrum, IIT Delhi, and BARC Mumbai, supporting national research and mission-critical projects.

From concept to implementation, we deliver intelligent, reliable, and scalable automation systems that enable a smarter and more efficient future.

 Learn more: www.svrrobotics.com",Robotics Engineering,11-50 employees,Privately Held,"Pune, Maharashtra, India",India,svrrobotics.com,https://www.linkedin.com/company/svr-robotics
Control One | AI Startup,"Control One AI converts field-proven, slow-moving equipment into advanced physical AI agents, and recently debuted India’s first physical AI agent, an autonomous forklift for warehouses. Powered by our operating system, these agents are capable of real-time decision-making using digital twin technology, revolutionizing machine-environment interaction with adaptive, human-like responsiveness.",Robotics Engineering,2-10 employees,Privately Held,"Bengaluru, Karnataka, India",India,controlone.ai,https://www.linkedin.com/company/control-one-ai
TelebortiX,"We are a cutting-edge VTOL drone company specializing in providing efficient and reliable logistics solutions for middle mile transportation of any goods. With our state-of-the-art technology and dedicated team, we ensure seamless delivery services that are both cost-effective and time-efficient. Our commitment to technical excellence and customer satisfaction sets us apart from the competition. Join us on this exciting journey as we revolutionize the logistics industry!",Robotics Engineering,2-10 employees,Privately Held,"Noida, Uttar Pradesh, India",India,telebortix.com,https://www.linkedin.com/company/telebortix
Tachyon Automations,"Don't just build a robot — build a revolution! Empowering startups with our product acceleration expertise. No R&D team? No problem. We specialize in robust, compliant Industry 4.0 solutions for diverse domains: defense, biomedical, pharmaceutical, automotive, locomotive. Expanding horizons in software, mechanical, and electronics. Let's innovate together!  #ProductAcceleration #InnovationPartner",Robotics Engineering,11-50 employees,Privately Held,"Hyderabad, Telangana, India",India,tachyonautomations.com,https://www.linkedin.com/company/tachyonautomations
Unbox Industry,Unbox Industry is India's first platform providing a Marketplace for Automation Industry.,Robotics Engineering,2-10 employees,Privately Held,"Gurugram, Haryana, India",India,unboxindustry.com,https://www.linkedin.com/company/unboxindustry
Droame,Droame is creating autonomous drones that merge centralized and localized autonomy to support huge volumes of aerial traffic.,Robotics Engineering,11-50 employees,Privately Held,"Jaipur, Rajasthan, India",India,droame.com,https://www.linkedin.com/company/droame
JyoSH AI Solutions Pvt. Ltd.,"JyoSH AI Solutions Pvt. Ltd. develops robotics and artificial intelligence solutions for Agriculture, industrial automation and automotive industry 
The products are based on computer vision, AI ML, edge computing and advanced robotics",Robotics Engineering,2-10 employees,Privately Held,"Thane, Maharashtra, India",India,jyoshrobot.com,https://www.linkedin.com/company/jyoshrobot
DreamVu AI,"Humanoid robots need vision, language, and action data from multiple perspectives. Our capture system pairs a standard egocentric camera with our patented Alia 360° camera for exocentric capture—providing complete scene coverage, skill transfer demonstrations, and multimodal annotations ready for training physical AI.",Robotics Engineering,11-50 employees,Privately Held,"Hyderabad, Telangana, India",India,dreamvu.ai,https://www.linkedin.com/company/dreamvu
General Autonomy,General Autonomy is a robotics and AI company building affordable robots for everyday chores!,Robotics Engineering,2-10 employees,Privately Held,"Bengaluru, Karnataka, India",India,ga.tech,https://www.linkedin.com/company/factoryofthefuture
Strider Robotics,"At Strider Robotics, we specialize in developing advanced, indigenous, industrial-grade legged robots. Our robots are designed to handle industrial material movement and perform autonomous plant inspections. We envision a future where our robots assist humans by taking on dirty, dull, and dangerous tasks. Strider Robotics is a spin-off from the Research and Development efforts at Stoch-Lab, IISc. We are incubated at ARTPARK, IISc.",Robotics Engineering,11-50 employees,Privately Held,"Bengaluru, Karnataka, India",India,strider-robotics.in,https://www.linkedin.com/company/strider-robotics
Twara Robotics,"Twara Robotics specializes in designing Robotic Joint Actuators and Soft Grippers which comprise the fundamental components of most robotic systems. We use the same expertise to design robotic systems including but not limited to Robotic Arms, AMR Kits, and Conveyor Drives.
Twara Robotics (previously Gati Robotics) is a venture under ARTPARK (I-Hub @ IISc) seed funded by Department Of Science & Technology and Government of Karnataka. Being a part of the CAMRAS accelerator under Ministry of Heavy Industries, Twara Robotics aims to enable automation for every industry, agnostic of its size.",Robotics Engineering,11-50 employees,Privately Held,"Bengaluru North, Karnataka, India",India,twararobotics.in,https://www.linkedin.com/company/twara-robotics
HUMANOID ROBOTICS LIMITED,"Our team of passionate engineers, developers, and innovators is dedicated to creating commercially scalable, safe, and intelligent humanoid robots that can transform businesses and redefine the way humans interact with technology.",Robotics Engineering,11-50 employees,Public Company,"Mumbai, Maharashtra, India",India,humanoidsrobot.com,https://www.linkedin.com/company/humanoidroboticsltd
Starkin Solutions,"StarkIn Solutions is a robotics research and product development company specializing in AI, hardware, and software innovation. We are dedicated to developing our own products through continuous research in drones, automation, electronics, and mechatronics. By integrating artificial intelligence with advanced engineering, we create intelligent, autonomous systems that push the boundaries of technology and innovation.",Robotics Engineering,11-50 employees,Privately Held,"Hyderabad, TG, India",India,starkinsolutions.com,https://www.linkedin.com/company/starkinsolutions
PBA Group,"PBA are the leading experts in ultra-precision motion control and mechatronic solutions, providing cutting-edge technologies designed to deliver unmatched accuracy and performance. 

With close to 40 years of expertise, our team is dedicated to developing innovative precision motion solutions that integrate mechanical engineering, electronics, and advanced control systems for a wide range of industries, including semiconductor, automation, photonics/optics, and medical devices.
Our solutions ensure ultra-precise movement, reliability, and efficiency, meeting the most demanding application requirements. Whether you need high-performance motion control, custom mechatronic designs, or integration services, we are committed to delivering tailored solutions that push the boundaries of what's possible.

PBA specialises in direct drive products, as well as high and ultra-precision precision motion solutions, with cutting-edge technology at the forefront of our motion automation expertise. Our system partners and OEM machine builders look for PBA to elevate their solutions for exceptional precision, reliability, and innovation in motion control and mechatronics. 

PBA Group has over 15 owned and operated facilities worldwide and more than 450 employees regionally, with a strong Asia focus and growing global presence. For more information on PBA Systems, please visit www.pbasystems.com.sg",Robotics Engineering,"501-1,000 employees",Privately Held,"Mumbai, Maharashtra, India",India,pbasystems.com.sg,https://www.linkedin.com/company/pba-motion
Astrek innovations,"Leveraging our knowledge and expertise in robotics, motion capturing and machine learning, we design devices that would transform the current state-of-the-art in the rehabilitation and assistive technology arena.",Robotics Engineering,2-10 employees,Privately Held,"Kanayannur, Kerala, India",India,astrekinnovations.com,https://www.linkedin.com/company/astrekinnovations
W. Gessmann GmbH,"Our success on the market is based on our consistent focus on innovative product development and the highest quality standards. By continuously developing our products and services, we lead the market and thus ensure the long-term success of our company.

At Gessmann, we always maintain an open and honest dialogue with each other. Constructive criticism as well as the training and further education of our employees contribute equally to the improvement of the company. We attach particular importance to a positive working atmosphere and high employee motivation.

Maintaining and ensuring the quality of our products is and remains the top priority of our business policy. This is guaranteed by our high quality principles, which are based on decades of expertise.

We are convinced that great things can only be set in motion if you live your passion.",Robotics Engineering,"501-1,000 employees",Privately Held,"Bengaluru, Karnataka, India",India,gessmann.com,https://www.linkedin.com/company/w-gessmann-gmbh
Keshava Elite Projects,"Keshava Elite Projects (KEP) is an innovation-driven, product-based technology company focused on building scalable solutions across AI, Robotics, SaaS, and IoT, aligned with the vision of Industry 5.0.

We specialize in developing intelligent, user-centric platforms and automation systems that simplify complex workflows and enhance productivity. From cloud-based SaaS applications and AI-powered document tools to robotics simulation environments and IoT ecosystems, KEP designs technologies that deliver real-world impact for businesses, educational institutions, and industries.

With flagship products like GetFilePilot, we are transforming everyday digital operations by integrating multiple tools into unified, efficient platforms powered by automation, speed, and seamless user experience.

Our approach combines innovation with practical implementation and strong product thinking, enabling us to build scalable RSaaS (Robotics & Software as a Service) solutions from India for a global audience.

Beyond product development, KEP actively collaborates with schools and colleges through STEM programs, innovation labs, and industry-focused training initiatives—bridging the gap between academic learning and real-world technology.

At our core, we believe in building, not just teaching. We are committed to creating scalable products and ecosystems that evolve with users, drive measurable impact, and shape the future of intelligent technologies.

 Proudly built in India
 Focused on innovation, scalability, and impact",Robotics Engineering,51-200 employees,Privately Held,"Kondapur, TG, India",India,keshavaeliteprojects.co.in,https://www.linkedin.com/company/keshava-elite-projects
SURINOVA,"Surinova is an innovation driven organization that focuses on providing pragmatic business solutions to the farming sector. While the current innovative efforts by many corporates and organizations focus on mechanization, Surinova focuses on automation. At present, most of the agro solutions are man-driven-vehicle oriented, while Surinova’s solutions focus on wire-driven-remote operation. Surinova also ensure the products do not pollute the environment by using fossil fuel. Ours is a clean energy solution that uses batteries.",Robotics Engineering,11-50 employees,Privately Held,"Chennai, Tamil Nadu, India",India,surinova.com,https://www.linkedin.com/company/surinova-pvt-ltd
Robonetics Automation Solutions,"VISION:
To become the global innovator of intelligent robots, to ease the world’s dullest, dirtiest, and deadliest jobs.

MISSION:
Constantly deliver premium quality, innovative robotic solutions, superior support, and a prodigious customer experience, such that our employees thrive, and our customers are completely gratified.

HISTORY:
Technologies was established in 2017 and has already taken a significant place across World. Our company able to System Integration of Yaskawa, UR, KUKA, ABB, Fanuc, Nachi, Kawasaki etc.. Nevertheless, we are also affiliated with Hardware supplier. We are currently implementing heavy industrial solutions for companies which involve stone, metal, foam, wood, ceramics, plastic and glass works in their production line. However, Robonetics focuses not only on heavy industry projects but also on other creative sectors such as education, transportation, media, military industries and robots in public areas.",Robotics Engineering,11-50 employees,Partnership,"Chengalpattu, Tamil Nadu, India",India,roboneticssolutions.com,https://www.linkedin.com/company/robonetics-automation-solutions-llp
"Team Mavericks - Robotics Club, SLIET","Team Mavericks is the official robotics club based at Sant Longowal Institute of Engineering and Technology (SLIET). It provides an ideal platform for students of Mechanical, Mechatronics, Electronics, Computers and Electrical Engineering background to hone their skills and showcase their talent in many interdisciplinary activities.



Our Objectives:

• To promote creativity and to increase the technical know-how and productivity of all the students at the Institute under one umbrella.

• To promote hands-on and co-operative learning and also engages students in problem solving and higher order thinking for Industrial Oriented Projects & preparation for various competition organized all over India.

• To develop the spirit of entrepreneurship among the students of Institute.



Our Achievements:

• Won in Smart India Hackathon (SIH) in 2019, 2020.

• Two teams qualified for the zonal rounds of DRDO’s Unmanned Vehicle Challenge.

• Among the top teams in the E-YANTRA 2017, 2018, 2019 competition jointly by Ministry of Education, MoE (Formerly:MHRD) and IIT, Bombay in 2017, 2018, 2019.

• Spreaded glories at various technical fests, including IIT Bombay, IIT Kanpur, IIT Delhi, IIT BHU, IIT Roorkee, IIT Ropar, PEC , Thapar University,BFGI Bhatinda & received cash prize at GNDU Amritsar.",Robotics Engineering,51-200 employees,Educational,"Sangrur, Punjab, India",India,teammavericks.in,https://www.linkedin.com/company/mavericks-sliet
SKEYEBOTS,"SKEYEBOTS PVT. LTD. is a robotics and AI company building next-generation autonomous systems for defense, disaster response, and strategic operations. We create integrated ISR solutions that combine drone platforms, edge AI, autonomous launch systems, and command-and-control software to deliver real-world mission capability.

Our ecosystem includes products such as AAMY AI, AI Node, OmniPod, and RDMASS—designed for rapid deployment, intelligent surveillance, edge processing, and coordinated autonomous operations in demanding environments. These systems have been field tested by the Indian Army on the Indo-China LAC borders as part of multiple field trials, thereby proving the reliability of these novel autonomous systems.

Founded in 2022, SKEYEBOTS is focused on building field-ready autonomous technologies from India for high-impact national and global applications.",Robotics Engineering,2-10 employees,Privately Held,"Kochi, Kerala, India",India,skeyebots.com,https://www.linkedin.com/company/skeyebots
Paar Autonomy,At Paar Autonomy we are designing intelligent hardware that will redefine the potential of drones and rovers across industries.,Robotics Engineering,11-50 employees,Privately Held,"Bengaluru, Karnataka, India",India,paar-autonomy.com,https://www.linkedin.com/company/paar-autonomy
Uncharted AI,"Uncharted AI develops AI-powered autonomous robotic systems for exploration and mapping in extreme, GPS-denied environments. Our dual-use platform integrates advanced autonomy, multi-sensor fusion, and AI geology models, serving mining, defence, and space sectors with applications in mineral discovery, planetary resource prospecting, and disaster response.",Robotics Engineering,2-10 employees,Privately Held,"Bengaluru, Karnataka, India",India,uncharted-ai.com,https://www.linkedin.com/company/unchartedai-inc
Spaceborn,"• Building the infrastructure stack for intelligent autonomous machines, combining operating systems, artificial intelligence, simulation, hardware, cloud platforms, and developer technologies into a unified ecosystem.

• Leading the development of ANSA, a simulation-first autonomy platform with deterministic execution, hardware abstraction, safety runtimes, and vendor-neutral compute architecture.

• Building DERYK, a physical intelligence platform with agentic AI, world models, multimodal memory (PIMS), and mission intelligence for autonomous systems.

• Developing Certanity and the ANSA Reality Engine, a unified simulation and digital twin platform with 24 specialized simulators for validation, testing, and autonomy development.

• Building flight controllers, edge computing platforms, telemetry infrastructure, SDKs, cloud platforms, OEM technologies, and developer tools powering next-generation autonomous systems.

• Expanding the ecosystem through KHONSU (physical execution across air, ground, industrial, and space domains) and DESTNY (brand, communication, and ecosystem growth).",Robotics Engineering,51-200 employees,Privately Held,"Chennai, Tamil Nadu, India",India,spaceborn.in,https://www.linkedin.com/company/spaceborn-future
AB6 Robotics,"What We Believe:
Hands-on learning across disciplines will be disrupted drastically and unexpectedly in the coming years.

What We’re Building:
A platform for AI-guided, real-world practice: A new model for hands-on mastery in the AI era, starting with robotics.

Who We Are:
An IIT Gandhinagar team with years of hardware and robotics experience and a strong foundation in pedagogy, and convinced that hands-on learning must evolve now.

Founders:
Founded by Prof. Harish P M and Mr. Suyash Patidar. Prof. Harish is a professor of robotics at IIT Gandhinagar and Suyash Patidar is a 2020 alumnus of IIT Gandhinagar.

Our Offerings:
Our table-top industry-grade robots and AI-guided hardware and concept learning provide a refreshingly new way to learn and unlock your robotics potential.

Our Clients:
We have been serving colleges that want to offer an engaging deep-dive industry-grade robotics experience for their students, corporations that want to up-skill their human resources, and college students who want to explore physical AI and robotics as a potential career. 

Recognition and Support:
We have received extensive recognition and support including from Prof. Ashok Jhunjhunwala through the ITEL foundation, through DST NIDHI Prayas, and through IIMA Ventures and Kotak Bizlabs 2.0.

Founded in September 2024.
Company registered as ABsix Robotics Pvt. Ltd.
Headquartered in IIT Gandhinagar Research Park.",Robotics Engineering,2-10 employees,Privately Held,"Gandhinagar, Gujarat, India",India,absixrobotics.com,https://www.linkedin.com/company/absix-robotics-pvt-ltd
Unibose Technology Private Limited,"Overview

Unibose Technology is a deep-tech robotics company building advanced solutions for hazardous and confined industrial environments.

We are focused on one clear mission: eliminating manual entry in dangerous industrial operations through purpose-built robotic systems that improve safety, compliance, and operational efficiency.

Unibose is the developer of the ATEX Zone-0 Certified NMER (No-Man Entry Robot) — the world’s 1st ATEX Zone-0 Certified onboard pump-based robotic solution designed for hazardous tank cleaning and sludge evacuation without human entry into confined and explosive atmospheres.

Our technologies are engineered for real industrial conditions and are built to serve critical sectors such as Oil & Gas, Chemicals, and other high-risk process industries, where safety and reliability are non-negotiable.

What differentiates Unibose is our focus on purpose-built, field-deployable robotic systems engineered for real industrial challenges in hazardous environments.

What We Do:
ATEX Zone-0 Certified NMER for hazardous tank cleaning and sludge evacuation
Hazardous area robotic solutions for confined and explosive industrial environments
Industrial safety innovation focused on reducing human exposure in high-risk operations
Field-deployable systems designed for practical execution in demanding industrial sites

Key Highlights:
Deep-tech robotics company focused on hazardous industrial applications
Developer of the world’s 1st ATEX Zone-0 Certified onboard pump-based robotic solution
Mission-driven focus on zero-man-entry operations in confined and hazardous spaces
Serving industries where safety, compliance, and operational continuity are critical

Specialties:
Industrial Robotics | Hazardous Area Robotics | ATEX Zone-0 Systems | No-Man Entry Solutions | Tank Cleaning Robotics | Sludge Evacuation | Confined Space Safety | Oil & Gas Robotics | Industrial Automation | Safety-Critical Engineering",Robotics Engineering,11-50 employees,Privately Held,"Chengalpattu, Tamil Nadu, India",India,unibose.com,https://www.linkedin.com/company/unibose-technology-private-limited
Armatrix,Armatrix is building snake-like robotic arms for inspection and maintenance of confined spaces in heavy industries.,Robotics Engineering,11-50 employees,Privately Held,"Bengaluru, Karnataka, India",India,armatrix.com,https://www.linkedin.com/company/armatrix
Lemon Robotics and Automation Pvt. Ltd.,"Lemon Robotics & Automation Pvt.Ltd. 
is a forward-thinking division of Latest Technology with AI,ML Approach, specializing in cutting-edge robotics, automation, and IT services. Here’s a comprehensive overview:

Key Areas of Expertise

1. Advanced Tooling and Manufacturing

	•	Operates sophisticated manufacturing facilities, offering advanced tooling solutions to Italian, German, and OEM clients.

2. AI, ML, and Virtual Commissioning

	•	Leads AI and ML-based projects, revolutionizing automation and analytics.
	•	Features a Virtual Commissioning team to streamline and optimize project planning and execution.

3. Robotics in Healthcare

	•	Innovates in robotic healthcare applications, including precision surgeries, patient care, and medical automation.

4. Infrastructure Engineering

	•	Uses robotics for constructing tunnels, bridges, and buildings with notable achievements.

5. IT and Cybersecurity

	•	Maintains a dedicated IT team offering Cybersecurity and IT services across diverse sectors, safeguarding digital infrastructures.

Global Collaborations

	•	Partners with organizations from various countries, enhancing global reach and technological advancements.

Workforce and Vision

	•	Powered by a skilled team of 110 professionals, committed to delivering excellence.
	•	Driven by the motto:
“Join Us to make our Countries Proud!”

Lemon Robotics stands at the forefront of industrial innovation, pioneering advancements in robotics, AI, and IT to inspire global impact.",Robotics Engineering,51-200 employees,Partnership,"Pune, Maharashtra, India",India,lemonrobotics.com,https://www.linkedin.com/company/lemon-robotics-llp
Intuitive Research and Development Pvt Ltd (IRDPL),"Intuitive Research & Development Pvt Ltd is pioneering research based eco system in India, currently advancing in the autonomous systems. We are engineering the next generation of automation using advance AI and Robotics to create 100% autonomous robots capable of tackling complex industrial and commercial tasks, paving the way for smarter, more efficient operations. Our current focus is on delivering intelligent robotic solutions for Industrial Hazardous processes.",Robotics Engineering,2-10 employees,Privately Held,"Vadodara, Gujarat, India",India,intuitiveresearchs.com,https://www.linkedin.com/company/intuitive1
Panitos Roboware Private Limited,"Panitos Roboware Private Limited is a pioneering Indian startup transforming the future with AI-powered drones and intelligent robotic systems. From drone gaming and education to aerial services, precise agriculture and defense, we deliver innovative, indigenous solutions that combine cutting-edge hardware, smart software, sustainable energy and advanced automation.

Our mission is to make drone technology accessible, impactful and experiential for students, enterprises and national agencies alike. With a strong focus on innovation, performance and reliability, we create solutions that address real-world challenges—enhancing efficiency, safety and productivity across sectors.

At Panitos, we are not just building drones; we are building the future of unmanned systems for India and the world.",Robotics Engineering,2-10 employees,Privately Held,"Sambhal, Uttar Pradesh, India",India,panitosroboware.com,https://www.linkedin.com/company/panitosroboware
Epicure Robotics,Serving personalized smoothies with our robotic kiosks under 120 seconds,Robotics Engineering,11-50 employees,Privately Held,"Bengaluru, Karnataka, India",India,epicurerobotics.com,https://www.linkedin.com/company/epicure-robotics
Bhairav Robotics,"Bhairav Robotics, an associate of Zen Technologies, designs, develops, and manufactures advanced robotic solutions for diverse industries, including defense. Our flagship product is a quadruped UGV, engineered to support multiple industrial applications.",Robotics Engineering,2-10 employees,Privately Held,"Kakinada, Andhra Pradesh, India",India,bhairavrobotics.com,https://www.linkedin.com/company/bhairavrobotics
ALLBOTIX,"Welcome to the official LinkedIn page of Allbotix! 

Allbotix isn't just a robot; it's a cutting-edge innovation revolutionizing the way we interact with technology. As a leader in robotics, Allbotix combines advanced AI, mobility, and smart home integration to enhance productivity, connectivity, and entertainment for individuals and businesses alike.

 Transforming the Way You Connect: Allbotix redefines communication by providing seamless video calls, remote monitoring, and personalized assistance, bringing people closer together regardless of their physical location.

 Elevating Productivity: Whether it's scheduling appointments, managing tasks, or accessing information hands-free, Allbotix streamlines workflows and empowers users to achieve more in less time.

 Entertainment at Your Fingertips: From streaming your favorite music and videos to controlling smart home devices, Allbotix adds a new dimension of fun and convenience to your everyday life.

Join us on our journey to unlock the full potential of robotics and AI. Connect with us to stay updated on the latest developments, partnerships, and opportunities as we continue to push the boundaries of what's possible with Allbotix!",Robotics Engineering,11-50 employees,Self Owned,"Ahmedabad, Gujarat, India",India,allbotix.ai,https://www.linkedin.com/company/allbotix
IITGN Robotics,"IITGN Robotics is a group of academic researchers and developers working on a wide range of projects in robotics and allied areas that use basic engineering principles related to the dynamics, control theory, systems theory, and sometimes signal processing and data analysis. The projects often span the entire spectrum from mathematical theory, modelling, & analysis, computational simulations, table-top experiments & validations, and in some cases human subject studies. The group thus has diverse interests and also attracts a diverse set of people from varying backgrounds and interests (including people who are passionate about experimental work, mathematical work, computational studies, specific applications, and making an impact on the field), and both discovery-driven and invention-driven projects are undertaken in the lab.",Robotics Engineering,11-50 employees,Educational,"Gandhinagar, Gujarat, India",India,iitgn.ac.in,https://www.linkedin.com/company/iitgnrobotics
Phicode,"Building India's indigenous LiDAR mapping, sensor-fusion, GIS analytics and autonomous robotics deep-tech stack from the ground up at Phicode. 

Our flagship product, PhiSCAN, is an indigenous 360° SLAM LiDAR mapping platform designed for  high-speed 3D data capture in demanding environments.  

We work across LiDAR, IMU, GNSS/GPS, sensor fusion, SLAM, point-cloud processing, GIS analytics and autonomous navigation. Our systems have been demonstrated across mining/fertilizer sites, railway corridors, tunnels, forest mapping and autonomous UGV deployments. 

We have also integrated our compute stack to create an Autonomous UGV, which can be used for mapping, localisation, autonomous field inspection, patrol and logistics in defence, mining and industrial sites.",Robotics Engineering,2-10 employees,Privately Held,"Bengaluru South, Karnataka, India",India,phicode.io,https://www.linkedin.com/company/phicodeio
Mobotics.org,"At mobotics , we are at the forefront of innovation in robotics and electronics. Our mission is to shape the future by providing cutting-edge development and comprehensive training solutions. Since our establishment in 2006 by our visionary founder, Tarjinder Tarun, we have specialized in designing advanced robotic systems and state-of-the-art electronic devices, empowering businesses and individuals to stay ahead in a rapidly evolving technological landscape.

What We Do
Advanced Robotic Systems: We create sophisticated robotic solutions that push the boundaries of automation and efficiency.
State-of-the-Art Electronic Devices: Our electronics are designed with the latest technology, ensuring high performance and reliability.
Our Services
Innovative Projects: Our expert team delivers excellence through groundbreaking projects tailored to meet the unique needs of our clients.
Hands-On Training Programs: We offer comprehensive training solutions that equip individuals and businesses with the skills needed to thrive in the tech industry.
Industry-Leading Expertise: Our team's extensive knowledge and experience ensure that we remain at the forefront of technological advancements.
Areas of Expertise
PCB 3D Printing: Revolutionizing the way electronic circuits are designed and manufactured, enhancing both speed and flexibility.
Automation: Implementing automated solutions to increase efficiency, reduce costs, and improve accuracy in various industrial processes.
Electrical Engineering: Providing innovative electrical engineering solutions that meet the highest standards of quality and safety.
IoT-Based Projects: Creating interconnected systems that leverage the power of the Internet of Things to provide smart, data-driven solutions.
By integrating these cutting-edge technologies, we ensure our clients and partners remain at the technological forefront, ready to harness the opportunities of tomorrow. Join us in pioneering the future of technology.",Robotics Engineering,2-10 employees,Self Owned,"Phagwara, Punjab, India",India,mobotics.org,https://www.linkedin.com/company/mobotics-org
TERAFAC,"Redefining manufacturing through AI:
Terafac is building an AI and vision enabled intelligence and integration platform for robots and manufacturing industries. 

We’ll enable factories of the future by giving industrial machines embodied intelligence to perceive, adapt, integrate and co-ordinate, starting with welding robots.",Robotics Engineering,2-10 employees,Privately Held,"Chandigarh, Chandigarh, India",India,terafac.com,https://www.linkedin.com/company/terafac
AdAstraCIT,"Ad Astra ,the Robotics and Drone Club of Cambridge Institute of Technology (CIT) is the preeminent hub for innovation and skill development in robotics and Unmanned Aerial Systems (UAS). We're driven by the vision to cultivate a dynamic community dedicated to architecting the future of these captivating technologies.

We proudly embody CIT's commitment to technological excellence, believing that robotics and drones are powerful catalysts for creativity, ingenuity, and meaningful global change.

Our Commitments:
1.Skill Mastery & Mentorship: We offer an environment for experiential learning, robust collaboration, and structured mentorship to acquire advanced, applicable skills.

2.Diversity & Inclusion: We ensure equitable opportunities, fostering a collaborative space where all individuals can contribute their unique perspectives.

3.Global Impact: We leverage these cutting-edge technologies to actively address and solve pressing global challenges.

Join Our Journey:
We consistently produce high-quality content, including in-depth technical analyses, industry interviews, case studies, practical tutorials, designed to attract, retain, and inspire.

Embark on a journey of innovation and discovery. Join the Robotics and Drone Club at CIT today and help shape a technologically advanced tomorrow!

Reach out: https://linktr.ee/adastra.cit
Instagram: https://www.instagram.com/adastra.cit?igsh=MWRvc3g4aXlmeHpsbg==",Robotics Engineering,11-50 employees,Educational,"Bengaluru, Karnataka, India",India,,https://www.linkedin.com/company/adastracit
Scout Robotics,"Solving Maintenance and Inspection needs of the industry through AI powered cutting edge Robotics.

We integrate bots into daily operation cycles to assist in their Dull, Dirty and Dangerous tasks!",Robotics Engineering,2-10 employees,Privately Held,"Kanpur, Uttar Pradesh, India",India,scoutrobo.com,https://www.linkedin.com/company/scout-robotics
RRB ROBOTICS & AUTOMATION,"At RRB Robotics & Automation, we specialize in delivering advanced AMR (Autonomous Mobile Robots) and AGV (Automated Guided Vehicles) solutions tailored for modern industrial environments.

We provide complete robotics turnkey projects — from concept design and system engineering to installation, commissioning, and after-sales support. Our mission is to help industries improve productivity, reduce manual dependency, and achieve smart factory transformation.

 Our Core Expertise:
	•	AMR & AGV Mobile Robot Solutions
	•	Robotic Welding & Material Handling Automation
	•	Factory Intralogistics Automation
	•	Custom Automation System Integration
	•	End-to-End Turnkey Project Execution

We work closely with customers to understand their process flow, layout, and operational challenges to deliver reliable, scalable, and ROI-driven automation solutions.",Robotics Engineering,2-10 employees,Public Company,"Chennai, Tamil Nadu, India",India,rrbrobotics.com,https://www.linkedin.com/company/rrb-robotics
ASRobotix,"ASRobotix is building self-assembling robotic systems that transform from individual units into intelligent, functional structures.
Our goal is to make robotics scalable, adaptive, and deployable anywherefrom disaster response to defense.",Robotics Engineering,2-10 employees,Self Owned,"Gurugram, Haryana, India",India,asrobotix.com,https://www.linkedin.com/company/asrobotix
Flywheel Aerospace,"We are a robotics education startup focused on building practical, industry-relevant learning systems for the next generation of engineers.

Our mission is to close the gap between academic theory and real-world engineering by providing hands-on robotics platforms that students can assemble, program, test, and iterate on—mirroring real engineering workflows.

We work with colleges, universities, talent development programs, and training institutions to support workshops, labs, bootcamps, and early-career skill-development initiatives. Our solutions are designed to be scalable, affordable, and easy to deploy, enabling institutions to deliver meaningful hands-on learning without complex infrastructure.

At our core, we believe robotics education should focus on real skills, real systems, and real outcomes, preparing learners for careers in robotics, automation, embedded systems, and advanced technology roles.",Robotics Engineering,11-50 employees,Self Owned,"New Delhi, Delhi, India",India,flywheelaerospace.com,https://www.linkedin.com/company/flywheel-robotics
Zukunft Robots Private Limited,"Welcome to Zukunft Robots, where innovation drives automation to transform industries. We're dedicated to revolutionizing manufacturing, logistics, and agriculture through advanced robotics solutions.

Zukunft Robots is a forward-thinking startup focused on pushing the boundaries of robotics technology. With our team of passionate engineers and developers, we're committed to creating solutions that streamline processes, boost productivity, and drive efficiency for businesses worldwide.

What We Offer:
Development Boards: Customizable hardware for building IoT devices and robotic systems.

Robotics as a Service (RaaS): Subscription-based access to robotic systems without upfront costs.

Software as a Service (SaaS): Cloud-based software for robotics control, monitoring, and analytics.

IoT Services: Integration of IoT sensors for predictive maintenance and process optimization.

Cloud Computing: Scalable infrastructure for indoor automation applications.
Data Analytics: Advanced insights from sensor data to optimize operations.

We envision a future where industries thrive with the help of robotics and automation. By embracing innovation, businesses can unlock new opportunities, drive growth, and create a more sustainable future.

Ready to elevate your business with robotics and automation? Contact us to learn more about our solutions and how Zukunft Robots can help you achieve your goals.

Join us as we redefine industries with cutting-edge robotics solutions.",Robotics Engineering,2-10 employees,Privately Held,"Hyderabad, TG, India",India,zukunftrobots.com,https://www.linkedin.com/company/zukunft-robots-private-limited
PixelBotix,"PixelBotix Technologies Pvt. Ltd. is an emerging R&D and  EdTech company dedicated to inspiring and empowering innovators and learners of all ages through cutting-edge education in Robotics, AI, IoT, and Smart Systems. Headquartered in Chennai, India, our mission is to nurture creativity, curiosity, and innovation by providing structured learning pathways from early childhood to educator level and beyond.

Our Major products and services are

 PixelBotix AI and Robotics Hub – Specialized R&D labs in emerging technologies:
3D Printing Lab (Rapid Prototyping, CNC, Laser Cutting)
IoT Lab (Smart Systems & Internet of Things)
Touch Lab (Haptics & Tactile Interfaces)
BioMed Lab (Assistive Tech & Prosthetics)
AR/VR Lab (Immersive Technologies)
Aero Lab (Drones & Space Innovation)
AMR Lab (Mobile Robots & Autonomous Systems)

 PixelBotix R&D – A dedicated division for industrial collaboration, innovative product development, and next-gen tech solutions.

We specialize in STEM learning kits, robotics education, and lab infrastructure development through our exclusive sub-brands:

 PixelBotix Brainy Babies – Engaging STEM toys for infants (0–3 years)
 PixelBotix Little Techies – Early tech learning kits for curious minds (3–6 years)
 PixelBotix Maker School – Comprehensive robotics and electronics kits (6–17 years)
 PixelBotix Skill Labs – Advanced kits and lab setups for 8th-grade to educator-level, tailored for schools and colleges

At PixelBotix, we believe that “Every child can be a creator” and “Every learner deserves access to futuristic learning.” Through our R&D,  futuristic educational tools, hands-on kits, and lab solutions, we aim to make robotics and AI education accessible, affordable, and exciting.",Robotics Engineering,11-50 employees,Privately Held,"Tambaram, Tamil Nadu, India",India,pixelbotix.com,https://www.linkedin.com/company/pixelbotix
Optima Robotics - Australia and India,A specialised engineering and manufacturing company for robotics solution.,Robotics Engineering,11-50 employees,Privately Held,"Vadodara, Gujarat, India",India,,https://www.linkedin.com/company/optima-robotics-pty-ltd
Nurbs Labs,"At Nurbs Labs, we combine deep engineering expertise with advanced digital intelligence to help industrial enterprises transform performance, quality and sustainability to meet i4.0 norms. 

We have a portfolio of specialized AI & Automation solutions for manufacturers, operators and OEMs. We Deliver:
•	Turnkey automation and testing systems for high-reliability sectors: 
	iXTouch : Automated HMI testing machine simulating human touch 
	Hardware-in- Loop (HiL) system development

•	AI-powered solutions across industrial value chains:
	Plant Efficiency & Yield Optimizer (PEYO) : Real-time workflow & yield improvement. 
	Predictive Maintenance Specialist (PMS) : Maximise machine availability via data-driven insights.
	Prognostic Emission Monitor (PEM) : Support regulatory compliance and carbon-neutral goals. 
	Smart Inventory Advisor (SIA) : Intelligent supply-demand alignment and working-capital savings. 
	Cognitive Workforce Modeler (CgWM) : Optimise human-capital performance via analytics.

•	Computer Vision Solutions transforming visual inspection in industrial operations into a data-driven intelligence process — enabling machines to see, interpret, and act

We are registered in India (Bangalore), the US (Pennsylvania) and operates in the Middle East through our JV partners.  With over a decade of industry experience and multi-disciplinary service spectrum, we work with our customers to solve critical industry problems. 

At Nurbs, we are ready to accept challenges and define what others do not. 

A strong focus on helping clients adopt digital transformation with minimal infrastructure burden, and fast time-to-value",Robotics Engineering,2-10 employees,Privately Held,"Bengaluru, Karnataka, India",India,nurbslabs.com,https://www.linkedin.com/company/nurbs-labs
Andromeida,"Andromeida Maritime Solutions Pvt. Ltd. is an Indian DeepTech company building next-generation autonomous underwater robotics, AI-powered inspection systems, and marine intelligence solutions for defence, offshore energy, ports, infrastructure, research, and environmental monitoring. Our mission is to make underwater operations safer, smarter, and more autonomous through advanced robotics, computer vision, and intelligent sensing technologies.",Robotics Engineering,2-10 employees,Privately Held,"New Delhi, Delhi, India",India,andromeida.com,https://www.linkedin.com/company/andromeida
Math Coders Pvt. Ltd.,"Math Coders Pvt. Ltd. founded in 2021 at Pilani Rajasthan, is an EdTech startup to teach Arduino Robotics, AI, STEM Activities to school students with an affordable price. 
        We are a part of PIEDS : Pilani Innovation & Entrepreneurship Development Society, BITS Pilani, Rajasthan.  
Our aim is to provide activities & project-based learning to the school students from UKG to Class 9th, aligning with NEP 202 guidelines. 
Our mission, 'Arduino Coding for All,' is to inspire Indian school students toward innovation. Our vision is to teach Arduino Robotics to all school students irrespective of their boards ( CBSE/ICSE/State Boards). We are launching a campaign, "" Ghar Ghar Arduino,"" to promote robotics in India. 

Salient Features of our program: 
1. Courses are designed by IITians  and BITSians.  
2.   We nurture the Innovation and Creativity  of the school students  through Innovative Models and project-based Based Learning 
3. We are offering a hybrid model of robotics education, Off-Line + Online, to make it affordable. 

List of Schools where we are teaching Robotics as a school Program :
1. Delhi World Public School, Malda, West Bengal ( CBSE )
2. Ramakrishna Mission Vivekananda Vidyamandir , Malda (West Bengal Board)
3. Saraswati Shishu Madir , Syamdih, Katras, Dhanabd ( CSBE )

At present, we are teaching STEM Activities & Robotics to 3000+ students as a subject and we are working with various colleges & universities to develop manpower as a STEM/Robotics & AI trainer to fulfill the demand of trainers in various schools of India.",Robotics Engineering,11-50 employees,Privately Held,"Dhanbad, Jharkhand, India",India,mathcoders.org,https://www.linkedin.com/company/math-coders-pvt-ltd
Doijad Automation & Robotics Pvt. Ltd.,Doijad Automation & Robotics: Innovation for a smarter tomorrow. We design cutting-edge robotic solutions to enhance efficiency and drive productivity in various industries. Embrace automation with us.,Robotics Engineering,2-10 employees,Privately Held,"Pune, Maharashtra, India",India,doijad.com,https://www.linkedin.com/company/doijad-automation-robotics
Vrutti Robotics,"At Vrutti, we’re redefining the future of material handling. Imagine a world where your Automated Guided Vehicles (AGVs) and Autonomous Mobile Robots (AMRs) move with intelligence and precision. Our cutting-edge software, powered by SLAM and LIDAR technology, brings natural, dynamic navigation to your industrial environment. We’re not just about automation; we’re about seamless integration, offering you a system that’s hardware-independent, customizable, and incredibly reliable. This is more than just technology—it’s the future of efficient, effortless movement in your operations.",Robotics Engineering,11-50 employees,Privately Held,"Mumbai, Maharashtra, India",India,vrutti.io,https://www.linkedin.com/company/vru-tti
Buimb Research,"Welcome to BUIMB Research LLP! 
We help businesses grow and scale through expert, innovative, and data-driven solutions.

Our Core Services:
Digital Marketing Solutions – SEO, Social Media, Paid Ads, and End-to-End Campaign Management
Website & Application Development – Fast, modern, and conversion-focused digital products
Robotics & Automation Research – Future-ready innovations for smarter, more efficient operations
Branding & Business Strategy – Build a powerful brand that stands out and grows sustainably

At BUIMB, we focus on measurable results, creative execution, and strategies backed by deep research and performance data.

Tell us your business goals — our team will guide you with the best approach to achieve them.

Visit us: www.buimbdigital.com

Contact us: +91 89237 68209

We look forward to collaborating with you and turning your vision into success.

Team BUIMB Research LLP",Robotics Engineering,11-50 employees,Privately Held,"Roorkee, Uttarakhand, India",India,buimbdigital.com,https://www.linkedin.com/company/buimb-research
DexSent Robotics,"DexSent Robotics builds vision-enabled, intelligent robotic systems designed to work with people—not replace them. We develop adaptive, real-world-ready robots that perceive, learn, and collaborate naturally by unifying vision intelligence, dexterous action, and advanced control into a single, cohesive platform. Our focus is on moving beyond rigid automation toward responsive robotic companions that enhance safety, precision, and productivity in dynamic environments.

Incubated at ArtPark, IISc Bengaluru, DexSent Robotics is rooted in India’s strength in software-driven intelligence and systems engineering, with a global outlook. We believe robots should handle repetitive and complex tasks so humans can focus on creativity and decision-making. At DexSent, we build with quiet confidence—prioritizing reliability, accessibility, and long-term impact—creating intelligent systems that adapt as the world evolves.",Robotics Engineering,2-10 employees,Privately Held,"Chennai, Tamil Nadu, India",India,dexsentrobotics.com,https://www.linkedin.com/company/dexsent-robotics
ALIEN INNOVATIONS,"Alien Innovations is an organization focused on tackling real-life challenges encountered by individuals. Our commitment lies in enhancing community life by harnessing innovative technologies. We strive to foster independence and create solutions that prioritize comfort and self-reliance.

At Alien Innovations, we recognize the diverse obstacles individuals face in their daily routines. Our team is dedicated to developing cutting-edge solutions that empower users to navigate the world with greater ease and confidence. With a blend of passion and expertise, we craft impactful and assistive technologies that bridge the gap and advance the technological landscape people rely on.",Robotics Engineering,11-50 employees,Privately Held,"Hyderabad, TG, India",India,alieninnovations.org,https://www.linkedin.com/company/alieninnovations
Kikobot Robotics,"Kikobot builds advanced robotic systems including cobots, delta robots, gantry systems, and AI vision solutions for modern industrial automation and intelligent manufacturing.",Robotics Engineering,11-50 employees,Privately Held,"Pune, Maharashtra, India",India,kikobot.com,https://www.linkedin.com/company/kikobot
SPARKSBOT Labs,"We’re building hands-on Robotics & STEM learning kits designed to make innovation simple, practical, and exciting for students.",Robotics Engineering,2-10 employees,Privately Held,"Patna Sadar, Bihar, India",India,sparksbot.online,https://www.linkedin.com/company/sparksbot-labs
XRobotics,"XRobotics is a DeepTech education company transforming schools with Robotics, AI, and STEM learning. We empower teachers and students through hands-on projects, smart automation solutions, and guided training programs. With practical learning at the core, XRobotics equips the next generation with future-ready skills to succeed in a technology-driven world.",Robotics Engineering,51-200 employees,Privately Held,"Bhubaneshwar, Oregon, India",India,xroboticsworks.com,https://www.linkedin.com/company/xroboticsindia
Robocademy,Your Pathway to Becoming a Robotics & AI Professional,Robotics Engineering,2-10 employees,Privately Held,"Aluva, Kerala, India",India,robocademy.com,https://www.linkedin.com/company/robocademy
RUNTIME Robotics,"We are a group of young robotics engineers who are passionate about building and programming robots. We have expertise in various areas of robotics such as robotics simulations, algorithms, robotic vision, deep learning, speech processing and the list goes on. We can handle both research and commercial projects. We are also providing robotic education to students and professionals to build the next robotics engineers.


We are dreaming of a world where robots and humans are co-existing and solving problems. We would like to create more job opportunities in robotics and like to provide robotics education to people to empower them to understand the possibilities of robotics technology. We would like to create robot technology for good.",Robotics Engineering,2-10 employees,Privately Held,"Aluva, Kerala, India",India,runtimerobotics.com,https://www.linkedin.com/company/runtimerobotics
"AutoRob Club, HBTU, Kanpur","Established on 19 January, 2019 under Association of Mechanical Engineers (AME) ,HBTU Kanpur, based on 'AUTOMATION AND ROBOTICS'. In current era of latest technology, we need innovative minds to sum up for solving real life problem with their creative notions by means of technical conception.
Mentor-Dr.SKS Yadav
             Assistant Professor
             Mechanical Engineering Department,
             HBTU Kanpur

Founders-Rinku Yadav & Prateek Singh
                   ME'21

Co-Founder-Subham Kumar
                    CSE'21",Robotics Engineering,51-200 employees,Educational,"Kanpur, Uttar Pradesh, India",India,,https://www.linkedin.com/company/autorob-club-hbtu-kanpur
Bector Automation RML,"Renowned for its innovative and exceptional product delivery, Bector Automation RML India Pvt Ltd. is a frontrunner in end-of-line packaging and product handling solutions. The company boasts of a strong partnership between RML Engineering (New Zealand) and Bectochem Consultants & Engineers Pvt. Ltd. (India), offering premium, custom solutions that meet the clients' modern-day packaging needs.

BectorRML's vast array of solutions ranges across secondary packaging, tertiary packaging, conveying systems, and end-of-line automation.

Secondary Packaging:
●	Automatic Cartoning Machine
●	Semi-Automatic Cartoning Machine
●	Banding Machine

Conveying System:
●	Online / Static Check Weigher
●	Versatile Conveyor Types (Belt, Roller, Modular, Slat, Chain, etc.)

Tertiary Packaging:
●	Case Packer (Automatic / Semi-Automatic)
●	Case Erector
●	Case Sealer

End of Line Automation:
●	Conveying and Traffic Management
●	Track & Trace
●	Robotic Palletizer
●	Automatic Guide Vehicle

We at BectorRML constantly push the boundaries of what's possible because of our steadfast commitment to client satisfaction, our unrelenting pursuit of innovation, and our unflinching commitment to quality. When you partner with BectorRML, you get more than just packaging—you get all-encompassing solutions that maximize operational effectiveness and give you a competitive edge in today's overcrowded market!",Robotics Engineering,51-200 employees,Privately Held,"Pune, Maharashtra, India",India,bectochem.com,https://www.linkedin.com/company/bector-rml
Vyom,"Vyom is building the platform to power the future of autonomous robots and drones. 

We are creating a software-defined ecosystem to empowers the robotics industry with unmatched adaptability, flexibility, and scalability, to operate and orchestrate their fleets.

We are building: 

Vyom IQ: Command centre in the cloud to operate, orchestrate, monitor and aggregate data from your robot and drone fleets. It unifies planning, teleoperation, observability, data capture and fleet health monitoring – into a single pane of glass. 

Vyom GCS (Ground Control Station): For more granular mission planning and real-time operation of drones and bots, either autonomously or with human-in-the-loop. 

Vyom AI Pilots: Truly autonomous AI pilots for your drones and robots to ensure they can navigate, optimize flight paths, avoid obstacles and complete missions, on their own if needed.

We call this complete platform, the Vyom OS: A hardware agnostic operating system which ensures easy & optimal operations in the complete value chain, from edge devices in the field to centralized data store.",Robotics Engineering,2-10 employees,Privately Held,"Bengaluru, Karnataka, India",India,vyomiq.io,https://www.linkedin.com/company/vyom-os
Team Abhiyaan,"Team Abhiyaan is an enthusiastic group of multi-disciplinary students of IIT Madras, committed to building intelligent, robust, precise and safe ground navigation systems. As a competition team of 45 members, we participate in an international robotics competition called IGVC (Intelligent Ground Vehicle Competition) held at Oakland University, Michigan, USA. Participants are given a problem statement using which robots have to navigate autonomously through laned obstacles in Auto Nav challenge of IGVC.
With the vision of creating autonomous navigation systems to negate human risk, we aim to designing a six-seater golf cart to operate autonomously in closed and restricted environments like institutes, airports and gated communities.
Currently Abhiyaan is also working on a project called MACRo (Martian Autonomous Core Sampling Rover) in collaboration with Extra-Terrestrial Manufacturing (ExTeM), which aims to build an autonomous rover capable of collecting core samples from Martian surfaces. The rover will be built to withstand the intense Martian conditions and we intend to drill 1 foot for more in-depth research and analysis, whereas current rovers can only drill 2.75 inches.
Our goal is to strive for and progress toward the vision of developing autonomous systems that can help solve many real-world problems and assist humans in their daily activities.",Robotics Engineering,11-50 employees,Educational,"Chennai, Tamil Nadu, India",India,teamabhiyaan.com,https://www.linkedin.com/company/abhiyaan
Exantro,"Exantro builds autonomous battery-swap infrastructure so drones never have to stop for power. We started with a simple conviction: the bottleneck to scaling drone operations isn't the drone, it's the energy behind it. We're engineering the stations, batteries, and software that turn one-off flights into continuous, dependable service.",Robotics Engineering,2-10 employees,Privately Held,"Bengaluru, Karnataka, India",India,exantro.com,https://www.linkedin.com/company/exantro
KALAM ROBOTICS SOCIETY,"We are a diverse group of students who love to build cool stuffs from RC cars and autonomous robots to IoT-based smart systems. KRS is the official robotics society of IILM University, Greater Noida, functioning under the umbrella of our university’s student-led innovation and tech initiatives.
If things like drone, robots, or AI-powered automation get you excited this is the place for you.  We believe that learning isn’t just about theory, it’s about getting your hands dirty, experimenting, failing fast, and building cool stuff that actually works. Our team consists of students from various technical backgrounds, united by the spirit of innovation and a love for solving real-world problems through creative tech solutions.",Robotics Engineering,11-50 employees,Non Profit,"Sadar, Uttar Pradesh, India",India,,https://www.linkedin.com/company/kalam-robotics-society
Lukk Automation Solution,"Lukk Automation is a Singapore-based robotics and automation start-up committed to transforming industrial operations through intelligent engineering, integration, and innovation.

We design, source, and build smart automation solutions — combining global partnerships with in-house development to deliver reliable, cost-efficient systems tailored to our clients’ needs. From Autonomous Mobile Robots (AMRs) and vision-based inspection systems to custom conveyors, workstations, and digital packing stations, we provide end-to-end project support — from design and prototyping to installation and after-sales service.

Our engineering team brings together mechanical, electrical, and software expertise to bridge the gap between imported robotics technology, custom built tailored made solutions and local industrial applications. This hybrid model allows us to adapt, customize, and innovate rapidly — ensuring every solution we deliver drives real-world productivity and efficiency.

At Lukk Automation, we believe that automation should be accessible, scalable, and built for the future. By continuously exploring new technologies in robotics, AI, and smart vision, we help businesses across Southeast Asia modernize their operations and achieve measurable results.

Our Mission: Empower industries through smart, reliable, and innovative automation solutions.

Our Vision: To become a leading robotics and automation partner in Southeast Asia, recognized for engineering excellence and innovation.",Robotics Engineering,11-50 employees,Privately Held,"Chennai, Tamil Nadu, India",India,lukkautomations.com,https://www.linkedin.com/company/lukk-automation-solution
Vanar Robots,"Speeding up humanity’s progress
through the next evolution of labor",Robotics Engineering,2-10 employees,Privately Held,"Mumbai, Maharashtra, India",India,vanarrobots.com,https://www.linkedin.com/company/vanar-robots
CHARGEKART,"Autonomous charging robot made to fuel electric vehicles with clean and fast charging at the convenience of user at public and private parking spaces. 
Our user-friendly app allows EV users to locate the nearest mobile charging unit that will provide on-site delivery of fast and adaptive charge. All the user must do is book and pay for the charge the rest is taken care of by us.
Our vision is to build a public electric charging network by providing distribution services.",Robotics Engineering,2-10 employees,Privately Held,"Hyderabad, TG, India",India,chargekart.co.in,https://www.linkedin.com/company/chargekart-private-limited
Kshatra Labs,"To develop, manufacture and field autonomous robots across air, land, sea and space to secure our nation’s borders through Robotics and AI. These efforts enable us to deliver intelligent systems that extend human reach, ensure mission efficacy, and strengthen national security.",Robotics Engineering,2-10 employees,Privately Held,"Bengaluru, Karnataka, India",India,kshatralabs.in,https://www.linkedin.com/company/kshatra-labs
KGEC - Robotics Society,"An Educational Society where we learn, build, grow and work together primarily involving the widespread domains of Core Electronics, Internet of Things, Machine Learning and Cloud, Mechatronics and Hydraulics inculcating the culture of Robotics inside the college premises and to build a community around the college.",Robotics Engineering,51-200 employees,Educational,"Chakdaha, West Bengal, India",India,github.io,https://www.linkedin.com/company/kgecrs
IGNOMAGINE,"Who are we?
IGNOMAGINE, derived from Ignited Imagination, we are a Physical AI company based in Bangalore, India. At Ignomagine, we are redefining Factory & Warehouse automation with Enlightened Machines which bring accuracy, efficiency, and scalability to material handling operations.

Our mission is to bridge the gap between traditional facilities and the future of autonomous, intelligent workflows—without the need for costly infrastructure modifications.

What We Do
We develop Enlightened Machines (EnMac)—a fleet of AI-powered multitasking mobile robots designed to collaborate with Humans to maximize productivity. EnMac can automate your facility right from material unloading, inspection, transport, picking, shelving and cycle count, sorting, single picking, updating to ERP/WMS and dispatching and more, allowing you to sit at your room and receiving live and transparent data which directly impacts your growth.",Robotics Engineering,11-50 employees,Privately Held,"Bengaluru, Karnataka, India",India,ignomagine.com,https://www.linkedin.com/company/enlightenedmachines
Antt AI,"Antt AI is pioneering the era of Physical AI by building intelligent, autonomous agents for the real world.
We design and deploy semi-humanoid robots that automate tasks across hospitality, retail, and last-mile delivery—enhancing customer experience and operational efficiency.

Our robots combine advanced computer vision, real-time decision-making, and robust hardware integration to navigate and interact in complex environments. Powered by our proprietary AI agent stack, Antt AI is bridging the gap between digital intelligence and physical action.

We're on a mission to reimagine service, mobility, and labor through embodied AI.",Robotics Engineering,Self-employed,Privately Held,"Bengaluru, Karnataka, India",India,antt.ai,https://www.linkedin.com/company/antt-ai
Stride Dynamics,"We are developing a Visual Positioning System for GNSS-denied localisation of UAVs. This enables UAVs to navigate and position even when GNSS signals are jammed, spoofed or fully compromised. 
We are actively partnering with early adopters; reach out for further information.",Robotics Engineering,2-10 employees,Privately Held,"Rajkot, Gujarat, India",India,stridedynamics.com,https://www.linkedin.com/company/stride-dynamics
Hiprotech,"Hiprotech is a leading provider of IT Services. 
Hiprotech India Technology Private Limited is a leading provider of comprehensive robotics lab setup solutions and innovative drone solutions. We setup Robotics labs for educational institutions, research organizations, and industrial facilities worldwide. With a focus on innovation, quality, and excellence, we strive to empower our clients to explore the exciting world of robotics and automation. Our team has been a leader in the professional drone industry, supporting our clients with enterprise drone solutions, contract engineering services, custom software, professional UAV services, and more.",Robotics Engineering,51-200 employees,Public Company,"Danapur, Bihar, India",India,hiprotech.org,https://www.linkedin.com/company/hiprotech-india
BEER CREATIVITY SERVICES,"Beer Creativity Services is a educational and industrial solution provider in the field of Embedded System, Internet Of Things & Robotics.
We provide School ATL lab setup work, exceptional training and solutions to school, colleges and technical organizations.",Robotics Engineering,11-50 employees,Self Owned,"Bhopal, Madhya Pradesh, India",India,beercreativityservices.co.in,https://www.linkedin.com/company/beer-creativity-services
SNAP Robotics,"At SNAP Robotics, we are dedicated to developing cutting-edge robotics-based drones that push the boundaries of current technology. Our mission is to create innovative, high-quality products that enhance efficiency, safety, and capabilities across various industries such as industrial inspections, agriculture, public safety, and research. With a focus on autonomous navigation, durability, and user-friendly interfaces, our drones are built to perform flawlessly in the most demanding environments. Committed to continuous innovation and exceptional customer service, we aim to build long-term partnerships and contribute to our clients' success. Join us as we revolutionize the future of drone technology.",Robotics Engineering,2-10 employees,Self Employed,"Serilingampalli, Telangana, India",India,snaprobotics.com,https://www.linkedin.com/company/snap-robotics1
