Name,Description,Primary Industry,Size,Type,Location,Country,Domain,LinkedIn URL
NASA Jet Propulsion Laboratory,"Founded in 1936, NASA's Jet Propulsion Laboratory is a federally funded research and development center managed for NASA by the California Institute of Technology (Caltech).
 
For nearly nine decades, JPL has helped define the frontier of exploration. The laboratory developed America's first Earth-orbiting science satellite, built the first successful interplanetary spacecraft, and pioneered robotic exploration across the solar system. These achievements helped establish U.S. leadership in space and laid the foundation for generations of scientific discovery.
 
Today, on behalf of NASA and the nation, JPL advances science and innovation through robotic missions that explore Earth, the solar system, and the universe. Our engineers, scientists, technologists, and mission teams continue to push the boundaries of exploration while addressing scientific and technical challenges of national significance.
 
We Dare Mighty Things.

Visit http://jpl.jobs to explore our career opportunities.",Space Research and Technology,"5,001-10,000 employees",Government Agency,"Pasadena, California, United States",United States,nasa.gov,https://www.linkedin.com/company/jet-propulsion-laboratory
Spacebourne,"Spacebourne Inc. is an aerospace AI company building the intelligence and compute infrastructure for the next era of space operations. Our two-platform strategy addresses the most pressing constraints in the orbital environment today and tomorrow.

CLARITY (Cognitive Link Analytics for RF Interference TrajectorY) is our operational ML-powered SaaS platform that predicts satellite RF interference up to 72 hours in advance, delivering actionable recommendations for frequency hops, power adjustments, and maneuver windows before disruptions occur. Currently in active beta with one of the world's top three ground station networks, CLARITY shifts operators from reactive monitoring to predictive control.

GALILEO Cube is our CubeSat platform in development, engineered to deploy GPU-accelerated AI inference directly in orbit using an NVIDIA Jetson compute module, solar power harvesting, and passive radiative cooling. Targeted for first launch in 2027, GALILEO advances the long-term GALILEO Centers vision: modular orbital compute infrastructure that processes data where it is generated, eliminating the bandwidth and latency constraints of ground-based processing as the space economy scales.

CLARITY proves the intelligence. GALILEO extends it into orbit. Together, they represent a single, coherent thesis: the operators who will win in the new space economy need infrastructure that is as intelligent as the missions it supports. Spacebourne is building that infrastructure.",Space Research and Technology,2-10 employees,Privately Held,"Austin, Texas, United States",United States,spacebourne.com,https://www.linkedin.com/company/spacebourne
ORBES,"ORBES is building robots to film and maintain space infrastructure.

Our space station robot ORB increases safety, and offloads $300M a year of manual work in space, allowing astronauts to focus on scientific discovery instead of housekeeping. 

ORB also enables novel revenue streams during un-crewed periods, such as live media capture for mission storytelling, enabling access for more people to experience space from Earth.

Then, Exo-ORB brings this outside, as a small escort satellite to inspect and maintain national security, space stations, space data centers, and space solar farms.

 based in the beautiful Arcadia, CA",Space Research and Technology,2-10 employees,Privately Held,"Los Angeles, California, United States",United States,orbes.space,https://www.linkedin.com/company/orbesspace
Astrochain,"AstroChain encourages and develops space exploration for the retail enthusiast, bringing together people with a common astronomy passion into one platform. We aim to serve the international community as the market-dominant solution to capture, source and trade authentic, un-edited, raw data and video footage of the sky. We will keep records of captured content utilising the blockchain and give members sole ownership via NFTs.",Space Research and Technology,2-10 employees,Privately Held,"Phoenix, Arizona, United States",United States,astrochain.net,https://www.linkedin.com/company/kardashev-gov
"Astrobiome Space, SARL","Human Supplement: Postbiotics Full-Spectrum Metabolite Complex. 
and Regenerative Agriculture: Soil remediation using microbiome therapy of unparalleled quality.

Astrobiome is pioneering the intersection of space research and sustainable agriculture, developing space-enhanced bio-fertilizers, with the mission to revolutionize microbiome-farming on Earth and beyond.",Space Research and Technology,11-50 employees,Partnership,"Houston, Texas, United States",United States,astrobiome.space,https://www.linkedin.com/company/astrobiome-space
EulerX Aerospace,"Thermal & Structural for NewSpace
Flight-proven engineering to raise TRL faster — without surprises.

We help satellite, subsystem, and electronics teams reach qualification with confidence.
Our work spans the full development lifecycle — from design through environmental and in-orbit verification.

We provide proven support in Design, Analysis, AIT, TVAC, and Vibration Testing.

Core Capabilities
 Thermal Systems Engineering
 Thermo-Structural TRL Acceleration
 Program Support — from Heritage to NewSpace

With over 20 years of spacecraft development experience across LEO and GEO missions, and participation in ESA and NASA reviews, we bring the lessons of traditional programs to today’s agile NewSpace teams.

Global Reach
Serving clients across Europe, North America, and LATAM.
UK and US incorporated · Engineering hub in Argentina.",Space Research and Technology,2-10 employees,Privately Held,"Pembroke Pines, Florida, United States",United States,eulerxaerospace.com,https://www.linkedin.com/company/eulerxaerospace
SpaceValley Foundation,"Space Valley Region
Located along the Rio Grande River corridor from southern New Mexico to southern Colorado, Space Valley stands as a pioneering center for scientific inquiry, space exploration, and deep technology innovation. With a storied past as the birthplace of modern rocketry and a history steeped in groundbreaking discoveries, Space Valley merges scientific excellence with human experience to ignite visionary breakthroughs and inspire transformative solutions.

Here, bold vision, cutting-edge science, rich cultural heritage, and diverse voices converge in a dynamic environment that fosters creativity, discovery, and ingenuity. The region’s powerful landscapes and collaborative spirit spark the big ideas needed to tackle the world’s most complex challenges—and shape the future of space.

As a catalyst for global progress, Space Valley brings together the military, business, and public sectors in an incubative environment that supports the earliest stages of innovation. This fusion of advanced technology, technical expertise, cultural wisdom, and entrepreneurial energy powers a thriving community where history and innovation intertwine to change the world.

SpaceValley Foundation
Founded in 2024, SpaceValley Foundation, based in Albuquerque, New Mexico, connects diverse people, ideas, and interests in a singular mission to unlock the transformative power of space to benefit the Space Valley community and humanity as a whole.

As the space industry becomes increasingly relevant to a wider range of people and industries, the foundation optimizes the Space Valley region’s ability to harness this growth by systematically:

Connecting community to build transparency and partnership
Promoting Space Valley stakeholders and their work
Uniting non-space organizations with space opportunities
Cultivating awareness of space and its value to humanity.",Space Research and Technology,2-10 employees,Non Profit,"Albuquerque, New Mexico, United States",United States,spacevalley.org,https://www.linkedin.com/company/spacevalleyfoundation
EOS-X SPACE,"EOS-X Space is redefining the aerospace industry as the new generation of dual-use technology platform integrating near space exploration, artificial intelligence, and advanced data infrastructure into a single operational ecosystem. With a transatlantic footprint and operational experience integrated across the leading aerospace ecosystems of the United States and Europe, the company operates beyond near-space experiential flight operations and low-Earth-orbit capabilities, positioning itself as a key player and global leader in near space, as well as in space tourism, stratospheric intelligence, communications, and data analytics. By converging aerospace mobility with high-altitude data capture and processing, EOS-X Space is creating a new category of infrastructure capable of generating, interpreting, and monetizing critical data streams, with applications across commercial, defense, and global connectivity domains.",Space Research and Technology,51-200 employees,Privately Held,"Titusville, Florida, United States",United States,eosxspace.com,https://www.linkedin.com/company/eosxspace
NorthStar Space Lab (NSL),"NorthStar Space Lab (NSL) is an independent, non-commercial space systems exploration group formed by individuals with a shared interest in space technologies, engineering, and research. NSL serves as a collaborative environment where members investigate concepts related to space systems development, build experimental projects, and document technical progress throughout the development process. Our work spans space systems engineering, autonomous systems, embedded development, FPGA technologies, onboard computing, fault-tolerant architectures, AI applications, robotics, communications, and future spacecraft technologies.

The purpose of NSL is to give members a dedicated space to strengthen engineering skills, develop technical ideas, and pursue long-term space-focused projects outside of a formal business structure. Through research activities, project updates, and technical demonstrations, NSL aims to contribute to the broader space technology community while building a meaningful presence in the space and engineering world. We are always interested in connecting with students, researchers, engineers, and space enthusiasts who are passionate about learning, building, and exploring future space technologies.",Space Research and Technology,2-10 employees,Non Profit,"Fairfax, Virginia, United States",United States,,https://www.linkedin.com/company/northstar-space-lab
VVTOUCH Technology Company,"Development of Algorithms, which learn and optimize their operations to improve performance, developing artificial  intelligence over time.",Space Research and Technology,11-50 employees,Privately Held,"Los Angeles, California, United States",United States,vvtouch.com,https://www.linkedin.com/company/vv-touch
Lyra,Lyra Space is a space mission integrator providing operators full end-to-end mission capabilities. Reach out to take your idea to orbit!,Space Research and Technology,Self-employed,Privately Held,"San Francisco, California, United States",United States,lyraspace.co,https://www.linkedin.com/company/lyra-systems
Aadi Space,"Aadi Space is building the Intelligence & Mobility Layer for Space—an AI-powered platform connecting mission operations, autonomous spacecraft, and in-space logistics to enable intelligent, collaborative, and scalable operations across the orbital economy.

Aadi’s technology combines AI-powered mission orchestration with autonomous spacecraft and a scalable fleet of Space Mobility Vehicles (SMVs). Our platform is designed to enable spacecraft to think, collaborate, move, and operate as a coordinated network across increasingly complex orbital environments.

Our SMV architecture provides scalable in-space transportation and logistics capabilities for a wide range of spacecraft and orbital assets, supporting asset relocation, orbital transfer, on-orbit servicing, life extension, debris mitigation, controlled de-orbit, and orbital sustainment.

Aadi Space is building the infrastructure for an autonomous space economy—where spacecraft, missions, and orbital assets can be intelligently coordinated and physically moved, serviced, and sustained at scale.",Space Research and Technology,2-10 employees,Privately Held,"San Jose, California, United States",United States,aadi.space,https://www.linkedin.com/company/aadispace
HFES Aerospace Systems Technical Group (ASTG),"The Aerospace Systems Technical Group (ASTG) is concerned with the application of human factors to the development, design, certification, operation, and maintenance of human-machine systems in aviation and space environments. The group addresses issues for civilian and military systems in the realm of performance and safety.

We are a technical group of the Human Factors and Ergonomics Society (HFES), the world’s largest scientific association for human factors and ergonomics professionals.",Space Research and Technology,201-500 employees,Non Profit,"Washington, Washington, United States",United States,hfes-aerospace.org,https://www.linkedin.com/company/hfes-aerospace
Space Cowboy ADR,"Space Cowboy sweeps up space debris to make space a safe and sustainable place for all of humanity...protecting our space environment enables an explosion of off-world economic activity that benefits us all!

Proudly launched at Founder's Institute, Spring 2024 Cohort! A Capital Factory portfolio company...",Space Research and Technology,2-10 employees,Self Employed,"Austin, Texas, United States",United States,spacecowboy.today,https://www.linkedin.com/company/space-cowboy-adr
Cloud Underground,"Cloud Underground builds sovereign AI infrastructure — systems that you own, not rent.

We help founders, educators, engineers, and teams create real infrastructure with AI coworkers and intelligent automation, instead of relying on external platforms or large engineering departments.

Our technology ecosystem merges learning, automation, and sovereignty to make complex systems intuitive and portable.

Our evolving product lineup includes:
- Cloud Jam → hands-on DevSecOps and sovereign cloud training guided by AI.
- Twin Technologies → personal and enterprise AI coworkers that learn your systems and help you build faster.
- Underground Nexus → open-source, hyperconverged cloud that runs anywhere.
- Jelly Apps → reusable automation capsules that simplify operations.
- RAG Packs → portable knowledge modules that can be used in any AI or workflow.

We serve:
- Builders and founders turning ideas into working MVPs.
- Cyber ranges and educators designing modern learning labs.
- Enterprises and agencies seeking compliant, vendor-free infrastructure.

Why it matters:
- Everything we create is sovereign-first, offline-ready, and open-source.
- We design automation people can understand and control.
- We make competence scalable—through systems that teach, document, and self-govern.

From laptops to data centers, Cloud Underground delivers AI-managed, compliance-ready environments that empower the next generation of builders.

Our mission is simple:
- Make sovereignty practical.
- Give every creator the power to design, automate, and govern technology on their own terms.

If you’re ready to build, train, and deploy your own intelligent systems, connect with us.",Space Research and Technology,2-10 employees,Privately Held,"Kansas, United States",United States,cloudunderground.dev,https://www.linkedin.com/company/cloud-underground
WWCM Academy,"Promoting academic excellence through a focus on Science, Technology, Engineering, Art and Math (STEAM) disciplines is our mission. WWCM Academy aims to inspire and empower a diverse body of learners to explore STEAM in ways that cultivate skills needed for future career paths.

Science, Technology, Engineering, Art, and Mathematics (STEAM) is a broad term used to group together these academic disciplines. 

STEAM is designed to integrate STEM subjects with Arts subjects into various relevant education disciplines. 

The WWCM Academy curriculum aims to teach students using innovation frameworks. We encourage students to think critically and use engineering and technology in imaginative designs and creative approaches to address real-world problems that build on students' math and science comprehension. Innovation in learning frameworks assist to inspire, encourage, and promote creative thinking, which is critical to organizational advancement that will be used in careers. Students learn the foundations of innovation strategy and implementation, ultimately making them stronger leaders.  Through real-world experience gained from research, development, and testing of ideas, students learn to apply innovative methodologies to their fields of interest.

Our STEAM initiatives add Art to the STEM curriculum by drawing on reasoning and design principles that encourage creative solutions.",Space Research and Technology,2-10 employees,Non Profit,"Washington, Washington, United States",United States,wwcmacademy.org,https://www.linkedin.com/company/wwcm-academy
SFA Texas,"SFA's mission is to achieve superior national spacepower by shaping a Space Force that provides credible deterrence in competition, dominant capability in combat, and professional services for all partners.

Space Force Association Texas is focused on supporting Texas Space Industry",Space Research and Technology,2-10 employees,Non Profit,"Austin, Texas, United States",United States,ussfa.org,https://www.linkedin.com/company/sfa-tx
Association of Spaceflight Professionals,"The Association of Spaceflight Professionals is an international professional organization serving public and private sectors in human spaceflight.

ASP's membership represents a cross section of professional disciplines with a common focus on the microgravity operational environment.",Space Research and Technology,11-50 employees,Non Profit,"St Petersburg, Florida, United States",United States,spaceflightprofessionals.org,https://www.linkedin.com/company/association-of-spaceflight-professionals
Eolisa Space,"Independent global leader in space science & tech, propelling humanity forward. 
#epochal",Space Research and Technology,11-50 employees,Privately Held,"Albuquerque, New Mexico, United States",United States,eolisaspace.com,https://www.linkedin.com/company/eolisa-space
Vicillion,"Our mission is to build the infrastructure of tomorrow by investing in profitable businesses and strategically reallocating their profits into our cutting-edge technology labs. By driving innovation and disruption in high-growth sectors, we pave the way for transformative advancements and sustainable solutions.",Space Research and Technology,2-10 employees,Privately Held,"Orlando, Florida, United States",United States,vicillion.com,https://www.linkedin.com/company/vicillion
Odyssey,"A new form of compute in space, made for space.

Backed by world-class investors, customers, and partners.

Find open roles at: www.odysseyintelligence.ai/careers

The Odyssey Space Corp · El Segundo, CA",Space Research and Technology,2-10 employees,Privately Held,"El Segundo, California, United States",United States,odysseyintelligence.ai,https://www.linkedin.com/company/odysseyai
AggieSat Laboratory at Texas A&M University,"AggieSat Laboratory is a student-run space program that trains students in systems engineering through hands-on experience in the design, building, testing, and operation of space systems.",Space Research and Technology,51-200 employees,Educational,"College Station, Texas, United States",United States,tamu.edu,https://www.linkedin.com/company/aggiesat
Josh Universe,"Universe is the official science publication of Josh Universe, accessible at https://joshuniverse.com and consists of educational articles in Space Sciences and Space Exploration.

Universe strives to deliver content to the upmost editorial and scientific standards for publishing educational and research content. Our editorial team consists of Josh Habka, Taylor Gillilan, and Presley Forant.",Space Research and Technology,2-10 employees,Privately Held,"Phoenix, Arizona, United States",United States,joshuniverse.com,https://www.linkedin.com/company/joshuniverse
GIRL IN SPACE CLUB,"GIRL IN SPACE CLUB (GISC) is an independent creative R&D lab integrating applied research, rapid prototyping, and speculative design to develop and commercialize products, systems, and intellectual property across physical, digital, and hybrid domains. We operate at the intersection of space technology, art, and design—bringing space down to Earth through tangible, real-world experiences and solutions.

Our work spans concept to production. We launched and successfully funded a Kickstarter campaign for the first patented women’s space travel suit, featuring a novel dropseat design that enables bathroom access without disrobing. The suit has been field tested in analog environments, including wear testing by astronauts at the Mars Desert Research Station, CAMões Lab, and Habitat Marte. We led the full development lifecycle—from design and prototyping to materials selection, fit validation, and small-batch production. This work has been featured in National Geographic, Essence, WWD, Nice Kicks, and other major publications.

We also develop speculative and applied wearable systems for science and public engagement, including the Astra Matra Suit, presented at the Hay Festival and the Royal Institution.

GISC leads STEMulating Art, a youth-focused program that brings space, science, and engineering into creative practice. Through hands-on kits and workshops, students learn physics by building, designing, and storytelling—meeting them where they are and expanding who sees themselves as part of the future of space.

We extend this work through mentorship and workforce development, guiding high school interns on real-world engineering and design projects with a focus on problem definition, prototyping, and systems-level thinking.",Space Research and Technology,2-10 employees,Self Employed,"Baltimore, Maryland, United States",United States,girlinspaceclub.com,https://www.linkedin.com/company/girl-in-space-club
Astrodynamics Research Group of Penn State,"The Astrodynamics Research Group of Penn State (ARGoPS) is a research lab associated with Penn State’s aerospace engineering department. Established in 2017, ARGoPS was formed to strengthen and exhibit the collaborative astrodynamics research environment that Penn State has to offer. Research areas include all of astrodynamics, such as orbital and attitude motion of Earth satellites, interplanetary mission design, spacecraft situational awareness, orbit determination, and trajectory optimization.",Space Research and Technology,11-50 employees,Educational,"University Park, Pennsylvania, United States",United States,psu.edu,https://www.linkedin.com/company/argops
Deep Tech New York,"DTNY gathers the best founders, investors, scholars, and innovators across the deep tech landscape — from robotics and space to energy, biotech, materials science and more. 

For more details on our annual summit taking place January 28, 2026 in New York City, please visit DTNY.co.",Space Research and Technology,2-10 employees,Privately Held,"New York, New York, United States",United States,dtny.co,https://www.linkedin.com/company/dtny
Space Times,"Our thesis is to provide an evolving roadmap of the state of the space industry from a technology and business perspective. The space industry is as vast and evolving as the environment it occupies, and we are here to help you navigate it! Every week we talk about advances in space technology and business, and we want to share our opinions and insights with you. Paul Mayer and Harrison Lambert met a decade ago working as aerospace engineers at Maxar. Since then, Harrison has spent that time working on space systems for a variety of applications, and Paul has become a venture capitalist helping grow nascent space companies. Now we want to share the next decades with you, discussing all the exciting times in space!",Space Research and Technology,2-10 employees,Partnership,"San Francisco, California, United States",United States,spacetimespod.com,https://www.linkedin.com/company/space-times-media
Nouvelle Talent Technologies,"Nouvelle Talent Technologies develops advanced intelligence infrastructure for an increasingly autonomous and interconnected world.

We work across artificial intelligence, autonomous systems, advanced computing, digital infrastructure, intelligent control systems, and technology governance, translating emerging research into scalable technology architectures.

Our focus includes:

AI orchestration and autonomous systems
Intelligent infrastructure and control architectures
Advanced computing and emerging technologies
Digital twins and interoperable systems
Responsible AI governance and safety
Distributed and resilient infrastructure
Next-generation mobility and space technology research
Enterprise technology platforms

Our operating architecture follows:

Signal → Structure → Scale → Systems

Our approach combines research, engineering, validation, governance, and deployment, with human authority and responsible technology development built into the system lifecycle.

Nouvelle Talent Technologies is building for the next computational era, where AI and autonomous technologies increasingly operate across organizations, infrastructure, machines, and physical environments.

Research. Engineer. Validate. Govern. Deploy.

Advanced Intelligence Infrastructure for the Next Computational Era.",Space Research and Technology,"10,001+ employees",Self Employed,"Philadelphia, Pennsylvania, United States",United States,,https://www.linkedin.com/company/nouvelle-talent
Space & Earth Analogs Research Chapter (SEARCH) of Purdue,"Ever thought about becoming an astronaut?

The Space & Earth Analogs Research Chapter (SEARCH) of Purdue is a student organization that aims to foment human space exploration at Purdue University, by promoting research and practical activities in space habitation and Earth analogs colonization. The Mars Desert Research Station (MDRS) is one of the these activities, as well as the development of interdisciplinary design and conceptualization of Martian and lunar habitats.",Space Research and Technology,2-10 employees,Non Profit,"West Lafayette, Indiana, United States",United States,purdue.edu,https://www.linkedin.com/company/purdue-search
Space Times,"Our thesis is to provide an evolving roadmap of the state of the space industry from a technology and business perspective. The space industry is as vast and evolving as the environment it occupies, and we are here to help you navigate it! Every week we talk about advances in space technology and business, and we want to share our opinions and insights with you. Paul Mayer and Harrison Lambert met a decade ago working as aerospace engineers at Maxar. Since then, Harrison has spent that time working on space systems for a variety of applications, and Paul has become a venture capitalist helping grow nascent space companies. Now we want to share the next decades with you, discussing all the exciting times in space!",Space Research and Technology,2-10 employees,Partnership,"San Francisco, California, United States",United States,spacetimespod.com,https://www.linkedin.com/company/space-times-pod
Portland State Aerospace Society,"Interdisciplinary extracurricular space program | Engineering, business, health, physics, film, graphic design, education | Undergraduates, Graduates and Industry Advisors | Crowdfunded, and completely Open Source",Space Research and Technology,51-200 employees,Educational,"Portland, Oregon, United States",United States,pdxaerospace.org,https://www.linkedin.com/company/pdxaerospace
CAMPUS DE L'ESPACE,"En seulement 5 ans, dans un cadre exceptionnel de 70 hectares, une nouvelle offre d’expertises et de compétences s’est mise en place en accueillant plusieurs leaders mondiaux tels qu’ArianeGroup qui construit sur place ses moteurs de fusées, Safran, SKF, Google, EDF, Sysnav, Capgemini, ...

Ces acteurs ont été rejoints par d’autres entreprises, mais également par des écoles telles que l’INSA, l’ISEL, l’ITII, le CNAM, l’AFPA, l’école de commerce de la CCI, permettant d’offrir des parcours diplômants bac +2 à +5, ainsi que des formations continues.

Le Campus propose un écosystème propice à l’innovation dont l’objectif est d’accélérer la collaboration et la mise en réseau des entreprises de haute technologie, des centres de recherche et le monde de la formation. À cet effet, plusieurs équipements initiés et dirigés par la SPL, dont un incubateur, une pépinière, des laboratoires d’essais et de prototypages, sont disponibles sur place.

Le Campus est également un lieu de vie et d’habitat (plusieurs centaines de logements), d’équipements sportifs (gymnase, centre équestre, terrains de sports, ...) et de services de qualité (amphithéâtre, salles de formation, restaurant, crèche, conciergerie ...)

D’autre part, un partenariat avec EDF inaugure un site énergétique innovant et bas carbone, un véritable démonstrateur en matière de sobriété énergétique, de production d’électricité décarbonée et de nouvelles technologies.",Space Research and Technology,11-50 employees,Privately Held,"Vernon, California, United States",United States,campusdelespace.fr,https://www.linkedin.com/company/campus-de-l-espace
Space Almanac,Magazine | AeroSpace and Defence News| Space News | Space Updates | Independent Journals,Space Research and Technology,2-10 employees,Non Profit,"Washington, Washington, United States",United States,brahmastraspace.org,https://www.linkedin.com/company/space-almanac
SLO Propulsion Technologies,"We are a group of highly motivated students dedicated to the pursuit of technical education through the hands-on, rapid development of liquid-bipropellant (and similar) propulsion systems. We hope to do this by connecting student-owned design projects with industry review and project sponsorship.",Space Research and Technology,11-50 employees,Non Profit,"San Luis Obispo, California, United States",United States,,https://www.linkedin.com/company/slo-propulsion-technologies
Origami Space Development,Deployable structures designed for constellation scale production.,Space Research and Technology,2-10 employees,Privately Held,"Berthoud, Colorado, United States",United States,origamispace.com,https://www.linkedin.com/company/origamispace
Human Blooming,"Human Blooming as a technological hub delivering paradigm-shifting technologies that redefine possibilities in defense, security, and beyond. Leveraging your 35+ years in software development, programming, and international expertise, you've led the creation of:
* Ad-hoc, customized SaaS solutions tailored to unique business needs and budgets.
*Proprietary algorithms and A.I.-driven tools for precise market analysis in futures, forex, and crypto.
*Business strategy consulting with proven methodologies to maximize ROI and operational efficiency.
*Advanced financial optimization with real-time data integration and expert analysis.
*Big data platforms for storage, processing, analysis, visualization, and A.I. optimization—all engineered for performance, sustainability, and low carbon impact.
*Blockchain expertise, including ERC-20 token technology for secure digital assets, transactions, and KYC-compliant applications.
*Paradigm-shifting innovations in defense and security (e.g., unhackable security architectures), industrial/logistics, pharma/medical solutions, and intelligent systems that simplify complexity while neutralizing environmental impact.",Space Research and Technology,11-50 employees,Partnership,"Orlando, Florida, United States",United States,humanblooming.com,https://www.linkedin.com/company/humanblooming
Embryo Space Inc,"Medical Space Technology, Longevity, Software, and Robotics are all important fields that have the potential to make a significant impact on the future of humanity. 

The Embryo Space Program is our visionary initiative that aims to explore the possibility of interstellar space colonization through the use of robotic missions. These missions would be sent to habitable terrestrial planets, dwarf planets, minor planets, and natural satellites, with the goal of transporting frozen early-stage human embryos or the technological and biological means to create human embryos. The program has the potential to open up new opportunities for human survival and expansion into the galaxy.

Just as the legendary story of Kal-El (Superman), an infant sent from a dying world in a small spacecraft to begin a new life on Earth, represents one of humanity’s most iconic tales of interstellar survival, the Embryo Space Program turns that dream into a deliberate, engineered reality. We are building the systems and software to make such journeys not the stuff of legend, but of achievable missions. 

At Embryo Space Inc., we develop the advanced software tools (including our PDR Generator platform) that accelerate the complex systems engineering required for these ambitious programs, turning visionary concepts into rigorously reviewed, board-ready designs at unprecedented speed.

Welcome to our company page on LinkedIn! We are excited to connect with you and share upcoming job opportunities that may be a great fit for your skills. Follow us to stay up to date on the latest job postings, research updates, and program milestones. We look forward to connecting with you!",Space Research and Technology,2-10 employees,Privately Held,"Wilmington, Delaware, United States",United States,embryospace.com,https://www.linkedin.com/company/embryo-space-inc
The Space Report: A Space Foundation Publication,"The Space Report is a publication and website from Space Foundation. Our subscribers gain timely, valuable research, analysis and insights about the global space economy, investor activity, launches, payloads and many other aspects of the space ecosystem.",Space Research and Technology,51-200 employees,Non Profit,"Colorado Springs, Colorado, United States",United States,thespacereport.org,https://www.linkedin.com/company/the-space-report
Vyoamyug Aerospace,"Vyoamyug is a cutting-edge space company dedicated to advancing human presence in the cosmos. Combining innovative technology with a visionary approach, Vyoamyug aims to lead the new era of space exploration, making space accessible and beneficial for all.",Space Research and Technology,2-10 employees,Privately Held,"Dover, Delaware, United States",United States,vyoamyug.com,https://www.linkedin.com/company/vyoamyug
Celestial Minds Space Lab,"Celestial Minds Space Lab is revolutionizing global space communications by deploying an intelligent satellite constellation that serves as the always-on data backbone for satellite networks. With advanced AI-powered routing, dynamic bandwidth allocation, and inter-satellite crosslinks, Celestial enables persistent, real-time data relay from any satellite to ground — anywhere on Earth, 24x7. Whether for Earth observation, IoT, direct-to-device, or defense applications, Celestial ensures zero data latency gaps, network resilience, and mission-critical continuity.",Space Research and Technology,2-10 employees,Privately Held,"Los Angeles, California, United States",United States,,https://www.linkedin.com/company/canopus-space
Space Marketing Podcast,"Space Marketing Podcast is where we explore marketing principles, strategies, and tactics through the lens of space. Join Izzy House as she talks with space industry professionals about their challenges and successes with marketing in the new space economy.

Host and author, Izzy House, has combined both of her passions of marketing and space into one expertise. With an extensive marketing background, she turns the lens of marketing onto the space industry. Armed with 20+ years of experience in public affairs, outreach, and marketing, Izzy aims to empower space companies and further their dreams of space exploration for everyone.",Space Research and Technology,Self-employed,Privately Held,"Frankfort, Kentucky, United States",United States,spacemarketingpodcast.com,https://www.linkedin.com/company/space-marketing-podcast
Falcon Space,"Dedicated to open source Anti-Gravity research Falcon Space was founded with the dream of making the Star Trek future we were promised a reality today. 

Our research concentrates on the numerous theories that have been proposed over the years, but have yet to be tested thru experiment.",Space Research and Technology,11-50 employees,Non Profit,"Hawthorne, New Jersey, United States",United States,falconspace.org,https://www.linkedin.com/company/falcon-space
Clean Orbit Foundation,"The Clean Orbit Foundation (COF) educates, advocates, and instills sustainable best practices for our orbital environment. We are committed to accelerating the development of policies, technologies, and best practices by collaborating with key stakeholders in industry and government to ensure a sustainable orbital environment for the future.",Space Research and Technology,2-10 employees,Non Profit,"Denver, Colorado, United States",United States,cleanorbitfoundation.org,https://www.linkedin.com/company/clean-orbit-foundation
Offworld Biotech,"We provide Microgravity Research as a Service (MGRaaS). From concept to Product.  We are an end to end contract research organization focusing on microgravity(Simulated(2-D/3-D clinostat, RPM, Magnetic Field Manipulation), Low Earth Orbit, International Space Station), including study design, prototyping, de-risking, satellite, launch, and transport to and from LEO and ISS.  

Our mission is to enable biomanufacturing in low Earth orbit and other offworld locations by evolving strains of microbes that thrive in microgravity. Our vision is that humans will be able to harness the power of microbes offworld to serve Earth, carry out deep space missions, and settle other planets.",Space Research and Technology,2-10 employees,Privately Held,"Pasadena, California, United States",United States,offworldbio.com,https://www.linkedin.com/company/offworld-biotech
The Space Consortium,"The Space Consortium is a Massachusetts-based community and coordination initiative open to all and supported by the MA Space Grant.

It aims to bring together space academics, students, professionals and local space enthusiasts. Organizers of Boston Space Week, our common goal is to connect, network and share resources with each other and with the public, notably through public outreach efforts.

What does the Space Consortium do?
1) It organizes & coordinates large-scale public outreach events, such as Boston Space Week (BSW) and the Boston Space Film Festival, including local recruiting & networking events.
During BSW the Consortium promotes fruitful exchanges between an array of top experts, business and community leaders, faculty, researchers, educators, students, alumni, and space enthusiasts which allows the community to engage with critical discussions related to the multidisciplinary issues affecting the aerospace industry today.

All Space Week events are open to all. Through keynotes, a space career fair, and a week-long Space Film Festival, attendees are invited to discover the intricate hot-button topics in the field. 

It launched this year:
2) The Local STAR (Space Transdisciplinary Academic Research) Gazette
3) A new graduate Space Law, Policy and Ethics (SLPE) online course 
4) A new Space Ethics Workshop program

It also catalogs:
1) Local academic (= university-affiliated) space research projects & initiatives
2) Space-related public events
3) Local academic space faculty & researchers. The Consortium is currently building a catalog of local space faculty & researchers (including a summary of their area of expertise and – when provided – their contact information). If you are looking for a specific space research expert in MA to come speak to your community, or are yourself a local space research expert and would like to be listed on our academic space faculty & researchers page, please email us at contact@spaceconsortium.com.",Space Research and Technology,2-10 employees,Non Profit,"Cambridge, Massachusetts, United States",United States,spaceconsortium.com,https://www.linkedin.com/company/the-space-consortium
CRAFT Tech,"CRAFT Tech (Combustion Research and Flow Technology, Inc.), is a small and well-established CFD consulting and software sales company. We have a proven record of solving complex problems for our customers. Our analysis and design recommendations have resulted in reduced cost and downtime, as well as a better understanding of the physics to improve future designs. Our headquarters is located just outside of Philadelphia in Pipersville, PA. We also have a remote office in Huntsville, AL.

CRAFT Tech specializes in the high-fidelity computational simulation of complex fluid dynamic and combustion problems on large-scale, parallel architecture computers. Services we provide to government and industry include the analysis of complex design problems including: combustion and multi-component mixtures, unsteady relative motion, multi-phase (cavitating) flows, acoustics, and turbomachinery. In addition, we provide technical consultation and on-site services. We also license software that specialize in modeling complex physics and thermochemistry. Finally, we perform fundamental research in CFD, grid adaptation, aeroacoustics, turbulence, combustion and multi-phase flow.",Space Research and Technology,11-50 employees,Privately Held,"Pipersville, Pennsylvania, United States",United States,craft-tech.com,https://www.linkedin.com/company/combustion-research-and-flow-technology-inc.
Polaris Program,"Polaris Program is a human-spaceflight initiative that provides orbital flight missions, astronaut training, and radiation studies.",Space Research and Technology,11-50 employees,Partnership,"Allentown, United States",United States,polarisprogram.com,https://www.linkedin.com/company/polarisprogram
Geospatial Alpha,"We are building Geospatial Alpha as the authority in geospatial technologies and intelligence as an investor, advisor and thought-leader.",Space Research and Technology,2-10 employees,Privately Held,"Palo Alto, California, United States",United States,geospatialalpha.com,https://www.linkedin.com/company/geospatialalpha
Innovian Space,"At Innovian Space, we have been building and developing a more diverse Low Earth Orbit economy for more than 25 years. We are intimately familiar with how space environments can be leveraged to innovate, and current processes improved to accelerate discovery. We have extensive experience conducting consistent and impactful space-based R&D with a focus on commercialization.

To accelerate discovery and make the promise of a diverse, space-based economy real, Innovian is focused on helping both new and existing users more effectively access space environments to develop economically sustainable and profitable uses of space.

Platform agnostic and a true advocate for our clients, Innovian will help organizations develop and follow their best strategy to navigate the expanding and evolving “spacescape” to achieve their business objectives. Along the way, we will re-define the traditional approach and establish diverse commercial models to successfully unlock value from a more accessible space ecosystem.",Space Research and Technology,2-10 employees,Privately Held,"Houston, Texas, United States",United States,innovian.space,https://www.linkedin.com/company/innovian-space
Rational Futures,"Founded by NASA's Chief Economist Team, we guide capital allocators through complex investment decisions. By combining financial rigor and technical expertise, we help our clients identify and actualize transformative opportunities. Our Partners have led major commercial acquisitions efforts, shaped government procurement policies, and built industry-defining economic frameworks.",Space Research and Technology,2-10 employees,Privately Held,"Washington, Washington, United States",United States,rationalfutures.com,https://www.linkedin.com/company/rationalfutures
SEDS - UCF,"SEDS-UCF is an independent, student-run organization at the University of Central Florida. We offer a variety of projects, host general body meetings, and communicate with industry professionals.",Space Research and Technology,51-200 employees,Non Profit,"Orlando, Florida, United States",United States,sedsucf.org,https://www.linkedin.com/company/seds-ucf
GSEIC WORLD,"GSEIC WORLD is start up business in Kenya investing in Geospatial ,Space , Engineering (Audio Visual) and information technologies for and In Christ to the world

Specialty
Geospatial- Cadastral , Hydrographic, topographical , aerial and drone surveying , levelling , Building and earth work setting out, spatial and physical planning ,GIS and remote sensing.
Space - Earth observation , space geodesy , Telemetry, Telemedicine and Telecommunication.
Engineering- Audio visual( Live sound ,audio and video recording , streaming ) , Acoustics , Solar, training and consultations
Information technology- Computer repair and maintenance, Artificial intelligence , internet of things , GeoICT.",Space Research and Technology,2-10 employees,Self Owned,"Salt Lake City, Utah, United States",United States,,https://www.linkedin.com/company/gseic-world
Tri-Service Group LLC,"Deterministic AI for Frontier Science, Technology, Economy, Energy, and Space

Unified Geometric Dynamics (UGD)
Applied Physics & Dynamics Research Division
Tri-Service Group LLC — SDVOSB

We develop first-principles, deterministic AI systems that remain coherent where probabilistic models fail.
Our work enables predictable control, long-horizon forecasting, and stability across quantum systems, space environments, fusion plasmas, and autonomous platforms.

Focus Areas:
AI Stability • Quantum Systems • Fusion Energy • Space & Astrophysics • Advanced Defense

TECHNOLOGY PLATFORM

UGD Resonance AI (UGD-RAI)
A deterministic, parameter-free AI framework built on geometric resonance.

Key attributes
1. 100% coherence in noisy environments
2. Zero-decoherence machine learning
3. Real-time, multi-modal inference
4. Edge deployable; NASA-class computing constraints
5. Predictive accuracy validated across quantum → cosmic scales

Why it matters:
UGD-RAI enables stable prediction and control where stochastic AI becomes brittle or unsafe.

UGD-RAI replaces statistical approximation with geometry-locked intelligence—delivering parameter-free prediction, control, and autonomy across scales.",Space Research and Technology,11-50 employees,Privately Held,"Madison, Mississippi, United States",United States,tri-servicegroup.com,https://www.linkedin.com/company/triservicegroup
EarthByte Lab,"EarthByte Lab delivers cutting-edge geospatial solutions, helping businesses and organizations make informed, data-driven decisions. We specialize in GIS, remote sensing, and spatial data analysis, providing insights for environmental monitoring, agriculture, and land management. Stay connected for updates, and feel free to reach out with any questions or service inquiries!",Space Research and Technology,Self-employed,Self Employed,"Ann Arbor, Michigan, United States",United States,earthbytelab.com,https://www.linkedin.com/company/earthbyte-lab
Sasakawa International Center for Space Architecture,"The Sasakawa International Center for Space Architecture (SICSA) is a unique interdisciplinary research, design, and teaching academic center that supports the world’s only Master of Science (MS) degree in Space Architecture. In 2003, The Texas Higher Education Coordinating Board approved changing the degree to a master of science with a STEM — science, technology, engineering, and math — designation. We are academic leaders in space architecture and are also active in planning and designing facilities for extreme environments on Earth. These include ocean facilities, polar research stations, and human disaster accommodations. Graduates will also conduct trade studies and learn about operational factors that contribute to the design, such as logistics, orbital mechanics, transportation cost trades, etc. Our collaborators have included NASA, Bigelow Aerospace, The Boeing Company, Oceaneering, and the Houston Airport System/Houston Spaceport.",Space Research and Technology,11-50 employees,Educational,"Houston, Texas, United States",United States,uh.edu,https://www.linkedin.com/company/sicsa-uh
gravityLab,"gravityLab is creating artificial gravity satellites to help government, academia and commercial efforts understand how effectively life and equipment can adapt to fractional (i.e. Moon and Mars) environments, but in the significantly lower-cost and easily accessible environment of low-Earth orbit.",Space Research and Technology,2-10 employees,Privately Held,"Seattle, Washington, United States",United States,gravitylabspace.com,https://www.linkedin.com/company/gravitylabspace
"LEOcloud, Inc.","LEOcloud, recognized as the 1st market mover and thought leader for Space-based cloud services, believes the intersection of cloud and space will bring great benefit to commercial, military and government organizations. 

Our vision is to offer multi-cloud edge computing services at the evolving Space Edge in order for our customers to realize the lowest latency, highest availability and strongest security for their mission critical space-based workloads and services.

www.leocloud.space",Space Research and Technology,2-10 employees,Privately Held,"Ashburn, Virginia, United States",United States,leocloud.space,https://www.linkedin.com/company/leocloud
The SmallSat Revolution Podcast,"The SmallSat Revolution is a video podcast that explores the foreseeable future of the Space Economy by bringing you insights and predictions from the leading minds in the satellite industry. Thought leaders from launch companies, satellite manufacturers, government agencies, service providers, university research institutions, and space startups join host Frank Felker to talk about what's happening today, and what the foreseeable future holds, for The SmallSat Revolution.",Space Research and Technology,2-10 employees,Privately Held,"Alexandria, Virginia, United States",United States,smallsatrevolution.com,https://www.linkedin.com/company/the-smallsat-revolution
"PARTNERS IN AIR AND SPACE, INC.","Partners In Air & Space (PAS) is the oldest and most experienced consulting firm serving the national security space and air communities in the United States.  Founded in 2001 and comprised of a diverse team of seasoned leaders and experts with expansive networks, PAS has provided trusted advisory and information services to U.S. Department of Defense, Intelligence Community, industry, and allied partners for over 20 years. 

With offices in Washington, D.C., Los Angeles, Colorado Springs, Dayton, Huntsville, and Houston, PAS is well positioned to provide strategic insight and guidance for your organization.",Space Research and Technology,11-50 employees,Partnership,"Colorado Springs, Colorado, United States",United States,paspartners.com,https://www.linkedin.com/company/partners-in-air-and-space-inc.
Florida Center for Advanced Aero-Propulsion,"The Florida Center for Advanced Aero-Propulsion (FCAAP) was formed to meet the needs of a rapidly evolving and highly competitive aerospace industry. FCAAP's objectives are to help train and sustain the much-needed, highly skilled workforce; to design and develop new technologies and products required to help stimulate the Aerospace industry, and to transition the technology to applications in a timely and efficient manner.",Space Research and Technology,51-200 employees,Public Company,"Tallahassee, Florida, United States",United States,fsu.edu,https://www.linkedin.com/company/fcaap
AeroFly LLC,"AeroFly LLC is a South Dakota-based aerospace company at the forefront of advancing space technology for a sustained lunar presence and beyond. Rooted in American ingenuity, we are revolutionizing UAS solutions for both precision agriculture and defense applications, while energizing commercial and federal operations with cutting-edge aerospace innovations. By uniting next-generation electric air mobility with state-of-the-art space systems, our mission is to deliver sustainable, technology-driven breakthroughs that strengthen U.S. leadership in space exploration and redefine industry standards here on Earth. Every AeroFly innovation is designed as a stepping stone toward a future where bold ideas become transformative realities.",Space Research and Technology,11-50 employees,Partnership,"Brookings, South Dakota, United States",United States,aerofly.us,https://www.linkedin.com/company/aerofly-llc
Scientific Florida,"We at Scientific Florida help space companies manage their ground, launch, and spaceborne operations more efficiently by leveraging AI, big data, 5G, IoT, and SAFe.

We are committed to advancing the frontiers of technological innovation to foster sustainable and dependable operations in space, on the ground, and in between. Our mission is to make space access and exploration more reliable, routine, and cost-effective.

Scientific Florida excels in research and technical consulting services for complex ecosystems that leverage AI, machine intelligence, digital threads, and digital twins.

Our SFI-SmartSource team, specializes in sourcing mission-critical components and specialty materials for the space and defense industry.

Visit our website and schedule your live demo today to discover how Scientific Florida can empower you with better insights, leading to better decisions and, ultimately, better outcomes.",Space Research and Technology,11-50 employees,Privately Held,"Merritt Island, Florida, United States",United States,scientificflorida.com,https://www.linkedin.com/company/scientificflorida
Global Max LLC,"Passionate. Creative. Space Mission Engineers.

At Global Max, we are the industry leaders in the full spectrum of satellite mission engineering, which includes transformative systems engineering, timely development and execution of mission modeling and data analysis, end-to-end engineering design, and dedicated partnerships to ensure program success.

We are the premier engineers facilitating accelerated satellite-related acquisitions.  Join our team —
or become an industry partner!",Space Research and Technology,2-10 employees,Privately Held,"Chantilly, Virginia, United States",United States,globalmax.llc,https://www.linkedin.com/company/global-max-llc
"Exlumina, Inc.","Exlumina is building orbital data centers to process data directly in space.

The company develops GPU-powered orbital compute infrastructure that enables real-time data processing, artificial intelligence inference, and autonomous decision-making directly in orbit.

Modern satellites generate massive volumes of information, but transmitting raw data to Earth introduces latency, bandwidth limitations, and high downlink costs. Exlumina addresses this challenge by deploying compute-enabled satellites capable of processing and optimizing data before it is transmitted to ground stations.

By transforming satellites from passive sensors into active compute nodes, Exlumina enables new capabilities for satellite operators, AI companies, research institutions, and defense systems.

Operating internationally with engineering and research activities in Europe and the Middle East, Exlumina is building the computational foundation for the emerging space-native economy.",Space Research and Technology,2-10 employees,Privately Held,"San Francisco, California, United States",United States,exlumina.space,https://www.linkedin.com/company/exlumina-space
SHOCKS & STARS ENGINEERING Pvt Ltd.,"Shocks & Stars Engineering (Pvt.) Ltd. is a sole proprietary company. The company was raised on August 3, 2022 and is a registered entity of FBR Pakistan under NTN # 9403725-3 and the Securities and Exchange Commission of Pakistan (SECP) under CUI 0212615. 
According to the company registration bye laws, Shocks & Stars Engineering's principal functionalities are : professional, scientific, and technical activities/research and experimental development on natural sciences and engineering/research and experimental development on natural sciences and engineering. 
Shocks & Stars has come into existence through the amalgamation of several STEM research projects that have been undertaken since 2008, primarily focused on development of aeromechanical design solutions, product prototyping, academic outreach, and theoretical and computational engineering works.
The company prides itself on having been formed on strong fundamentals of producing ethically correct, viable engineering solutions for our customers.
Shocks & Stars takes special pride in supporting highly capable young minds, incubating innovative ideas and developing professionals with high degree of human productivity.
Over the years our projects have been reflective of the ingenuity and originality of our teams' works. Our consistently published works are a testimony of the company's contribution to global knowledge.
At Shocks & Stars we strongly believe that engineering research and development are interdisciplinary and multifaceted activities that spreads beyond geographic boundaries, because knowledge is the shared heritage of all mankind and we at Shocks & Stars continue to pursue these values with total commitment and energy.
For convenience of our researchers we are situated in the higher education hub of Islamabad at the following address: Office Suite 112, IAA Building, Air University, sector E-9/4, Islamabad 44230
Phone: ++92 (051)-9507916 & -9153517
e-mail: shocksandstars@gmail.com",Space Research and Technology,11-50 employees,Self Owned,"Doylestown, Ohio, United States",United States,shocksnstars.com,https://www.linkedin.com/company/shocksandstars
"Antelope Society, PBC","Antelope Society, PBC is a highly capitalized, SBA-certified Service-Disabled Veteran-Owned Small Business (SDVOSB) and a Colorado Article 56 Cooperative Association, operating as a registered Public Benefit Corporation. Under the leadership of Veteran CEO, our dual-use mission bridges earthbound ecological stewardship with critical aerospace survival metrics.
At our premier, fully capitalized Crestone Laboratory in Colorado, we specialize in the continuous-flow, solvent-free physical purification and crystallization of high-altitude aquabitumen. Our proprietary physical chemistry pipeline generates highly standardized, flight-safe, solid-dosage biological countermeasures specifically engineered to support human homeostatic resilience under the extreme environmental stresses of deep-space transit and extraplanetary habitation.",Space Research and Technology,2-10 employees,Privately Held,"Crestone, Colorado, United States",United States,,https://www.linkedin.com/company/antelope-society
Spitty Space,aCrearing,Space Research and Technology,2-10 employees,Privately Held,"Portsmouth, Virginia, United States",United States,spitty.space,https://www.linkedin.com/company/spitty-space
Orbotic Systems Inc,"Orbotic Systems was formed to address the growing threat of space debris. After investigating solutions from both a business and technical perspective, Orbotic Systems was born. The goal of Orbotic Systems is to safely advance human progress in space with innovative business methods and new technology.

Orbotic Systems was designated a top ten satellite solution provider in 2021 by Aerospace & Defense Review. The D3 was one of the five winners in the aerospace category of the 2021, ""Create the Future Contest.""",Space Research and Technology,2-10 employees,Privately Held,"Thousand Oaks, California, United States",United States,orboticsystems.com,https://www.linkedin.com/company/orbotic-systems-inc
Nabla Zero Labs,"Nabla Zero Labs is an Aerospace and Defense research, development, and engineering services company; we make Rocket Science the Easy Part.

Space Mission Design and Operations
Rely on our expertise designing and optimizing the most complex spacecraft trajectories ever flown. We are aware of Planetary Protection requirements, and can develop powerful infrastructure for space mission design and operations.

Operations Research
Solve your most challenging optimization problems to drive business value. Whether it is related to transportation, planning and scheduling, resource allocation, or vehicle routing, we can help you develop and solve optimization models using state-of-the art tools and techniques for large-scale systems.

Cybersecurity
Be proactive in the protection of your most critical assets. We can audit your Cloud Computing resources looking for vulnerabilities, provide pre- and post-mortem forensic services, and help you maintain regulatory compliance, such as the requirements imposed by the Department of Defense in the DFAR 252.204-7012 and NIST SP 800-171.

High-Performance Computing
Save time and money by letting us implement your most sophisticated scientific and numerical computing algorithms (we speak C++ and Python better than English). No datacenter? No problem — we can deploy solutions securely in the Cloud.

Analytics and Machine Learning
Go beyond the hype to create explanatory and/or predictive models based on messy and incomplete datasets. Though we love the tools, our analytics are more than just using Pandas, R, or Spark. Similarly, our machine learning solutions don't stop at `from sklearn import *`.

Training and Education
Cultivate in-house expertise by letting us help your team get rapidly up-to-speed in the most relevant tools and techniques available for your industry. From introductory, short Python courses, to custom week-long seminars in highly-specialized topics, such as astrodynamics and large-scale numerical optimization.",Space Research and Technology,2-10 employees,Privately Held,"South Pasadena, California, United States",United States,nablazerolabs.com,https://www.linkedin.com/company/nablazerolabs
Alt Propulsion,"The Alternative Propulsion Engineering Conference (APECTM) is the world's leading breakthrough conference for Warp Drives, Gravity Control, Energy & UFO Physics featuring hundreds of top physicists, engineers, & innovators.

Founded in late 2020 by Falcon Space and American Antigravity, the conference has quickly established itself as a unique platform for engineers, physicists, and independent innovators to present and debate ideas that fall outside mainstream aerospace research. Its mission is to advance experimental approaches to propulsion, focusing on engineering and practical demonstrations as much as on theoretical models.

What makes APEC distinctive is its diverse mix of participants. The event regularly features PhD researchers and professionals from organizations such as NASA, DARPA, the Air Force Research Laboratory, and MIT, alongside garage experimenters, hobbyists, and entrepreneurs. This cross-pollination of ideas between institutional experts and independent builders creates a fertile ground for innovation, blending scientific rigor with imaginative experimentation.

The topics presented at APEC are as bold as its community. Discussions often center on gravity modification, warp drives, inertial propulsion, electrogravitics, field-effect propulsion systems, and zero-point energy. In recent years, APEC has also incorporated sessions on the physics of Unidentified Aerial Phenomena (UAP), reflecting broader scientific and public interest in anomalous flight technologies. Presentations range from highly technical papers to live demonstrations of experimental hardware, offering a rare mix of visionary science and hands-on engineering.

APEC has been described by the media as the “Woodstock of gravity-modification research” and the “wildest science club on the internet.” Its 2023 return after a brief hiatus reinvigorated the community, with talks covering electromagnetic propulsion, propellantless drives, and speculative warp reactor concepts.",Space Research and Technology,2-10 employees,Educational,"Seattle, Washington, United States",United States,altpropulsion.com,https://www.linkedin.com/company/altpropulsion
SHIELD NASA DRIVE Science Center,"Overview:
The SHIELD NASA DRIVE Center is a national and international collaboration involving researchers from over half a dozen institutions, and led by Merav Opher from the Astronomy Department at Boston University. The vision of the Solar wind with Hydrogen Ion charge Exchange and Large-Scale Dynamics (SHIELD) DRIVE Science Center (DSC) is to understand the nature and structure of the heliosphere.

Research Thrusts:
What is the global structure of the heliosphere? 
How do pickup ions evolve from cradle to grave, and how do they affect heliospheric processes?
How does the heliosphere interact with and influence the interstellar medium? 
How are cosmic rays filtered by and transported through the heliosphere?

Benefits and potential impacts of successful research:
The heliosphere is an immense shield that protects the solar system from harsh galactic radiation. This radiation affects both life on Earth and human space exploration. The heliosphere is a window into processes occurring in all other astrospheres. Understanding these processes enables predictions about the astrospheric conditions necessary to create habitable planets.",Space Research and Technology,11-50 employees,Non Profit,"Boston, Massachusetts, United States",United States,shielddrivecenter.com,https://www.linkedin.com/company/shield-nasa-dsc
Propulsive Landers at Georgia Tech,"Student Organization at Georgia Tech with the mission to become the first student team in the world to achieve hovering, vertical take-off, and landing with a hybrid rocket",Space Research and Technology,51-200 employees,Non Profit,"Atlanta, Georgia, United States",United States,gtpropulsivelanders.org,https://www.linkedin.com/company/propulsive-landers-georgia-tech
PIKALI Réunion & Suisse,"PIKALI RUN OI est une association née à La Réunion, engagée dans la promotion du spatial, des sciences, de l’innovation et de l’égalité des chances.

À travers des ateliers, conférences, événements, actions scolaires et projets de coopération, PIKALI rend le spatial plus accessible aux jeunes, aux territoires ultramarins et au grand public.

L’association s’inscrit aujourd’hui dans la dynamique du réseau VELIO SPACE, aux côtés d’initiatives comme PIKALI Suisse et PIKALI France Académique, afin de créer des passerelles entre La Réunion, la Guyane, les Antilles, l’Europe, la Suisse, l’Afrique et l’international.

Nos priorités : éducation spatiale, métiers de demain, inclusion, développement durable, applications du spatial pour l’air, la terre et la mer, et coopération entre territoires.

Notre conviction : le spatial est un levier d’éducation, d’inspiration et de transformation.

Réyoné Nou Lé Kapab.",Space Research and Technology,2-10 employees,Non Profit,"St Paul, Minnesota, United States",United States,velio.space,https://www.linkedin.com/company/pikali-space
Deep Space Dynamics,"Deep Space Dynamics (DSD)

Deep Space Dynamics is an aerospace data-intelligence company developing AI-driven spacecraft and orbital sensor systems that deliver continuous monitoring, navigation, and defense capabilities across the Earth–Moon system and inner solar orbits. The company’s modular Neuman-class CubeSats operate autonomously from Lagrange vantage points to form a scalable space-based sensor network.

Core Offerings

Tactical Space Weather Intelligence (TSWI) – Provides real-time solar and plasma event monitoring from Lagrange-point constellations, enabling defense, telecommunications, and satellite operators to mitigate radiation and geomagnetic risks before impact.

Positioning, Navigation, and Timing (PNT) – Offers secure, resilient cislunar and interplanetary communication relays that enhance precision navigation and timekeeping for spacecraft, lunar assets, and critical infrastructure.

Lagrange-based Asteroid Detection Grid (LAD-G) – Establishes an early-warning network for near-Earth object tracking and orbital debris detection, protecting national assets and future industrial missions.

Commercial Value:
DSD’s technology supports national security, aerospace, and energy sectors by providing space situational awareness, radiation intelligence, and navigation redundancy. These services have immediate contract value with U.S. and allied agencies.

Strategic Vision:
To create a Lagrange-point infrastructure layer that underpins the next decade of space operations, serving defense, industry, and research customers while laying the groundwork for interplanetary expansion.",Space Research and Technology,2-10 employees,Privately Held,"New York, New York, United States",United States,deepspacedynamics.us,https://www.linkedin.com/company/deep-space-dynamics
TexSpace,"TexSpace assists and activates Texas' space initiatives, bolstering its competitive edge and leadership role. It supports the state's space economy across civil, commercial, and military sectors while enhancing contributions to national and global space efforts. 

When we land together in Texas, The State of Space is Ours.",Space Research and Technology,2-10 employees,Non Profit,"Houston, Texas, United States",United States,texspace.org,https://www.linkedin.com/company/texspaceorg
Spatium Lab,"Spatium Lab is a Bellevue, Washington based startup focusing on hardware and software solutions for the aerospace domain. We are developing software products that enhances the efficiency and accuracy of engineering by providing a comprehensive database, consistent calculation tools, and robust review functionality, ensuring traceability and compliance for every design.",Space Research and Technology,2-10 employees,Privately Held,"Bellevue, Washington, United States",United States,spatiumlab.com,https://www.linkedin.com/company/spatium-lab
ColliMate Space,"ColliMate Space is using a combination of AI and machine learning to take in as much data as possible from satellites and publicly available sources, to predict and mitigate service outages, so that companies collecting data in space can reliably downlink it when they need it.",Space Research and Technology,2-10 employees,Privately Held,"Santa Clara, California, United States",United States,collimatespace.com,https://www.linkedin.com/company/collimate-space
IVO LTD,"IVO Ltd is a technology research and development company dedicated to providing cutting edge technology and revolutionary solutions for organizations and industries across the globe.

We are the creators of the world's first pure electric propulsion system for spacecraft, the IVO Quantum Drive.

We are the creators of the world's first true form of wireless power, Capacitive Based Aerial Transmission (CBAT).",Space Research and Technology,2-10 employees,Privately Held,"Bismarck, North Dakota, United States",United States,ivoltd.com,https://www.linkedin.com/company/ivo-ltd
AfriOrbit,"AfriOrbit was founded on the vision of revolutionizing Africa's journey into space. From launching satellites to advancing space education and providing critical geospatial information, we are committed to driving innovation and development across the continent. Our mission aligns with the African Union's 2063 Agenda and the UN's Sustainable Development Goals, positioning Africa at the forefront of the global space industry.",Space Research and Technology,11-50 employees,Privately Held,"Salt Lake City, Utah, United States",United States,afriorbit.space,https://www.linkedin.com/company/afriorbit
Amelia Space Technologies,"Imagine a future where doing good is more profitable. A world where organizations succeed by improving our planet and creating a more optimistic society, on Earth and in Space. Welcome to Amelia.

Access Amelia’s technology to find gaps in the market and pinpoint new opportunities. Amelia’s Planetary Intelligence Platform is built to give you a competitive edge: 
• Intuitive ask and search engine for analysis in minutes not months 
• Autonomous monitoring and alerts that save time and reduce risk 
• AI systems and proprietary algorithms for deeper sector insights 
• Easier collaboration capabilities for improved project management 
• Goes beyond digital analysis and provides real-world implementation 
All you have to do is Ask Amelia. 

Amelia is derived from the word “Ameliorate,” to improve and make better.",Space Research and Technology,2-10 employees,Privately Held,"San Francisco, California, United States",United States,ameliaspace.com,https://www.linkedin.com/company/ameliaspacetechnologies
Scotland International Space Advisory Committee,"Supporting Scotland's Space Ambitions

SISAC supports Scotland as a global portal to further opportunity and the commercialisation of space.

We believe a strong, global, commercial space presence is critical for the economic future and that Scottish research and development, industry, talent, and technology can contribute substantially in this sector. 

We support the Scottish Government, Scottish Enterprise, Scottish Development International and other key Scottish space stakeholders with the shared goal of assuring rapid positive growth and global impact of Scotland’s space sector.",Space Research and Technology,2-10 employees,Non Profit,"Houston, Texas, United States",United States,,https://www.linkedin.com/company/scotland-international-space-advisory-committee
StarFM - Astronomy Podcast by Josh Universe,"StarFM is an astronomy and space podcast by Josh Habka with new episodes every week. Topics covered are anything in the realm of astronomy from planets to blackholes to galaxies to theoretical astrophysics and more! Favorite topics is colonization of the Moon, Mars, and other Exoplanets!",Space Research and Technology,2-10 employees,Privately Held,"Melbourne, Florida, United States",United States,joshuahabka.com,https://www.linkedin.com/company/starfm-podcast
"Plasma, Energy & Space Propulsion Laboratory (PESPL)","The Plasma, Energy & Space Propulsion Laboratory (PESPL), founded at the University of California, Los Angeles and now at Oregon State University, performs cutting-edge research in the fields of energy innovation and spacecraft propulsion. The laboratory benefits from the synergy of its experimental and computational groups alongside collaborations with academic, corporate, and governmental partners.

Apply to join the lab - http://www.wirz.seas.ucla.edu/content/join-the-group
Check out our YouTube channel - https://www.youtube.com/channel/UCtzw4kAF1nivHlxdNbF4OOQ/featured",Space Research and Technology,11-50 employees,Educational,"Corvallis, Oregon, United States",United States,wirzresearch.com,https://www.linkedin.com/company/plasma-energy-space-propulsion-laboratory
"SERENE (Space Environment), University of Birmingham","The Space Environment and Radio Engineering (SERENE) research group is a multidisciplinary research group focused on understanding and addressing issues related to the upper atmosphere and space environment. The group's overarching purpose is to serve as a comprehensive resource or ""one stop shop"" for modelling, measuring, and mitigating the effects of the upper atmosphere on engineering and physical systems.

Key areas of SERENE's research include:
•	Mathematical Modelling
•	Fundamental Physics
•	Engineering
•	Policy Advise

Overall, SERENE integrates scientific research with practical applications, aiming to enhance our understanding of space environment phenomena and their implications on various systems, while also advising industry, governments and academia on policy and risk management in relation to extreme space weather events.",Space Research and Technology,11-50 employees,Educational,"Birmingham, Alabama, United States",United States,bham.ac.uk,https://www.linkedin.com/company/uobserene
Space+,"Space+ is a community space program for future astronauts and space enthusiasts. Memberships provide direct benefits through exclusive monthly member workshops with industry professionals, discounts on physical and digital space products and experiences, virtual and in-person community events, astronaut training experiences, and unparalleled access to long-term aerospace projects from low-Earth orbit to the Moon.",Space Research and Technology,11-50 employees,Public Company,"Park City, Utah, United States",United States,upliftaerospace.com,https://www.linkedin.com/company/spaceplus-space-program
HexaF Innovations,"HexaF Innovations is a space-focused AI research startup developing mission-ready solutions at the intersection of physics, machine learning, and space systems engineering. We collaborate with universities, government agencies, and industry partners to push the boundaries of space technology.",Space Research and Technology,2-10 employees,Privately Held,"Champaign, Illinois, United States",United States,hexaf.io,https://www.linkedin.com/company/hexafinnovations
Space Business Association,"The mission of W.P. Carey's Space Business Association is to provide information and networking opportunities for students interested in exploring careers in the commercial space industry. To this end, we invite a multitude of guest speakers, including, entrepreneurs, attorneys, marketing specialists, astronauts, and engineers, all of whom are eager to share their experiences and insights with undergraduate students. This organization will provide a glimpse into what a career in the commercial space industry looks like.",Space Research and Technology,11-50 employees,Educational,"Tempe, Arizona, United States",United States,,https://www.linkedin.com/company/space-business-association-at-asu
VEGANAUT,"In the realm of space exploration and future Mars settlement, the importance of a plant-based diet cannot be overstated. As humanity ventures further into the cosmos, optimizing resources and ensuring the survival of both astronauts and the land they inhabit become paramount considerations. Embracing a plant-based diet offers a myriad of benefits that align closely with the objectives of space exploration and Mars settlement.

First and foremost, a plant-based diet is inherently more resource-efficient compared to traditional animal-based diets. Plant-based foods require significantly less water, land, and energy to produce, making them ideal candidates for space missions where resources are limited and must be carefully managed. By shifting towards plant-based diets, space agencies can reduce the logistical burden of transporting food supplies from Earth, thereby enabling longer-duration missions and more sustainable space exploration endeavors.

Moreover, plant-based diets align seamlessly with the development of future biological life support systems, which are essential for long-duration space missions and Mars settlement. These closed-loop environmental systems aim to create self-sustaining ecosystems where waste products are recycled and reused to support plant growth and human habitation. By incorporating plant-based diets into these systems, astronauts can utilize the byproducts of plant cultivation to nourish both themselves and the ecosystem, fostering a harmonious relationship between humans and their environment in space.

Research conducted with all-vegan analog astronaut crews plays a crucial role in advancing our understanding of the dietary requirements and nutritional needs of astronauts in space. By studying the physiological and psychological effects of plant-based diets in simulated space environments, scientists can develop tailored dietary protocols that optimize health, performance, and well-being during space missions.",Space Research and Technology,2-10 employees,Privately Held,"Austin, Texas, United States",United States,veganaut.space,https://www.linkedin.com/company/veganaut
Space Environment Technologies,"SET accelerates scientific discovery with an ecosystem of products and services combining leading-edge space physics models, innovative instruments, and unique operational data feeds serving the U.S. government, academia, and the international commercial space industry to advance innovation in space development.",Space Research and Technology,11-50 employees,Privately Held,"Pacific Palisades, California, United States",United States,spacewx.com,https://www.linkedin.com/company/space-environment-technologies-llc
Deepfire,"Detect wildfires early with satellites and AI.

We bring together satellites, camera detections, lightning strikes, and ground based sensors. We then send you intelligent alerts of the danger by email or text in seconds.",Space Research and Technology,2-10 employees,Privately Held,"Boulder, Colorado, United States",United States,deepfire.co,https://www.linkedin.com/company/deepfire
MATRIX GEMINI,"Matrix GEMINI is a construction tech company dedicated to creating sustainable and innovative solutions for infrastructure on Earth and beyond. By leveraging advancements in space construction, earth observation, and engineering for extreme environments, the company addresses critical challenges both in space and in resource-limited regions such as the Arctic or deserts.

Committed to sustainability, Matrix GEMINI integrates In-Situ Resource Utilization (ISRU) to harness space resources for lunar bases and Mars settlements, reducing reliance on Earth-based supplies. Their work extends to developing resilient, eco-friendly infrastructure in remote communities and harsh environments, with a focus on respecting local resources and advancing climate adaptation strategies.

With a vision for a prosperous and sustainable future, Matrix GEMINI is redefining how humanity builds and sustains infrastructure on Earth and beyond.",Space Research and Technology,2-10 employees,Privately Held,"Houston, Texas, United States",United States,matrix-gemini.com,https://www.linkedin.com/company/matrix-gemini
SEDS TAMU,Students for the Exploration and Development of Space at Texas A&M University,Space Research and Technology,11-50 employees,Educational,"College Station, Texas, United States",United States,tamuseds.org,https://www.linkedin.com/company/seds-tamu
BLINC Space,"BLINC Space is building a private human spaceflight training, education, and space innovation platform in the United Arab Emirates.

As the UAE subsidiary of Borderless Labs Inc. (BLINC), BLINC Space is focused on bringing astronaut training, space education, advanced robotics, and applied space sciences to governments, institutions, universities, students, private astronauts, and the public.

Our mission is to help position the UAE and the wider MENA region as a global hub for human spaceflight readiness, space talent development, and space-sector commercialization.

BLINC Space’s work spans professional astronaut training, underwater astronaut training concepts with Deep Dive Dubai, aviation and high-G training pathways in Ras Al Khaimah, space camps, rover and robotics challenges, university partnerships, and public engagement programs led by astronauts and global space-sector leaders.

The company has engaged former NASA leadership, NASA astronauts, and private astronauts as part of its effort to bring world-class human spaceflight expertise to the UAE.

BLINC Space is building more than programs. We are helping shape a regional space ecosystem where students, astronauts, researchers, investors, government partners, and private-sector leaders can work together to advance the future of human spaceflight from the UAE to the world.",Space Research and Technology,11-50 employees,Privately Held,"York, Pennsylvania, United States",United States,blinclabs.space,https://www.linkedin.com/company/blinc-space-limited
Simons Observatory,"The Simons Observatory (SO) is supported by the Simons Foundation, the Heising-Simons Foundation, and member organizations, dedicated to understanding how the universe originated and evolved over the past 13.8 billion years. The SO project began in 2016 and is constructing and deploying four special-purpose telescopes, a high-altitude site, and cryogenic detectors. The SO will collect a comprehensive range of data spanning angular scales from one arcminute to nearly 70% of the sky visible from its site in the Atacama Desert of northern Chile, at an altitude of 5200 meters (17,200 feet) above sea level.

SO is a team of over 40 institutions world-wide with over 300 participating members, representing scientific/academic/educational personnel, engineers, managers, and other talented team members. Upon completion, SO will be the largest, most ambitious observatory of its kind designed to probe the birth and evolution of the entire universe.

The project office located at UC San Diego is responsible for the construction and operation of the SO. The SO is currently completing its civil construction phase and is installing the telescope systems in 2024 with first science in 2025.",Space Research and Technology,201-500 employees,Educational,"La Jolla, California, United States",United States,simonsobservatory.org,https://www.linkedin.com/company/simons-obs
SFA Los Angeles,"Space Force Association's mission is to achieve superior national spacepower by shaping a Space Force that provides credible deterrence in competition, dominant capability in combat, and professional services for all partners.",Space Research and Technology,2-10 employees,Non Profit,"Los Angeles, California, United States",United States,ussfa.org,https://www.linkedin.com/company/sfa-la
Wolverine Radar,"In 1953 researchers at the University of Michigan established “Project Wolverine” in order to create the world's first Synthetic Aperture Radar System.  Wolverine Radar was established in 2021 to provide the next generation of Michigan Engineers an opportunity to create new applications for Synthetic Aperture Radar data and the satellites that collect it.

Reach out if you have any need for Synthetic Aperture Radar System Design, Radar Processing, Global Activity Monitoring and/or Constellation Modeling Services.",Space Research and Technology,2-10 employees,Privately Held,"Ann Arbor, Michigan, United States",United States,,https://www.linkedin.com/company/wolverine-radar-company
Giuseppe Space Enterprises,"Giuseppe Space Enterprises (GSE) is an innovation driven company, specializing in the implementation, integration, and optimization of various tools and technologies into standardized system engineering/integration processes and workflows. From legacy requirements to modern software development technologies, we’ve lived through the old ways and use that experience to guide our customers in forging new solutions for solving difficult problems. 

GSE is committed to advancing the pursuit of space science, system engineering and legacy system-of-systems sustainment and modernization. Our solution approach is guided by our Team’s pedigree, which consists of 20+ year military space veterans, industry’s sharpest engineers, and proven business professionals. Team Giuseppe is packed with decades of experience doing anything from developing new requirements for weapons systems and upgrades, to writing complex test plans and procedures, and to building training curriculums and operational products from scratch. We’ve run large, small, and disaggregated teams to accomplish groundbreaking space operations activities. From credentialed Space Weapons Officers to dyed in the ink Senior Non-Commissioned Officers; we speak operator and engineer; we’ve turned wrenches and stood watch. GSE has the professionalism to seamlessly blend in with any team and get the mission done.",Space Research and Technology,11-50 employees,Privately Held,"Colorado Springs, Colorado, United States",United States,giuseppespace.space,https://www.linkedin.com/company/giuseppe-space-enterprises
Humans In Space Inc.,"We strive for Human Biological health measures for futuristic tech development for the human body in space and on earth. The harsh environment of other planets and space has hazardous effects on the human body. We focus on health tech for a better human future.

 #humansinspace #humansinspacebio #humansinspacech #humanhealthinspace #heathinspace #humansinspaceco #hearthealth #msk #musculoskeletal #health #healthtech",Space Research and Technology,2-10 employees,Privately Held,"Houston, Texas, United States",United States,humansinspace.co,https://www.linkedin.com/company/humans-in-space-inc
TOM,"Torres Orbital Mining (TOM) builds autonomous excavation and material-handling systems for extreme environments on Earth and the Moon.

ESRIC Cohort 6 · 2026

Greentown Labs Member | Capital Factory All Access 

We develop rugged robotic platforms that enable resource extraction, sampling, and regolith or tailings handling where humans and conventional equipment cannot operate safely or economically.

Our work spans terrestrial mining applications today and lunar ISRU infrastructure for future exploration.",Space Research and Technology,2-10 employees,Self Owned,"Houston, Texas, United States",United States,orbitaltom.com,https://www.linkedin.com/company/orbitaltom
SatCamp,"SatCamp is annual geospatial event focused on meaningful conversation, connection, and collaboration. Share and scheme while hiking, biking, climbing, running!",Space Research and Technology,2-10 employees,Non Profit,"Boulder, Colorado, United States",United States,satcamp.xyz,https://www.linkedin.com/company/satcamp
Terrangate Ltd,"Programme leadership and infrastructure solutions for the toughest environments—on Earth and beyond.

At Terrangate, we don’t just plan projects—we deliver them. We lead complex, high-stakes programmes for organisations operating in some of the most extreme and unforgiving environments, from remote Earth-based sites to space industry operations.

Our team blends engineering insight, systems thinking, and proven programme management to make sure every objective is met—on time, on budget, and built to last. We design and deliver adaptable systems that scale with purpose, ensuring resilience, autonomy, and performance where failure is not an option.

Whether it’s a single critical project or a multi-year programme, we take ownership from start to finish—scoping, planning, executing, testing, and supporting—so our clients can focus on their mission while we handle the complexity.

If you need a trusted partner who can run your project from concept to completion—and thrive under pressure—Terrangate is ready to deliver.",Space Research and Technology,2-10 employees,Privately Held,"Texas, United States",United States,terrangate.com,https://www.linkedin.com/company/terrangate
Great Lunar Expedition for Everyone (GLEE),"Democratizing Access to Lunar Exploration

The Great Lunar Expedition for Everyone (GLEE) is a pioneering space mission opening the lunar frontier to the next generation of scientists. Led by Principal Investigator Barbra Sobhani at CU Boulder, GLEE is supported by the Colorado Space Grant Consortium (COSGC), NASA, and the Artemis program.

The Mission & Technology
GLEE flies as a hosted payload on a commercial lunar lander. Using an autonomous Housing Deployment Module (HDM), we deploy a distributed network of palm-sized ""ChipSats"" (LunaSats) across the Moon's surface. Operating for six lunar hours (seven Earth days), these compact sensor pucks form a wireless mesh network for time-resolved data collection.

Each LunaSat is an independent node addressing NASA Decadal survey needs. Using a swarm approach, GLEE maps thermal gradients, regolith capacitance, crustal magnetic fields, and impact data across a wide area without single-point telemetry bias.

Global Impact & STEM Education
GLEE is about inclusion. Using cost-effective materials, we build outreach kits with a $250 target cost, empowering students with no prior coding experience to participate.

Global Scale: GLEE supports 242+ student teams and 2,000+ students across 29 US states and 30+ countries.

LEAP Modules: Our curriculum guides teams through a mission's full lifecycle—from idea formation to proposal writing—covering sensors, power, and RF communication.

Hands-on Learning: Teams configure their hardware, define localized science cases, and access open-source lunar telemetry via our public dashboard.

Looking Forward
We are currently integrating our Lunar Satellite Sensor Network and optimizing hardware to increase battery lifespan, ensuring our technology thrives in the harsh lunar environment.",Space Research and Technology,11-50 employees,Government Agency,"Boulder, Colorado, United States",United States,gleemission.org,https://www.linkedin.com/company/nasagleemission
OrbitLink Consulting,"OrbitLink Consulting is an aerospace development firm specializing in spacecraft simulation, mission analysis, and space systems.

We help government and commercial customers validate mission concepts, model complex physics scenarios, and solve technical problems across the full spacecraft and ground system lifecycle: from early-stage trade studies and simulation development through integration, test, and on-orbit operations.

Our core capabilities include:

Orbital mechanics and trajectory simulation
Spacecraft command, control, and communication systems
Ground station architecture and development
Mission planning and operations support
Independent technical analysis and verification

Founded by Dr. Mason Nixon, OrbitLink brings experience rooted in hands-on DoD satellite programs, including nanosatellite, microsatellite, and space plane missions from design through launch and on-orbit operations.

Based in Madison / Huntsville area, Alabama.",Space Research and Technology,2-10 employees,Privately Held,"Madison, Alabama, United States",United States,orbitlink.org,https://www.linkedin.com/company/orbitlink-consulting
RADCAT Research,"RADCAT is an independent hard-tech R&D group. We solve complex physical-science problems and deliver an early-stage feasibility framework for downstream commercialization.
• Cross-disciplinary, first-principles solutions
• Prototype + experiment/feedback process
• Focus on early-stage feasibility to operational testing (TRL0 - TRL6)
• Commercialization trajectories and models

Organizations come to RADCAT when:
• The problem is physically complex and interdisciplinary
• Internal R&D is constrained by structure or timelines
• The solution may require new approaches
• Feasibility and execution outweigh optimization
• Commercialization is stalled

RADCAT is built on three decades of hands-on experience in hard-tech R&D, semiconductor processes, advanced materials, sensing systems, prototyping, and scientific problem-solving, paired with deep experience in tech commercialization, technical marketing, product positioning, and communication strategy.",Space Research and Technology,2-10 employees,Privately Held,"Indianapolis, Indiana, United States",United States,radcatresearch.com,https://www.linkedin.com/company/radcat-research
Aerospace ADVERSARY Laboratory,"Cornell University's Aerospace ADVERSARY Laboratory (AAL) is pioneering new space architectures that will guide the aerospace sector towards fundamentally new space technology. We break things in order to redefine how they work, take big risks, and fail fast. AAL is focused on developing robust national security offensive and defensive technical capabilities for space systems while understanding their ethical and policy implications.",Space Research and Technology,2-10 employees,Public Company,"Ithaca, New York, United States",United States,aerospaceadversary.org,https://www.linkedin.com/company/aerospace-adversary-laboratory
Composite Mirror Applications  (CMA),CMA is a process and product development company serving the optics community by providing lightweight mirrors and structures for a host of photonics applications,Space Research and Technology,2-10 employees,Privately Held,"Tucson, Arizona, United States",United States,compositemirrors.com,https://www.linkedin.com/company/composite-mirror-applications-cma
Applied Fluids & Thermal Engineering Research Laboratory (@FTERLab),The @FTERLab at Howard University studies fluid mechanics and thermal management applied  to aviation & space applications,Space Research and Technology,11-50 employees,Self Employed,"Washington, Washington, United States",United States,afterlab.org,https://www.linkedin.com/company/applied-fluids-thermal-engineering-research-laboratory
UF In Space Biomanufacturing Hub,"The In-Space Bio Hub, established through the University of Florida’s strategic fund, is a consortium of multidisciplinary teams of UF researchers with the mission to support the advancement of research and training in space biomanufacturing through seed grants, training workshops and partnerships with commercial space providers to develop high-value cell and tissue tools, and biosynthetic products testable on crewed or uncrewed flights with the goal to advance research and development in Space.
 
The In-Space Bio Hub supports a research pipeline for the Center for Science, Technology and Advanced Research in Space, or C-STARS, an NSF-sponsored Industry-University Research Cooperative Center currently in the planning phase.",Space Research and Technology,2-10 employees,Educational,"Orlando, Florida, United States",United States,ufl.edu,https://www.linkedin.com/company/uf-in-space-biomanufacturing-hub
The Marrujo Foundation,"The Marrujo Foundation, established by Dan and Rosamaria Marrujo, was created to support, and work with educational institutions to further research in the fields of astronomy, astrophysics, and cosmology to establish a world-leading fellowship ecosystem. The foundations efforts are to ensure that institutional work challenges current understanding of space, create new opportunities and make a difference in people’s lives across the United States and around the world.",Space Research and Technology,2-10 employees,Non Profit,"Roseville, California, United States",United States,,https://www.linkedin.com/company/the-marrujo-foundation
Space Degens,"This page is a nexus for NFTs, crypto assets, play-to-earn games, and businesses powered by blockchain to enable the future of space exploration and inspire the next generation of explorers.",Space Research and Technology,Self-employed,Self Employed,"Austin, Texas, United States",United States,spacedegens.io,https://www.linkedin.com/company/spacedegens
"LOCKHEED MARTIN INTEGRATED SYSTEMS, LLC",,Space Research and Technology,2-10 employees,Partnership,"Denver, Colorado, United States",United States,lockheedmartin.com,https://www.linkedin.com/company/lockheed-martin-integrated-systems-llc
Sustainable Space Consulting,"Providing Product Strategy, Business Development, Marketing and Sales Strategies to early stage and late stage space startups.",Space Research and Technology,Self-employed,Self Owned,"Mountain View, California, United States",United States,sustainablespaceconsulting.com,https://www.linkedin.com/company/sustainable-space-consulting
Atlantic Factorial Ltd,"Atlantic Factorial is a space-to-cloud analytics company that utilizes satellite data and algorithms to provide the most advanced maritime, aviation, and weather tracking in the world.",Space Research and Technology,11-50 employees,Partnership,"Keller, Virginia, United States",United States,atlanticfactorial.com,https://www.linkedin.com/company/atlantic-factorial
Monterey Institute for Research in Astronomy,"The Monterey Institute for Research in Astronomy (MIRA) is an independent, non-affiliated, professional observatory dedicated to astronomical research and education.",Space Research and Technology,11-50 employees,Non Profit,"Marina, California, United States",United States,mira.org,https://www.linkedin.com/company/monterey-institute-for-research-in-astronomy
Hayes Group LLC,"Stay tuned, updates coming soon. 

We are proudly a North Carolina small business.",Space Research and Technology,2-10 employees,Privately Held,"Windsor, North Carolina, United States",United States,hgspace.us,https://www.linkedin.com/company/hayes-group-llc
SpaceRanch DAO,"SpaceRanch DAO is the decentralized land management organization with the defined purpose to develop space launch and tourism in the state of Wyoming.

We are embarking on an exciting new frontier where blockchain web3 technologies intersect with the emerging space industry. Our developments will innovate how individuals can collaborate, fund, and vote towards the proliferation of the space age within this new economy.

SpaceRanch is a pilot project for the DAO LLC business designation in the state of Wyoming, and serves the purpose of defining the Spacetech and Fintech corridor between Cheyanne and Colorado Springs. It is our mission to expand the space exploration capabilities within the region by curating the facilities necessary for the space ecosystem.",Space Research and Technology,2-10 employees,Public Company,"Laramie, Wyoming, United States",United States,spaceranch.org,https://www.linkedin.com/company/spaceranch
StratoStar,"StratoStar is the firm-fixed-price, rapid-turnaround near-space flight-test provider for space hardware and stratospheric UAS payloads.

We fly your hardware to 60,000–100,000 ft and return real in-situ flight data — plus your recovered hardware — typically within 72 hours. No simulation, no assumption: real environment, real data,
before your hardware goes to orbit.

CubeSat and smallsat developers, component and subsystem manufacturers, prime contractors, and defense and research programs use StratoStar flight tests to advance hardware from TRL 5 to TRL 7 in 1–3
months, on a published date, at a firm-fixed price.

1,000+ missions flown. >99% recovery rate. 20+ years of operations. US-based, US-person operations, headquartered in Indianapolis, IN.

Real Flight Test. Real Data.

Talk to an Engineer: www.stratostar.com",Space Research and Technology,2-10 employees,Public Company,"Noblesville, Indiana, United States",United States,stratostar.com,https://www.linkedin.com/company/stratostar
AerOrbit Intelligence,"At AerOrbit Intelligence, we're dedicated to empowering businesses with the knowledge and tools they need to harness the power of emerging autonomous technologies. Accelerate your organization's growth in the multi-domain Aerospace and Cyber domains. 

From advisory to implementation of autonomy stack, our unparalleled expertise and actionable insights empower companies, organizations, and government entities to capitalize on emerging opportunities and evolve for the future.",Space Research and Technology,2-10 employees,Privately Held,"Ashburn, Virginia, United States",United States,,https://www.linkedin.com/company/aerorbitai
Lexixc Axora Labs,"Lexixc Axora Labs is redefining the way organizations understand markets. We combine human intelligence with data analytics to deliver deep, actionable insights that help clients stay ahead in today’s dynamic global economy. From demand forecasting to competitor benchmarking, our research solutions empower leaders to make data-backed strategic moves. At Lexixc Axora Labs, we go beyond the surface turning complex data into clear, forward-looking business intelligence.",Space Research and Technology,"501-1,000 employees",Privately Held,"Houston, Texas, United States",United States,,https://www.linkedin.com/company/lexixc-axora-labs
"SolaMed Solutions, LLC","SolaMed Solutions, LLC, founded in 2006 to provide scientific and strategic direction to agencies, industry, academia, and advocacy, is a premier firm in commercial space medicine operations, including Concept of Operations (CONOPS), advisory services, and educational outreach. 
 
Our primary goal is to advance health and human performance on Earth and in space through precision innovation. Leveraging cutting-edge technology and personalized protocols, we aim to meet the unique needs of individuals while minimizing risks. Our specialized, multidisciplinary approach ensures that we provide unparalleled expertise and innovative solutions that set us apart in the industry.",Space Research and Technology,2-10 employees,Privately Held,"Washington, Washington, United States",United States,solamedsolutions.com,https://www.linkedin.com/company/solamed-solutions-llc
Viroixp Network,"Viroixp Network is a high-authority market intelligence and analytics firm built to help organizations compete, scale, and lead with confidence. With a portfolio of 1,500+ proprietary market reports, datasets, and decision-support tools, Viroixp Network delivers deep, continuously updated insight across the global business landscape.

Backed by a team of 120+ sector-specialist analysts, economists, and data scientists, and supported by over a decade of operational expertise, the firm transforms complex, fragmented market signals into clear, actionable intelligence. Viroixp Network covers 35+ industries—from technology, healthcare, and energy to financial services, manufacturing, and consumer markets—spanning 50+ countries across North America, Europe, Asia-Pacific, the Middle East, and Latin America.

Trusted by Fortune 500 enterprises, fast-growing scaleups, investors, and government agencies, Viroixp Network has helped clients unlock new revenue streams, optimize go-to-market strategies, and reduce strategic risk. Its insights power high-stakes decisions including market entry, product launches, M&A evaluation, pricing optimization, and long-term growth planning. Clients consistently credit Viroixp Network for accelerating time to insight, improving forecast accuracy, and delivering measurable commercial impact.

At its core, Viroixp Network combines advanced analytics, rigorous research methodology, and industry expertise to convert raw data into competitive advantage—turning uncertainty into opportunity.",Space Research and Technology,"501-1,000 employees",Privately Held,"Sunnyvale, California, United States",United States,,https://www.linkedin.com/company/viroixp-network
Making Space Agency,"Innovating at the Intersection of Design, Aerospace, and Storytelling. Telling the story of humans in space: Past, Present, and Future.",Space Research and Technology,2-10 employees,Privately Held,"Los Angeles, California, United States",United States,makingspace.earth,https://www.linkedin.com/company/making-space-agency
MIT AeroAstro Small Satellite Collaborative,"The Aero Astro Small Satellite Collaborative enables MIT to be a globally recognized leader in small satellite development and operations by providing facilities and expertise to support research projects. The future center will have a federated architecture, encouraging interoperability, resource sharing, reusability, collaboration, and knowledge management amongst groups interested in researching space applications, both within the department and beyond. The center will act as a central authority, focusing on the dynamics of economies of scale, standards, and wellbeing of the enterprise while providing the highest possible level of autonomy to individual member groups, providing them with access to centralized resources. Additionally, the SSC will also provide education in space systems both for residential learners and professionals and support the new MIT Aerospace Innovation Initiative with their focus on startups.",Space Research and Technology,51-200 employees,Privately Held,"Cambridge, Massachusetts, United States",United States,,https://www.linkedin.com/company/mit-aeroastro-small-satellite-collaborative
"Skyward Dynamics, LLC","Welcome to Skyward Dynamics llc, where innovation meets the cosmos. Specializing in Radio Frequency Communications, Avionics, Guidance and Navigation, and cutting-edge flight software, we propel the boundaries of space exploration. With expertise spanning launch vehicles and spacecraft, we deliver mission-critical solutions that redefine possibilities in the vast expanse of space. Join us as we pioneer the next era of interstellar discovery and unlock the mysteries of the universe.",Space Research and Technology,Self-employed,Self Employed,"Palmetto, Florida, United States",United States,skyward-dynamics.com,https://www.linkedin.com/company/skyward-dynamics-llc
Orbital Gators,"Orbital Gators is a dynamic, student-led organization dedicated to pioneering innovation in aerospace and orbital technology. We unite aspiring engineers, researchers, and space enthusiasts to bridge the gap between academic theory and hands-on experience. Our mission is to empower the next generation of aerospace leaders by engaging in real-world projects from simulated satellite missions to advanced design competitions that challenge conventional boundaries and spark creativity.",Space Research and Technology,51-200 employees,Non Profit,"Gainesville, Florida, United States",United States,,https://www.linkedin.com/company/orbital-gators
Pax Orbital,,Space Research and Technology,2-10 employees,Privately Held,"San Francisco, California, United States",United States,paxorbital.com,https://www.linkedin.com/company/pax-orbital
Rose-Hulman Electric Propulsion Group,The Rose-Hulman Electric Propulsion Group is a student-led research group at Rose-Hulman Institute of Technology dedicated to expanding the space propulsion workforce by introducing undergraduates to electric propulsion (EP). Members gain experience with EP through and hands-on research projects.,Space Research and Technology,2-10 employees,Non Profit,"Terre Haute, Indiana, United States",United States,,https://www.linkedin.com/company/rhepg
SpaceAware.io,"Space domain visualization and analysis, all within the browser, no plugins required!",Space Research and Technology,2-10 employees,Privately Held,"Alexandria, Virginia, United States",United States,spaceaware.io,https://www.linkedin.com/company/spaceaware-io
Active Vigilance,"Active Vigilance delivers innovative AI software solutions for aerospace and national security. Our edge applications  - optimized for low size, weight, and power requirements - are tailored to meet the demands of these highly specialized, demanding industries.

Our signature offering is a cutting edge AI fault detection and anomaly software tool, proven both in space and on the ground. It provides continuous monitoring, enhancing the resilience of autonomous systems and builds trust in the data they collect.  Our software enables operators to detect and address minor anomalies before they escalate into significant issues. In cases where spacecraft systems begin to degrade, the software informs operators in real-time, allowing them to determine the next course of action. Even in the event of a failure, Active Vigilance continues to provide valuable insights into the root cause of the issue. This proactive approach streamlines operations, optimizes human decision-making, and ensures precise outcomes, ultimately contributing to mission success.",Space Research and Technology,11-50 employees,Privately Held,"Cheyenne, Wyoming, United States",United States,activevigilance.com,https://www.linkedin.com/company/active-vigilance
Muslim Tech Collaborative @ Michigan,,Space Research and Technology,51-200 employees,Non Profit,"Ann Arbor, Michigan, United States",United States,,https://www.linkedin.com/company/mtc-michigan
Analog Astronaut Research Exploration and Science Support,"We support your analog astronaut mission with scientific equipment and scientific supplies. So you can concentrate on planning your mission and conducting your experiments and focus on exploration and science. Furthermore, we support your mission with scientific consultation.",Space Research and Technology,2-10 employees,Self Employed,"Lexington, Kentucky, United States",United States,,https://www.linkedin.com/company/analog-astronaut-research-exploration-and-science-support
Lexiqi Zental Holdings,"At Lexiqi Zental Holdings, we believe that great decisions begin with great data. As a leading market research and consulting firm, we bridge the gap between numbers and narratives helping businesses discover what truly matters. Our multi-disciplinary experts design tailored research frameworks that reveal consumer behavior, market dynamics, and emerging opportunities. We’re passionate about delivering research that drives growth, innovation, and measurable performance. With Lexiqi Zental Holdings, insights aren’t just informative they’re transformative.",Space Research and Technology,"501-1,000 employees",Privately Held,"Chicago, Illinois, United States",United States,,https://www.linkedin.com/company/lexiqi-zental-holdings
Mines Cubesat Program,Establish Mines’ presence in space via cubesat and program sustainability on campus.,Space Research and Technology,51-200 employees,Non Profit,"Golden, Colorado, United States",United States,,https://www.linkedin.com/company/mines-cubesat-program
Paiload,"Paiload turns signals and data collected by satellites into the products that missions, operators, and agencies rely on — calibrated geophysical retrievals across the atmosphere, ionosphere, and the Earth's surface, and operational outputs for remote sensing, positioning, and integrity monitoring applications. 

We work across the full pipeline, from scoping and design through operational readiness and into routine production across the mission lifetime. Paiload can also build and co-develop hardware based on customer needs.

The team's prior work underlies operational products procured by NASA, NOAA, EUMETSAT, and ESA, across more than 60 satellites currently in operation. Development at Paiload is AI-native — which shortens turnaround, lowers cost, making custom or unusual work practical.

For mission inquiries, partnerships, or general questions: paiload.com",Space Research and Technology,2-10 employees,Privately Held,"Boulder, Colorado, United States",United States,paiload.com,https://www.linkedin.com/company/paiload
ZeroGravitySciences,"Zero Gravity Sciences transforms NASA research into groundbreaking technologies for companies worldwide.

What We Do:

Biotech & Life Sciences – Advanced cell culturing for regenerative medicine.
Skincare & Dermatology – NASA-backed bioactives for anti-aging and healing.
Agriculture & Sustainability – High-yield hydroponics and plant extractions.
Nutrition & Supplements – Space-optimized nutrient delivery systems.

Our Mission
Bridging the Gap Between Space Science and Global Industries
Our goal is to democratize NASA’s groundbreaking research and make it accessible for companies looking to pioneer next-generation products.",Space Research and Technology,2-10 employees,Partnership,"Cape Canaveral, Florida, United States",United States,zerogravitysciences.com,https://www.linkedin.com/company/zerogravitysciences
Exploration Spaceport,"One of 14 FAA-licensed spaceports in the nation, Exploration Spaceport is under the direction of the Titusville-Cocoa Airport Authority (TCAA) and is located at Space Coast Regional Airport in Titusville, Florida. Licensed for horizontal launch and landing activities, Exploration Spaceport is conveniently situated approximately six miles from Kennedy Space Center and offers easy access to I-95, U.S. Highway 1, Port Canaveral (and FTZ-136), SR 405 (NASA Causeway), and rail service.

Development is underway for multiple industrial facilities that will be able to accommodate a variety of needs, such as satellite processing areas, high-tech manufacturing, clean rooms, high bays, and more. Corporate hangars are also in the development phase. 

The quality of life on Florida's Space Coast is unparalleled and boasts a temperate year-round climate, a multitude of outdoor and recreational amenities, and plenty of new residential construction. We have become an essential hub for the commercial space industry.

Our website is coming soon and will provide additional information on everything Exploration Spaceport has to offer. So, give us a call at 321.276.8780 and tell us about your endeavor! We would love to meet you!",Space Research and Technology,11-50 employees,Government Agency,"Titusville, Florida, United States",United States,,https://www.linkedin.com/company/exploration-spaceport
TCT Networks Corporation,"Cutting edge research and development work in space communications, drone networking, and challenged network communications. Some focus areas include: automation, sensor networks, highly scalable network emulation, cognitive networking, resilient networking, delay/disruption-tolerant networking, as well as offensive and defensive security research for large scale swarm applications.

We also provide advanced computer networking and IT support, education services, and a range of security auditing services.",Space Research and Technology,2-10 employees,Privately Held,"Camden, New York, United States",United States,tct-networks.com,https://www.linkedin.com/company/tct-networks-corporation
Horizon X Labs,"Horizon X Labs is a deep-tech development lab dedicated to engineering the infrastructure for the next generation of aerospace and artificial intelligence. Our work sits at the intersection of autonomous robotics and advanced AI architecture, focusing on building the intelligent backbone required for complex environments ranging from terrestrial industries to lunar exploration.

At Horizon X Labs, we aren’t just imagining the next frontier; we are building the infrastructure to reach it.",Space Research and Technology,11-50 employees,Partnership,"New York, New York, United States",United States,,https://www.linkedin.com/company/horizon-x-labs
Medi-Galaxy,"Medi-Galaxy LLC develops space medical simulation and emergency-response intelligence systems for human spaceflight preparedness.

The platform models emergency medical scenarios under spaceflight constraints, including limited resources, altered gravity, cabin conditions, communication delays, and crew workload. Medi-Galaxy focuses on physiology-aware simulation, environment-aware treatment prioritization, explainable recommendations, and recovery/failure analysis.

Built for research, simulation training, grant-supported development, and future aerospace medical collaboration, Medi-Galaxy supports the study of safer emergency-response pathways for astronauts and space travelers.

Medi-Galaxy is intended for educational simulation, research, training, and preparedness support. It is not clinically validated and does not replace licensed medical professionals or approved medical protocols.",Space Research and Technology,2-10 employees,Privately Held,"Springfield, Missouri, United States",United States,medi-galaxy.org,https://www.linkedin.com/company/medi-galaxy
"Stratos Perception, LLC","The Cerebellum of Physical AI

Stratos Perception develops artificial intelligence solutions, including novel foundational models, algorithms, and reasoning models, to solve problems concerning automation at scale interacting in the physical world. Founded in 2018, our AI roots extend to 1997 with pioneering work on neural networks applied to rocket engines for early failure detection.

Our flagship technology, Artificial Cerebellar Intelligence (ACI), is a patented inferential sensing system that estimates the time-varying parameters and states of complex nonlinear systems in real time, from scarce sensor outputs alone. Unlike pattern-based approaches, ACI estimates actual physical system parameters, providing direct physical insight into machine behavior. Training via synthetic data eliminates the need for expensive testbeds or failure data collection.

ACI solves the severely underconstrained adaptive estimation problem that conventional methods cannot address, enabling comprehensive predictive maintenance, real-time digital twins, onboard orbital mechanics, and autonomous spacecraft docking.

Validated: less than 2% mean absolute error estimating 7 independent parameters from 2 sensor outputs alone.

Applications span aerospace, defense, robotics, semiconductor manufacturing, energy production, multiphase flow systems, and autonomous vehicles.

Stratos Perception also provides commercial AI consulting services, delivering insight, strategy, and implementation that infuses AI into client operations at high ROI.

Stratos Perception, LLC. Innovative artificial intelligence solutions to support sustainable operations in the Earth biosphere -- and beyond.",Space Research and Technology,2-10 employees,Privately Held,"Houston, Texas, United States",United States,stratosperception.co,https://www.linkedin.com/company/stratos-perception
WTP Space,"SERVICES

1. Independent representation and advocacy for sovereign agencies participating in commercial human spaceflight.

2. Mission support services for Private Astronaut Mission (PAM) providers, commercial space stations, transportation providers, and human spaceflight organizations.

3. End-to-end commercial human spaceflight missions to low Earth orbit through WTP-1, our independently led mission for the post-ISS era, 2028. (See website for details.)

WHY WE EXIST

WTP Space exists to create opportunities—not wait for them. Built on decades of human spaceflight leadership and experience from the earliest commercial astronaut missions, we bring together the partnerships, operational expertise, and mission architectures needed to support today's commercial missions while enabling the transition to the post-ISS era.

STRATEGIC OVERVIEW

WTP Space is an Independent Mission Operator (IMO) supporting today's commercial human spaceflight market while helping shape the next generation of commercial orbital missions.

We help sovereign agencies, commercial organizations, research institutions, and mission providers navigate an evolving commercial spaceflight ecosystem through independent mission planning, integration, customer representation, operational support, and mission execution.

Our approach is destination-agnostic and customer-focused. We working across multiple transportation systems, commercial destinations, and mission architectures to ensure every mission is aligned with our customers' objectives rather than a single provider or platform.

While supporting today's commercial missions, WTP is also developing WTP-1, an independently led commercial human spaceflight mission designed for the post-ISS era. Through strategic partnerships and independent mission leadership, WTP is expanding access to commercial human spaceflight and helping bridge today's commercial market with tomorrow's commercial orbital economy.",Space Research and Technology,2-10 employees,Privately Held,"Houston, Texas, United States",United States,wtpspace.com,https://www.linkedin.com/company/wtp-space
GlobaNav Solutions LLC,"GlobaNav Solutions is a technology company that transforms how organizations make high-stakes decisions.
With roots in satellite operations, automation, and data-driven system design, we apply the same rigor once used for space missions to modern business workflows, blending precision engineering with explainable AI.

Our flagship platform, Lattize AI, brings transparency and structure to complex evaluation processes.
It helps teams handle high-volume reviews from startup programs and innovation challenges to procurement and recruitment with clarity, consistency, and confidence.

We believe AI should amplify human judgment, not replace it.
That philosophy drives everything we build: tools that accelerate results, strengthen human expertise, and make decision workflows auditable and fair.

What We Do
- Develop human-centered AI platforms for evaluation and decision intelligence
- Apply system-engineering principles to automate complex, data-driven processes
- Provide strategic and technical guidance for organizations adopting AI responsibly

How We Work
- Remote-first collaboration with global clients
- Pilot programs for early adopters and partners
- Flexible engagement from product integration to long-term innovation support

Let’s redefine how clarity, accountability, and intelligence work together.
 www.lattize-ai.com",Space Research and Technology,Self-employed,Privately Held,"Raleigh, North Carolina, United States",United States,globanav.com,https://www.linkedin.com/company/globanav-solutions-llc
UMD Satellite Development Program,"The Satellite Development Program (SatDev) builds spacecraft right here on UMD's campus in College Park, Maryland. Our mission is to establish a permanent UMD presence in space.

SatDev was established in response to growing momentum toward nanosatellite development on campus. It operates with support from the Space Systems Laboratory  and the Department of Aerospace Engineering. SatDev’s goals are to document the CubeSat expertise collected by mission teams, advocate for expanded CubeSat development infrastructure, pursue new CubeSat projects, and organize opportunities for interested students to join CubeSat missions.",Space Research and Technology,11-50 employees,Educational,"College Park, Maryland, United States",United States,umd.edu,https://www.linkedin.com/company/umdsatdev
RESOLV,"With RESOLV’s patented technology, small satellite operators can unlock the power of near-real-time surface reflectance data across any environment. Empower your clients and enhance your offerings with the most advanced solution on the market.",Space Research and Technology,2-10 employees,Privately Held,"Hartford, South Dakota, United States",United States,resolvearth.com,https://www.linkedin.com/company/resolv-for-smallsat-application
USAT,"USAT's state-of-the-art antenna system, STELLA, is a satellite communication antenna product in Low Earth Orbit.

The patent pending STELLA antenna system has an extremely wide angle scanning capability and a blanket coverage of the sky or Earth without any dead zone in the electromagnetic wave illumination pattern. STELLA can scan 360 degrees in azimuth and 180 degrees in elevation, as well as has simultaneous connection to and tracking of several Low Earth Orbit satellites.

USAT’s contribution to the advancement of satellite communication technology is undeniable and impactful, enhancing worldwide communication and global connectivity. Through our technology, we seek to bring communities and cultures together, and promote distribution of knowledge and understanding.",Space Research and Technology,2-10 employees,Privately Held,"Tucson, Arizona, United States",United States,usairtechcorp.com,https://www.linkedin.com/company/usairtech
Fibonacci [The Space Brokerage],"Fibonacci Cellars LLC (The Space Brokerage) is the premier zero-inventory, pure-commission clearinghouse for the physical space economy. Modeled on the operational architecture of elite maritime superyacht registries, the firm facilitates discreet, high-utility transactions across launch mass, orbital infrastructure, and space commodities.

We eliminate balance-sheet risk for our patrons and partners by carrying no hardware capex and no launch liability. Instead, we possess the native technical fluency and deep regulatory architecture positioning required to coordinate complex transactions.

Our Clearinghouse operations are structured across Three Commercial Engines:

1. Engine 01 // Launch Mass & Manifest Rights: Sourcing excess fairing volume and coordinating Last-Minute Manifest Rescue matches.

2. Engine 02 // Orbital Infrastructure & Hardware Capacity: Brokering physical space, processing core hours, and microgravity lab berths on active space structures.

3. Engine 03 // Space Commodities, Data & B2B Logistics: Brokering satellite data streams, orbital spectrum rights, and critical aerospace component matching.

We handle client interfaces, commercial matching, and payload-side regulatory architecture (including FAA Part 413 reviews and CBP space customs classification), ensuring that institutional transactions clear seamlessly under US ANCHOR Act, EU MiCA, UAE VARA, and Singapore MAS frameworks.

The frontier doesn't wait. Neither should the framework.",Space Research and Technology,2-10 employees,Privately Held,"Cape Canaveral, Florida, United States",United States,thespacebrokerage.com,https://www.linkedin.com/company/thespacebrokerage
Astrodynamics Research Systems,"Researching the field of Astrodynamics.

Astrodynamics Research Systems (ADRS) aims to provide immersive experiences and educational content in the field of Engineering with a focus on Astrodynamics, Aerospace, Controls, and Systems knowledge bases.

Projects involve the exploration and understanding of Astrodynamics and Engineering through research, leading to the alternative design of functional and practical equipment, modules, and load-outs inspired by the cosmos.",Space Research and Technology,Self-employed,Self Employed,"Los Angeles, California, United States",United States,,https://www.linkedin.com/company/astrodynamics-research-systems
Aclectic Systems Inc.,"Aclectic Systems Inc., specializes in application specific computing, and has in-depth experience with system bring-up, device drivers, heterogeneous parallel computing, coupled multi-physics simulation and 3D graphics.  The company is currently developing a custom hardware / software integrated appliance platform initially targeted at private cloud servers for visual high performance computing workloads.  Aclectic has extensive experience working with key corporations in this space including AMD, Intel, Microsoft, Pixar, ARM, and Xilinx, among others.  Aclectic's initial target market segments include (1) aerospace (CFD, parametric modeling and simulation, space access flight simulators), (2) Entertainment (Virtual Production, feature film visual effects and rendering), and (3) Supercomputing Centers whose workloads are dominated by adaptive multi-physics visual simulation.

Aclectic’s vision is to directly impact the bottom-line cost and quality of digital twins / productions by enabling reuse of procedurally generated assets, computation of behavior through physical simulation, and reduced time to solution through parallel execution. Aclectic's mission is to “Increase engineer / artist productivity by turning overnight simulations to into hourly simulations.""",Space Research and Technology,2-10 employees,Privately Held,"Newark, California, United States",United States,aclectic.com,https://www.linkedin.com/company/aclectic-systems-inc
UAH Electric Propulsion Club,The Electric Propulsion Club is an Independent Student Research Organization in the field of Electric Propulsion (EP) and Plasma Physics.,Space Research and Technology,11-50 employees,Educational,"Huntsville, Alabama, United States",United States,,https://www.linkedin.com/company/the-electric-propulsion-club
SpaceApp Connect,"SpaceApp Multidimensional Intelligence Platform integrates real-time space, maritime, ground, and policy data into a unified intelligence platform that transforms global information into predictive insight. Powered by AI, automation, and trusted data pipelines, SpaceApp enables decision-makers to anticipate emerging events, assess multidomain risks, and act with confidence.

Our mission is to go beyond sight and beyond space — creating a connected layer of intelligence that drives smarter, safer, and more sustainable decisions for the world.",Space Research and Technology,11-50 employees,Privately Held,"San Antonio, Texas, United States",United States,spaceapp.org,https://www.linkedin.com/company/spaceapporg
Vitamin Greens Inc.,VitaminGreen’s mission is to support both Mars astronauts and our communities Earth-side by growing fresh produce with personalized nutritional quality to address neurocognitive challenges that arise from space travel and micronutrient deficiencies.  VitaminGreens meets 100% of your recommended daily allowance (RDA) by using a six step grow process to enhance plant vitamin biosynthesis.  We're taking vertical farm produce to the next level!,Space Research and Technology,11-50 employees,Privately Held,"Buffalo, New York, United States",United States,vitamingreens.com,https://www.linkedin.com/company/vitamin-greens-inc
American Institute of Aeronautics and Astronautics at UH Mānoa Student Branch,"Mission - To provide opportunities and resources to students at University of Hawai’i at Mānoa to succeed in the aerospace field with the support of the AIAA.

Vision - To develop an aerospace community at the University of Hawai’i at Mānoa as a beacon of academic and outreach excellence, inspiring future leaders and innovators to make impactful contributions to the broader aerospace community.",Space Research and Technology,11-50 employees,Educational,"Honolulu, Hawaii, United States",United States,,https://www.linkedin.com/company/uhaiaa
Oklahoma State University Space Cowboys,"The Oklahoma State University Space Cowboys are a student group focused on promoting space exploration through research, competitions, and outreach. Member organizations include: Cowboy Rocketworks, NASA Micro-G NExT Competition Teams, Solar Cowboys, and the Oklahoma CubeSat Initiative.

Instagram: https://www.instagram.com/osu_space_cowboys/",Space Research and Technology,51-200 employees,Educational,"Stillwater, Oklahoma, United States",United States,okstate.edu,https://www.linkedin.com/company/osuspacecowboys
Cross on the Moon Coalition,The Coalition is an organization that is uniting humanity through our savior Jesus Christ. We are on a mission to send a cross to the lunar surface to consecrate the heavens and remind earth that God is the center of the universe.,Space Research and Technology,2-10 employees,Non Profit,"Arlington, Virginia, United States",United States,mooncross.org,https://www.linkedin.com/company/crossonthemoon
Ortiz Nicolas Enterprises,ONE better world for everyone.,Space Research and Technology,Self-employed,Self Employed,"Yuma, Arizona, United States",United States,ortiznicolas.com,https://www.linkedin.com/company/ortiznicolasentrprises
Mana Corporation,...,Space Research and Technology,2-10 employees,Public Company,"Miami, Florida, United States",United States,xn--man-gla.com,https://www.linkedin.com/company/manacorporation
Market Mingle Solutions,Our result-oriented approach includes transparent communication of methodologies in addition to consulting facilities.,Space Research and Technology,51-200 employees,Privately Held,"Santa Clara, California, United States",United States,,https://www.linkedin.com/company/market-mingle-solutions
All-Star Agency,"All-Star creates out-of-this-world opportunities for the technical leaders, deal makers, and thought leaders who shape the space industry.

Across all mission, orbit, and customer types – from telecommunications, to  remote sensing, to exploration – from Low-Earth Orbit to Geostationary Orbit, and beyond – from commercial to United States Government, and international customers – we represent the all-star engineers, software developers, technical writers, business developers, and more.

In service of them, we are committed to becoming the strongest, most vibrant, and most innovative service company in the industry.

At All-Star, every client is represented by the entire agency. This collaborative approach benefits our clients as they plan and build their impact across multiple facets of the industry.

With a global network and strategic partners in the United States, the Americas, Europe, Asia, and beyond, All-Star taps its unequaled ecosystem of experts, relationships, access, and industry intelligence to help ensure that our clients achieve their goals.

With a passion matched only by that of our clients, All-Star is committed to crafting precedent-setting deals and building new businesses driven by our clients’ ideas, interests, and opportunities.",Space Research and Technology,2-10 employees,Privately Held,"Hawthorne, California, United States",United States,all-staragency.com,https://www.linkedin.com/company/all-star-space-agency
MDRS Crew 268,MDRS Crew 268 Mission WIN (Women International) 1 - 26 November 2022,Space Research and Technology,2-10 employees,Non Profit,"Hanksville, Utah, United States",United States,,https://www.linkedin.com/company/mdrs-crew-268
Liquid Propulsion at Cornell,,Space Research and Technology,11-50 employees,Privately Held,"Ithaca, New York, United States",United States,,https://www.linkedin.com/company/lpcornell
Morningbird Space,"Morningbird Space is redefining space technology with groundbreaking research in spacetime distortion and advanced propulsion. Led by Dr. Chance Glenn, we're developing the ESD engine, a revolutionary technology with the potential to enable warp drive and interstellar travel. Learn more about our mission to unlock the future of space exploration. #spacetechnology #spaceexploration #warpdrive #innovation #science",Space Research and Technology,2-10 employees,Privately Held,"Victoria, United States",United States,morningbirdspace.com,https://www.linkedin.com/company/morningbird-space
Pulse Instruments,"We manufacture the world's finest electronic test systems for production test and R&D characterization of IR FPAs, CCDs, and CMOS Imagers.",Space Research and Technology,11-50 employees,Privately Held,"Camarillo, United States",United States,pulseinstruments.com,https://www.linkedin.com/company/pulse-instruments
Partager,"Partàger is a space-focused intellectual property, manufacturing, and engineering firm dedicated to transforming advanced aerospace concepts into proven, deployable technologies. The company supports the innovation lifecycle from design and prototyping through applied engineering, manufacturing, validation, and technology licensing, helping move promising ideas from concept to commercial application.

Partàger was built around the belief that engineering talent is the engine of technological progress. By bringing propulsion, materials, avionics, satellite, and systems expertise into a collaborative environment, the company enables technologies to be designed, built, tested, and refined across disciplines rather than developed in isolation.

This approach is centered at Partàger’s Long Beach facility, a modular R&D and engineering “sandbox” located within Southern California’s aerospace corridor. More than an incubator or laboratory, the facility provides a working environment for rapid prototyping, testing, manufacturing integration, and real-world validation, preparing technologies for deployment, strategic partnership, or licensing.

Partàger develops, advances, manufactures, and licenses intellectual property across the global space ecosystem. The company currently employs 27 professionals and plans to expand to approximately 150 employees by the end of 2026, with growth focused on engineering, manufacturing, R&D, and technology commercialization.",Space Research and Technology,2-10 employees,Privately Held,"Long Beach, California, United States",United States,partageraerospace.com,https://www.linkedin.com/company/partager-aerospace
Zenith Space,"We are building ground software to accelerate
the next generation of space missions.",Space Research and Technology,2-10 employees,Privately Held,"Seattle, Washington, United States",United States,zenithspace.io,https://www.linkedin.com/company/zenith-space-systems
Atlas Unlimited,"Atlas Unlimited provides Geospatial Intelligence Solutions, utilizing small semi-autonomous unmanned aerial vehicles to provide Survey, Inspection, Analysis and Evaluation services to the Construction, Utility, Telecommunication, Public Safety, and Defense industries. We additionally offer service to Search & Rescue, Wildlife Management, Event, Landscape, and Real-Estate markets.",Space Research and Technology,2-10 employees,Privately Held,"San Antonio, Texas, United States",United States,atlasunlimited.us,https://www.linkedin.com/company/atlas-unlimited
iSenses Inc.,"iSenses is a machine intelligence company providing products and solutions for autonomy, imaging, and digitization of assets, processes, and services. 

Our patented neocortex-based algorithm in near-real-time (≤ 10 ms) detects, tracks, learns, classifies, identifies, and ranges multiple objects, persons, events of interest (EOI) or anomalies. 

Applications are in the domain of automotive, aerospace, satellite downstream, predictive analytics,  and managed services. 

In the area of automotive, the noteworthy applications are advanced driver assistance systems (ADAS), assisted driving (AD), simultaneous localization, mapping and path planning, detection of lanes and traffic signs in normal and adverse driving conditions of rainfall, snowfall, fog, haze, sandstorm, and occlusions, multiple vehicles, pedestrians, bicyclists, animals detection, driver behavior analytics.",Space Research and Technology,11-50 employees,Privately Held,"Beavercreek, Ohio, United States",United States,isenses.eu,https://www.linkedin.com/company/isenses-inc
TARDIS-SN,"An open-science software to simulate and analyse supernovae and other transients. Developed by a multidisciplinary team of astrophysicists, statisticians, and computer scientists located across the globe.",Space Research and Technology,11-50 employees,Non Profit,"East Lansing, Michigan, United States",United States,github.io,https://www.linkedin.com/company/tardis-sn
AIAA Utah Section,"The Utah Section of the American Institute of Aeronautics and Astronautics (AIAA) is a nonprofit professional society for aerospace and aeronautical engineers in Utah. ""With nearly 30,000 individual members from 91 countries, and 95 corporate members, AIAA is the world’s largest technical society dedicated to the global aerospace profession."" More info at: https://aiaa.org/about-aiaa

The Utah Section has recently been working to expand its presence and efforts in the Beehive State, and we plan on offering more opportunities for engagement and service in the near future!",Space Research and Technology,11-50 employees,Non Profit,"Salt Lake City, Utah, United States",United States,aiaa.org,https://www.linkedin.com/company/aiaa-utah-section
Florida Space Innovation Center,"The Florida Space Innovation Center (FSIC) is a new regional engine for talent, innovation, and community impact—uniting industry, universities, and civic partners to strengthen the Space Coast from its home in New Smyrna Beach.",Space Research and Technology,2-10 employees,Non Profit,"New Smyrna Beach, Florida, United States",United States,fsic.space,https://www.linkedin.com/company/florida-space-innovation-center
Pangea Galaxity,"Incubated by MIT AeroAstro, MIT Martin Trust Center, MIT Sandbox, and Harvard iLab, Galaxity aims to democratize space education to cultivate visionary leaders and to promote culturally-responsible, humane, and collaborative planetary governance for our interstellar civilization in the near future.",Space Research and Technology,2-10 employees,Privately Held,"Cambridge, Massachusetts, United States",United States,galaxity.space,https://www.linkedin.com/company/galaxity-space
Tensornetics Corp,"Tensornetics Corp is a pioneering research and development company focused on non-invasive health solutions, advanced AI systems, and next-generation engineering innovations. Our work bridges the gap between cutting-edge science and practical, scalable applications, driving breakthroughs in medical technology, environmental systems, and intelligent infrastructure.

With a team of experts from leading research institutions, we leverage advanced mathematics, AI, and applied physics to develop transformative solutions. 

At Tensornetics, we don’t just follow the future—we engineer it.",Space Research and Technology,2-10 employees,Privately Held,"Los Angeles, California, United States",United States,tensornetics.com,https://www.linkedin.com/company/tensornetics
Red Aeroespacial Centroamericana,"La Red Aeroespacial Centroamericana nace sobre los hombros de gigantes. Sus antecedentes son proyectos espaciales que se han establecido a nivel regional y que están teniendo un gran impacto para la región: el Proyecto Morazán y el Rally Femenino de Tecnologías Geoespaciales. Asimismo, la RAC nace con apoyo del SICA,  dentro del marco de desarrollo aeroespacial que ha impulsado la Secretaría General a través de sus convenios con NASA, Copernicus, ISU, UNOOSA entre otros más.",Space Research and Technology,51-200 employees,Non Profit,"San Jose, California, United States",United States,,https://www.linkedin.com/company/red-aereo-espacial-centroameriana-costa-rica
Segal Aerospace,"Segal is building the convergence of quantum computing, advanced robotics, unlimited energy, and space-based operations, that will fundamentally alter the trajectory of human civilization.",Space Research and Technology,51-200 employees,Privately Held,"Los Angeles, California, United States",United States,segal.ltd,https://www.linkedin.com/company/segalindustries
Orbitscape,The ultimate digital solution for cis-lunar orbit visualization and collaboration.,Space Research and Technology,2-10 employees,Privately Held,"Tempe, Arizona, United States",United States,orbitscape.space,https://www.linkedin.com/company/orbitscape
Plasma and Electrodynamics Research Lab (PERL),"PERL conducts research in plasma physics and electromagnetics for propulsion, materials, combustion, biomedical, and energy. It focuses on understanding the fundamental physics and interactions of plasmas to create new applications for society.",Space Research and Technology,11-50 employees,Educational,"Huntsville, Alabama, United States",United States,uah.edu,https://www.linkedin.com/company/plasma-and-electrodynamics-research-lab-perl
Cal Poly Simulation Laboratory,"Cal Poly Simulation Laboratory is a group of students working on projects involving modeling and simulation of aerospace systems.

Our activities encompass three main areas:

- Design, build and test systems to determine and control the attitude of 
   software and hardware simulations of spacecraft.

- Students develop skills in several modeling and simulation techniques, such 
  as numerical, Monte Carlo, biomimetic, and agent-based simulations, using 
  diverse coding tools and languages.

- Collaboration on position papers, blogs, and social media content to 
  promote peaceful, sustainable, and socially just applications of space and 
  space-based technologies.

By engaging in hands-on activities, students gain practical experience in modeling, simulation, design, build and test of spacecraft navigation systems. Students also participate in panel sessions, workshops, and forums centered on responsible space utilization and technology.",Space Research and Technology,2-10 employees,Educational,"San Luis Obispo, California, United States",United States,,https://www.linkedin.com/company/cal-poly-simulation-lab
ALFA Mars Terranauts,"Welcome to the page of the ALFA Mars Terranauts, a team dedicated to exploring and studying the possibilities of a habitable future on Mars. Our team is composed of passionate scientists and explorers who are committed to uncovering the mysteries of the red planet and discovering new ways to advance our understanding of life in the cosmos.

At ALFA Mars Terranauts, we strive to showcase and engage in everything related to Martian life, including the latest scientific discoveries and cutting-edge research initiatives. As selected members of the team, we are thrilled to announce that we will be embarking on an expedition to Devon Island, Canada, a Martian analog, in the summer of 2023 to test out the possibilities of Martian life.

Our team is administered by the Foundation for Applied Molecular (ffame.org), a leading organization dedicated to advancing medicine using synthetic biology and exploring the mysteries of the cosmos. Founded in 2001 by a team of scientists at the University of Florida, Georgia Institute of Technology, and the University of Texas, ffame.org is committed to discovering new ways to understand life, what it is, and how to find it in the cosmos.

As a team, we are passionate about space exploration and the possibilities of a habitable future on Mars. If you share our passion and would like to learn more about our work, we invite you to explore our page and connect with us.",Space Research and Technology,11-50 employees,Privately Held,"Alachua, Florida, United States",United States,alfamars.org,https://www.linkedin.com/company/alfa-mars-terranauts
Flux Space,"The Flux Space team includes PhD physicists, aerospace & electrical engineers, and experimental specialists all working towards a common goal: developing the science & technology required for advanced space propulsion. For the time being, our company is operating in stealth mode, but as research progresses we will unveil our core projects.

Our focus areas include propellantless propulsion devices utilizing a variety of reactionless drive principles. Some of these are based on known physics, and for others our research team is pushing the boundaries of physics to develop new principles.

We’re working on gravitational-control technologies that allow mass to move free of the influence of both gravitational and inertial forces. Our research in this area is based on decades of experimental evidence combined with new avenues of research and development.

We’re also developing technologies for high-speed interstellar propulsion, based on a variety of popular concepts related to bending space-time. This was initially popularized by Miguel Alcubierre, and over time his groundbreaking speculative physics has been extended by others to overcome the physical limitations of his initial proposal.",Space Research and Technology,2-10 employees,Privately Held,"Hawthorne, New Jersey, United States",United States,fluxspace.com,https://www.linkedin.com/company/giving-a-flux-about-space
Asterion Systems,"Asterion Systems is a technology leader in AI-driven defense and perimeter security. We develop advanced radar, autonomous systems, and real-time analytics to protect borders, airspace, and critical infrastructure with precision and speed.

Our flagship platforms — Perimaster and HitchHiker Orion — combine artificial intelligence, sensor fusion, and autonomous robotics to deliver unmatched situational awareness and rapid threat response.

With design, testing, and manufacturing centers in the Netherlands, Poland, Ukraine, Bahrain, Canada, and the United States, we operate globally while tailoring solutions to local needs. Our team of engineers, data scientists, and defense experts work closely with clients to deliver intelligent, scalable, and mission-ready security systems.

At Asterion, we believe security is dynamic. We are committed to pushing technological boundaries to create innovative solutions that safeguard people, infrastructure, and nations.

Core Expertise:

AI-Powered Surveillance & Detection

Autonomous Response Systems

Perimeter & Border Protection

Critical Infrastructure Security

Radar & Sensor Integration",Space Research and Technology,11-50 employees,Privately Held,"Washington, Washington, United States",United States,asterion.group,https://www.linkedin.com/company/asterionsystems
Cube3,"Cube3 is a small satellite and spacecraft development club! We provide an opportunity for students interested in space to get hands-on experience working on various small satellites and nodes. We connect with other students interested in space, and professionals in the industry including speakers and alumni associated with NASA, and more planned.

Our club is developing Project JAVELIN, recently featured in the SJSU COE Alumni Magazine! It is a can-satellite, entirely produced by Cube3 and its mechanical, electrical, software, ground control, and rocketry teams! The satellite will be self-deployed and will collect flight data including temperature, pressure, orientation, acceleration, velocity, camera footage, and GPS, all while using radios to send this info down to us in real-time!

The project has seen 18 members throughout its teams, who have worked hard to create a can satellite that is ready for its first launch in April, only 6 months after its creation!",Space Research and Technology,11-50 employees,Non Profit,"San Jose, California, United States",United States,cube3sjsu.org,https://www.linkedin.com/company/cubecubed
Mearth Space Industries Corporation,"Mearth Space Industries Corporation, short MSIC, is a subsidiary of the Project Moon Hut Foundation (A US 501(c)(3) Non-Profit Public Charity).

It only serves one goal: to plan, coordinate, build, and operate the 4 Phases of the Moon Hut Project to establish a box with a roof and a door on the moon, to benefit all species on Earth.",Space Research and Technology,2-10 employees,Non Profit,"Manlius, New York, United States",United States,msic.space,https://www.linkedin.com/company/mearthspaceindustries
ZAZA,Type I II III,Space Research and Technology,11-50 employees,Privately Held,"New York, New York, United States",United States,,https://www.linkedin.com/company/engineerevolutionzaza
Nornir Space,"Our platform turns mission requirements into physics-grounded spacecraft concepts, including system architecture, subsystem selection, mass/power budgets, and engineering trade-offs. By combining specialized AI agents with physics-based models, Nornir helps aerospace teams evaluate ideas faster, collaborate in one workspace, and move from mission concept to detailed design with fewer iterations.",Space Research and Technology,2-10 employees,Privately Held,"San Francisco, California, United States",United States,nornir.space,https://www.linkedin.com/company/nornirspace
SpaceForTrades.org,"Welcome to the new frontier for Skilled Trades!

SpaceForTrades is a volunteer-run initiative to forge pathways and connect tradespeople with opportunities for direct operational involvement in space, with key focus on space analog research, payload design/operations, spaceflight certification training, and eventual spaceflight.

Skilled trades are highly operational and training-centric in nature, emphasizing the practical application of science, technology, engineering, arts, and mathematics (STEAM) to solve problems, handle challenges, and produce competitive goods and services.

SpaceForTrades believes these characteristics make tradespeople well-suited for spaceflight and eventual off-world operations, and that including this diverse and powerful demographic will accelerate the endeavour of humans as a multi-planet and spacefaring species.",Space Research and Technology,Self-employed,Non Profit,"Stillwater, Oklahoma, United States",United States,spacefortrades.org,https://www.linkedin.com/company/spacefortrades
Globe Chic Style,"Globe Chic Style
Success Style World: Your guide to achieving success with style, offering inspiration and tips on personal and professional growth, fashion, and lifestyle. Worldly Wonderland: Explore a captivating world of beauty, culture, and wonder from around the globe, with a focus on travel, fashion, and lifestyle. Beauty Beyond Borders: Discover beauty that transcends boundaries, featuring beauty tips, products, and styles from diverse cultures and regions.",Space Research and Technology,Self-employed,Self Owned,"New Meadows, Idaho, United States",United States,pinterest.com,https://www.linkedin.com/company/globechicstyle
"Stratosmith Technologies, LLC","Stratosmith Technologies, LLC is a design engineering firm with focuses on transportation (including aerospace, marine, and automotive), defense, and personal agriculture.

Stratosmith Technologies was founded on the idea that the customer is of the upmost importance, and this can be seen in the approach to every aspect of our operation.  Stratosmith's strategy for maintaining excellent customer relations involves delivering the highest quality products and services, on time or early, for prices that our competitors can't match.  We accomplish this via two methods.  First, our employees are talented in multiple disciplines and are always looking for more work to take on.  They have an intense focus on getting their jobs done and doing so in as few iterations as possible.  They take pride in how much quality work they put out.  Second, we utilize technologies and procedures that reduce workloads without hampering our creativity.

Stratosmith provides structural, fluid (pneumatic and hydraulic), and electromechanical systems to customers across industries.  We use metals, composites, and plastics to complete our designs, utilizing the best-suited material for the situation.  Stratosmith also has a 3D printer in house for additive manufacturing of products and tools from thermoplastics.

Stratosmith doesn't focus solely on corporate customers; we are more than happy to help inventors by pointing them to patent attorneys, incubators, and investors, then developing the product with them.

Stratosmith is your link between a great idea and a great product.  Contact us today!

(321-298-5554, info@stratosmith.net)",Space Research and Technology,2-10 employees,Privately Held,"Melbourne, Florida, United States",United States,,https://www.linkedin.com/company/stratosmith-technologies-llc
Professional Association of Research for Space Engineering Concepts,"PARSEC is a student organization at Embry-Riddle Aeronautical University in Prescott, focused on research and development of innovative space technology. We compete in academic competitions focused on solving significant problems in the space industry, including lunar dust mitigation and cryogenic propellant mass gauging. 

List of Competitions:

2025 Human Lander Challenge
Project Title: Electrical Capacitance to High-resolution Observation (ECHO)
Description: Cryogenic propellant mass gauging technology concept
Award: First Place

2024 Human Lander Challenge
Project Title: Plume Additive for Reducing Surface Ejecta and Cratering (PARSEC)
Description: Deployable dust mitigation technology concept for lunar landers
Award: Systems Engineering Excellence",Space Research and Technology,11-50 employees,Non Profit,"Prescott, Arizona, United States",United States,,https://www.linkedin.com/company/parsec-erau
TN Space,"TN Space.org is dedicated to establishing a vibrant space sector in Tennessee by fostering innovation, supporting space-focused businesses, and driving economic growth. We aim to create a thriving ecosystem where commercial enterprises and research initiatives can flourish. Join us in shaping Tennessee's future as a hub for space industry and exploration.",Space Research and Technology,2-10 employees,Non Profit,"Nashville, Tennessee, United States",United States,tnspace.org,https://www.linkedin.com/company/tn-space
SFA Northern California,"Space Force Association's mission is to achieve superior national spacepower by shaping a Space Force that provides credible deterrence in competition, dominant capability in combat, and professional services for all partners.",Space Research and Technology,2-10 employees,Non Profit,"Sacramento, California, United States",United States,ussfa.org,https://www.linkedin.com/company/sfa-norcal
LARSX,"My partner and I are experienced professionals with complementary expertise in research, technology innovation, solving complex issues across disciplines, and business. Our career together is notable for groundbreaking work in artificial intelligence (AI) and therapeutic drug discovery. We thrive on tackling complicated challenges and devising innovative solutions.

Our approach integrates insights from various fields, enabling significant advancements. We are known for developing the Octopus Neural System (ONS) and its super Turing chip implementation, revolutionizing AI with real-number calculations. This leap forward makes traditional algorithms obsolete and includes 13 AI patents, marking contributions from the early days of machine learning to Artificial General Intelligence (AGI) development.

In drug discovery, our 15 years of work on novel immunotherapies and peptidomimetics stand out. Using quantum chemistry, we created the first smart molecules that adjust to individual genetics, reducing side effects and improving treatments.

We also have a strong background in optoelectronic analog supercomputers, synthesis, OS design, and compiler development, focusing on parallel processing.

Our success stems from lateral thinking and cross-disciplinary expertise, driving forward research and innovation in various areas.",Space Research and Technology,2-10 employees,Privately Held,"Helena, Montana, United States",United States,,https://www.linkedin.com/company/larswood-us
National Space Society of North Texas,"The National Space Society of North Texas (NSS-NT) is an award-winning chapter of the National Space Society, dedicated to promoting space exploration and development in the North Texas region. 

 We host business meetings with presentations on the second Sunday of every month.
 We also gather for social happy hours on the last Friday of every month.

Follow us on X (@NSSofNT) for updates! It's the best way to discover space events in the DFW area, meet astronauts, space executives, and professionals. Become a member today!",Space Research and Technology,51-200 employees,Non Profit,"Dallas, Texas, United States",United States,nssofnt.org,https://www.linkedin.com/company/national-space-society-of-north-texas
MIT ASTRO - Advanced Space Technologies in Research and Orbit,"The MIT Advanced Student Technologies in Research and Orbit (ASTRO) group is an ambitious collective of MIT's brightest minds dedicated to pushing the boundaries of space engineering and satellite technology. As a student-led organization, we specialize in the design, construction, and deployment of innovative CubeSats, taking full advantage of NASA's launch opportunities to propel our projects into the cosmos. Our mission is to provide hands-on experience in space systems engineering while contributing to the advancement of space exploration and research. Through interdisciplinary collaboration and a passion for discovery, ASTRO aims to shape the future of space technology and inspire a new generation of aerospace pioneers.",Space Research and Technology,11-50 employees,Privately Held,"Cambridge, Massachusetts, United States",United States,mit.edu,https://www.linkedin.com/company/mit-astro-group
Micro Vehicle Technology LLC,"Micro Vehicle Technology LLC develops patented electric Micro VehiclesTM spanning watersports, rescue platforms, and personal mobility systems.

The company’s current focus is Powered Water Skis — a patented, fully buoyant, zero-tow electric watercraft that lets riders step on and go. No boats. No towlines. No extended instruction. Just immediate balance, power, and real carving performance underfoot.

Powered Water Skis are advancing through the Founder-Series, engaging early-adopter watersports enthusiasts alongside select watersports resorts. The program focuses on ride feel, safety, operational simplicity, and scalable deployment—supporting both individual ownership and fleet-based resort use across a wide range of skill levels.

Beyond watersports, Micro Vehicle Technology’s patented bipedal, turn-carving architecture underpins an expanding family of Micro VehiclesTM engineered for:

• Urban mobility and personal transport
• Water rescue and rapid-response platforms
• Walking rehabilitation and balance-assistive mobility
• Electric power sports for land and water
• Ground troop mobility and tactical logistics
• Lunar surface mobility and future xEVA applications

All Micro VehicleTM systems are designed and developed in Cocoa Beach, Florida. The company’s IP portfolio—including multiple granted U.S. utility and design patents—forms a defensible foundation for strategic co-development and patent licensing with manufacturers across consumer, industrial, defense, and aerospace markets.

Registered on SAM.gov
CAGE Code: 9DAQ8

 www.MicroVehicleTechnology.com

 Cocoa Beach, Florida
 Keith.Rudofsky@MicroVehicleTechnology.com

 (321) 477-8542",Space Research and Technology,2-10 employees,Privately Held,"Cocoa Beach, Florida, United States",United States,microvehicletechnology.com,https://www.linkedin.com/company/micro-vehicle-technology-llc
Live Earth Imaging,"Capitalizing on the benefits of geostationary orbit, the Live Earth Imaging satellite constellation will be the first commercial Earth observation company to offer immediate image capture and continuous second-by-second imagery.",Space Research and Technology,2-10 employees,Privately Held,"Salt Lake City, Utah, United States",United States,liveearthimaging.net,https://www.linkedin.com/company/live-earth-imaging
SPIN Solutions,"SPIN Solutions, founded in 2024 by Devin Hightower, a former Space Force intelligence officer, stands at the forefront of the nation's evolution in the space domain. With extensive experience leading intelligence integration across the full spectrum of space missions, our company understands the urgent need for intelligence-focused solutions. We deliver these solutions swiftly and with the analytic rigor necessary to bolster our nation's confidence in its space capabilities.",Space Research and Technology,Self-employed,Self Owned,"Colorado Springs, Colorado, United States",United States,,https://www.linkedin.com/company/spin-solutions
Exploon,"Exploon is a Research and Development Structure dedicated to Lunar Mineral Exploration and Resources Production. Because the first challenge is a Knowledge one, the first mission of Exploon is to use the latest DocAI/NLP/NLU/NLG technologies to extract, organize, digest, and serve all the technical knowledge related to Moon geology permitting the evaluation of its mineral, energy, and water resources.

Important disclaimer: The research activities carried on by the members of this organization are not directly related to their primary professional activities. By default, you can consider any information posted here disconnected from other companies or research organizations.",Space Research and Technology,2-10 employees,Non Profit,"Fairfield, California, United States",United States,,https://www.linkedin.com/company/exploon
"Space.Org, Inc.","Space.Org's patent pending technology fundamentally simplifies spacecraft design and build, radically reducing both cost and time to market.",Space Research and Technology,2-10 employees,Privately Held,"Felton, California, United States",United States,space.org,https://www.linkedin.com/company/space-org
Embry-Riddle Aeronautical University Microgravity Club,NASA's official Micro-G NExT program page:,Space Research and Technology,51-200 employees,Educational,"Daytona Beach, Florida, United States",United States,nasa.gov,https://www.linkedin.com/company/erau-microg
MTU Multiplanetary INnovation Enterprise,"The Multiplanetary INnovation Enterprise (MINE) seeks to design, test, and implement robotic technologies for extracting and using local resources, construction, and characterization in extreme environments. These environments currently include Lunar, Martian, and flooded subterranean environments on Earth. MINE works in multidisciplinary groups of undergraduate students to develop technology to perform tasks in extreme environments on Earth and on other planets. Extreme environments include the space environment (vacuum, temperature extremes, lunar dust, minerals and lunar and Martian ice), underground remote operation and autonomy as well as unstructured and GPS denied environments on Earth and other planetary bodies, as well as exploring flooded mines. We participate in NASA’s lunabotics competition, build and test robotic vehicles and technologies directly related to state-of-the-art research for a variety of customers (Government, Commercial, Internal).",Space Research and Technology,51-200 employees,Non Profit,"Houghton, Michigan, United States",United States,mtu.edu,https://www.linkedin.com/company/mtu-multiplanetary-innovation-enterprise
RAIN Lab,"Our group’s research focuses on analyzing and synthesizing networked distributed autonomous systems operating in complex environments. We examine fundamental and theoretical questions at the intersection of control theory, optimization, networks, guidance, navigation, and control issues for space, air, and ground robotic systems.

As networks become ubiquitous in many areas of engineering, it has become of paramount importance to examine how the network and its structure affect the dynamic properties of the overall system, such as its stability, performance, and robustness, both in the random and deterministic settings. We also consider some of the more fundamental system-theoretic questions such as controllability and observability of networked systems. Our research team examines a wide range of questions from a theoretical point of view as well as their ramifications for systems such as multiple spacecraft formation flying, networked robotics, UAV formations, heterogenous dynamic networks, and more recently, in the setting of social and molecular networks.

Another facet of our research deals with the operation of autonomous vehicular systems in complex environments, such as guidance laws for spacecraft attitude control in nonconvex constraints, trajectory planning for solar-powered unmanned aerial vehicles, and formation flight. Large-scale optimization for the operation of dynamic systems provides yet another facet of our research, with particular applications to energy management and green technologies.",Space Research and Technology,2-10 employees,Educational,"Seattle, Washington, United States",United States,washington.edu,https://www.linkedin.com/company/uw-rain-lab
Dartmouth Student Rocket Team (DESERT),"A group of driven aerospace engineering, engineering, and computer science students striving to autonomously build and launch amateur rockets at Dartmouth College. Launched a HyperLOC 835 rocket and an L2 rocket this academic year. Focused on structures, avionics, propulsion, systems, data, and recovery work.",Space Research and Technology,11-50 employees,Self Employed,"Hanover, New Hampshire, United States",United States,,https://www.linkedin.com/company/dartmouth-student-rocket-team
Ceratekcorp,,Space Research and Technology,2-10 employees,Privately Held,"Rogersville, Missouri, United States",United States,ceratekcorp.com,https://www.linkedin.com/company/ceratekcorp
Physics and Astronomy Club at UHCL,"Official Club of Physics and Astronomy with regular meetings, star parties, and events.",Space Research and Technology,11-50 employees,Non Profit,"Houston, Texas, United States",United States,,https://www.linkedin.com/company/physics-and-astronomy-club-at-uhcl
Demetrius Tech Works,"At Demetrius Tech Works we strive to provide the modern Warfighter with the most effective tools to accomplish the mission. To provide technology to help improve, and maintain the edge in the modern 21st-century battlespace.",Space Research and Technology,2-10 employees,Privately Held,"Palm Harbor, Florida, United States",United States,demetriustw.com,https://www.linkedin.com/company/demetrius-tech-works
Aether Explorers,"We are the Aether Explorers, a student-led engineering team selected for NASA’s NCAS Mission 2. Our mission: to design a bleeding edge data center on the moon in tandem with NASA's LunaNet project. 

Through a multidisciplinary approach combining mechanical engineering, robotics, and environmental systems we are addressing real NASA objectives like in-situ resource utilization (ISRU), renewable energy, and regenerative life support.

As part of the Artemis Generation, we believe that the future of space exploration must be innovative, collaborative, and sustainable. Our work reflects NASA’s commitment to deep space exploration—starting with the Moon.

Follow us as we turn engineering challenges into pathways for human survival beyond Earth.

Lunar Innovation in Action
 Mission Theme: Establishing a Data Center on the Moon
 Project Focus: Lunar Habitats | In-Situ Resource Utilization (ISRU) | Environmental Control & Life Support Systems (ECLSS)
 Program: NASA NCAS Mission 2",Space Research and Technology,2-10 employees,Government Agency,"New York, New York, United States",United States,,https://www.linkedin.com/company/aether-explorers
Beamed Technologies,Beamed Technologies is developing high-altitude power beaming systems to support the global transition to sustainable energy.,Space Research and Technology,Self-employed,Self Owned,"Houston, Texas, United States",United States,beamed-technologies.com,https://www.linkedin.com/company/beamed-technologies
Star Labs,,Space Research and Technology,2-10 employees,Privately Held,"San Francisco, California, United States",United States,starlaboratories.org,https://www.linkedin.com/company/thestarlabs
Kalman Aero,"Kalman Aero is an engineering consultancy that builds Monte Carlo–based safety analyses, Concepts of Operations, and systems engineering deliverables for BVLOS, operations over people, Part 108 readiness, and beyond-§107 drone operations. Built on KASPR our quantitative safety reasoning platform — every analysis is anchored in a physics-faithful digital twin of your specific aircraft and produces a SORA 2.5–aligned safety case at NRC nuclear-grade statistical rigor.",Space Research and Technology,2-10 employees,Privately Held,"Houston, Texas, United States",United States,kalmanaero.com,https://www.linkedin.com/company/kalman-aero
Quantum Electro Dynamics,"We are working on a VEM Drive, a device that creates a force with no moving parts and uses only electricity.",Space Research and Technology,2-10 employees,Partnership,"Omaha, Nebraska, United States",United States,qed-ne.com,https://www.linkedin.com/company/quantum-electro-dynamics
"Flint Hills, LLC",Taking the Aspera out of your ad Astra.,Space Research and Technology,Self-employed,Self Owned,"Boston, Massachusetts, United States",United States,flinthillsllc.com,https://www.linkedin.com/company/flint-hills-llc
InSpace Mission Assurance,"InSpace MA — Elevating Aerospace Ambitions; where your vision meets velocity. 

InSpace MA partners with organizations ready to push boundaries, optimize performance, and navigate the complexities of modern aerospace. Whether you're developing next‐gen flight systems, refining mission architecture, scaling operations, or, focused on mission assurance, our team bring deep technical expertise and strategic vision to every stage of the journey.

 What We Deliver  
- Mission‐Driven Engineering Insight  
  Guidance from seasoned aerospace specialists who understand the physics, the systems, and the stakes.  
- Program & Project Optimization
  Streamlined workflows, risk‐reduction strategies, and lifecycle planning that keep your mission on course.  
- Innovation Acceleration  
  Support for emerging technologies, advanced propulsion concepts, and novel manufacturing solutions.  
- Regulatory & Policy Navigation
  Clear, confident direction through FAA, DoD, NASA, and international standards.

 Why InSpaceMA  
Because aerospace isn’t just an industry — it’s an aspiration. And you deserve a partner who treats it that way. InSpace MA blends technical rigor with an innovative mindset to help you build what’s next.

 Launch Your Next Breakthrough  
Your mission deserves the expertise that we bring!  



Contact Info:
InSpaceMA@outlook.com",Space Research and Technology,Self-employed,Self Owned,"Leesburg, Virginia, United States",United States,,https://www.linkedin.com/company/space-gorilla-aero
Atlas Habitation Inc,Our mission at Atlas is developing habitation and workspace modules for extraplanetary scientific and private endeavors,Space Research and Technology,2-10 employees,Privately Held,"Columbus, Ohio, United States",United States,atlasspace.tech,https://www.linkedin.com/company/atlas-habitation-inc
Micro-gRx,"Micro-gRx, Inc. is a Florida-based biotechnology company specializing in space-enabled regenerative medicine and advanced microphysiological systems. The company develops automated, microfluidic tissue chip platforms and nanomedicine-enabling technologies validated in both terrestrial and microgravity environments. Micro-gRx’s core expertise spans iPSC-derived tissue engineering, microfluidic device development, and translational biomanufacturing solutions that accelerate the clinical and commercial adoption of regenerative therapies.",Space Research and Technology,2-10 employees,Privately Held,"Orlando, Florida, United States",United States,microgrx.com,https://www.linkedin.com/company/microgrx
SanFS,"SanFS is building a human-governed distributed cloud file system and continuity layer for critical AI data across terrestrial and orbital infrastructure.

The project focuses on protected data flows, resilient storage and recovery, post-quantum security direction, human-authorized control, and cooperative continuity across cloud, edge, satellite, research, and critical infrastructure systems.",Space Research and Technology,2-10 employees,Privately Held,"Palo Alto, California, United States",United States,sanfs.ai,https://www.linkedin.com/company/sanfs-inc
Kinetic Concepts LLC,"Kinetic Concepts LLC is a company focused on the cutting edge of Space Reconnaissance, Orbital Engineering and operational tradecraft in support of defense space operations. We provide SETA and consulting services to further your organization's goals.",Space Research and Technology,Self-employed,Privately Held,"Colorado Springs, Colorado, United States",United States,kineticconcepts.us,https://www.linkedin.com/company/kineticconceptsllc
REVOLaunch,"REVOLaunch exists to enable affordable space travel. Rather than relying on rocket fuel to generate thrust (which is incredibly counterproductive and costs millions of dollars per launch), our launch system does not use any. Our approach eliminates the most expensive aspect of sending payloads to space and the most prohibitive aspect of space travel. With our proprietary technology, not only are we able to eliminate rocket fuel (and emissions), but the primary energy source(s) will be renewable. Further, with our ultimate aim to enable full-scale colonization, our launch system will support unprecedented payloads, and still cost orders of magnitude less than a traditional rocket.

REVOLaunch is currently in the early seed funding phase. We are actively looking for investors who want to colonize space, expand the human race, and venture out among the stars.",Space Research and Technology,Self-employed,Self Employed,"Cincinnati, Ohio, United States",United States,revolaunch.us,https://www.linkedin.com/company/revolaunch-us
D2 Team CORP 501(c)(3),Our non-profit organization provides workforce development micro-credentialing programs for the commercial space sector.,Space Research and Technology,2-10 employees,Non Profit,"Dacula, Georgia, United States",United States,d2teamcorp.org,https://www.linkedin.com/company/d2teamcorp
DevBuildZero,"Our rapid prototyping services enable customers to quickly design and build electronic systems - for development build zero and beyond:
• Turnkey electronics builds (schematic design, layout, parts procurement, fabrication, assembly, and checkout)
• Electronics system-level integration
• Satellite payload electronics design
• Airborne and spaceborne VPX module design
• Electrical cable fabrication
• 3D printing services (enclosures & part protoypes)

We are experts in the development of software and FPGA firmware for resource-constrained embedded systems, including:

• Embedded software development (flight software, command & data handling, signal processing)
• FPGA firmware development for sensor interfaces, high-speed data processing, memory-mapped I/O interfaces, SpaceWire/RMAP, etc.
• Xilinx FPGAs & SoCs (including Versal ACAP, MPSoC, Ultrascale+) and Vivado, Vitis, Vitis AI, & Petalinux IDEs
• Intel (Altera) FPGAs & SoCs (including Agilex, Stratix) and Quartus IDE
• Microchip (Microsemi/Actel) FPGAs & SoCs (including RTG4) and Libero IDE
• Continuous Integration / Continuous Deployment (CI/CD) hardware-in-the-loop testing

Our team is experienced in designing electronics for radiation effects testing and operating radiation test facilities:
• Radiation test fixture electronics design
• Single event upset (SEU) detection software & firmware
• Radiation test facility operation & data acquisition

We provide services to assist in the collection, creation, and curation of machine learning datasets, including:
• Aerial imagery collection
• Dataset creation (labeling/annotation)
• Dataset curation and database administration",Space Research and Technology,2-10 employees,Privately Held,"Nixa, Missouri, United States",United States,devbuildzero.com,https://www.linkedin.com/company/devbuildzero
OSLO,##STEALTH,Space Research and Technology,51-200 employees,Privately Held,"Austin, Texas, United States",United States,oslospace.com,https://www.linkedin.com/company/oslo-space
"COMN Technologies, Inc.","COMN Technologies is at the vanguard of revolutionizing space-based communication and data processing. As a trailblazing company in the burgeoning space technology industry, we are committed to overcoming some of the most complex and pressing challenges faced in extraterrestrial communication.

Our flagship project, DaSH (Distributed across Software and Hardware), exemplifies our innovative spirit. We’re harnessing the power of quantum-resistant encryption to safeguard data against emerging cyber threats, including those posed by quantum computing. This not only sets a new standard in data security but also ensures our technology is future-proof.

But our ambition doesn’t stop at security. At COMN, we are redefining efficiency in space communication through the integration of edge computing within our satellite network. This approach brings data processing closer to the source, significantly reducing latency, and enabling real-time decision-making – a game-changer for applications requiring immediate responses, such as disaster response, military operations, and more.

Sustainability is at the heart of our operations. In an era where environmental responsibility is paramount, we are pioneering the use of green energy solutions in space. Our commitment to sustainable practices not only minimizes the environmental impact of our operations but also resonates with our eco-conscious stakeholders and customers.

The potential applications for our technology are vast and varied. From enhancing global telecommunications and internet connectivity to providing critical support for deep space exploration, the implications of our work extend far beyond the present, opening doors to new possibilities in scientific research, national security, and global communication.

At COMN, we are not just building a business; we are creating a legacy. Our vision is to be the cornerstone of a new era in space technology.",Space Research and Technology,11-50 employees,Privately Held,"New Orleans, Louisiana, United States",United States,comn.cc,https://www.linkedin.com/company/comn-technologies-inc
"Astrolith, LLC","Astrolith is a pioneering Web3 company utilizing digital art (NFTs) to advance the conversation around space resource utilization (SRU) and champion diversity within the space and tech sectors.

Our Mission and Vision
Our mission is to powerfully connect humanity's future in space with solutions for Earth's most urgent problems, ranging from racial inequity to natural resource depletion. We showcase how off-world innovation can directly benefit life here. Our vision is to inspire a new generation of galactic pioneers and ambassadors from a planet worth saving.

Driving Diversity in STEAM
We are dedicated to increasing gender and racial diversity across STEAM (Science, Technology, Engineering, Arts, and Math) and Web3, sectors where women of color are significantly underrepresented. Through our art, we specifically celebrate and elevate the contributions of black women in the space industry.

Our Foundation
Astrolith was founded by Lisa Haley and Taryn Haley Van Deusen, a mother-daughter team with specialized backgrounds in the field of space resource utilization. As the first NFT company to feature three generations of women on its team—including Taryn's daughter as the design muse—Astrolith is built on a foundation of generational expertise and shared commitment to a better future.",Space Research and Technology,2-10 employees,Privately Held,"Commerce City, Colorado, United States",United States,astrolith.io,https://www.linkedin.com/company/astrolith-llc
Space at Smith,"The University of Maryland offers the only undergraduate program in space commerce, housed within the business school of a public university, anywhere in the United States.  There are aerospace engineering programs (we have one too) and there are various graduate business certificates, notably Harvard and MIT (we have one too), but no other undergraduate programs.

What we are doing is to offer students across our campus (engineers, astronomers, physicists, mathematicians, etc.) who are interested in space the opportunity to also earn a business credential.  We do this by bringing companies, and a few local government agencies, into the classroom to help prepare students for roles in the industry.  In return, we offer a pipeline of qualified candidates for internships and initial entry positions back to industry, and in doing so we hope to form a virtuous circle that will further improve with each iteration.",Space Research and Technology,"10,001+ employees",Educational,"College Park, Maryland, United States",United States,umd.edu,https://www.linkedin.com/company/space-at-smith
Remora Space,"Remora Space is an early-stage aerospace technology company developing autonomous spacecraft systems for resilient in-space operations.

Our focus is on practical, mission-driven technologies that improve spacecraft autonomy, onboard health management, robotic support, and operational resilience for future commercial, civil, and defense space missions.

Remora Space is pursuing NASA SBIR-aligned research and development in areas such as small spacecraft autonomy, distributed systems, in-space logistics, robotic manipulation, fault detection, decision support, and mission operations support.

Our mission is to help make future space infrastructure more capable, affordable, and sustainable by enabling spacecraft and robotic systems to monitor, adapt, and respond with greater independence.

Remora Space is built to support the next generation of orbital infrastructure, commercial space platforms, and autonomous mission architectures.",Space Research and Technology,2-10 employees,Privately Held,"Rancho Mission Viejo, California, United States",United States,remoraspace.com,https://www.linkedin.com/company/remora-space
Ortbital Computing,"Orbital Computing explores what comes next when cloud, networks, and computation leave the planet.
We focus on the foundations required for computing in space — orbital internetworking, infrastructure, and the systems that must exist before space-based data centers can work. Through analysis, commentary, and research, we track where capital, technology, and power are actually moving. Less sci-fi. More systems thinking.",Space Research and Technology,2-10 employees,Privately Held,"West Palm Beach, Florida, United States",United States,orbitalcomputing.com,https://www.linkedin.com/company/ortbitalcomputing
Strategic Disruptive Technologies LLC,"I'm a retired Navy Rear Admiral and Central Intelligence Agency Officer who consults and provides advice to the following:  

► INDUSTRIES: Defense, Intelligence and Commercial
► BUSINESS SECTORS: Space, Communications, Cybersecurity, and Technology
► CLIENTS: Board of Directors & Members, Venture Capital Companies, Government, and Military Services

MY EXPERIENCE & SPECIALTIES INCLUDE:
► Space – National Security, Communications, Imagery, Signals Intelligence, Engineering
► Cyber – Defensive, Offensive, Operations, Applications
► Military – Combatant Commands, Wargames, and Operations
► US Navy – R&D through Operations, COCOM Support, Space, Cyber, IW, & Surface
► Acquisition – Small to Large, Seafloor to Space and Cyberspace
► Technology – Disruptive Ideas to the Mundane Increments
► Intelligence – All types, Intelligence Community and DoD, R&D through Operations
► Information Warfare – Cryptology, Space, Information Technology, EW, and Intelligence

Strategic Disruptive Technologies LLC (STRADISTECH) is SBA-Certified as a Service Disabled Veteran Owned Small Business (SDVOSB)

**New** STRADISTECH has at least one defense industry product under research and development.  I will make the appropriate announcements when we clear stealth mode.",Space Research and Technology,Self-employed,Privately Held,"Herndon, Virginia, United States",United States,,https://www.linkedin.com/company/stradistech
"AstraCell, LLC.","AstraCell is an innovative alternate fuel cell technology that alleviates traditional fuels’ safety and durability concerns while optimizing cost and efficiency.

Winner of the Conrad Challenge- Aerospace and Aviation Category

Awarded a grant by the 1517 Fund

Hold provisional patent for honeycomb enzymatic fuel cell system",Space Research and Technology,2-10 employees,Partnership,"Suwanee, Georgia, United States",United States,astrafuelcell.com,https://www.linkedin.com/company/astra-cell-inc
Lunar Trailblazer,"Lunar Trailblazer is a NASA SIMPLEx small satellite mission launching in February 2025. It will create maps of water on the Moon, helping guide future exploration.
Science and operations led from Caltech. This is not an official NASA account.",Space Research and Technology,51-200 employees,Privately Held,"Pasadena, California, United States",United States,nasa.gov,https://www.linkedin.com/company/lunar-trailblazer
Archimedes Aerospace LLC,"Our focus is in the following topic areas:

1] Inquiry-based Remote Sensing for ocean research using custom surface, aerial, and small satellite platforms

2] HS through undergraduate Near-Peer Mentoring for Engineering STEM Workforce Development. 

3] Engineering Support for Multi-Disciplinary Undergraduate Research at sea.

4] Low-Altitude aeronautical research on cloud cover and sun glint effects on sensors.

contact us at: jhanning@archimedesaerospace.com",Space Research and Technology,2-10 employees,Self Owned,"Montpelier, Vermont, United States",United States,archimedesaerospace.com,https://www.linkedin.com/company/archimedes-aerospace-llc
ExoLabs,"ExoLabs is an independent research and science communication initiative dedicated to exploring the cosmos, advancing scientific curiosity, and making complex ideas accessible to the public.",Space Research and Technology,2-10 employees,Non Profit,"Los Angeles, California, United States",United States,,https://www.linkedin.com/company/exoplanetlabs
Hypatius LLC.,"THE ERA OF PROBABILISTIC GUESSWORK IS OVER.

Modern enterprises operating in high-stakes environments—Defense, Aerospace, and Government Contracting—are currently paralyzed by Context Collapse. Data is fragmented across disconnected silos. Decision-makers are drowning in an ocean of unstructured information.

In highly complex, dynamic architectures, 90% accuracy is a 100% failure rate.

HYPATIUS is the fundamental operating system for the software-defined enterprise. We provide total operational continuity through a 3-Layer Deterministic Architecture that decouples human intuition from machine execution, ensuring every output is mathematically inevitable.

Our OS functions across three specialized elemental engines:

STARCHITECT
The visionary layer. High-fidelity orbital mechanics (Orekit) and distributed AI for strategic forecasting and constellation orchestration. We model the physics of resilience, data routing, and temporospatial networking in highly dynamic environments, ensuring multi-node continuity under stress.

ALIDADE
The offensive layer. A precision instrument for Capture Intelligence. By utilizing Neo4j relationship graphs and proprietary market signals, Alidade sights the bearing to a win, transforming federal procurement from a game of chance into a deterministic science.

CRATON [IN DEVELOPMENT]
The deterministic bedrock. An unyielding, audit-ready ERP foundation engineered for DCAA compliance and cryptographic data isolation. Craton ensures that when we capture revenue, we keep it.

We don’t build features. We engineer Decision Superiority.",Space Research and Technology,2-10 employees,Privately Held,"Los Angeles, California, United States",United States,hypati.us,https://www.linkedin.com/company/hypatius-hq
Ballistics Lab at NCSU,"Founded in 2025, Ballistics Lab is a student-led, research-driven group at NC State dedicated to advancing the science of ballistics. We explore interdisciplinary applications across engineering, fostering innovation through hands-on experimentation and collaborative research. Join us as we push the boundaries of what's possible in ballistics technology and theory.",Space Research and Technology,2-10 employees,Privately Held,"Raleigh, North Carolina, United States",United States,,https://www.linkedin.com/company/ballistics-lab
"Vitruvian Space SystemsTM, Inc","Vitruvian Space SystemsTM (VSS) is pioneering the future of the space economy through autonomous infrastructure solutions. Our veteran-led team, incorporated in Delaware, is focused on enabling a thriving $1T+ space ecosystem. Operating in stealth, we’re building the backbone for the next frontier of space operations. With 7 patents filed in April 2025, we’re committed to innovation while maintaining the highest standards of security and confidentiality. Learn more at vitruvianspacesystems.com",Space Research and Technology,2-10 employees,Privately Held,"Orlando, Florida, United States",United States,vitruvianspacesystems.com,https://www.linkedin.com/company/vitruvian-space-systems-inc
Space to the People,"Space to the People Ltd is a non-profit platform to promote interdisciplinary collaboration on the future of the built environment. Imagine the future, together.",Space Research and Technology,2-10 employees,Non Profit,"Brooklyn, New York, United States",United States,spacetothepeople.com,https://www.linkedin.com/company/space-to-the-people
Louisville Rocketry,—,Space Research and Technology,11-50 employees,Non Profit,"Louisville, Kentucky, United States",United States,,https://www.linkedin.com/company/louisville-rocketry
Cosmic Sandbox,"Cosmic Sandbox is a multidisciplinary design and strategy lab for aspiring innovators. We provide a safe and nurturing environment for problem solvers to network, discuss, analyse, and solve world's pressing problems.",Space Research and Technology,2-10 employees,Self Employed,"Bay Area, California, United States",United States,aposa.org,https://www.linkedin.com/company/cosmic-sandbox
OMENDUS,"To reveal the true geometry of space and by doing so, explain the mysteries of the universe.",Space Research and Technology,Self-employed,Privately Held,"Earth, Texas, United States",United States,,https://www.linkedin.com/company/omendus
Mach Lightspeed,"We are a group of four high school students: Diptanshu Halder, Ishan Nagpal, Lohitaksh Arige, and Veda Kunamneni. Our goal is to compete and launch model rockets in various competitions across the nation, as well as encourage the next generation to participate in similar initiatives.",Space Research and Technology,2-10 employees,Educational,"Edison, New Jersey, United States",United States,vercel.app,https://www.linkedin.com/company/mach-lightspeed
Standard Space Antennas LLC,"Standards for Each Application
Comprehensive Deployable Radiating Elements for Phased  Arrays
One-stop Space Antenna Solution
Designed for Automation",Space Research and Technology,2-10 employees,Privately Held,"Boca Raton, Florida, United States",United States,ssa-lab.com,https://www.linkedin.com/company/standard-space-antennas-llc
Tulane Rocketry Association,"Tulane Rocketry Association is a student-led aerospace engineering organization focused on the design, fabrication, and flight testing of high-power aerospace vehicles. The organization provides hands-on experience in systems-level engineering, including solid propulsion, avionics, structures, recovery systems, and flight operations.

Members work through the full lifecycle of flight hardware, from concept and simulation to manufacturing, ground testing, and launch operations, with an emphasis on safety, regulatory compliance, and disciplined engineering processes. Projects are conducted in accordance with established high-power rocketry standards and aim to develop practical experience in aerospace systems integration, testing, and risk management.

The association serves as a platform for students to gain real-world exposure to aerospace engineering, experimental flight systems, and operational execution beyond the classroom.",Space Research and Technology,11-50 employees,Non Profit,"New Orleans, Louisiana, United States",United States,,https://www.linkedin.com/company/tulane-rocketry-association
Slingshot Aeronautics,"Slingshot Aeronautics is an independent aerospace initiative focused on developing intelligent, adaptive unmanned aerial systems for real-world applications.

We specialize in building weather-aware UAV platforms that integrate environmental data directly into flight planning and decision-making. By combining aerospace engineering, software development, and atmospheric analysis, our goal is to create systems that are not only technically advanced but also practical, efficient, and deployable in dynamic operating environments.

Our work spans drone design, flight control systems, and data-driven route optimization—bridging the gap between theoretical concepts and functional technology. From early-stage research to system prototyping, we are focused on turning ideas into working solutions.

At our core, we operate like a small, execution-driven engineering team. We prioritize innovation, collaboration, and speed, with an emphasis on building, testing, and iterating quickly.

Our long-term vision is to advance autonomous aerial technology and expand its role in critical applications such as logistics, infrastructure, and emergency response.",Space Research and Technology,2-10 employees,Privately Held,"Daytona Beach, Florida, United States",United States,,https://www.linkedin.com/company/slingshot-aeronautics
Lyra Space Technologies,Explore our research at https://stellarminds.ai,Space Research and Technology,Self-employed,Privately Held,"San Francisco, California, United States",United States,lyratech.space,https://www.linkedin.com/company/lyra-space-technologies
OrbitalSentinel,"OrbitalSentinel is an AI-powered cybersecurity platform built for the new era of space-based infrastructure. We protect satellite edge-computing nodes, orbital data centers, and ground-control systems from cyber, signal, and orbital threats — in real time. As space becomes critical infrastructure, we make sure it stays secure.",Space Research and Technology,2-10 employees,Privately Held,"Los Angeles, California, United States",United States,orbitalsentinel.space,https://www.linkedin.com/company/orbitalsentinel
Zimagine Innovations LLC,"Providing SME consulting services in Space and Laser technologies to: Embrace innovation and advance technology to benefit the joint warfighter: achieved by leveraging my extensive experience and successes; drawing on my technical depth and breadth, and executive reach; and empowering people. 

Nearly 50 years of success in advancing of Space Domain Awareness and Laser Technology
•	23 years as Civil Servant and IPA with Air Force Research Laboratory (AFRL)
•	24 years in industry (Rockwell Int’l, Boeing, Tau Technologies, Zimagine Innovations)
•	Program and Technical Leadership of programs with total budgets exceeding $0.5B
•	Spearheaded use of lasers for satellite tracking and imaging for Space Domain Awareness
•	Technical Director of large teams of 100 engineers and scientists at multiple locations
•	National Reconnaissance Office (NRO) Senior Technical Advisor to AFRL
•	Fellow of the Optical Society of America (OSA), now Optica
•	Fellow of the International Society for Optics and Photonics (SPIE)
•	Assistant Adjunct Professor at the Air Force Institute of Technology
•	Subject Matter Expert for:  Electro-Optical Systems, Infrared Sensor Systems; Laser Radar; Laser Based; Systems/Active EO Systems; Space Object Active Signatures, Polarization Imagery by Sensing Military Sensing Information Analysis Center (SENSIAC)",Space Research and Technology,Self-employed,Self Owned,"Albuquerque, New Mexico, United States",United States,,https://www.linkedin.com/company/zimagine-innovations-llc
Astromining Inc.,"Astromining Inc. | Revolutionizing Space Resource Extraction
At Astromining Inc., we are pioneering the next frontier of sustainable space exploration by developing breakthrough technologies for asteroid capture, mining, and resource utilization. Our mission is to unlock the vast potential of near-Earth objects (NEOs) by engineering advanced tensile net structures and autonomous propulsion systems that safely and efficiently transport celestial bodies from low Earth orbit (LEO) to lunar orbit.

Founded with a vision to accelerate space commercialization, we bridge aerospace engineering, propulsion physics, and orbital logistics to offer solutions that support both government and private sector missions.

 Our Focus Areas:

Flexible orbital net systems for asteroid capture

Autonomous micro-thruster integration for orbital maneuvering

Trajectory planning from Earth orbit to lunar orbits

Concept development aligned with NASA NIAC and SBIR programs

 Current Projects: We're currently working on a proposal for NASA's advanced concept research, seeking collaborators, partners, and visionary investors to turn our ambitious concepts into viable space infrastructure.

 Let’s Connect: Whether you're in aerospace, R&D, venture capital, or a fellow innovator — reach out. The future of space is being built now, and we want you on board.",Space Research and Technology,2-10 employees,Privately Held,"Maple Grove, Minnesota, United States",United States,,https://www.linkedin.com/company/astromining-inc
Hawkeye Aerospace,Aerospace Engineering Consulting Firm,Space Research and Technology,2-10 employees,Self Employed,"Coralville, Iowa, United States",United States,hawkeyeaerospace.com,https://www.linkedin.com/company/hawkeyeaerospace
Hyperbola,Aerospace startup,Space Research and Technology,2-10 employees,Privately Held,"New York, New York, United States",United States,hyperbola.pro,https://www.linkedin.com/company/h-yperbola
"Space Systems Services, LLC","Space Systems Services (SSS) applies a uniquely qualified and experienced leadership team to enable our customers to identify and achieve supportable, innovative solutions for both space and ground communication architectures, systems and technologies. We offer direct systems engineering, program management and technical assistance support across the project life cycle. Our veteran owned Small Business is structured to provide personalized individual resources to participate, innovate, and contribute to our customer’s mission success.",Space Research and Technology,Self-employed,Self Owned,"Las Cruces, New Mexico, United States",United States,spacesystemsservices.com,https://www.linkedin.com/company/space-systems-services-llc
Helio 8 Space Research & Technologies,"Working on addressing the existential question of human survival through the lens of food production and food security.

Spearheading innovations in space food systems, optimizing resource-efficient crop production, and driving solutions for both interstellar missions and Earth's climate and food challenges in partnership with NASA. 

Imagine a world where you can grow any kind of crop anywhere, no matter the conditions, no matter the climate, and no matter the season. This is what we are trying to enable.",Space Research and Technology,2-10 employees,Privately Held,"Berkeley, California, United States",United States,helio8.space,https://www.linkedin.com/company/helio-8-space
BK Maker,"Đây là CLB NCKH sinh viên, nơi tập hợp những con người đam mê làm nên sản phẩm hữu ích cho cộng đồng. Chúng tôi chào đón tất cả các bạn từ các ngành khác",Space Research and Technology,51-200 employees,Non Profit,"Boca Raton, Florida, United States",United States,,https://www.linkedin.com/company/bk-maker
Mahina Aerospace,,Space Research and Technology,2-10 employees,Privately Held,"Honolulu, Hawaii, United States",United States,mahinaaerospace.com,https://www.linkedin.com/company/mahina-aerospace
SD2V LLC,Disabled Veteran Owned small business specializing in space operations consulting.,Space Research and Technology,Self-employed,Self Employed,"Aldie, Virginia, United States",United States,,https://www.linkedin.com/company/sd2v-llc
"Conjunxion Consulting, LLC","Managing a complex technical program requires proficiency in multiple disciplines, to include acquisitions, engineering, and operational experience. Conjunxion Consulting uniquely provides a conjunction of expertise across these specialties, offering customers a distinct perspective to help drive effective and action-oriented results.

Conjunxion Consulting is a veteran-owned small business that is committed to the highest standards of professionalism and integrity. With domain knowledge in technical program management, systems engineering, space systems, naval combat systems, directed energy, submarine operations, and nuclear propulsion, Conjunxion Consulting brings both the experience and passion to solve the most challenging problems and contribute to your mission success.

Acquisitions + Engineering + Operations = Conjunxion of Expertise",Space Research and Technology,2-10 employees,Self Owned,"Northern, Virginia, United States",United States,,https://www.linkedin.com/company/conjunxion
Terra Nova Sciences LLC,"Terra Nova Sciences LLC explores the frontiers of the physical sciences through rigorous research, mathematical analysis, computational modeling, and innovative technical approaches. Our research areas span fundamental questions about the universe and applied challenges involving Earth systems, measurement, sensing, and data interpretation.",Space Research and Technology,11-50 employees,Privately Held,"Houston, Texas, United States",United States,terranova-sciences.com,https://www.linkedin.com/company/terra-nova-sciences-llc
SFA Chicago,"SFA's mission is to achieve superior national spacepower by shaping a Space Force that provides credible deterrence in competition, dominant capability in combat, and professional services for all partners.",Space Research and Technology,2-10 employees,Non Profit,"Chicago, Illinois, United States",United States,ussfa.org,https://www.linkedin.com/company/sfa-chicago
RIT Space Exploration (SPEX),"We are the astronautical engineering student-faculty research group at Rochester Institute of Technology. Founded in 2014, our mission is to foster the environment necessary for creating the future engineers, scientists, and leaders of the space industry. Our teams consist of Rovers, CubeSat, BioHabitat, Astrodynamics, and Virtual Reality.
Through active, hands-on experience with cutting-edge space technologies, our members are encouraged to apply their knowledge and skills far beyond the classroom to tackle the newest challenges facing space exploration.",Space Research and Technology,201-500 employees,Non Profit,"Henrietta, United States",United States,spex.rit.edu,https://www.linkedin.com/company/rit-spex
Laguna Negra Space,"Recognizing the benefits of combining extensive experience in Product and Project Management with deep knowledge of traditional and New Space sectors, Laguna Negra Space was created to provide comprehensive client support services to organizations looking to enter or grow within the emerging space economy of Latin America",Space Research and Technology,2-10 employees,Self Employed,"Tallahassee, Florida, United States",United States,lagunanegra.space,https://www.linkedin.com/company/laguna-negra-space
Neocera Magma LLC,"Neocera Magma provides advanced magnetic field imaging solutions for semiconductor failure analysis and device diagnostics. Our MAGMA EFI systems enable high-resolution current imaging to help engineers quickly identify defects, shorts, and leakage paths in complex semiconductor devices. 

We support customers worldwide with installation, commissioning, training, preventative maintenance, and system upgrades to ensure long-term performance and reliability.

Magnetic Field Imaging — Done Right",Space Research and Technology,11-50 employees,Privately Held,"Beltsville, Maryland, United States",United States,neoceramagma.com,https://www.linkedin.com/company/neocera-magma
Wilhite Group LLC,"Our mission: Advancing human-centered habitability and livability on the most extreme frontiers — from space habitation and exploration to Earth’s most challenging environments.

Current projects: 

- Waterless Whole-body Hygiene for spacecraft, orbital and celestial body habitats, medical, and earth's austere and resource-limited environments. 
- Persistent noise mitigation solutions for spacecraft, orbital habitats, celestial body habitats, and earth's terrestrial environments.  

While our core innovations are being designed for the extreme demands of spacecraft and orbital/celestial habitats, the same technologies will deliver powerful multi-use solutions for defense and expeditionary operations in austere environments and remote outposts, as well as distinct opportunities in dedicated medical and long-term care applications. We are actively exploring these broader markets to ensure explorers — whether in orbit, in defense and expeditionary operations, in remote outposts, or in clinical and medical settings — can live and thrive wherever the frontier takes them.",Space Research and Technology,Self-employed,Privately Held,"Oregon, Oregon, United States",United States,austerehygiene.com,https://www.linkedin.com/company/wilhite-group-llc
Lunar Gators,"Lunar Gators is the University of Florida's NASA Lunabotics competition team, dedicated to inspiring the next generation of scientists and engineers through hands-on lunar robotics. Our team designs, manufactures, and tests a lunar construction robot to compete in the NASA Lunabotics Challenge, providing students with real-world engineering experience from concept development through manufacturing, integration, and testing.

Through this multidisciplinary design experience, members develop technical, leadership, and project management skills while working alongside students from a wide range of academic backgrounds. Lunar Gators is committed to fostering innovation, collaboration, and professional growth by providing opportunities for hands-on learning and academic enrichment.

Our mission aligns with the goals of the Herbert Wertheim College of Engineering by preparing students to meet the expectations of industry and graduate programs through practical engineering experience, teamwork, and the development of industry-relevant skills.",Space Research and Technology,51-200 employees,Non Profit,"Gainesville, Florida, United States",United States,,https://www.linkedin.com/company/lunar-gators
Liberty Orbit,"Liberty Orbit is a research group focused on the research, design, and manufacturing of small-scale satellites to further expand our knowledge, gain experience for current students, and bring glory to God through it all.",Space Research and Technology,11-50 employees,Public Company,"Lynchburg, Virginia, United States",United States,,https://www.linkedin.com/company/liberty-orbit
Durahuman Group,"Durahuman Group is a human expansion readiness company building governed intelligence, research, doctrine, and software systems for the next operating environment. The company exists to help humans, teams, and institutions prepare for more complex futures through disciplined evidence, readiness architecture, and applied intelligence.

Durahuman Group’s flagship institutional surface is ODIN — the Office of Durahuman Intelligence — where canon, doctrine, governance, archives, and versioned intelligence products are organized. Titanworks serves as the company’s research arm, developing advanced doctrine across ENWAR, Subterra/Exoterra, and HEROA. These lanes focus on enhanced human readiness, confined and extreme-environment comparison, habitat-oriented resilience, and the infrastructure demands of future human systems.

Durahuman’s public software profile includes HEROS, CRAWLA, and StarRAYDR. HEROS supports human expansion readiness assessment and role intelligence. CRAWLA supports evidence-first research and applied protocol development. StarRAYDR supports mission-intelligence concepts for qualified strategic contexts.

Durahuman Group is built on a simple operating thesis: the future will demand humans who are more ready, more governed, more adaptive, and more capable.

We build systems for that future.",Space Research and Technology,11-50 employees,Privately Held,"Austin, Texas, United States",United States,durahuman.com,https://www.linkedin.com/company/durahuman
"Amalgamated Data Union Local 42, LLC","Amalgamated Data Union Local 42 is a consulting firm founded and run by Dr. Demitri Muna, an astronomer, professional software developer, and interface designer. It specializes in enabling scientists to significantly reduce the time in going from data to science. This is accomplished by designing data interfaces that are domain-specific, i.e., speaking the same language as the users of the data instead of forcing them to learn the tedious intricacies of data storage and access.

A particular emphasis is placed on the user interface (UI) and user experience (UX), which may mean:

• a Python interface that encapsulates not only data access but documention, journal references, related/derived data, units, and more
• a data design language that makes traversing multiple datasets, sources, and formats transparent
• clean API that are human readable and intuitive to use
• integrating all of the above into graphical user interfaces that pull data from multiple, disparate sources

The underlying design principle is the aggressive removal of work from the user to handle deterministic implementaion details required to access, use, parse, or visualize data. It is in this way our interfaces allow the user to focus on understanding what the data are saying – the science, reducing the time to discovery.

Muna also has extensive teaching experience having created SciCoder (http://scicoder.org), an intensive five day data science workshop aimed at early career researchers. Over 14 workshops have been run at institutions such as NYU, Yale, the American Museum of Natural History, and as far away as Perth, Australia.

The company is built on top of 20+ years of professional research, software development, project management, interface design, and teaching experience. Muna has worked in multiple domains including astrophysics (Jet Propulsion Laboratory), medical patient data (Dascena, Inc.), genomics (Cold Spring Harbor Laboratory), and commercial desktop and mobile applications.",Space Research and Technology,Self-employed,Self Owned,"New York, New York, United States",United States,,https://www.linkedin.com/company/amalgamated-data-union-local-42-llc
Nigerian Institution of Space Engineers,,Space Research and Technology,"501-1,000 employees",Educational,"Los Angeles, California, United States",United States,niseng.org.ng,https://www.linkedin.com/company/nigerian-institution-of-space-engineers
Terra Orbital,,Space Research and Technology,2-10 employees,Privately Held,"Orlando, Florida, United States",United States,,https://www.linkedin.com/company/terraorbital
Space Film Consortium,"The Space Film Consortium helps to foster a sense of community and collaboration among North Americans who are hoping to make movies in outer space. 

""Space cinema is a testament to our innate human curiosity and our desire to explore the unknown, both within and beyond our planet""

Contact: canadianspacefilmnetwork@gmail.com
TikTok: www.tiktok.com/@spacefilmconsortium",Space Research and Technology,2-10 employees,Non Profit,"Los Angeles, California, United States",United States,,https://www.linkedin.com/company/space-film-consortium
Gravity Sound,"Our vision is to transcend the boundaries of current gravitational understanding and propel humanity into a new era of climate awareness and space exploration. We envision a cosmos where our devices become the cornerstone of precision, uncovering the secrets of our own home, Earth, and distant celestial bodies. By seamlessly merging cutting-edge technology with an insatiable passion for scientific discovery, we aspire to redefine the very fabric of space exploration. Our vision is not just to observe the cosmos but to actively contribute to its comprehension, unveiling the gravitational tapestry that shapes our universe.",Space Research and Technology,Self-employed,Privately Held,"Portland, Maine, United States",United States,gravitysound.tech,https://www.linkedin.com/company/gravitysound
S.T.A.R.F.U.R.A.,Organizing military veterans and minorities in teams (no less than 3) to work on new or existing technologies to explore space and/or advance current earthbound technologies.,Space Research and Technology,2-10 employees,Non Profit,"Washington, Washington, United States",United States,starfura.space,https://www.linkedin.com/company/starfura
Future Tech Ventures,We are the first innovation studio with a blended team of Humans and Artificial Intelligences.,Space Research and Technology,2-10 employees,Privately Held,"New York, New York, United States",United States,futuretechventures.co,https://www.linkedin.com/company/future-tech-ventures
Apollo Enterprise,"At Apollo Inc., our mandate extends beyond mere conjecture of forthcoming advancements; we are actively orchestrating the future. We aspire to effectuate a paradigm shift in global technological landscapes through our preeminent research and development initiatives in the domains of quantum computing, sophisticated robotics, and pioneering aero-aqua technologies.

We continuously transcend conventional limits within the scientific sphere, venturing into unexplored territories in the quest for transformative solutions. Our pursuits range from the formulation of intricate quantum algorithms, and the conception of artificial intelligence-driven robotic systems, to the innovation of hybrid technologies suitable for exploration both above and beneath the water's surface.

Our dedication to propelling humanity toward an era of unprecedented technological innovation remains unwavering. We invite you to accompany us on this journey through the cosmos, transmuting the realms of the conceivable and embracing the extraordinary.",Space Research and Technology,Self-employed,Privately Held,"San Jose, California, United States",United States,,https://www.linkedin.com/company/apollo-enterprise
AstroBridge Advisors,"The mission of AstroBridge Advisors is: To empower innovative space and aerospace professionals and companies by providing unparalleled business development and investor relations expertise, fostering strategic partnerships, and securing critical capital to accelerate growth and drive industry advancement.",Space Research and Technology,2-10 employees,Partnership,"Los Angeles, California, United States",United States,astrobridge.space,https://www.linkedin.com/company/astrobridge-advisors
Limitless Telepresence,"– Now you can sign up to drive a miniature rover on the Moon – from Earth – using your smartphone!  
This project is an example of Telepresence: The projection of human minds to space, of being here (Earth) and there (the Moon).  As George Friedman,  Founder of Geopolitical Futures, best-selling author, and geopolitical forecaster says:  ""Telepresence will be an indispensable technology on the moon, bringing the human mind to the moon, while allowing the human body to remain on the earth."" 
Limitless Telepresence, working in collaboration with the University of California, San Diego's Innovation Center and San Diego State University’s VizCenter  -- among other universities, brands, and industry -- is excited to announce the first in an ambitious series of lunar-focused competitions, contests, and events to expand the concept of telepresence for the good of humankind.  Robert Harkins, SDSU's VizCenter Director, refers to the center 
as ""a gateway to the Moon ... and a collaborative space where scientists, students, and community members come together to turn imagination into reality.""",Space Research and Technology,2-10 employees,Privately Held,"Laguna Beach, California, United States",United States,limitlesstelepresence.com,https://www.linkedin.com/company/limitless-telepresence
Infinity Space Technologies Corp.,"The pioneering company, Infinity Space, is developing the world's first Fusion-based Rocket Engines. Join us in embracing the limitless possibilities of exploring outer space.

Infinity Space Exploration Technologies Corp, est. 0012.",Space Research and Technology,51-200 employees,Privately Held,"Mountain View, California, United States",United States,infinitycorp.io,https://www.linkedin.com/company/infinityspace-hq
Wisconsin SmallSat,"Founded in 2026, our satellite team is a student-led organization dedicated to designing, building, and operating small satellites. We compete in national and international competitions, giving students real-world experience in systems engineering, embedded software, communications, and mission operations.",Space Research and Technology,2-10 employees,Educational,"Madison, Wisconsin, United States",United States,wiscubed.com,https://www.linkedin.com/company/wiscubed
Space Biostasis Coalition,"SBC is a Swiss-US research association. As a non-profit, SBC operates as a neutral convening ground for scientists, engineers, inventors, entrepreneurs, policymakers, and corporations, accelerating progress toward shared technological breakthroughs that benefit humanity’s efforts in the exploration and industrialization of space. 

SBC doesn't claim ownership of discoveries. Scientists retain full rights to their innovations while gaining access to unprecedented funding pools and cross-industry expertise. Space companies can collaborate without fear of losing competitive advantage.

Mission 
The Space Biostasis Coalition accelerates the development of human biostasis technologies for space exploration by uniting researchers, industry leaders, and policymakers to unlock $1 billion in frontier biostasis research funding, advance scientific knowledge, and inspire global collaboration toward humanity's sustainable expansion beyond Earth.

SBC catalyzes breakthrough advances in human biostasis research by:
- Building strategic alliances between space companies and biostasis researchers
- Publishing authoritative scientific resources that define the state of the art
- Mobilizing $1 billion in public and private funding for frontier biostasis R&D
- Hosting world-class scientific conferences and advocating for incentive prizes in the field
- Inspiring public engagement through compelling narratives about humanity's future

Vision 
We envision a future where breakthrough biostasis technologies enable safe, long-duration human space travel, transforming humanity into a thriving multiplanetary species while advancing medical science and preservation capabilities that benefit all life on Earth and beyond.",Space Research and Technology,2-10 employees,Non Profit,"San Antonio, Texas, United States",United States,spacebiostasis.org,https://www.linkedin.com/company/spacebiostasis
"Reduced Gravity Solutions, Inc","Providing consultation, support, development and operations for parabolic flight research.",Space Research and Technology,2-10 employees,Privately Held,"Fort Lauderdale, Florida, United States",United States,,https://www.linkedin.com/company/reduced-gravity-solutions-inc
Equinox Technologies,"Woman-Owned. Military Spouse-Owned. American-Made Always.

WHO WE ARE:
Dynamic space and atmospheric intelligence tailored to your mission and powered by the latest technology.

WHAT WE DO:
- Model Licensing 
Access our tools for modeling space radiation, atmospheric transmission, and more.

Data Services
- Let us handle your complex datasets so you don’t have to.

OUR PHILOSOPHY:
Powerful physics. Elegant design. 
And no PhD needed to understand the results.

www.eqx-tech.com
 2026 Equinox Technologies. All rights reserved.",Space Research and Technology,Self-employed,Privately Held,"Aurora, Colorado, United States",United States,equinox-technologies.com,https://www.linkedin.com/company/equinox-technologies-usa
Washington Aerospace Ventures Corp,"Washington Aerospace Ventures Corp (WAV Corp) is a frontier aerospace and advanced technology company focused on developing next-generation systems designed to shape the future of humanity both on Earth and beyond.

Our mission is to pursue breakthrough innovation across aerospace, propulsion, advanced industrial systems, and emerging technologies that have the potential to redefine long-term human capability, infrastructure, and exploration. WAV Corp was founded on the belief that the future will require bold engineering, scalable systems, and visionary thinking capable of supporting new eras of transportation, sustainability, and interplanetary development.

We are actively building toward the research, design, and future commercialization of advanced aerospace technologies, while also exploring innovative solutions in areas such as propulsion, systems engineering, automation, carbon reduction technologies, and future infrastructure platforms.

At WAV Corp, we believe aerospace innovation is not limited to launch systems alone — it is part of a larger technological ecosystem that will influence how humanity travels, builds, communicates, and expands into the future. Our long-term vision is to contribute to technologies that may one day support large-scale space operations, planetary infrastructure, and the next generation of human exploration.

As an early-stage company, we are focused on strategic growth, prototype development, research partnerships, and building a strong foundation for future innovation and investment.

WAV Corp represents a commitment to frontier technology, ambitious engineering, and the pursuit of transformative systems designed for the generations ahead.",Space Research and Technology,2-10 employees,Public Company,"Dover, Delaware, United States",United States,,https://www.linkedin.com/company/washington-aerospace-ventures-corp
VECTOR RESEARCH,"Vector Research is a multi-disciplinary deep-tech research firm establishing advanced deterministic frameworks across the physical sciences and aerospace engineering. We replace traditional stochastic modeling with unified analytics to isolate anomalies, map system dynamics, and deliver absolute operational certainty where legacy statistical models fail.

Operating under an ironclad Black Box Protocol, we completely firewall our underlying mathematical mechanics. Our partners receive high-fidelity, functional data streams—ensuring zero intellectual property contamination, zero cross-legal friction, and comprehensive operational security.

CORE RESEARCH DIVISIONS:

1. Advanced Astrodynamics & Corridor Dynamics
Modeling upper-atmospheric drag, thermospheric density variations, and non-linear behaviors in Low Earth Orbit (LEO) and Very Low Earth Orbit (VLEO) to provide highly precise, risk-averse predictive baselines for asset station-keeping and propellant optimization.

2. Heliophysics & Solar Energy Transfer
Mapping macroscopic solar activity, tracking background radiation shifts, radio flux baselines, and transient kinetic front injections to systematically project the structural settling curves of magnetospheric disruptions.

3. Theoretical Physics & Universal Systems
Investigating the underlying deterministic mechanics governing complex thermodynamic, fluid, and electromagnetic systems, focusing on unified structural behaviors and systemic thresholds.

THE ENTERPRISE DIVIDEND:

• Absolute Mission Assurance: Transition from reactive mitigation to proactive asset positioning by mapping density compression wavefronts up to 24 hours prior to localization.
• Propellant Conservation: Eliminate tracking uncertainty and false-alarm maneuvers, directly extending satellite lifespans and maximizing constellation revenue.
• Zero-Risk Collaboration: Engage safely at the functional input/output layer with zero exposure of your trade secrets or our core architecture.",Space Research and Technology,2-10 employees,Privately Held,"North Las Vegas, Nevada, United States",United States,resvect.com,https://www.linkedin.com/company/research-vector
AeroVax Drones,"Stress is one of the biggest threats to animal health, and most of it happens before an animal ever gets sick. Gathering a herd, chasing wildlife on foot, or covering miles of remote terrain to reach one animal all take a toll and the animals that need care most are often the hardest to reach.

AeroVax is an autonomous aerial animal health platform built to change that. Our drones identify, monitor, track, and vaccinate livestock and wildlife directly in the field no gathering, no chase, no ground crew. You no longer need to bring in an entire herd to treat a few.

Between our founding team, we bring a combined 60 years of hands-on experience in the livestock industry, paired with an aerospace engineering partnership with Fly4Future, who helped take AeroVax from concept to a field-trial-ready platform.

The need is real and growing. Large-animal veterinarians are retiring faster than they're being replaced. Ranch hands are harder to find. Wildlife and conservation teams are covering more ground with fewer people. AeroVax exists to close that gap — reducing stress on animals, reducing risk to people, and reaching the places traditional care can't.

Our prototype is field-trial ready beginning this fall. We're actively looking for ranchers, veterinarians, wildlife biologists, and conservation organizations who want to be part of the first field trials.

Health has no boundaries. Neither does AeroVax.

Follow along for updates on field trials, partnerships, and where we're headed next.",Space Research and Technology,2-10 employees,Privately Held,"Cabot, Arkansas, United States",United States,aerovaxdrones.com,https://www.linkedin.com/company/aerovax-drones
Lillie Earth Intelligence,"Lillie Earth Intelligence builds satellite intelligence for the infrastructure a nation depends on.

Crude theft, illegal refining, spills and encroachment cost Nigeria more than 2 billion dollars a year. The people who have to act on it rely on slow, costly and dangerous patrols. Ordinary camera satellites are defeated by the Niger Delta's cloud cover and by darkness. Nobody watches the whole corridor.

We set a baseline for an area, then screen it with multiple independent satellite sensors: radar, thermal, optical, vegetation, gas and water temperature. Radar is the all-weather backbone, so cloud and darkness do not stop the watch. We raise a candidate only where separate sensors agree. The output is decision ready: a ranked worklist of where to look first, situation reports, and sealed evidence packs.

Our watch is persistent and revisit-based. It is not a live feed. New observations arrive when a satellite next passes overhead. Every detection is an advisory candidate for analyst verification, never a confirmed event. We state this plainly because the people who act on our work deserve to know exactly what they are holding.

LillieWatch is our onshore product for energy infrastructure. LillieOre applies the same engine to solid minerals and illegal mining, reconciled against the national mining cadastre. LillieTriton addresses offshore platforms and the Exclusive Economic Zone.

lillieearthintelligence.com",Space Research and Technology,2-10 employees,Privately Held,"College Station, Texas, United States",United States,lillieearthintelligence.com,https://www.linkedin.com/company/lillie-earth-intelligence
EV3 Evolving Vital Ecosystems LLC,"EV3 Evolving Vital Ecosystems LLC is pioneering a new era in space biotechnology, sustainability, and frontier physics. We engineer advanced living systems designed to thrive in extreme environments—from terrestrial ecosystems to lunar habitats and beyond. Our innovative approach combines fungal and bacterial biotechnology, microgravity experimentation, and circular economy principles to deliver groundbreaking solutions.

At EV3, collaboration and scientific rigor drive everything we do. We are committed to leveraging interdisciplinary innovation to build resilient ecosystems, both here on Earth and across the cosmos.

Together, we're redefining what's possible for life in the universe.",Space Research and Technology,2-10 employees,Privately Held,"Colorado Springs, Colorado, United States",United States,3cosystems.com,https://www.linkedin.com/company/3cosystems
cloaked.agency,Terraforming Experts,Space Research and Technology,2-10 employees,Privately Held,"Phoenix, Arizona, United States",United States,cloaked.agency,https://www.linkedin.com/company/cloaked-agency
Desert Aerial Technologies,"We design and manufacture cutting-edge drones and aerospace technologies to revolutionize industries. Established in 2022, our mission is to enhance efficiency and reliability in the world's most demanding tasks—be it search and rescue, precision agriculture, infrastructure inspection, or defense operations.

Our drones combine advanced engineering with intuitive design, ensuring unparalleled performance in extreme conditions. With every innovation, we aim to empower businesses and communities to overcome challenges, optimize processes, and achieve their full potential.

Driven by a passion for progress, we envision a world where technology bridges gaps, saves lives, and redefines possibilities. Let’s soar into the future together.",Space Research and Technology,2-10 employees,Privately Held,"Scottsdale, Arizona, United States",United States,desertaerialtech.com,https://www.linkedin.com/company/desertaerialtech
SPACE at UCI - NASA SUITS Competition,SPACE at UCI is a Design Engineering Project competing at NASA's SUITS competition.,Space Research and Technology,2-10 employees,Privately Held,"Irvine, California, United States",United States,,https://www.linkedin.com/company/space-at-uci
Headwaters Limited,Business development and emerging technology solutions for national security systems. Bridging startup and commercial technology to Department of Defense opportunities and programs of record.,Space Research and Technology,2-10 employees,Self Employed,"Boulder, Colorado, United States",United States,,https://www.linkedin.com/company/headwaters-limited
Terrae Research,"Founded by John Hendryx, Terrae Research is a platform dedicated to providing in-depth research and insights into the latest trends and developments in technology and business. 

With a background in the Defense and Space industry, I've developed a passion for understanding how emerging technologies shape the world around us. Terrae Research is where that curiosity turns into real-world investment theses and actionable insight. 

Read the research on Substack: https://terraeresearch.substack.com/
Visit our website: https://terrae-research.com/",Space Research and Technology,Self-employed,Self Employed,"San Diego, California, United States",United States,terrae-research.com,https://www.linkedin.com/company/terrae-research
SULV Solutions of United Logistics Ventures,"Solutions of United Logistics Ventures (SULV) is an innovative aviation-focused firm delivering advanced solutions at the intersection of aerospace, project management, and research & development. We specialize in supporting state and federal agencies through strategic program execution, technical consulting, and workforce solutions, while conducting internal R&D to advance the future of aviation and aerospace systems.

Our mission is to drive safe, efficient, and forward-looking aviation operations by combining industry expertise, disciplined project management, and innovation-driven research, while upholding the highest standards of integrity, security, and regulatory compliance",Space Research and Technology,2-10 employees,Privately Held,"Silver Spring, Maryland, United States",United States,,https://www.linkedin.com/company/sulv
Earth-Space Conservation Demonstration Center,"The Earth Space Conservation Demonstration Center offers Space, Education, Environment and Research organizations a seasonally remote venue and services to design, develop, test and optimize their respective offerings. Informed by years of NASA systems design, safety and compliance procedures and processes.",Space Research and Technology,2-10 employees,Self Owned,"Washington, New Hampshire, United States",United States,,https://www.linkedin.com/company/earth-space-conservation-demonstration-center
Aluren Dynamics,"Aluren Dynamics was founded to address the needs of modern satellite deployment. Our inaugural engine called Aurora was developed from clean sheet to a testable state in less than 6 months. Aluren is proudly incorporated and operated in Austin, Texas.",Space Research and Technology,2-10 employees,Privately Held,"Austin, Texas, United States",United States,alurendynamics.com,https://www.linkedin.com/company/aluren-dynamics
Madueke Industries,"Madueke Industries is currently comprised of Madueke Space and Madueke Studios

Madueke Studios:
Stories about past, present, and future of aerospace.


Madueke Space:
Channeling what I learn into my rocket building efforts. I've got a long way to go.

Huge One Piece fan btw

A dream of mine is to see the Earth in its entirety from space.",Space Research and Technology,Self-employed,Self Employed,"Houston, Texas, United States",United States,,https://www.linkedin.com/company/madueke-industries
"Syphervision, Inc.",Intellectual Property Development & Acquisition is our current mission.  Four patents are currently completed and proof of concept prototypes are in production.,Space Research and Technology,2-10 employees,Privately Held,"Agnewville, Virginia, United States",United States,syphervision.com,https://www.linkedin.com/company/syphervision
MARK INDUSTRIES LLC,Solution Engineering Consulting and Marketing,Space Research and Technology,2-10 employees,Self Employed,"Huntsville, Alabama, United States",United States,,https://www.linkedin.com/company/mark-industries-llc
Lincer,"Explore the Blockchain & the Metaverse 
°Ai °Web3
¶ Robotics
¶ Aeronautical & Space Algorithms
¶ Nano Science & Tech
¶ ML Engineering & Technology",Space Research and Technology,11-50 employees,Partnership,"San Francisco, California, United States",United States,lincer.co,https://www.linkedin.com/company/lincerinc
Intrepid,Portable Bionic Cooling,Space Research and Technology,2-10 employees,Privately Held,"Columbia, South Carolina, United States",United States,intrepidofsc.com,https://www.linkedin.com/company/intrepidofsc
Poseidon Project,"We are a multidisciplinary team from the University of Portsmouth. We assembled a team to design and build a CubeSat for ESA's Design Booster Challenge to observe and map marine life within European waters. 
We are very excited to share our progress with you all!",Space Research and Technology,11-50 employees,Partnership,"Portsmouth, Virginia, United States",United States,,https://www.linkedin.com/company/poseidon-project
Robbinsville Astronomers Association,"Robbinsville Astronomy is an umbrella organization which consists of both a high school recreational club at Robbinsville High School and an educational group based at Mercer County Library. Our mission is to equip students aged 6-18 years old with fundamental skills in astronomy, astrophysics, astrobiology, and aerospace/aeronautical engineering which are not taught in a traditional classroom setting.

Robbinsville Astronomy has continuously partnered with the National Aeronautics and Space Administration (NASA) to bring speakers within the government organization to various Robbinsville Astronomy-hosted events throughout New Jersey.",Space Research and Technology,2-10 employees,Non Profit,"Robbinsville Township, New Jersey, United States",United States,,https://www.linkedin.com/company/rvilleastronomy
Space Transport Ventures,Private company focused on Research and Manufacturing in Microgravity Environments.,Space Research and Technology,2-10 employees,Privately Held,"Lewes, Delaware, United States",United States,spacetransportventures.com,https://www.linkedin.com/company/space-transport-ventures
VGTel Inc (OTC:VGTL),"VGTel Inc (VGTL) is committed to unlocking the mysteries of our skies by developing a global atmospheric monitoring system that brings transparency to unidentified aerial phenomena (UAPs), unknown traffic, and space debris both within and beyond Earth's atmospheric border. We believe the sky is more than just a highway for air traffic—it’s a gateway to new possibilities.

VGTel, Inc is a systematic study, and research company that investigates abstracts of published Whitepapers in a structured and organized manner, following defined protocols, to comprehensively gather and analyze all relevant evidence, typically aiming for unbiased and reproducible results, through a systematic review. Our mission is to integrate cutting-edge technologies to observe, analyze, and understand these phenomena, ensuring public safety and equipping humanity with the knowledge to chart a future where the unknown becomes known.

By shedding light on these mysteries, VGTel, Inc will expand our collective understanding of the universe and inspire a new frontier for exploration and discovery.",Space Research and Technology,2-10 employees,Public Company,"Suffern, New York, United States",United States,vgtelinc.com,https://www.linkedin.com/company/vgtel-inc-vgtl-
Walden Research,Research focused on civilizational survival and flourishing.,Space Research and Technology,2-10 employees,Privately Held,"New York, New York, United States",United States,waldenresearch.org,https://www.linkedin.com/company/walden-research
"Shell Product Development, LLC","We are a small business supporting the rapidly-expanding space industry through research, development, and recommendations for business advancement. Our team specializes in aeronautical analysis, material selection, and mechanism design.",Space Research and Technology,2-10 employees,Privately Held,"Lakewood, Colorado, United States",United States,,https://www.linkedin.com/company/shellproductdevelopment
Midlands Industries,Stealth mode on.,Space Research and Technology,51-200 employees,Privately Held,"Birmingham, Alabama, United States",United States,midlands-industries.com,https://www.linkedin.com/company/midlands-industries
Juno Propulsion Inc.,Next-generation rocket propulsion with rotating detonation combustion.,Space Research and Technology,2-10 employees,Privately Held,"Seattle, Washington, United States",United States,junopropulsion.com,https://www.linkedin.com/company/juno-propulsion
WarpWare,"WarpWare standardizes space software to reduce development time, cost, and risk and helps you get to space fast.",Space Research and Technology,11-50 employees,Privately Held,"Broomfield, Colorado, United States",United States,warpware.co,https://www.linkedin.com/company/warp-ware
Cascade Space,"Cut through the noise with our software stack and ground station network. Iterate faster, test efficiently, launch with confidence.",Space Research and Technology,2-10 employees,Privately Held,"San Francisco, California, United States",United States,cascade.space,https://www.linkedin.com/company/cascade-space
MGH Center for Space Medicine Research,"At the Center for Space Medicine Research (CSMR) at the Massachusetts General Hospital and Harvard Medical School, we are improving human health in space and translating discoveries made in space into new solutions for patient care on Earth. We bring together experts across institutions and industries to push the boundaries of biomedical science. We invite you to learn more about our on-going investigations, and discover how we conduct cutting-edge research in space and on Earth. 

Reach out to collaborate, fly your research, or learn more.

Follow our research and event updates on Instagram: 
https://www.instagram.com/spacemedicineresearch/",Space Research and Technology,11-50 employees,Non Profit,"Boston, Massachusetts, United States",United States,harvard.edu,https://www.linkedin.com/company/spacemedresearch-csmr
Mars City Design,"Mars City Design is an innovation platform that develops technologies to enable interplanetary human settlement, which applications on Earth offers eco-sustainable solutions to respond to the climate change and extreme environments.

Expertises: (Mars / extreme environments) 
Masterplan, Systems Engineering
Architecture 
Longevity
Agriculture",Space Research and Technology,2-10 employees,Privately Held,"El Segundo, California, United States",United States,marscitydesign.com,https://www.linkedin.com/company/marscitydesign
University of Texas Center for Space Research,"The University of Texas Center for Space Research conducts coordinated research efforts that are associated with orbit determination, space geodesy, the Earth and its environment, and the exploration of the solar system; expand the scientific applications of space systems data; and enhance and stimulate the academic programs at The University of Texas.",Space Research and Technology,51-200 employees,Educational,"Austin, Texas, United States",United States,utexas.edu,https://www.linkedin.com/company/utcsr
3i3Signature LLC,NewSpace and NewAviation Consulting - Luxury Brand - Space Travels & Activities without limits.,Space Research and Technology,2-10 employees,Self Owned,"Miami, Florida, United States",United States,3i3signature.com,https://www.linkedin.com/company/3i3signature-llc
Lunar and Planetary Institute,"The Lunar and Planetary Institute’s (LPI’s) mission is to advance understanding of the solar system by providing exceptional science, service, and inspiration to the world.

Today, the LPI is an intellectual leader in lunar and planetary science. The Institute serves as a scientific forum attracting world-class visiting scientists, postdoctoral fellows, students, and resident experts; supports and serves the research community through newsletters, meetings, and other activities; collects and disseminates planetary data while facilitating the community's access to NASA astromaterials samples and facilities; engages and excites the public about space science; and invests in the development of future generations of scientists. The research carried out at the LPI supports NASA's efforts to explore the solar system. More information about LPI is available at www.lpi.usra.edu.",Space Research and Technology,11-50 employees,Non Profit,"Houston, Texas, United States",United States,usra.edu,https://www.linkedin.com/company/lunarandplanetaryinstitute
Space Beach Law Lab,"Space Beach Law Lab is the definitive west coast summit for all space industry stakeholders. Immerse yourself in crucial discussions on celestial property rights, space habitat laws, and interplanetary governance. Unpack the legal complexities of commercial space with topics on regulatory landscapes, intellectual property in orbit, and the balance of innovation with legal frameworks. This pivotal gathering is essential for anyone navigating the risks and opportunities within the space sector. Join us to shape the dialogue and direction of space exploration and commerce. Be part of crafting the future at SBLL 2026.",Space Research and Technology,2-10 employees,Privately Held,"Long Beach, California, United States",United States,spacelawlab.com,https://www.linkedin.com/company/space-beach-law-lab
Lunargistics,Our goal is to become the Gold Standard in eliminating Human Error for all Space missions moving forward.,Space Research and Technology,2-10 employees,Privately Held,"The Woodlands, Texas, United States",United States,lunargistics.com,https://www.linkedin.com/company/lunargistics
Cosmic Frontier Labs,,Space Research and Technology,11-50 employees,Non Profit,"Sf Bay Area, Ca, California, United States",United States,cosmicfrontier.org,https://www.linkedin.com/company/cosmic-frontier-labs
FOSS4G North America,"FOSS4G North America is the premier open geospatial technology and business conference with a vibrant and welcoming atmosphere for technologists, end-users and decision makers.

This year's conference will be held at the Hilton Baltimore Inner Harbor in Baltimore, Maryland. Conference dates are October 23 - 25, 2023.",Space Research and Technology,Self-employed,Non Profit,"Baltimore, Maryland, United States",United States,foss4gna.org,https://www.linkedin.com/company/foss4g-north-america
ConnectSAT aerospace Lab,"ConnectSAT Aerospace Lab  is dedicated to advancing space technologies, including propulsion systems, satellite payloads, ground systems, and deep space logistics. We collaborate with startups, major companies, academic institutions, and research organizations on innovative space projects aligned with our goal of democratizing access to space and its resources. Our focus is on delivering the world's most affordable connectivity, supporting space explorers with logistics, and providing geospatial data to organizations.",Space Research and Technology,2-10 employees,Privately Held,"Palo Alto, California, United States",United States,connect-sat.com,https://www.linkedin.com/company/connectsataerospacelab
Orbite,"Orbite is building a commercial astronaut training and spaceflight gateway complex. Orbite will provide an end-to-end customer experience, from pre-mission training, to preflight accommodations, day of departure preparation, mission monitoring during flight, and post mission accommodations, re-acclimation and mission debriefing.",Space Research and Technology,11-50 employees,Privately Held,"Cape Canaveral, Florida, United States",United States,orbitespace.com,https://www.linkedin.com/company/orbite-inc
CoSMOS Corp,"We are embarking on a mission to expand our knowledge and commercialization of the space industry. Our CoSMOS team is delivering excellence to keep Space Flight Participants (SFPs) safe and healthy to perform at the highest level in any environment.  

CoSMOS Corp and its partners support underrepresented researchers that are translating their research to space health applications or developing their careers to work on human health and performance challenges during space exploration. 

CoSMOS Corp is a member of the Commercial Spaceflight Federation (CSF), ASTM International F47 Committee on Commercial Spaceflight, Aerospace Medical Association (AsMA), Space Force Association (SFA), and the FAA Center of Excellence for Commercial Spaceflight Transportation (COE-CST). Safety is our priority.",Space Research and Technology,2-10 employees,Privately Held,"Miami, Florida, United States",United States,cosmosmedicine.com,https://www.linkedin.com/company/cosmos-medicine
Nebex,The commercial rails for the space economy.,Space Research and Technology,2-10 employees,Privately Held,"New York, New York, United States",United States,nebex.com,https://www.linkedin.com/company/nebra-exchange
RIFFAI,"RIFFAI, a Satellite & AI company that utilizes AI technology for monitoring environmental changes and key critical infrastructure in Earth Observation. We deployed a command & control system for companies in the domain of energy, defence, and environment to manage their operations remotely in real time and time sensitive missions.

RIFFAI also extended operation into Starslab, a Satellite Manufacturing Division focusing on design, engineering, and development of proprietary satellites. Offers a comprehensive, one-stop solution for all stages of development, from mission design to post-launch operations for small satellites.

Since our founding in 2024, we have been bridging the gap between space technology and every life here on Earth. We are making the extraordinary accessible - Bringing Space Down to Earth.",Space Research and Technology,11-50 employees,Privately Held,"San Francisco, California, United States",United States,riffai.org,https://www.linkedin.com/company/riffai
The Milo Space Science Institute,"The Milo Space Science Institute at ASU (Milo) organizes and conducts innovative, University-led space exploration missions and deploys capacity building programs in our partner's country to support the missions. The Milo model provides an end-to-end pathway making space accessible to all.",Space Research and Technology,11-50 employees,Non Profit,"Tempe, Arizona, United States",United States,miloinstitute.org,https://www.linkedin.com/company/themiloinstitute
Michigan Aeronautical Science Association (MASA),"MASA is the student-run rocketry team at the University of Michigan. We take a multidisciplinary approach to engineering as well as getting students from across the college together to design, build, and launch pioneering liquid-fueled rockets. MASA aims to push collegiate world records while educating students on the nuances of rocketry. Together, MASA works to take Michigan to new heights!",Space Research and Technology,51-200 employees,Non Profit,"Ann Arbor, Michigan, United States",United States,,https://www.linkedin.com/company/masarockets
iMETALX Inc.,IMETALX's vision is to create a future where space is accessible and sustainable for all. Our mission is to provide in space domain awareness and in space servicing solutions for governments and businesses.,Space Research and Technology,2-10 employees,Privately Held,"Sausalito, California, United States",United States,imetalx.com,https://www.linkedin.com/company/imetalx
"Stellar Technology, LLC","Stellar Technology, LLC (Formerly Recruit Veterans) is a 100% service-disabled veteran-owned small business (SDVOSB), headquartered in Cedar Park, Texas, providing best-in-class engineering, technical and value added reseller services. We team with prime contractors in the aerospace, defense and other federal government industries to bid on, win and provide outstanding services on federal contracts. 

At Stellar Technology, we do not just meet expectations, we strive to ""Go Above and Beyond” them, delivering quality-driven, mission-focused solutions backed by deep industry knowledge, operational excellence, and a steadfast culture of service. 

Visit us at https://stellartechnology.com/ or reach out to learn what we can do for you.",Space Research and Technology,11-50 employees,Privately Held,"Cedar Park, Texas, United States",United States,stellartechnology.com,https://www.linkedin.com/company/stellartechnology-llc
Vector Space Biosciences,"Vector Space Biosciences, Inc., (SBIO), parent company of Vectorspace AI (VAIX), launches biological CubeSats for purpose of generating data related to microgravity and radiation. This data leads to the development of countermeasures against diseases associated to stressors connected to protecting and repairing the human body during spaceflight. This includes using a network of scientific data engineering pipelines for building targeted language models resulting in real-time datasets which power Artificial Intelligence (AI) operations in space biosciences, biotechnology and pharmaceutical development. Working with leading scientific labs in the areas of human aging, cancer, and nutrigenomics, our goal is to accelerate the process of new hypothesis generation and novel discoveries in space biosciences, including materials sciences in the area of nanotechnology and nanomedicines. Developing advanced large and small language modeling technologies, our platform is capable of producing more than 100,000,000,000 different real-time datasets for the purpose of accelerating discoveries. Innovations in space biosciences result in products and services for all industries, including the financial markets, more importantly, new forms of precision medicine for all humankind.",Space Research and Technology,51-200 employees,Privately Held,"La Jolla, California, United States",United States,vectorspacebio.science,https://www.linkedin.com/company/vector-space-biosciences
Orion News,"Stay informed about the latest developments in the aerospace sector! Our platform curates the most significant global space news, providing concise descriptions and insights on groundbreaking missions, innovative technologies, and cutting-edge research in the rapidly evolving New Space industry.",Space Research and Technology,11-50 employees,Partnership,"Houston, Texas, United States",United States,orionnews.space,https://www.linkedin.com/company/orion-news
Space Workforce Incubator for Texas (SWIFT),"As a 501(c)(3) non-profit, SWIFT quarterbacks Texas’ space workforce training ecosystem—connecting high schools, community colleges, universities, and industry to eliminate duplication, maximize resources, and unleash untapped talent. At SWIFT, we don’t just build rockets; we build connections.


The booming commercial space market is fueling unprecedented demand for a skilled workforce to fill a variety of high-paying jobs throughout Texas. Great progress has been made to inspire young Texans through STEM pathways and engaging rocketry courses, while universities like UT and TAMU are leading the way with advanced engineering programs.


Yet, there remains a critical gap in accessible aerospace workforce training programs at the community college level. SWIFT is bridging that gap, creating multiple entry points for Texans of all backgrounds. By scaffolding skills and upskilling workers from other industries, we’re ensuring more people can take part in the thriving space economy.


SWIFT unites rocket designers and builders, fostering seamless collaboration across educational and technical programs. Through shared testing platforms and hands-on experience in liquid rocket hardware, we give students the opportunity to dream, build, and launch.

SWIFT: Build. Test. Fly.
By emphasizing hands-on design, fabrication, and testing of liquid rocket hardware, we ensure that graduates possess practical skills that meet the immediate needs of the defense and aerospace sectors.

We then streamline the process for organizations to access and onboard these exceptionally qualified individuals.",Space Research and Technology,2-10 employees,Non Profit,"Austin, Texas, United States",United States,swiftrocket.org,https://www.linkedin.com/company/swiftrocket
Citra Space Corporation,,Space Research and Technology,2-10 employees,Privately Held,"Colorado Springs, Colorado, United States",United States,citra.space,https://www.linkedin.com/company/citra-space
LSAS,"LSAS has a long heritage as a legacy partner for Ansys, in particular with Ansys Government Initiatives (AGI), where the Digital Mission Engineering tools (Systems Tool Kit and Orbit Determination Tool Kit) have been developed and sold for more than 30 years.  

LSAS began as a Japanese partner for AGI and served that market directly for more than 15 years.  This included direct sales and engineering support, but has now evolved to LSAS exclusive product offerings which extend these core partner products to focus on workflow automations and satellite operations solutions. This is our area of expertise, and where we have many subject matter experts focused on continued development of these solutions and helping our customers get the most out of these commercial products.    

LSAS has built a reputation as a trusted solution provider ranging from small commercial space ventures to large systems integrators and government customers. In addition to delivering the COTS software tools from our industry product partners, LSAS also delivers its own software solutions which leverage these technologies to offer complete space operations solutions tailored to the needs of our customers and their organizations. 

While we recognize the growth of the space operations business as a key focus area, LSAS continues to support mission design and operations in all domains, hence our company name's acronym, Land, Sea, Air and Space, and would love an opportunity to help customers achieve mission simulation and systems testing success across any/all domains! Contact LSAS Tec for more information on how we can help achieve your goals.

Video Content: https://www.youtube.com/@LSASTec",Space Research and Technology,11-50 employees,Privately Held,"Tucson, Arizona, United States",United States,lsas-tec.com,https://www.linkedin.com/company/lsas-tec
SFA Huntsville - Rocket City,"Space Force Association Huntsville Rocket City Chapter. SFA's mission is to achieve superior national spacepower by shaping a Space Force that provides credible deterrence in competition, dominant capability in combat, and professional services for all partners.",Space Research and Technology,2-10 employees,Non Profit,"Huntsville, Alabama, United States",United States,ussfa.org,https://www.linkedin.com/company/sfa-huntsville
SFA Space Coast,"Space Force Association's mission is to achieve superior national spacepower by shaping a Space Force that provides credible deterrence in competition, dominant capability in combat, and professional services for all partners.",Space Research and Technology,2-10 employees,Non Profit,"Cape Canaveral, Florida, United States",United States,ussfa.org,https://www.linkedin.com/company/sfa-space-coast
SFA Florida,"Space Force Association's mission is to achieve superior national spacepower by shaping a Space Force that provides credible deterrence in competition, dominant capability in combat, and professional services for all partners.",Space Research and Technology,2-10 employees,Non Profit,"Cape Canaveral, Florida, United States",United States,ussfa.org,https://www.linkedin.com/company/sfa-fl
AxionOrbital Space (YC W26),"Building foundation models for 24/7 Earth Observation starting with SOTA SAR to Optical models.

Space is the next frontier",Space Research and Technology,2-10 employees,Privately Held,"San Francisco, California, United States",United States,axionorbital.space,https://www.linkedin.com/company/axion-orbital
Ethereal Space,"Ethereal Space is the first commercial company to build a dedicated space weather satellite constellation as a sentry to monitor potentially hazardous solar activity and conditions on the Sun, in the solar wind, magnetosphere and ionosphere which can degrade, damage, or devastate all spacecraft in orbit and the Earth-based industries which rely upon them.

Our team is comprised of aerospace and defense industry professionals who have spent their careers in space. From the design and development of science missions for both GEO and LEO, to the spacecraft and instruments such as: multispectral and hyperspectral spectrometers, passive microwave and infrared atmospheric sounders, ozone profilers, GNSS Radio Occultation, GNSS Reflectometry, Electro-Optical/Infrared Imagers, and radar altimeters. The Ethereal Space team has successfully designed and led multiple space missions including satellite assembly, integration, test, launch and operations. Our work included the US Government, Foreign Governments, and Civil/Commercial missions globally.",Space Research and Technology,2-10 employees,Privately Held,"Greenwood Village, Colorado, United States",United States,etherealspace.com,https://www.linkedin.com/company/ethereal-space-inc
B612,"B612 and the Asteroid Institute bring together scientists, researchers, and engineers to develop tools and technologies to understand, map, and navigate our solar system, and protect our planet from asteroid impacts. A program of B612 Foundation, the Asteroid Institute leverages advances in computer science, instrumentation, and astronomy to find and track asteroids. Since 2002, the Foundation has supported research and technologies to enable the economic development of space and enhance our understanding of the evolution of our solar system in addition to supporting educational programs, including Asteroid Day. Founding Circle and Asteroid Circle members, and individual donors from 46 countries provide financial support for the work. For more information, visit B612foundation.org or follow on social: Twitter, Facebook, YouTube and Instagram.",Space Research and Technology,11-50 employees,Non Profit,"Mill Valley, California, United States",United States,b612foundation.org,https://www.linkedin.com/company/b612foundation-asteroid
Princeton Satellite Systems,"Princeton Satellite Systems, Inc. is a small company extending the state-of-the-art in energy and aerospace systems. We are actively developing exciting technology for fusion power and propulsion, spacecraft control and navigation, solar sails, spacecraft formation flying and proximity ops, and home solar/battery systems. Also dba Princeton Fusion Systems.",Space Research and Technology,2-10 employees,Privately Held,"Plainsboro, New Jersey, United States",United States,psatellite.com,https://www.linkedin.com/company/princeton-satellite-systems
The Future Space Leaders Foundation,"The Future Space Leaders Foundation (“FSLF”) is a tax exempt 501 c 3 non-profit organization dedicated to the career development of young space and satellite industry professionals. The Foundation organizes events and raises funds for grants to deserving graduate students and young professionals. FSLF works in cooperation with other non-profits, companies and government agencies on space-related educational events. FSLF is also actively promoting the professional development of young Americans targeting careers in the academic fields of Science, Technology, Engineering, Art and Math (“STEAM”).

Through its annual Future Space event, FSLF advances learning and fosters interaction among current space and satellite industry leaders with graduate students and young professionals. The Foundation made eight grant awards in 2013-2014 to outstanding American graduate students and young professionals enabling them to attend and present papers at major space-related symposia and conferences including the IAF International Astronautical Congress, SGAC Space Congress, AAS Goddard Memorial Symposium, NSC Goddard Dinner, Satellite 2014, SSPI Gala, AIAA Spotlight Awards and ISPCS.",Space Research and Technology,2-10 employees,Non Profit,"Washington, Washington, United States",United States,futurespaceleaders.org,https://www.linkedin.com/company/the-future-space-leaders-foundation
BoxMica,"BoxMica's Intelligence as a Service provides a fully managed, persistent satellite monitoring service for mission critical, actionable intelligence. Located on Florida's Space Coast.",Space Research and Technology,11-50 employees,Self Owned,"Melbourne, Florida, United States",United States,boxmica.com,https://www.linkedin.com/company/boxmica
Symphony Space,"Symphony Space is building the missing infrastructure layer for the next space economy. Our mission is to unlock space for all by delivering affordable, modular orbital platforms that make payload hosting, constellation deployment, and orbital access dramatically more flexible and cost-effective.",Space Research and Technology,2-10 employees,Privately Held,"Arlington, Virginia, United States",United States,symphony-space.com,https://www.linkedin.com/company/symphonyspace
NAVXCOM,NEXT-GEN DEEP SPACE NAVIGATION & COMMUNICATION SYSTEMS. Connecting Worlds,Space Research and Technology,11-50 employees,Privately Held,"Denver, Colorado, United States",United States,navxcom.com,https://www.linkedin.com/company/navxcom
Impossible Sensing,"We are a space exploration company driving climate-tech innovation for a better planet.

We create new technologies to find life in our solar system and develop the lunar resources we need to support human presence on the Moon.  And we turn these space innovations into commercial solutions that help mitigate the climate disruption: greener energy, climate-smart agriculture, carbon capture and sequestration, greenhouse gas emissions monitoring, clean-tech minerals, and many more.",Space Research and Technology,11-50 employees,Privately Held,"St Louis, Missouri, United States",United States,impossiblesensing.com,https://www.linkedin.com/company/impossiblesensing
Chasing Space,"Chasing Space is the go-to podcast to tell you about everything going on in the trillion dollar space industry. But we’re not here to just talk about technology. This podcast tells the story of the people, the global movements, and the unimaginable engineering feats that are transforming our world every day, even if most people don’t know it’s happening.

Listen to Chasing Space on your Apple Podcasts, Spotify, or whatever podcast player you prefer. 

Hosted by Brenden Swanik",Space Research and Technology,2-10 employees,Privately Held,"Washington, Washington, United States",United States,chasing-space.com,https://www.linkedin.com/company/chasingspace
IRPI,"IRPI is an engineering and research company developing spaceflight hardware and systems, from early research through flight-proven products. Our core expertise is low-gravity fluid mechanics, extending into full space-systems engineering — life support and ECLSS, thermal management, advanced materials, phase separation, and fire safety. We take technologies across the full Technology Readiness range, from TRL 1 to TRL 9. IRPI has flown more than a dozen experiments aboard the ISS, delivered hardware on NASA's Artemis II, and operates the NASA-IRPI TeleScience Center in Wilsonville, Oregon, commanding ISS experiments in real time.",Space Research and Technology,2-10 employees,Privately Held,"Wilsonville, Oregon, United States",United States,irpillc.com,https://www.linkedin.com/company/irpi-llc
Interplanetary Chamber of Commerce Inc. 501(c)6,"The Interplanetary Chamber of Commerce (ICoC) is the premier global advocate for businesses venturing into space, fostering a sustainable space economy worldwide. We proudly represent businesses of all sizes, offering trusted support, partnerships, and networking opportunities. 

We have a services directory listing area for our clients to network - visit our directory is www.ichamberx.com to add your company. 

We conduct research, write white papers, develop policies ensure ICT standards with global authorities collaborate with leading universities, governments, and private sector. Develop UseCases with national security and civil space implications. Identifying products, sourcing partnerships, drafting ICT procurement tendering specifications for global supply chain and advisory.

As the inaugural and sole Interplanetary Chamber of Commerce, we are pioneering a new frontier, enabling industries to expand into space and enhance life on Earth while unlocking research opportunities for space habitation. Join us at the forefront of exploration as we venture beyond boundaries!

We enable industries to expand into space and enhance life on Earth while unlocking research opportunities for space habitation. Join us at the forefront of exploration as we venture beyond boundaries!",Space Research and Technology,11-50 employees,Non Profit,"Plentywood, Montana, United States",United States,ichamberx.com,https://www.linkedin.com/company/interplanetary-chamber-of-commerce
ethicallyHackingspace(eHs),"Welcome to ethicallyHackingspace (eHs) the workforce development, tooling, and micro-credentialing community. We develop Space Cybersecurity Operations and Resilience Platform Professional (SCOR-P2)TM capability solutions today to support the workforce requirements of tomorrow. We are the only SCOR micro-credentialing solution focused on #keepingspacesafe.",Space Research and Technology,2-10 employees,Non Profit,"Dacula, Georgia, United States",United States,spacecybersecurityprofessional.com,https://www.linkedin.com/company/h4ck32n4u75
Colorado Space Grant Consortium,"About Us
The Colorado Space Grant Consortium is a state-wide program that provides Colorado students access to space through innovative courses, real-world hands-on satellite programs, and interactive outreach programs. We are funded by NASA as part of National Space Grant Program. There are 52 consortia in the National Space Grant program, with one consortium in each state, in addition to Puerto Rico and Washington, D.C.

Our vision:
Providing an inclusive and interdisciplinary community of Colorado students with experiences in space to prepare them for our Nation’s future space programs.

Our mission:
COSGC uses the excitement of our Nation’s aeronautics and space program to inspire, educate, and develop America’s future technological workforce by enabling an inclusive and interdisciplinary community of college and university students to participate in space-based hands-on projects, courses, research, and public service activities.

The COSGC involves 21 colleges, universities and institutions around Colorado. Each year COSGC engages over 300 college and university students. Many of our members teach space-related courses.

The COSGC headquarters is located in the Discovery Learning Center on the campus of the University of Colorado at Boulder. Each affiliate institution has a Director who oversees student programs on their home campuses, in addition to faculty, industry, and community mentors..",Space Research and Technology,2-10 employees,Non Profit,"Boulder, Colorado, United States",United States,colorado.edu,https://www.linkedin.com/company/colorado-space-grant-consortium
Space Rising,"Space RisingTM is a global platform based in Arizona that operates the connective infrastructure of the space economy across three pillars: SpaceOS, the intelligence and community platform; Space Congress, the convening where the sector votes its priorities; and the Space Councils, the stewards who carry those priorities into action. It is built on the premise that connective infrastructure comes first — that federal designations, press attention, and capital follow the infrastructure rather than precede it.",Space Research and Technology,2-10 employees,Privately Held,"Scottsdale, Arizona, United States",United States,spacerising.org,https://www.linkedin.com/company/space-rising
The Florida Space Institute,"The Florida Space Institute had been supporting space research, development, and education activities since 1996. FSI is a cornerstone of the University of Central Florida.

From observations of small bodies in the solar system to extraterrestrial soil mechanics, our research spans a wide spectrum. 

Administratively housing the Florida Space Grant Consortium (FSGC) for NASA, The Center for Lunar and Asteroid Surface Science (CLASS), Solar System Exploration Virtual Research Institute (SSERVI), and The Radiation Effects on Volatiles and Exploration of Asteroids and Lunar Surfaces (REVEALS), we're at the forefront of space innovation and collaboration.",Space Research and Technology,11-50 employees,Non Profit,"Orlando, Florida, United States",United States,ucf.edu,https://www.linkedin.com/company/florida-space-institute-ucf
iSEE - Impact Space Expedition and Exploration,"iSEE (Impact Space Expedition & Exploration) is a global leader in space security, providing advanced multi sensing AI controlled technology for Space Situational and Domain Awareness (SSDA)",Space Research and Technology,11-50 employees,Public Company,"Arlington, Virginia, United States",United States,isee-space.ai,https://www.linkedin.com/company/isee-impact-space-expedition-exploration
SpaceRake,"Many industries would benefit from satellite data, but lack the means to obtain and use it. SpaceRake is working to make data from space available to users on Earth, simply.",Space Research and Technology,2-10 employees,Privately Held,"Cambridge, Massachusetts, United States",United States,spacerake.net,https://www.linkedin.com/company/spacerake
Black Moon Energy Corporation,"Supply sufficient Helium-3 to provide a reliable long-term source for sale on earth for fusion fuel and other market opportunities including medical diagnostics, radiation detection, quantum computing, cryogenic applications and other science applications.",Space Research and Technology,2-10 employees,Privately Held,"Houston, Texas, United States",United States,blackmoon.energy,https://www.linkedin.com/company/blackmoonenergy
Pulse Space,Powering Space's Future,Space Research and Technology,2-10 employees,Privately Held,"Seattle, Washington, United States",United States,pulsespace.com,https://www.linkedin.com/company/pulsespace
Starfighters Space (NYSE AMERICAN: FJET),"Starfighters Space is an opportunity to participate in high-demand commercial space activities.

-Located at NASA’s Kennedy Space Center in Florida alongside SpaceX, Blue Origin and Terran Orbital

-F-104 acts as first stage carrying payloads to 45,000 feet for air launch to space

-Hypersonic testing as part of air launch partner development program

-Fleet of seven F-104 fighter jets - the only commercial fleet in the world - will be capable of launching satellites through Starfighters SILA program

-Market ready with minimal R&D time given proven propulsion technology

-We aim to be one of the most cost-effective launch providers*

-Current customers include Lockheed Martin, US Air Force, Northrop Grumman, Blue Origin, Meggitt, and Avio

*In process of acquiring launch license with FAA.",Space Research and Technology,11-50 employees,Privately Held,"Cape Canaveral, Florida, United States",United States,starfightersspace.com,https://www.linkedin.com/company/starfighters-space
Celestial Citizen,"Celestial Citizen is a platform for promoting a more equitable and just vision of planetary settlement beyond Earth. This organization seeks to provide a medium for conversation and discourse around how to be a better interplanetary citizen and responsible steward of Earth at the same time. Key initiatives include making space exploration and settlement planning a diverse and inclusive enterprise, while promoting sustainability across the solar system. Celestial Citizen aims to solve many challenges facing Earth today with technologies and solutions derived from the space industry.",Space Research and Technology,2-10 employees,Privately Held,"Pasadena, California, United States",United States,celestialcitizen.com,https://www.linkedin.com/company/celestial-citizen
IEEE Aerospace Conferences,"The International Conference for Aerospace Experts, Academics, Military Personnel, and Industry Leaders.

This conference, with AIAA and PHM Society as technical cosponsors, is organized to promote interdisciplinary understanding of aerospace systems, their underlying science and technology, and their applications to government and commercial endeavors.

The weeklong conference held every March in Big Sky, MT is set in a stimulating and thought-provoking environment.  Each year, a large number of presentations are given by professionals distinguished in their fields and by high-ranking members of the government and military.

The plenary sessions feature internationally prominent researchers working on frontiers of science and engineering that may significantly impact the world we live in. Registrants are briefed on cutting edge technologies emerging from and intersecting with their disciplines.",Space Research and Technology,Self-employed,Non Profit,"Big Sky, Montana, United States",United States,aeroconf.org,https://www.linkedin.com/company/ieee-aerospace-conferences
Instinct Space (YC W25),"Instinct is making the Moon the new LEO. Our small lunar lander is designed to be launched as a regular LEO rideshare, enabling higher mission cadence at a lower cost.",Space Research and Technology,2-10 employees,Privately Held,"San Francisco, United States",United States,instinct-space.com,https://www.linkedin.com/company/instinct-space
Hexabitz,"We're building a new form of supercomputing with breakthrough properties that include extreme resilience, massive weight savings, space radiation tolerance, and solar power advantage. Our technology won ""AWARDABLE"" status on DARPA ERIS marketplace: darpaconnect.us/eris. DARPA reviewers have described it as:
- “This has the potential to become a game changing technology”
- “There are significant applications of this technology concept in the defense arena and commercial markets.”
- “If successful this technology would find numerous commercial and military applications.”
- “This is a pretty ingenious idea.”
- “This is a high risk submission that has the potential to greatly advance the state of the art if successful.”

Our technology is set to reduce the world's reliance on Nvidia and Co.. Come join us to change the world and build the next frontier in supercomputing!",Space Research and Technology,11-50 employees,Self Owned,"Tulsa, Oklahoma, United States",United States,hexabitz.com,https://www.linkedin.com/company/hexabitz
Extellis,"Extellis is a satellite imaging company dedicated to delivering reliable Earth observations at an industrial scale. Our patented antennas, invented at Duke with DARPA-sponsored research, enable satellites that can take thousands of synthetic aperture radar (SAR) images per day. Blending wide-area scanning with high-volume captures brings advanced spaceborne monitoring capabilities with sensible economics to drive widespread adoption.",Space Research and Technology,2-10 employees,Privately Held,"Durham, North Carolina, United States",United States,extellis.com,https://www.linkedin.com/company/extellis
Ulterex,"Inspired by nature, we will produce transport systems and gadgets that run on air, water, solar and other naturally abundant elements that drastically reduce the global carbon footprint and ensure a greener, more sustainable planet for everyone.",Space Research and Technology,"5,001-10,000 employees",Privately Held,"California, California, United States",United States,ulterex.com,https://www.linkedin.com/company/ulterex
Qwaltec,"Qwaltec was founded in May of 2001 on the belief that success begins with quality. We have an extensive history with both government and commercial programs in technical training, systems engineering, and program management. Based on this history, we combine the best practices from our experience with the DoD, NASA and other government agencies along with commercial aerospace and network operations systems. These best practices provide a foundation for helping customers solve their unique operations, systems engineering, and program management challenges. As a privately held company, Qwaltec is dedicated to doing what is right for our customers. 

Qwaltec consists of a highly motivated staff of systems engineers, technical training consultants, program managers, and technical experts. Our experience with satellite and network operations has given us the insight and adaptability necessary to respond to highly dynamic programs. Our dedication to program success goes beyond our contractual agreement. We know that organizations that are trained, operated, and managed well reduce the long-term costs of your project. We continue to adapt our services, as needed, to achieve success for your personnel and ultimately your business. By quickly assimilating ourselves into your organization, we join in the allegiance to your success.

Qwaltec is certified as a Women-Owned Small Business (WOSB).",Space Research and Technology,51-200 employees,Privately Held,"Tempe, Arizona, United States",United States,qwaltec.com,https://www.linkedin.com/company/qwaltec
Perpetual Atomics,"A space nuclear power, space science and exploration company.

Sustaining our collective space science, exploration, space economy ambitions, will increasingly rely on energy dense long duration power sources. Radioisotope power systems powered by Americium-241 form the backbone of our product portfolio - see our website at www.perpetualatomics.com .

Perpetual Atomics, is built on over six decades of space sector expertise and heritage at the University of Leicester and almost two decades of pioneering work on Americium-241 radioisotope-based space nuclear power technology development as part of a European Space Agency funded programme. The first to propose the use of americium-241 power systems for space applications.

Perpetual Atomics is focused on establishing a global space nuclear power capability spanning the whole value chain underpinned by its agile team of highly skilled individuals, advanced technology solutions, systems, strong partnerships, and unmatched credentials in the space nuclear domain.

Sustainable and resilient energy solutions for space and terrestrial applications are powered by Americium-241.

The University of Leicester spin-out is funded by Reef Origin  to scale the commercialisation of this technology globally.",Space Research and Technology,11-50 employees,Privately Held,"Dayton, Ohio, United States",United States,perpetualatomics.com,https://www.linkedin.com/company/perpetual-atomics
Astrum Drive Aerospace,"Astrum Drive Technologies is a forward-thinking US-based space startup focused on developing advanced propulsion systems. Our team has developed a groundbreaking propulsion system that directly converts electrical energy into continuous thrust, eliminating the need for conventional fuels. 
This breakthrough enables deep space travel, significantly extends satellite lifespans, boosts spacecraft range, speed, and payload capacity, and lowers operational costs - benefiting satellite operators, space agencies, and defense organizations alike. 
With proven prototypes, secured patents, and partnerships with leading universities & space companies, we are poised to redefine the future of space travel.

Our propellantless propulsion technology offers significant advantages for satellite applications. By eliminating the need for onboard fuel storage, satellites equipped with our system can be lighter, more compact, and have extended operational lifetimes. This technology enables the satellites to perform efficient orbital maneuvers, precise station-keeping, and opens up new possibilities for satellite constellations and formations.

Our research is published in prestigious Q1 journals, we have LOIs and collaborations with leading US institutions, including the University of Alabama in Huntsville, NASA, SpaceX and others.",Space Research and Technology,11-50 employees,Privately Held,"Dallas, United States",United States,astrumdrive.com,https://www.linkedin.com/company/astrum-drive-technologies
STORIES of Space,"Do you have a story? A story about space that you’ve been thinking about for some time?  
Your story has the potential to change the way we explore space, but opportunities to share your story have been limited, challenging, and undiscovered. Until today. 
Today, a simple story will fly to space, changing how we explore it. 
Your story. Right here, right now. www.storiesofspace.com",Space Research and Technology,2-10 employees,Public Company,"Chicago, Illinois, United States",United States,storiesofspace.com,https://www.linkedin.com/company/stories-of-space
Helogen Corporation,"Helogen is a space infrastructure company that enhances life on earth and enables life in space. Our technological advancements help companies bring breakthroughs in medicine and materials to market faster than anyone else. Using biology in space, we focus on accelerating early stage drug discovery and development that would otherwise be impossible on Earth.

Helogen builds instrumentation that can grow, observe, and manufacture biological systems in alien conditions, leading to advancements in our understanding of novel mechanisms, geometries, and evolutions. This allows for more relevant physiological tissue models, accelerated biological processes, and the discovery of novel biologics. These instruments can be deployed on our own satellites, on space stations, and even celestial bodies. 

Our autonomous labs offer direct control from Earth, allowing for observation, construction, and engineering of biological systems in a reliable and predictable fashion. Product applications include Drug Discovery, Therapeutics, Oncology, Tissue Engineering, Engineered Biology, Agriculture, and more. 

Helogen stands at the cutting edge, harnessing the unique conditions of space to improve human health, planetary well-being, and commercial capabilities. 

You provide the science, we handle the rest.

Visit our website to see how you can fly with us: https://www.helogen.com.",Space Research and Technology,11-50 employees,Privately Held,"New York, New York, United States",United States,helogen.com,https://www.linkedin.com/company/helogen
ACES Worldwide,"Our Mission:
ACES Worldwide endeavors to strengthen and promote international space cooperation and establish new alliances between diverse educational, technological, civil, and entrepreneurial organizations. ACES Worldwide’s mission is to help advance and support equitable space policies, laws, and regulations on a global basis by which all nations and private and public entities can engage in optimizing humanity’s potential for space exploration and utilization--both on and beyond the Earth.

ACES Worldwide aspires to help harmonize commercial space endeavors, national space agency goals, and the interests of both non-profit and humanitarian organizations seeking to engage with space exploration, utilization, and development. This alliance primarily addresses issues related to space safety, improved sustainability, space traffic management, cosmic hazards, and planetary defense, space education and training, and capacity-building in space systems.",Space Research and Technology,11-50 employees,Non Profit,"Virginia, Usa, Virginia, United States",United States,acesworldwide.org,https://www.linkedin.com/company/acesworldwide
ICASST,International Conference on Aerospace Science and Technology,Space Research and Technology,11-50 employees,Educational,"Lincroft, New Jersey, United States",United States,icasst.mx,https://www.linkedin.com/company/international-conference-on-aerospace-science-and-technology-icasst
TIME SPACE TECH,"Space Technologies,
Energy Sector(GRIDSETS131019O9),
Pleiades,
Pegasus,
TESCO,
PAMOS,
AFMT,
TTT - SRD,
PROJECT 3SR,
GPS - TM,
50IMO",Space Research and Technology,51-200 employees,Privately Held,"Los Angeles, California, United States",United States,timespace.in,https://www.linkedin.com/company/time-space-tech
Advanced SpaceLife Research Institute,"The Advanced SpaceLife Research Institute (ASRI) is a nonprofit research organization dedicated to studying human reproduction and sexual health as they apply to outer space environments.
ASRI serves as a focal point for research organizations, space agencies, commercial space companies, universities, and individual researchers in the planning, execution, and archival of research in this domain, enabling permanent, multigenerational human settlement beyond Earth.
Due to the nature of this research, ASRI’s content and communications are intended for audiences 18 years and older and are presented strictly within a scientific, educational, and professional context.",Space Research and Technology,11-50 employees,Non Profit,"Cape Canaveral, Florida, United States",United States,asri.space,https://www.linkedin.com/company/advanced-spacelife-research-institute
AAC SpaceQuest,"AAC SpaceQuest is a full satellite solutions firm with extensive capabilities including design, development, integration and launch of small (<100kg) satellite systems, as well as the implementation and on-orbit operation of space-based data missions. We have undertaken the design, manufacture and integration of space systems for select blue-chip commercial and government clients and have successfully delivered on-orbit, a variety of satellites for our customers throughout our 25 year history.

We also offer an extensive range of proven spacecraft components, including RF communication subsystems for S-band, X-band, UHF and VHF frequencies, solar panels, power management systems, GPS Receivers, antennas, and AIS receiver payloads. All our satellites systems and components have extensive flight heritage.

The company is now in the process of building its next generation of advanced maritime data satellites, which will complement its existing assets on-orbit, with the next launches for this constellation due to begin in Q4 2023.",Space Research and Technology,51-200 employees,Public Company,"Fairfax, Virginia, United States",United States,aac-clyde.space,https://www.linkedin.com/company/aac-spacequest
Infinity One Oklahoma Spaceport,"Managed by the Oklahoma Space Industry Development Authority (OSIDA), Infinity One Oklahoma Spaceport is one of only 14 FAA-licensed spaceports in the United States. It features one of the longest runways in North America (13,503 feet) and was the first FAA-approved spaceport in a landlocked state. This strategic infrastructure supports horizontal launch and recovery, aerospace testing and research for next-generation spacecraft, and traditional commercial aviation activities such as MRO, flight training, and aerial wildfire response. In 2025, Oklahoma solidified its position in the commercial space sector by merging OSIDA under the Oklahoma Department of Aerospace and Aeronautics (ODAA) to streamline industry growth and prepare for the next era of space renaissance.",Space Research and Technology,2-10 employees,Government Agency,"Burns Flat, Oklahoma, United States",United States,airspaceportok.com,https://www.linkedin.com/company/spaceportokgov
Center for Space Governance,"The Center for Space Governance is a research institute dedicated to exploring the future of the space economy, currently based in Brussels and San Francisco. Our mission is to address the greatest challenges and opportunities for humanity’s future in space.",Space Research and Technology,2-10 employees,Non Profit,"San Francisco, California, United States",United States,governance.space,https://www.linkedin.com/company/spacegovernance
Tehiru Space,"We are building next-generation rocket infrastructure
that supports the uber growth of smallsat utilization worldwide.
Our launch vehicles harness the latest state of the art
manufacturing along with electrical landing, allowing for reduced turnaround time and cost.",Space Research and Technology,11-50 employees,Privately Held,"New York, New York, United States",United States,tehiru.space,https://www.linkedin.com/company/tehiru
"Lunar Helium-3 Mining, LLC","Lunar Helium-3 Mining (LH3M) is solely focused on advancing practical technologies for detecting and extracting Lunar Helium-3, a critical resource for achieving global energy independence through nuclear fusion. We are strongly aligned with the President’s clean energy initiative with respect to fusion power commercialization.  LH3M’s primary objective is to establish sustainable and practical processes for extracting and transporting He-3 from the Moon to Earth. We are focused on continuing to advance our Technology Readiness Levels strategically and methodically by working “within” the constraints of the environment of the moon.   Leveraging Helium-3 as a primary fuel source for nuclear fusion has the potential to replace reliance on nuclear fission and fossil fuels, paving the way for a low-cost, truly global green energy solution worldwide.",Space Research and Technology,2-10 employees,Privately Held,"Scottsdale, Arizona, United States",United States,lh3m.com,https://www.linkedin.com/company/lunar-helium-3-mining-llc
Oligo Space,"Oligo is a hardware, software, and AI research company building the automated engineering and production systems required to translate an objective directly into the physical system built to accomplish it in space.

We begin with application-specific spacecraft, each designed and built around the precise payloads, instruments, mission objectives, and operating conditions it must support. As these systems advance, we will apply our technology beyond conventional spacecraft to engineer unique platforms, surface machinery, and the broader physical infrastructure humanity will need beyond Earth.

We are now filling the manifest for a larger ~300 kg mission planned for the end of 2027. Alongside these missions, we are working with a small number of companies to define new space-based applications and determine the physical systems required to make them operational.",Space Research and Technology,11-50 employees,Privately Held,"Hawthorne, California, United States",United States,oligospace.com,https://www.linkedin.com/company/oligo-space
UFO,"UFO provides engineering support and rapid R&D services for cislunar, deep-space and interplanetary endeavors while developing the next generation space data and communication infrastructure.",Space Research and Technology,11-50 employees,Privately Held,"Pasadena, California, United States",United States,ufoco.com,https://www.linkedin.com/company/ufoco
Texas Space Summit,"The Texas Space Summit is where space stops being abstract and starts becoming real business. 

Land in San Antonio, at the heart of American industry, and sit shoulder to shoulder with the people who fund, build, regulate, test, and deploy the next generation of space infrastructure. From ground-based solutions and low-Earth orbit to cislunar and lunar operations, data, defense, and energy, this is where ideas become contracts and pilots become programs. 

Across three days, you'll move seamlessly between main-stage conversations, live system demos, investor sessions, and hosted-buyer meetings designed to help you: 

- Showcase technology in front of decision-makers
- Meet partners who can help you deliver
- Turn introductions into real opportunities

In space, the Lone Star outshines the rest.",Space Research and Technology,2-10 employees,Privately Held,"San Antonio, Texas, United States",United States,texasspacesummit.com,https://www.linkedin.com/company/texas-space-summit
Stealth Space Startup,Stealth Space Startup,Space Research and Technology,2-10 employees,Privately Held,"Irvine, California, United States",United States,,https://www.linkedin.com/company/level-9-space
CFS Engineering,"CFS Engineering is a consultancy company founded in August 1999, located in the Business Park (PSE) of the Swiss Federal Institute of Technology (EPFL) in Lausanne, Switzerland.
The mission of CFS Engineering is:

To offer services in the Numerical Simulation of Fluid Mechanics and Structural Mechanics Engineering Problems

Numerical simulation of complex engineering problems is becoming increasingly important in product design, but requires highly specialized knowledge and tools. CFS Engineering has this knowledge and the tools to work with its customers to better understand the physics of complex engineering problems, with the ultimate goal of improving product design and/or performance.

CFS Engineering is a Societe Anonyme (SA) with 3 share holders, RUAG Aerospace, Silvio Merazzi, and Jan B. Vos.",Space Research and Technology,2-10 employees,Privately Held,"Midway, Utah, United States",United States,cfse.ch,https://www.linkedin.com/company/cfs-engineering-sa
The Filmed in Space Company,"We are an industry leader in sustainable near-space balloon flights, having completed over countless successful flights. Our services include sending a variety of objects, including products, family photos, models, and personal messages, into space for our clients. We capture high-quality 4k footage of your item in space, making it an excellent choice for a unique gift, thoughtful gesture, or powerful branding tool.",Space Research and Technology,11-50 employees,Privately Held,"New York, New York, United States",United States,filmedinspace.com,https://www.linkedin.com/company/filmed-in-space
Aperture Earth,"Aperture is operating at the forefront of earth observation innovation, dedicated to advancing the frontiers of radio sensing. We specialize in providing cutting-edge solutions that harness the vast potential of this underutilized and grossly undervalued methodology. 

Aperture brings a host of never seen before mapping and detection capabilities. Our mission is to revolutionize how humanity bridges between today's technology and tomorrow's possibilities. 

At Aperture, we are committed to pioneering new paths, driving innovation, and delivering unparalleled value to our partners and customers.",Space Research and Technology,2-10 employees,Privately Held,"Boston, Massachusetts, United States",United States,aperture.earth,https://www.linkedin.com/company/aperture-earth
i5 Space,"i5 Space is a national student organization that operates in conjunction with the U.S. Space Force’s Space Training and Readiness and Command (STARCOM). We aim to deliver educational, training, and professional development resources to students around the country who are interested in pursuing a career in the newest branch of the US military—the Space Force. We are growing every day and currently boast more than 1000 members from 67 different Squadrons! We are also proud to have research partnerships with the Space Force and NATO.",Space Research and Technology,"501-1,000 employees",Self Employed,"Colorado Springs, Colorado, United States",United States,,https://www.linkedin.com/company/i5space
ARCHECompany,"From Catalytic Capital to Deep Tech Enterprises, Arche is your infrastructure layer for disruption. We're here to build the systems that move humanity forward.

Welcome to Arche, where bold visions meet strategic solutions and execution. We are a deep tech holding firm on a mission to empower the world's most innovative deep tech projects. Our passion is to fuel audacious ideas that push the boundaries of what's possible and propel humanity into a brighter future.

A Unified Arche: Capital, Strategy, and our own Deep Tech Ventures: Arche’s capabilities are structured into five synergistic business units:

- Arche Orbital Systems: In-orbit services and infrastructure for autonomous space operations

- Arche Halo Dynamics: Physical-AI and advanced robotics for autonomous industrial applications

- Arche Omix Core: Accelerating research and discovery with AI-powered synthetic biology

- Arche Capital Solutions: Financing innovation from inception to impact through a tailored portfolio of financial instruments for deep tech

- Arche Horizon: Where market-pulled deep tech meets execution—built to launch ventures that scale from day one

Together, these units form a vertically integrated platform designed to accelerate deep tech from vision to impact, on Earth and beyond.",Space Research and Technology,11-50 employees,Privately Held,"Los Angeles, California, United States",United States,archecompany.co,https://www.linkedin.com/company/archecompany
IEEE Space Computing + Space Mission Challenges for Information Technology,"The International Conference on Space Mission Challenges for Information Technology (SMC-IT) and the Space Computing Conference (SCC) gather system designers, engineers, computer architects, scientists, practitioners, and space explorers with the objective of advancing information technology, and the computational capability and reliability of space missions. The forums will provide an excellent opportunity for fostering technical interchange on all hardware and software aspects of space missions. The joint conferences will focus on current systems practice and challenges as well as emerging hardware and software technologies with applicability for future space missions.",Space Research and Technology,51-200 employees,Partnership,"Pasadena, California, United States",United States,smcit-scc.space,https://www.linkedin.com/company/ieee-space-computing-smcit
Imagine Engine,"Imagine Engine Studios is a multinational private Space agency that is a world leader in space research and cutting-edge technology innovation. Our mission is to revolutionize humanity's future presence in space by developing groundbreaking solutions in quantum technology, advanced spaceports, next-generation telecommunications, aerospace engineering, and robotics.

With a commitment to excellence and a vision to become the largest and most influential technology provider in the space industry, we aim to redefine what’s possible. Imagine Engine Studios is dedicated to empowering global exploration, enhancing connectivity, and unlocking new frontiers in science and technology for a better tomorrow.",Space Research and Technology,11-50 employees,Privately Held,"Cape Coral, Florida, United States",United States,,https://www.linkedin.com/company/imagineenginespace
"Atlantis Industries, Inc.","Atlantis (AI) provides space radiation expertise for humans and electronics in the harsh environment of space. AI was founded to deliver industry leading full body medical and vehicle analysis to identify risks and provide threat assessments + test and design capabilities for optimized monitoring, protection & on-orbit countermeasures.",Space Research and Technology,11-50 employees,Privately Held,"San Antonio, Texas, United States",United States,atlantis-industries.com,https://www.linkedin.com/company/atlantisindustries
L10 Innovations,"At L10 Innovations, we specialize in strategic advisory, mission optimization, and technical expertise across the space, drone, and AI domains. Our mission is to help organizations accelerate innovation and achieve success in the most demanding operational environments.",Space Research and Technology,2-10 employees,Privately Held,"Fairfax Station, Virginia, United States",United States,l10innovations.com,https://www.linkedin.com/company/l10-innovations-llc
Columbia Space Initiative,"The Columbia Space Initiative is a group of students and professors at Columbia University who are dedicated to the pursuit of knowledge in near-space, space, and beyond.

We come from diverse academic fields, and we are involved in competition-based engineering challenges, as well as independent technological pursuits. We take part in space-oriented outreach, and we organize speaker events and educational workshops to showcase many different aspects of the global space community.

Our members are some of the most motivated individuals that our university has to offer, and have worked at places like Boeing, Lockheed Martin, NASA, and SpaceX.",Space Research and Technology,201-500 employees,Educational,"New York, New York, United States",United States,columbiaspace.org,https://www.linkedin.com/company/columbia-space-initiative
FUTURE of SPACE,"At FUTURE of SPACE, we bring the space and non-space communities together. Through a meticulously curated group of thought leaders, artists, innovators, visionaries, and investors, we set the stage to spark meaningful conversation, foster collaboration, and drive innovation. We are the catalyst for advancing the future of humanity in SPACE and on EARTH.",Space Research and Technology,2-10 employees,Partnership,"Earth, California, United States",United States,futureofspace.io,https://www.linkedin.com/company/futureofspace
Skymapper Inc,"SkyMapper is revolutionizing astronomical research by merging cutting-edge telescope technology with Web3 innovation to democratize space exploration. This decentralized network empowers astronomers, researchers, and enthusiasts worldwide to collaboratively observe, analyze, and share cosmic discoveries.",Space Research and Technology,2-10 employees,Privately Held,"San Francisco, California, United States",United States,skymapper.io,https://www.linkedin.com/company/skymapper-inc
North American Space Institute (NASI),"The North American Space Institute (NASI) is an emerging center of excellence dedicated to advancing workforce standards in the space sector.

As the global space economy approaches $1T+, its continued growth depends on a highly skilled, mission-ready workforce. Yet, the sector remains constrained by the absence of standardized training and clearly defined competency pathways.

NASI addresses this challenge by establishing rigorous occupational standards and delivering industry-aligned certification programs that bridge technical education and operational execution. Grounded in systems-level thinking, our approach integrates foundational knowledge, applied training, and real-world context to prepare individuals for the complexities of modern space systems.

Our programs emphasize precision, discipline, and practical capability, combining structured curriculum design with immersive, scenario-based learning. Developed in collaboration with industry, NASI certifications reflect the evolving requirements of space missions and are designed to serve as a trusted benchmark of professional readiness.

NASI engages both individuals and institutions:
• Supporting the development of highly capable space professionals
• Enabling organizations to access a consistent and reliable talent pipeline

By formalizing pathways into the space sector and aligning training with operational demands, NASI contributes to a more efficient, resilient, and globally competitive workforce.

Our aim is to help define the standards by which the next generation of space professionals is trained, evaluated, and recognized.",Space Research and Technology,2-10 employees,Educational,"Cocoa, Florida, United States",United States,nasi.world,https://www.linkedin.com/company/north-american-space-institute-nasi
"Mithril Technologies, Inc.","We are an innovative technology transfer startup on a mission to commercialize the next generation of GEO satellite antennas and RF instruments. Our deployable mesh reflector antenna design, using our unique electrostatic actuation technique, renders a heritage design far more agile & flexible for use cases in satellite communications and RF situational awareness from high orbits.",Space Research and Technology,2-10 employees,Privately Held,"Cambridge, Massachusetts, United States",United States,activate.org,https://www.linkedin.com/company/mithril-technologies-inc
Planetary Systems AI,"Planetary Systems AI accelerates data at the speed of space. We are space data explorers building Earth’s orbital digital infrastructure leveraging one of the world’s fastest growing markets, the space and satellite industry, working with some of the toughest customers solving some of the toughest problems on and off the planet.
 
PSAI accelerates data flow and insight generation for decision-making in the space sector, optimizing space operations. We address the challenges of building software applications with space and satellite data, artificial intelligence and machine learning tools that are foundations for data fusion and neural networks in the space industry, digital twin technology, data models, digital reliability engineering to empower interoperability and computationally accessible data in a booming $1.8 trillion space economy. 

PSAI’s IDMP and AI software products support operational efficiency, space domain awareness, and logistical planning to serve companies, government agencies, and small businesses that will increasingly rely on clarity and speed in the multiple data sources they must consult to make decisions around space and satellite operations. 

PSAI is an approved analytic provider for the SDA TAP Lab at USSF Space Systems Command with several service contracts and has received a Phase 2 SBIR Award from SPACEWERX Ventures.",Space Research and Technology,2-10 employees,Privately Held,"New York, New York, United States",United States,planetarysystems.ai,https://www.linkedin.com/company/planetarysystems
Paramium Technologies,"Paramium Technologies has developed technology that is meeting a need in the rapidly changing world of radio communication.  We have the ability to manufacture fast, flexible, and accurate freeform curved metal panels.  
Paramium is focusing on Ground Station as a Service (GSaaS) technologies. GSaaS is a high growth/high demand industry, and the Paramium solution will allow affordable, seamless satellite communications across the globe for small to mid-size companies.",Space Research and Technology,2-10 employees,Partnership,"Tucson, Arizona, United States",United States,paramium.com,https://www.linkedin.com/company/paramium-technologies
SpaceGold Technologies,"SpaceGold Technologies builds modular AI-powered mining systems that extract metals, oxygen, and helium-3 from the Moon. Our compact lunar refinery plugs into existing rovers and uses mass spectrometry to analyze and extract resources in real time. The system is built from off-the-shelf components, tailored for lunar conditions like low gravity and vacuum, and protected under a filed patent. A built-in mass driver launches the refined materials to lunar bases, orbit, or Earth without using fuel.",Space Research and Technology,2-10 employees,Privately Held,"Sunnyvale, California, United States",United States,spacegold.co,https://www.linkedin.com/company/spacegold
Black In Astro,Black In Astro celebrates Black people that are in the space community around the world.,Space Research and Technology,11-50 employees,Non Profit,"Chicago, Illinois, United States",United States,blackinastro.com,https://www.linkedin.com/company/blackinastro
Durham University Spaceflight,"We are a society of students at Durham University, who are passionate about all things space. We aim to provide an environment in which our cohort can develop their interest in space through hands-on projects, concurrent R&D, and networking with industry professionals. Engaging in the local community is an important aspect of shortening the gap between education and careers in the space-sector. As such we assist a richer STEM education system by bringing the UK Space Design Competition to local schools.",Space Research and Technology,51-200 employees,Non Profit,"Durham, North Carolina, United States",United States,duspaceflight.co.uk,https://www.linkedin.com/company/durham-university-spaceflight
CelesTrak,"CelesTrak is a 501(c)(3) nonprofit openly providing independent, objective, and highly accurate orbital data to all in the interest of space flight safety, collision avoidance, research, education, and preservation of the orbital environment.",Space Research and Technology,2-10 employees,Non Profit,"Colorado Springs, Colorado, United States",United States,celestrak.org,https://www.linkedin.com/company/celestrak
Stanford Space Law Society,"Founded in 2024, the Stanford Space Law Society raises awareness and encourages an interest in outer space issues, with a particular emphasis on the intersection between outer space and the law. SSLS fosters a collaborative, interdisciplinary dialogue and community through lectures, discussions, reading groups, and other events while providing students with information about careers in the outer space industry.",Space Research and Technology,11-50 employees,Educational,"Stanford, California, United States",United States,stanford.edu,https://www.linkedin.com/company/stanford-space-law-society
Women in Space,"Women is Space (WinS) is organized as a committee under the Space Force Association (SFA). We are open to anyone interested in supporting the careers of women in any area of the space sector.  Joining WinS is free with an SFA membership.

Building diversity not only increases the talent pool but increases partnerships across military, civilian, and industry sectors.  We want to be a platform for women in the space sector to develop programs and activities that support their professional development, including STEM outreach to students. 

HOW TO JOIN     Membership is free with your SFA membership.  When joining, be sure to check the Women in Space option at the bottom of your SFA application.  Already an SFA member?  Go to your profile and you will find the option to join. 

BECOME A VOLUNTEER     The volunteer option on the SFA membership is to volunteer for SFA.  To volunteer for Women in Space, please email us at womeninspace@ussfa.org",Space Research and Technology,201-500 employees,Non Profit,"Colorado Springs, Colorado, United States",United States,ussfa.org,https://www.linkedin.com/company/womeninspace
Dispatch | YC P26,Dispatch is building satellites that can manufacture products in space and safely return them to Earth.,Space Research and Technology,2-10 employees,Privately Held,"San Francisco, California, United States",United States,dispatch.space,https://www.linkedin.com/company/dispatch-space
Space Science,"Space Science is a dynamic organization committed to fostering a global passion for space exploration and science. By offering a range of innovative projects, we strive to make space science accessible, engaging, and captivating for people of all ages. Through our unique approach, we spark curiosity and inspire a lifelong fascination with the wonders of the cosmos.",Space Research and Technology,11-50 employees,Privately Held,"Lewes, Delaware, United States",United States,,https://www.linkedin.com/company/spacescience
Space Nuclear Power Corporation,"Space Nuclear Power Corp (SpaceNukes)’s goal is to enable the successful deployment of fission reactors in space. Our experience with the successful DUFF and KRUSTY tests makes us uniquely qualified to do so. We strive to avoid the common mistake of overpromising what can be realistically done, or encouraging overly ambitious government programs.",Space Research and Technology,11-50 employees,Privately Held,"Los Alamos, New Mexico, United States",United States,spacenukes.com,https://www.linkedin.com/company/space-nuclear-power-corporation
SFA New England - Boston,"We are the Space Force Association New England - Boston Chapter.

Our mission is to connect, cultivate, and champion the local Boston space community—bringing together Guardians, veterans, industry leaders, students, and space-minded patriots to support U.S. national security space and the growing space economy.

From networking events and speaker panels to mentorship and outreach—we’re building a vibrant community of space interest for collaboration and innovation in New England.

There is no better time to tap into the local talent and growing space economy - let’s build something meaningful together!",Space Research and Technology,2-10 employees,Non Profit,"Boston, Massachusetts, United States",United States,ussfa.org,https://www.linkedin.com/company/sfa-new-england-boston
The Aerospace Corporation,"The Aerospace Corporation is a leading architect for the nation’s space programs, advancing capabilities that outpace threats to the country’s national security while nurturing innovative technologies to further a new era of space commercialization and exploration. Aerospace’s national workforce of more than 4,600 employees provides objective technical expertise and thought leadership to solve the hardest problems in space and assure mission success for space systems and space vehicles.",Space Research and Technology,"1,001-5,000 employees",Non Profit,"Chantilly, Virginia, United States",United States,aerospace.org,https://www.linkedin.com/company/the-aerospace-corporation
Compass-University.com,"ʟɪɴᴋᴇᴅɪɴ ꜱᴘᴀᴄᴇ ɴᴇᴛᴡᴏʀᴋ 

Compass-University.com Strong educational professional as a Software Professor responsible for programming courses, lessons, instructor course & lesson software, and websites using advanced artificial general intelligence ChatGPT

Undercover-Software.com Special Effects Audio Visual, SFX, FX, research and development of video and photography manipulation, artificial telepathy, and subliminal learning, Compass University Fusion Center

SpaceDefenseNewsletter.com Compass University school newsletter featuring jobs and careers in the Space Defense Industries, network security, technology, and work from home in space jobs

ShawnDutton.com Editor Spacedefensenewsletter.com Flashprepper ""Computer Geeks with Doomsday Gear"" frequent traveler emergency preparedness

Area51Museum.com Space Medicine, Holistic Healing, ExoPolitics, UAP & UFO Disclosure, Curator and special investigator (Roswell Army Airfield Military Artifacts)",Space Research and Technology,2-10 employees,Educational,"Colorado Springs, Colorado, United States",United States,compass-university.com,https://www.linkedin.com/company/compass-university
Astranis Space Technologies,"Astranis builds low-cost satellites for high orbits.

Our first product, MicroGEO, offers the world’s lowest-cost satellite broadband. Operating in geostationary orbit, each MicroGEO satellite can provide dedicated satellites to small and medium-sized countries, Fortune 1000 companies, and other commercial customers. Astranis has built a $1 billion backlog for 12+ MicroGEO satellites launching over the next two years.

Astranis also offers services across orbits and use cases. With contracts in place with Space Force, NASA, and other government partners, Astranis is working across MEO and GEO to support government science, PNT, and communications missions.

Astranis has raised $750 million from top global investors and employs a team of over 400 engineers and builders, headquartered at Historic Pier 70 in San Francisco, California.",Space Research and Technology,"501-1,000 employees",Privately Held,"San Francisco, California, United States",United States,astranis.com,https://www.linkedin.com/company/astranis
Undercover-Software.com,"ʟɪɴᴋᴇᴅɪɴ ꜱᴘᴀᴄᴇ ɴᴇᴛᴡᴏʀᴋ 

Undercover-Software.com Compass-University fusion center

1: Introduction
Welcome to the distinguished platform of Undercover-Software.com, where we serve as a central hub dedicated to pioneering Special Effects Audio Visual (SFX, FX) research and development. Our core focus lies in the intricate domains of video and photography manipulation, with a commitment to pushing the boundaries of innovation. 

2: Expertise
At Undercover-Software.com, our extensive expertise transcends traditional boundaries. We are at the forefront of groundbreaking research in artificial telepathy and the intricate world of subliminal learning. Our team of experts is relentless in their pursuit of excellence, continually exploring new frontiers in these specialized fields.

3: The Compass University Fusion Center
Allow us to introduce you to the Compass University Fusion Center, a prestigious establishment that serves as the epicenter of our relentless pursuit of knowledge and innovation. This remarkable center is where cutting-edge technologies merge with visionary research, fostering an environment conducive to groundbreaking discoveries. It is our privilege to have Compass University Fusion Center as a partner in our pursuit of excellence.

4: Our Vision
At Undercover-Software.com, our vision is clear: to shape the future of Special Effects Audio Visual research and development. We invite you to embark on this journey with us, where innovation knows no bounds. Together, we aim to redefine what is possible in the realms of SFX, FX, artificial telepathy, subliminal learning, and beyond. Join us as we explore the uncharted territories of knowledge and create a future that will inspire generations to come.",Space Research and Technology,Self-employed,Self Owned,"Colorado Springs, Colorado, United States",United States,undercover-software.com,https://www.linkedin.com/company/undercover-software
Space Talent,"Space Talent is the largest community platform dedicated to the space economy, built by Space Capital.

It brings together a curated job board with roles across the space economy, a salary database built on live market data, mentorship from technical leaders and operators, and peer programs serving 50,000+ space economy professionals.

Founded in 2012, Space Capital is a venture capital firm with $1B+ AUM investing at the intersection of space technology and global markets.",Space Research and Technology,2-10 employees,Non Profit,"New York, New York, United States",United States,spacecapital.com,https://www.linkedin.com/company/space-talent
Space Force Association,"Our mission is to achieve superior national spacepower by shaping a Space Force that provides credible deterrence in competition, dominant capability in combat, and professional services for all partners.",Space Research and Technology,51-200 employees,Non Profit,"Colorado Springs, Colorado, United States",United States,ussfa.org,https://www.linkedin.com/company/spaceforceassociation
Exolaunch,"Exolaunch is a global leader in launch mission management, satellite integration and satellite deployment technologies. With a decade of flight heritage and 650+ satellites launched across 41 missions to date, Exolaunch leverages industry insight to tailor turnkey solutions that meet customer needs and respond to market trends. Exolaunch fulfills launch contracts for industry leaders, the world's most innovative startups, research institutions, government organizations, and international space agencies. The company develops and manufactures its own flight-proven and industry-leading satellite separation systems and payload launch stacks, with the fastest-growing heritage on the market.

Exolaunch, headquartered in Germany, operates globally with offices in the US, France, and Japan. Exolaunch promotes safe, sustainable, and responsible use of space and is committed to making space accessible for all.",Space Research and Technology,51-200 employees,Privately Held,"Denver, Colorado, United States",United States,exolaunch.com,https://www.linkedin.com/company/exolaunch
Muon Space,"Founded in 2021, Muon Space is an end-to-end space systems company that designs, builds, and operates mission-optimized satellite constellations to deliver critical data and enable real-time compute and decision-making in space. Its proprietary technology stack, HaloTM, integrates advanced spacecraft platforms, robust payload integration and management, and a powerful software-defined orchestration layer to enable high-performance capabilities at unprecedented speed – from concept to orbit. With state-of-the-art production facilities in Silicon Valley and a growing track record of defense, civil, and commercial and national security customers, Muon Space is redefining how mission-critical intelligence is delivered from space. 

For more information on Muon Space, visit: https://www.muonspace.com/",Space Research and Technology,201-500 employees,Privately Held,"Mountain View, California, United States",United States,muonspace.com,https://www.linkedin.com/company/muon-space
"Modern Technology Solutions, Inc. (MTSI)","Modern Technology Solutions, Inc. (MTSI) is a 100% employee-owned engineering services and technology solutions company delivering first-choice capabilities to solve problems of global importance in the critical mission areas of missile defense, cyber security, intelligence, unmanned/autonomous systems, aviation, space, and homeland security.  

The MTSI mission is to make important and lasting contributions to the nation's defense and security by providing leadership and best- value solutions to solve America's most technically challenging strategic problems. Founded in 1993, MTSI today has employees at over 20 offices and field sites worldwide. 

For more information about MTSI, please visit www.mtsi-va.com.

For current MTSI job openings, please visit www.mtsi-va.com/careers.",Space Research and Technology,"1,001-5,000 employees",Privately Held,"Alexandria, Virginia, United States",United States,mtsi-va.com,https://www.linkedin.com/company/mtsi
OrbiSky (UKSA Leo '24),"OrbiSky is a private space-tech startup building trusted autonomy for demanding missions.

We develop verification and runtime assurance for onboard systems, with a focus on integrity, monitoring, and evidence to support safe in-orbit operations and a zero-debris future.",Space Research and Technology,11-50 employees,Privately Held,"Houston, Texas, United States",United States,orbisky.com,https://www.linkedin.com/company/orbisky
AstroForge,"AstroForge is a deep-space mining company on a mission to extract valuable metals from asteroids. By bringing space resources into Earth's supply chain, we're aiming to reduce the need for traditional terrestrial mining methods and explore a more sustainable future - one mission at a time.",Space Research and Technology,11-50 employees,Privately Held,"Seal Beach, California, United States",United States,astroforge.io,https://www.linkedin.com/company/astroforge
EarthDaily,"EarthDaily is the end-to-end provider of Earth Observation solutions, combining deep domain expertise with powerful technology to deliver daily, global insights at unmatched scale and precision. Through our Constellation, a fleet of cutting edge satellites, we detect broad-area change, monitor the planet in near real-time, and deliver actionable intelligence. Our vertically integrated approach spans data collection, processing, analytics, and application, enabling customers to unlock value, improve efficiency, and manage risk across agriculture, forestry, insurance, mining and governmental sectors. We deliver the fuel to power your decisions.",Space Research and Technology,201-500 employees,Privately Held,"Maple Grove, Minnesota, United States",United States,earthdaily.com,https://www.linkedin.com/company/earthdailyanalytics
Starlab,"Starlab Space is a global joint venture between Voyager Space, Airbus, Mitsubishi Corporation, and MDA Space to provide orbital services and enable world-changing discoveries and solutions through an international network of partners. The two main priorities of Starlab Space are the design, development, and operation of the commercial Starlab Space Station and the establishment of a sustainable Global Space Enterprise. Starlab’s collaborative approach allows us to leverage the strengths and expertise of individual partners, maximize investments, and accelerate development through our global, commercial space ecosystem.",Space Research and Technology,11-50 employees,Privately Held,"Webster, United States",United States,starlab-space.com,https://www.linkedin.com/company/starlab-space
L'SPACE Program,"The L'SPACE Program is a free, online, interactive experience open to STEM students interested in pursuing a career with NASA or other space organizations. For questions, please email LSPACE@asu.edu.",Space Research and Technology,11-50 employees,Non Profit,"Tempe, Arizona, United States",United States,asu.edu,https://www.linkedin.com/company/nasa-l-space-program
James Webb Discoveries - www.jameswebbdiscovery.com,Expect the unexpected as James Webb Space Telescope unravels the mysteries of this universe. Get a front-row seat to the discoveries made by this engineering marvel by following this page.,Space Research and Technology,Self-employed,Self Employed,United States,United States,jameswebbdiscovery.com,https://www.linkedin.com/company/james-webb-discoveries
SEAKR,"SEAKR, a wholly owned subsidiary of RTX, is a Leading-Edge Provider of Advanced Space Electronics Solutions. 

We develop, build, test and deliver space electronics solutions and products, including, but not limited to:  On-Board Processing and Networking, Memory and Data Management, Avionics, including expertise in FPGA and ASIC based solutions.

We have expertise in utilizing commercial electronics, customized for space applications and have a history of over 40 years of 100% Mission Success.  Our solutions work...period.

SEAKR solutions support any mission across all orbits and environments, for any class, and duration.   Your mission is safe with SEAKR.  

In all areas: Commercial, government, domestic and abroad SEAKR is positioned to support any mission in a proven and reliable manner, every time.  We have experience in both traditional exquisite space, and today's proliferated space.  We have leveraged the exquisite expertise to today's requirements for shorter schedules, and lower-cost solutions.  We have both products and customer solutions and can deliver what the program and mission needs in the time and budget available. 

Contact us at connect@seakr.com",Space Research and Technology,201-500 employees,Public Company,"Centennial, Colorado, United States",United States,seakr.com,https://www.linkedin.com/company/seakr-engineering
Starfish Space,"Starfish Space is building the infrastructure for humanity's expansion into Space.

Our Otter servicing vehicle maximizes satellite capabilities through life extension and end of life disposal missions.",Space Research and Technology,51-200 employees,Privately Held,"Tukwila, Washington, United States",United States,starfishspace.com,https://www.linkedin.com/company/starfish-space
ARQUIMEA,"ARQUIMEA was founded with the purpose of developing technologies, products, and services that help address the challenges and needs of our society. Since 2005, we have been contributing our passion for innovation and technology  to highly demanding sectors:

 Aerospace
 Defense
 Science Industry
 Fintech

We firmly believe that technology is the key to progress . That is why we reinvest most of our profits in the development of innovative solutions for the sectors in which we operate.

 We operate in 40 countries, allowing us to stay close to our customers worldwide.

At ARQUIMEA, we all share a strong passion for technology. We are constantly seeking new and exciting challenges that enable us to keep moving forward .",Space Research and Technology,"501-1,000 employees",Privately Held,"Los Angeles, California, United States",United States,arquimea.com,https://www.linkedin.com/company/arquimea-group
SkyFi,"SkyFi is an Earth intelligence company delivering satellite imagery, SAR, AIS, and AI-driven geospatial analytics through scalable data platforms. Headquartered in Austin, Texas, we serve the U.S. Government, international governments, and enterprise customers across defense, civil, and commercial sectors.

Our platform streamlines on-demand access to geospatial data by combining tasking, archive search, and analytics into a single platform. With transparent pricing and rapid delivery, SkyFi helps organizations gain timely intelligence for missions and initiatives.",Space Research and Technology,11-50 employees,Privately Held,"Austin, Texas, United States",United States,skyfi.com,https://www.linkedin.com/company/skyfi-imaging
Xona,"Next-era navigational intelligence that brings real-time, centimeter-level certainty to any device, anywhere on Earth.",Space Research and Technology,51-200 employees,Privately Held,"Burlingame, California, United States",United States,xonaspace.com,https://www.linkedin.com/company/xona-space-systems
AADYAH Space,"Aadyah designs and builds motion control, guidance & navigation, avionics and power subsystems to support every part of a space mission.

Our unique strength lies in an engineering team with decades of experience in design, build, test and integration of spacecraft subsystems into launch-ready platforms at ISRO. Being in the heart of India’s space ecosystem enables us to rapidly design, prototype, test, and deliver high TRL systems at globally competitive costs.

For launch vehicles, we make thrust vector control systems, GNC, avionics and flow control systems. For satellites, we build propulsion subsystems, EPS, on board computers and mission control systems. We also specialize in developing custom hardware for spacecraft, such as contactless laser-based chargers for lunar rovers.

Based in Bangalore, India since 2016 with a team of 60, we supply globally to clients across France, Italy, Austria, Germany, Australia, Singapore, UK and USA. 

To partner with us or learn more about what we do, please reach out at info@aadyah.com
If you’d like to join our team, check out careers page at https://www.aadyah.com/careers or drop us a mail at careers@aadyah.com",Space Research and Technology,51-200 employees,Privately Held,"McLean, Virginia, United States",United States,aadyah.com,https://www.linkedin.com/company/aadyah-aerospace-private-limited
USRA,"USRA is a premier space and aeronautics organization—solving the nation’s most challenging problems using our deep expertise in research and workforce development, and leveraging the capabilities and leadership of universities.",Space Research and Technology,201-500 employees,Non Profit,"Washington, Washington, United States",United States,usra.edu,https://www.linkedin.com/company/usra
ConkSat,We're a leading defense contractor focused on providing innovative solutions to tough problems. Count on us to deliver high performance at minimal cost of life. Interested in making the world a worse place at high personal risk? Consider joining us.,Space Research and Technology,2-10 employees,Self Owned,"Long Beach, California, United States",United States,,https://www.linkedin.com/company/conksat
NIS,its a non working page,Space Research and Technology,Self-employed,Privately Held,"Chalfont, Pennsylvania, United States",United States,nisusacorp.com,https://www.linkedin.com/company/nanotech-industrial-solutions-inc
Aalyria,"Aalyria enables commercial and government customers to operate resilient, high-throughput networks in motion. Aalyria brings together two technologies originally developed at Alphabet: 
1) Tightbeam - Proven ultra-high-speed Free Space Optical Communication capability
2) Spacetime - A managed PaaS for developers to orchestrate networks in motion

It is backed by leading Silicon Valley investors including the founders of Accel and J2 Ventures.",Space Research and Technology,51-200 employees,Privately Held,"Livermore, California, United States",United States,aalyria.com,https://www.linkedin.com/company/aalyria
MethaneSAT,"MethaneSAT was the first satellite launched by an NGO to track methane from oil and gas with unmatched precision.
 
Though contact with the satellite has ended, the mission goes on. We’re analyzing and sharing high-impact data, applying proven technology, and working with partners to cut methane and protect the climate.",Space Research and Technology,51-200 employees,Non Profit,"Austin, Texas, United States",United States,methanesat.org,https://www.linkedin.com/company/methanesat
General Galactic,General Galactic is a deep-tech startup manufacturing platforms for space mobility and propellant generation.,Space Research and Technology,2-10 employees,Privately Held,"El Segundo, California, United States",United States,gengalactic.com,https://www.linkedin.com/company/general-galactic-technologies
Katalyst Space,"At Katalyst Space Technologies, our goal is to fundamentally shake up how the satellite industry works. We’re a R&D team focused on next-gen satellite and mission designs that break through the long cycle times, rigid architectures, and inflexibility in mission planning that dominates the space industry. We incorporate robotic servicing and autonomous space infrastructure into our satellite technology to service MEO, GEO, and XGEO / Cislunar markets. 

Founded in 2019 by a small team and headquartered in Flagstaff, AZ, the Katalyst team is made up of dynamic innovators, looking to make an impact.",Space Research and Technology,51-200 employees,Privately Held,"Flagstaff, Arizona, United States",United States,katalystspace.com,https://www.linkedin.com/company/katalyst-space
Kayhan Space,"For operators of small or large constellations of satellites who need to have a complete situational awareness of their fleet with utmost reliability, Kayhan provides a fully scalable cloud-based collision avoidance service. Unlike other services, Kayhan’s notification system easily integrates with any form of notification channel and ensures that the operators are aware of the upcoming high-interest events. Kayhan uses complex mathematical algorithms and advanced machine learning techniques to aid operators to make the safest avoidance decisions, because at Kayhan we understand that a safe space domain is the best space to operate in.",Space Research and Technology,11-50 employees,Privately Held,"Broomfield, Colorado, United States",United States,kayhan.space,https://www.linkedin.com/company/kayhan-space
Gimbal Space,"Gimbal Space provides low-cost, reliable, and readily-available components for LEO 

We also provide integrated & custom solutions suited to your requirements.",Space Research and Technology,2-10 employees,Privately Held,"Union City, California, United States",United States,gimbalspace.com,https://www.linkedin.com/company/gimbal-space
BMC3I TAP Lab,"The BMC3I TAP Lab elevates commercial software solutions through testing, compliance acceleration, and environment integration; exponentially increasing the probability of successful adoption for Kronos FoS and commercial partners; delivering enhanced Decision Advantage Lab Pwin for the Warfighter.",Space Research and Technology,2-10 employees,Government Agency,"Colorado Springs, Colorado, United States",United States,bmc3itaplab.space,https://www.linkedin.com/company/bmc3itaplab
Little Place Labs,"Little Place Labs brings space-based insights to the end users in 7 minutes, thereby reducing latency by several hours/days and reducing the data downlink by up to 98%. 

LPL is making satellites and spacecraft smarter, more intelligent and autonomous - with the power of Machine Learning and Artificial Intelligence - and leveraging Edge Computing.

We are a global team of space and technology professionals with several years of industry experience under our belt.",Space Research and Technology,11-50 employees,Privately Held,"Houston, Texas, United States",United States,littleplace.com,https://www.linkedin.com/company/little-place-labs
Space Happy Hour,"Space Happy Hours are informal gatherings of companies in the space industry as well those in the broader space ecosystem. We offer lively events at breweries as well as exclusive events at space companies. We also have invite-only marquee events such as astronaut appearances or new space book signings. There are also “Spaceball,” gatherings at select Major League Baseball games. 

Now offered in nine major cities, with 75 events in 2025, Space Happy Hours are a great way to connect with space industry peers, learn about new innovations, recruit employees, find jobs in the industry, make new friends, and simply have a fun evening.",Space Research and Technology,2-10 employees,Privately Held,"Seattle, Washington, United States",United States,spacehappyhour.com,https://www.linkedin.com/company/space-happy-hour
World Space Week,"World Space Week (WSW), October 4-10 annually, is the biggest space event on Earth. Declared by the UN General Assembly in 1999, WSW has grown to over 16,000 events held in 83 countries.  To join the celebration, or see what's planned near you, please visit www.worldspaceweek.org.  WSW is open to all, with events held by schools, space agencies, aerospace companies, museums, astronomy clubs, and individuals.  It is coordinated globally by World Space Week Association, a non-profit organization managed by an international volunteer Board of Directors and supported by voluntary donations.",Space Research and Technology,2-10 employees,Non Profit,"Houston, Texas, United States",United States,worldspaceweek.org,https://www.linkedin.com/company/worldspaceweek
Cognitive Space,"Cognitive Space brings an AI-SaaS solution for intelligent satellite automation to empower and enable the use of space. We work with satellite operators looking for an effective and automated mission planning solution to improve yield and reduce latencies in scheduling, and with Government entities looking to make better use of space capacity.",Space Research and Technology,11-50 employees,Privately Held,"Houston, Texas, United States",United States,cognitivespace.com,https://www.linkedin.com/company/cognitivespace
Spaceflight Human Optimization and Performance (SHOP) Summit,"The Spaceflight Human Optimization and Performance Summit (SHOP) connects thought leaders in strength and conditioning, sport science, physical therapy, athletic training, medicine, engineering, psychology, and nutrition with interests in supporting the physical readiness of astronauts for extended duration spaceflight.",Space Research and Technology,2-10 employees,Non Profit,"Houston, Texas, United States",United States,spaceflighthumanoptimization.com,https://www.linkedin.com/company/spacefligtht-human-optimization-and-performance
AVS Added Value Solutions,"AVS Added Value Solutions (AVS) is an international SME which provides complex instrumentation that boost the value of our customer throughout a wide range of applications. AVS is strongly focused on the development of outstanding devices, instruments, mechatronics and vacuum systems. Our expertise covers design, manufacturing, assembly, tests and supply, covering the whole product lifecycle for our customers. 

AVS skills on engineering design, mechatronics, instrumentation, thermal-vacuum systems, micro-mechanisms, opto-mechatronics, and high-precision positioning systems in hazards environments (vacuum, radiation, high magnetic fields, cryogenics...). We ""boost scientific knowledge"" in the fields of Accelerators, Astronomy, Nuclear Fusion, and Space.

And all is done under the ISO 9001 and EN 9100 certifications, with the advantage of the on-site manufacturing workshops, assembly, integration and cleaning labs, clean rooms, thermal and fluidic testing facilities, bake-out chambers, dust vacuum chambers, propulsion testing labs, etc. across the main 6 sites of the group (3 in Spain, 2 in the UK and 1 in the US).",Space Research and Technology,201-500 employees,Privately Held,"Lansing, New York, United States",United States,a-v-s.es,https://www.linkedin.com/company/addedvaluesolutions
SpaceFactory,"SpaceFactory is at the frontier of developing groundbreaking technologies for building in Space. But our innovations don't stop there. We 'spin out' these space-age solutions to engineer world-class 3D printing machines, high-performance materials, and intuitive software for a full spectrum of industries right here on Earth.

Our mission is to be the first builders on the Moon and beyond, laying the foundations of humanity’s future in Space and harnessing those discoveries into an era of sustainable construction on Earth.",Space Research and Technology,11-50 employees,Privately Held,"Tanner, Alabama, United States",United States,spacefactory.ai,https://www.linkedin.com/company/spacefactory-inc
Rogue Space Systems Corporation,"In this New Space Age access to space is expanding exponentially, opening up new opportunities for innovators and explorers never before imagined.  Rogue designs satellite vehicles and subsystems to provide on-orbit services to satellite operators both now and well into the future.  Building from there, we look to provide a vital role in setting the standard for these services in support of the New Space Economy.",Space Research and Technology,11-50 employees,Privately Held,"Gilford, New Hampshire, United States",United States,rogue.space,https://www.linkedin.com/company/rogue-space-systems-corporation
Open Lunar Foundation,"Open Lunar is an independent nonprofit organisation operating globally to create a peaceful, self-sustaining presence on the Moon.

We focus on contributing to progress and innovation in technical standards, policy and regulation, and shared infrastructure and hardware.

Our projects are sourced in partnership with a global inter-disciplinary professional network and developed through projects that benefit from independent evaluation, coaching and financial support.",Space Research and Technology,2-10 employees,Non Profit,"San Francisco, California, United States",United States,openlunar.org,https://www.linkedin.com/company/openlunarfoundation
Space Ocean Corp,"Space Ocean is pioneering the indispensable water logistics layer for space operations, solving critical challenges that enable a thriving space economy. We specialize in sustainable resource management solutions for the next frontier of human activity.

Our mission centers on three core pillars: enabling a thriving orbital economy through innovative logistics infrastructure, making transformative investments in space infrastructure development, and building a seasoned team with growing talent across the space industry.

As space commercialization accelerates, reliable logistics become essential for sustainable operations beyond Earth. Space Ocean positions itself at the forefront of this transformation, providing the foundational infrastructure that space-based businesses need to succeed.

We're actively seeking strategic investors, forward-thinking customers, and innovative partners to join us in reshaping the future of space logistics and sustainability. Whether you're looking to invest in the space economy, require logistics solutions for your space operations, or want to collaborate on groundbreaking projects, Space Ocean offers the expertise and vision to make it happen.

Join us as we build the essential infrastructure for humanity's expansion into space. We are hiring! https://spaceoceancorp.com/careers",Space Research and Technology,51-200 employees,Privately Held,"Brownsville, Texas, United States",United States,spaceoceancorp.com,https://www.linkedin.com/company/space-ocean-corp
NASA Lifelines,"NASA Lifelines is a growing community of scientists, humanitarians, and technologists working together to make satellite data useful, trusted, and impactful when it matters most.",Space Research and Technology,11-50 employees,Partnership,"Seattle, Washington, United States",United States,nasalifelines.org,https://www.linkedin.com/company/nasalifelines
EMROD,"Emrod shapes a world where energy transmission is not constrained by wires. 

Our power beaming technology can take on some of the world's biggest energy and environmental challenges.

Find out more on www.emrod.energy",Space Research and Technology,11-50 employees,Privately Held,"Menlo Park, California, United States",United States,emrod.energy,https://www.linkedin.com/company/emrodenergy
Sophia Space,Sophia Space is building orbital compute and data centers to process AI workloads closer to where data is collected and deliver it faster to where it is needed on Earth.,Space Research and Technology,11-50 employees,Privately Held,"Pasadena, California, United States",United States,sophia.space,https://www.linkedin.com/company/sophia-space
Zero-G,"Zero-G is the world leader in zero gravity flights. As the first and only FAA-approved provider of zero gravity flights, Zero-G does it all: Astronaut training; scientific research; corporate incentives; entertainment, TV, & film; and even public flights.

With a spotless safety record over the past 19 years, Zero-G has made the excitement and adventure of space accessible to the general public. Whether you’re a training astronaut, a scientist conducting groundbreaking research, or a civilian pursuing a lifelong dream, it all starts in the same place–a Zero-G flight.",Space Research and Technology,11-50 employees,Privately Held,"Merritt Island, Florida, United States",United States,gozerog.com,https://www.linkedin.com/company/zero-gravity
Starpath,"Starpath designs and manufactures robotic propellant production factories for the Moon and Mars, reducing the cost of deep space transport, and enabling humans to be a multi planet species.",Space Research and Technology,11-50 employees,Privately Held,"Hawthorne, California, United States",United States,starpath.space,https://www.linkedin.com/company/starpathspace
Translational Research Institute for Space Health,"The Translational Research Institute for Space Health (TRISH) is a lean, virtual institute empowered by the NASA Human Research Program to solve the challenges of human deep space exploration. TRISH relentlessly pursues and funds novel research to deliver high-impact scientific and technological solutions that advance space health and help humans thrive wherever they explore, in space or on Earth. Led by Baylor College of Medicine's Center for Space Medicine, our consortium leverages partnerships with Caltech and MIT.",Space Research and Technology,11-50 employees,Partnership,"Houston, Texas, United States",United States,bcm.edu,https://www.linkedin.com/company/translational-research-institute-for-space-health
Astralytical Consulting,"We empower companies to efficiently pivot or expand into the fast-growing space industry by positioning you ahead of your competitors with our expert guidance and analysis on the latest data and trends to give you an almost unfair advantage in the market.

Astralytical takes space consulting beyond the conventional, uniting diverse sectors within aerospace to pave unique profitable paths. We’re your dedicated space industry navigator, operating with a depth of expertise that underpins your journey toward success. 

We develop sophisticated market entry and expansion strategies that equip our clients with the intelligence they need to thrive. We're not just consultants—we're partners in your journey to the forefront of the space industry. Our expert insights provide a panoramic view of the emerging space industry, ensuring your projects aren’t just realistic, but innovative.

Contact us to grow your business in space today.",Space Research and Technology,2-10 employees,Privately Held,"Palm Bay, Florida, United States",United States,astralytical.com,https://www.linkedin.com/company/astralytical
Tern Computer,Research and development company.,Space Research and Technology,11-50 employees,Privately Held,"New York, New York, United States",United States,tern.ac,https://www.linkedin.com/company/tern-computer
Aurelia Institute,"Aurelia Institute is a nonprofit architecture research & development lab, education and outreach center, and policy hub dedicated to building humanity’s future in space.",Space Research and Technology,2-10 employees,Non Profit,"Cambridge, Massachusetts, United States",United States,aureliainstitute.org,https://www.linkedin.com/company/aureliainstitute
LEAP,"In today’s fast-moving space economy, orbital access is limited by long wait times and complex integration. LEAP is changing that. We’re transforming space logistics with a new generation of rapid-response, mass-producible solutions built for speed, simplicity, and reliability.

Using proprietary propulsion and modernized vehicle manufacturing, LEAP delivers dedicated, on-demand transport for national security and commercial payloads, as well as point-to-point space logistics that enable global delivery in under 45 minutes. Our mission: eliminate bottlenecks and provide scalable, cost-effective access to space when and where it's needed.

LEAP is built on three pillars: simplicity, responsiveness, and mass production. Our architectures inherently reduce complexity and ensure reliability. We support all time-sensitive missions, with repeatability and affordability.

From national security to commercial innovation, LEAP is redefining how, and how fast, we reach space. The future of responsive space logistics is here, and it moves at the speed of LEAP.",Space Research and Technology,11-50 employees,Privately Held,"Broomfield, Colorado, United States",United States,leapspace.one,https://www.linkedin.com/company/leapspace-one
3D PLUS,"3D PLUS develops and manufactures miniaturized electronic modules for the space industry. Our technology enables stacking heterogeneous active, passive, and opto-electronic devices in a single highly miniaturized package. 

Our product range includes memory, computer cores, interfaces, power solutions, protection ICs, camera heads, camera systems, and custom SiP solutions. With over 220,000 components in space and more than 25 years of flight heritage, 3D PLUS serves the global space industry for various applications and it is expanding continuously with products launched in space every month in GEO, MEO, and LEO orbits, for deep space exploration missions, for satellite constellation fleets, and for governmental missions.

We focus on the demand for high-reliability and high-performance for space-saving technology-driven applications in industrial, computing/telecommunications, security and defense, avionics, and space markets.",Space Research and Technology,201-500 employees,Public Company,"Sunnyvale, California, United States",United States,3d-plus.com,https://www.linkedin.com/company/3d-plus
NUVIEW,Creating the gold standard of elevation data using the world’s first commercial constellation of LiDAR imaging satellites #WeAreNuview,Space Research and Technology,11-50 employees,Privately Held,"Orlando, Florida, United States",United States,nuview.space,https://www.linkedin.com/company/nuviewspace
Overview Energy,"Overview Energy is turning uninterrupted sunlight in space into directable energy on Earth. From our homebase in Virginia, we’re building satellites that will deliver energy from orbit to the grid and make solar a reliable 24/7 resource.

Follow along: https://www.overviewenergy.com/",Space Research and Technology,11-50 employees,Privately Held,"Ashburn, Virginia, United States",United States,overviewenergy.com,https://www.linkedin.com/company/overviewenergy
Cosmic Girls Foundation,"Cosmic Girls is training the next space generation - girls aged 14-19 who dream of exploring the stars. You bring the dreams, we'll provide the world-class astronaut training, STEM education, life skills, and the opportunity to go where no teenage girl has gone before.",Space Research and Technology,2-10 employees,Non Profit,"Greensboro, North Carolina, United States",United States,cosmicgirls.org,https://www.linkedin.com/company/cosmic-girls-foundation
Karman+,"We want to mine space resources from near-Earth asteroids to provide abundant, sustainable energy and resources in space and for Earth.

Asteroid mining has lived at the intersection of scientific research and popular culture for decades, with as many academic papers published as there are books, TV shows and movies about it. Access to resources, with its finite nature and disparate distribution of resources, plays an essential part in the geopolitical web of power and wealth. It has defined economic growth to such an extent that we have been using them as primary demarcation lines and identifiers in our history, from the stone to bronze and iron age to our current silicon age.

We believe the Regolith Age, powered by abundant space resources, is an inevitability that we can accelerate.",Space Research and Technology,11-50 employees,Privately Held,"Denver, Colorado, United States",United States,karmanplus.com,https://www.linkedin.com/company/karmanplus
Space Resource Technologies,"Space Resource Technologies produces the world’s most widely used lunar, Martian, and asteroid regolith simulants for space hardware testing and planetary research. Our materials help engineers prepare technologies to operate in the harsh surface environments of other worlds. Trusted by over 5,000 clients across 50+ countries and cited in hundreds of scientific publications, our simulants support the development of robotics, infrastructure, and resource technologies for the Moon and Mars. We exist to help enable humanity’s expansion beyond Earth.",Space Research and Technology,2-10 employees,Privately Held,"Oviedo, Florida, United States",United States,spaceresourcetech.com,https://www.linkedin.com/company/spaceresourcetech
Space Robotics Workshop,Where robotics meets the future of space. Stay tuned for upcoming events.,Space Research and Technology,2-10 employees,Non Profit,"San Francisco, California, United States",United States,space-robots.org,https://www.linkedin.com/company/spacerobots
Icarus Robotics,"Icarus is developing dexterous mobile robots to augment astronaut crews by handling routine, time-consuming, and hazardous tasks at a fraction of the cost of human labor—unlocking scalable commercial manufacturing and experimentation in space.

With design partnerships already established with leading commercial space destinations and NASA, we raised $6.1M in seed funding in just 12 days from top-tier investors. We're currently preparing for our first deployment to the ISS in partnership with one of our customers for full scale testing.

Our long-term vision is to become the leading space robotics company, enabling automated orbital factories and supporting lunar, Martian, and deep space exploration as the space economy rapidly expands.",Space Research and Technology,2-10 employees,Privately Held,"Brooklyn, New York, United States",United States,icarusrobotics.com,https://www.linkedin.com/company/icarus-robotics
Observable Space,"Observable Space is an LA-based space startup building the infrastructure to enable satellites and spacecraft to see, navigate and communicate. The vertically-integrated, full-stack company develops and builds advanced optical systems across laser communications, ground-based sensing, and in-space payloads. Co-founded in 2025 by former SpaceX exec Dan Roelker, Observable Space now employs more than 175 people across its manufacturing, engineering, spacecraft, and design labs.",Space Research and Technology,51-200 employees,Privately Held,"Los Angeles, California, United States",United States,observable.space,https://www.linkedin.com/company/observable-space
Analog Astronaut Community,"Where the world's analog astronauts come together.
This is a community by analog astronauts, for analog astronauts.
Be part of our growing network. This is your community, where you will have direct access to the world's analog astronauts. Build relationships, collaborate, discuss research and future missions together.",Space Research and Technology,2-10 employees,Non Profit,"Oracle, Arizona, United States",United States,analog-astronaut.com,https://www.linkedin.com/company/analog-astronaut-community
impulso.space,"How do I launch a satellite?
Whom do I contact to secure a launch?
How do I manage logistics, integration, and coordination effortlessly?

Impulso.Space exists as the answer to these questions.

We provide satellite launch services that take missions from ground to orbit. Our role is to simplify access to space by handling launch procurement, logistics, integration, and mission execution, allowing satellite teams to focus on building their spacecraft while we manage everything required to get it safely to orbit.

Impulso.Space works closely with NewSpace missions and emerging satellite constellations that require responsive, reliable, and cost-conscious launch solutions. Through our integrated logistics and operational approach, we coordinate the ground and space segments of a mission into one coherent launch process.

Our operations are supported by facilities in Florida, near the Cape Canaveral launch site. From there, we provide cleanroom integration activities, payload offload and upload, fueling operations, safety oversight for hardware and personnel, and security operations. These capabilities enable us to deliver end-to-end launch services that are controlled, repeatable, and aligned with mission timelines.

You build the satellite. We get it to space.",Space Research and Technology,11-50 employees,Privately Held,"Melbourne, Florida, United States",United States,impulso.space,https://www.linkedin.com/company/impulso-space
Matter Intelligence,"Matter specializes in advancing sensors and geospatial AI that capture ""extreme-resolution"" images of natural and artificial materials from space to surface, creating never-seen data of all matter globally. Our sensors simultaneously measure shape, composition, and temperature to understand and predict real-world events like never before.

Matter's data accelerates computer vision and contextual geospatial modeling to unlock the next generation of intelligence.",Space Research and Technology,11-50 employees,Privately Held,"El Segundo, California, United States",United States,matter.com,https://www.linkedin.com/company/matter-intelligence
Orbital Robotics,"Orbital Robotics is pioneering new AI-driven orbital and robotic systems for autonomous space operations with a focus on in-orbit servicing and surface operations on the Moon & Mars.

The team is founded by former Blue Origin leaders in Advanced Development in AI Software and Spacecraft hardware, sharing deep heritage across reusable spacecraft. Their extensive experience covers 100 Space Shuttle missions, 6 AI-controlled robotic manipulator missions, and AI to adapt rocket engine control for degrading components.

Orbital Robotics has developed advanced AI-enabled spacecraft solutions that leverage cutting-edge artificial intelligence, computer vision, and guidance, navigation & control software to perform complex autonomous operations across multiple mission domains. 

From satellite refueling, surveillance, reconnaissance, and inspection to on-orbit repair, upgrade, space station or solar array assembly and debris removal - Orbital Robotics is performing intelligent servicing capabilities in LEO, GEO and Cislunar Space.",Space Research and Technology,2-10 employees,Privately Held,"Seattle, Washington, United States",United States,orbital-robots.com,https://www.linkedin.com/company/orbital-robotics-corp
Farmonaut,"About Farmonaut

Farmonaut delivers satellite intelligence through its Android, iOS, and web platforms, monitoring lakhs of hectares globally and empowering users with actionable insights.

 Agriculture

Farmonaut provides satellite-based crop health monitoring and field mapping via its apps, APIs, and web platform. Users can map fields and detect crop stress zones using satellite data, enabling precise application of fertilizers and inputs only where needed.

The platform delivers updates every 3–5 days, including vegetation health, water stress, evapotranspiration, soil organic carbon, and localized weather data. Using Synthetic Aperture Radar (SAR), Farmonaut ensures reliable monitoring even during cloudy conditions.

Its ecosystem also simplifies geotagging and field management, allowing seamless mapping via mobile apps and centralized monitoring through a web dashboard.

 Mining

Farmonaut extends its capabilities to satellite-based mineral exploration, using data from sources like Sentinel, Landsat, and ASTER combined with AI-driven analytics.

Key features include:

Detection of minerals such as gold, lithium, copper, iron, and rare earth elements
Identification of hydrothermal alteration zones and geological structures
AI-powered prospectivity mapping and mineral heatmaps
3D visualization and drill target identification
 Value
Reduce exploration time by up to 90%
Cut costs by 80–85%
Enable non-invasive, scalable, and data-driven decision-making

Farmonaut offers a unified platform for agriculture, mining, and environmental intelligence, helping users optimize resources and improve outcomes globally.",Space Research and Technology,11-50 employees,Privately Held,"New York, New York, United States",United States,farmonaut.com,https://www.linkedin.com/company/farmonaut
Institute of Space Commerce,"The Institute of Space Commerce is a non-partisan non-profit organization dedicated to the study of the economics and policy of commercial activity in space. We believe that access to space fundamentally changes the equation for humankind, and that advancements in space science and technology are tangibly improving the quality of life for all. We aim to elevate the discussion on space commercialization to solve challenges that affect our industry and society as a whole.",Space Research and Technology,11-50 employees,Non Profit,"Austin, Texas, United States",United States,change.space,https://www.linkedin.com/company/institute-of-space-commerce
Generation Orbit,"Generation Orbit (""Go"") is developing and maturing aerospace technologies for high-speed flight test and in-space maneuvering vehicles. GO is an advocate for air-launched space access systems such as the GOLauncher 2 for small satellite payloads. GO previously served as systems integrator for the Air Force's air-dropped X-60A program for hypersonic flight research. We are developing propulsion technologies to support ""green"" in-space servicing and maneuvering vehicles.

Generation Orbit is a wholly-owned subsidiary unit SpaceWorks Enterprises, Inc.",Space Research and Technology,Self-employed,Privately Held,"Atlanta, Georgia, United States",United States,generationorbit.com,https://www.linkedin.com/company/generation-orbit-launch-services-inc-
Reditus Space,"Providing you access and return to space. 
Reditus Space builds reusable satellites to get your payload to space and back. 
Our fully reusable infrastructure allows us to take our customers' manufacturing processes beyond the bounds of Earth's gravity at the right cost. Leveraging reduction in launch vehicle cost and an increasing demand for higher complexity products.
We are establishing the logistics for the manufacturing technology of tomorrow, today.

For more information contact us at:
info@reditus.space",Space Research and Technology,11-50 employees,Privately Held,"Atlanta, Georgia, United States",United States,reditus.space,https://www.linkedin.com/company/reditus-space
Aerospace Medical Association,"PURPOSE: The Aerospace Medical Association is organized exclusively for charitable, educational, and scientific purposes.

MISSION: Apply and advance scientific knowledge to promote and enhance the health, safety, and performance of those involved in aerospace and related activities.

PUBLICATIONS: Aerospace Medicine and Human Performance (formerly Aviation, Space, and Environmental Medicine), a monthly journal of the aerospace medical sciences, including abstracts from the annual scientific meeting. Other regular features include letters to the editor, aerospace medicine reviews, editorials, book reviews, news items, meetings calendar, and news of members.

AsMA is an umbrella group providing a forum for many different disciplines to come together and share their expertise for the benefit of all persons involved in air and space travel. The Association has provided its expertise to a multitude of Federal and international agencies on a broad range of issues, including aviation and space medical standards, the aging pilot, and physiological stresses of flight. AsMA's membership includes aerospace medicine specialists, flight nurses, physiologists, psychologists, human factors specialists, physician assistants, and researchers in this field. Most are with industry leaders, civil aviation regulatory agencies, departments of defense and military services, airlines, space programs, and universities. Approximately 30% of the membership originates from outside the United States.  Through the efforts of the AsMA members, safety in flight and man's overall adaptation to adverse environments have been more nearly achieved.

CONTACT US at inquiries@asma.org.

**This is the only official LinkedIn page for the Aerospace Medical Association.**",Space Research and Technology,2-10 employees,Non Profit,"North Palm Beach, Florida, United States",United States,asma.org,https://www.linkedin.com/company/aerospace-medical-association-asma
Blackwing Space,"Building commercial, American-made nanosatellites that lower the cost and complexity of accessing space. Blackwing Space’s affordable, modular platforms accelerate ideas to orbit for commercial, research, and educational missions, supporting a wide range of operational and technology-driven use cases including Earth observation, communications, edge computing, technology demonstration, and other space-enabled applications in the Space 3.0 economy.",Space Research and Technology,2-10 employees,Privately Held,"Nashville, Tennessee, United States",United States,blackwingspace.com,https://www.linkedin.com/company/blackwingspace
Extraordinary.com,We bring extraordinary talent to America fast!,Space Research and Technology,11-50 employees,Privately Held,"San Francisco, California, United States",United States,extraordinary.com,https://www.linkedin.com/company/extraordinaryalien
National Space Research & Development Agency (NASRDA),The main thrust of the Agency’s activities is geared towards making space science and technology application an integral part of the overall strategies for sustainable national development.,Space Research and Technology,"1,001-5,000 employees",Government Agency,"Houston, Texas, United States",United States,nasrda.gov.ng,https://www.linkedin.com/company/nasrdahq
Rhodium Scientific,"As DARPA performers, Rhodium has conducted multiple missions resulting in the largest in-space biomanufacturing program to date. We advance biotechnology innovation at the speed of business to support research teams across government, industry, and academia. Our portfolio of NASA-certified spaceflight science hardware located on the ISS enables teams to test high-throughput samples from stem cells to microbes to plant growth at zero G, Lunar, and Martian gravity.

Through partnerships with the ISS National Lab, space vehicles, and commercial space stations, we provide reliable access to space, mission optimization, and scientific quality assurance. Our focus on reproducibility and data integrity ensures every collaboration drives meaningful discovery and real-world impact.

 Contact: LEO.Life@RhodiumScientific.com",Space Research and Technology,11-50 employees,Privately Held,"Houston, Texas, United States",United States,rhodiumscientific.com,https://www.linkedin.com/company/rhodium-scientific
Precious Payload,Booking .com for satellite launches,Space Research and Technology,11-50 employees,Privately Held,"San Francisco, California, United States",United States,preciouspayload.com,https://www.linkedin.com/company/preciouspayload
BioAstra,"BioAstra is a non-profit organization dedicated to advancing healthcare technologies for extreme and remote environments, on Earth and in space. Our mission-driven work focuses on pioneering biomedical research to understand human health in challenging conditions and creating modular, rapidly deployable healthcare systems. These solutions provide advanced diagnostics, monitoring, and telemedicine for underserved areas, transforming how healthcare is delivered in resource-limited settings. In collaboration with leading aerospace companies, healthcare providers, and research institutions, BioAstra is redefining the future of medicine for a world that reaches beyond traditional boundaries.",Space Research and Technology,2-10 employees,Non Profit,"Los Angeles, California, United States",United States,bioastra.org,https://www.linkedin.com/company/bioastra
XAnalytix Systems,"XAnalytix Systems systems provides leading-edge solutions to problems associated with data/information fusion. Its primary objective involves research and development to significantly advance the current state-of-the-art, bridging gaps from basic research to real applications for multisource data and information fusion.",Space Research and Technology,11-50 employees,Partnership,"Buffalo, New York, United States",United States,xanalytix-systems.com,https://www.linkedin.com/company/xanalytix-systems
Nova Space Inc.,"The Nova Space Workforce Development Program is the only solution in industry that provides the ability to on-board talent, both within and outside of the space industry, quickly and become competent across a wide range of space-related topics.

Designed for Business, Government, and Individuals, we are dedicated to delivering cutting edge solutions to space literacy to all levels of space professionals.

As the premier workforce development company dedicated to solving the talent challenges in the space industry, we specialize in upskilling and certifying space professionals, empowering them to advance their careers within the dynamic space sector.

Our award winning Nova Space Professional Course is built to decrease cost and increase learning and retention, all while being easily accessible to your entire staff. 

 3x Brandon Hall Award Winner

Best Advanced in Custom Content
Best Advanced in Competencies and Skills Development
Best Unique or Innovative Learning and Development Program 

 Horizon Interactive Award Winner 2022",Space Research and Technology,2-10 employees,Public Company,"Minneapolis, Minnesota, United States",United States,novaspaceinc.com,https://www.linkedin.com/company/novaspaceinc
SpaceChain,"SpaceChain aims to democratize access to space by removing entry barriers and creating opportunities for enterprises and users to participate in and benefit from the new space economy. Founded in 2017, SpaceChain is dedicated to building a space ecosystem that promotes trust, secures sensitive data and transactions, and safeguards the integrity of space-based activities, through championing inclusivity and embracing openness and transparency. The company currently operates a network of space nodes on satellites and aboard the International Space Station (ISS), empowering stakeholders to leverage the limitless possibilities of space while driving progress and prosperity for humankind for generations to come. 

Discord: https://bit.ly/3hjc9BO
LinkedIN: https://bit.ly/2HbemfD",Space Research and Technology,11-50 employees,Privately Held,"Washington, Washington, United States",United States,spacechain.sg,https://www.linkedin.com/company/spacechain太空链
Space Northwest,"ACCELERATING GROWTH--WA’s only space-dedicated association--driving impact thru connection and bold industry initiatives.

The Pacific Northwest helped launch the Space Age | Space Northwest is making sure we lead the next one.

The future of humanity points to space—opening new frontiers, safeguarding our planet, and uniting people across the globe. From the Apollo-era Lunar Rovers built in Washington to the rise of Blue Origin and SpaceX, the Pacific Northwest has long been at the forefront of space innovation.

Space Northwest aims to keep it that way.

We’re harnessing the region’s 65+ year legacy in aerospace to grow a modern space economy—fueled by innovation, entrepreneurship, and opportunity. Through strategic partnerships, we’re connecting communities, creating pathways into high-demand careers, and amplifying the Pacific Northwest’s leadership on the global stage.

We’re advancing key objectives including workforce development, entrepreneurship, marketing, academic partnerships, and more—all aimed at strengthening the entire space ecosystem.

Washington’s space sector is globally recognized—home to giants, startups, universities, and innovators across defense, commercial, and research. But to seize the opportunity ahead, we need to grow the workforce and broaden participation in space careers—especially among women and underrepresented communities.

The next wave of space exploration is here.
Space Northwest is making sure the Pacific Northwest leads it.",Space Research and Technology,2-10 employees,Non Profit,"Seattle, Washington, United States",United States,spacenorthwest.org,https://www.linkedin.com/company/spacenorthwest
Space at Arizona State University,"Space inspires and holds the promise of bounty for humanity

At Arizona State University, we believe a deeply transdisciplinary approach is needed to create the social and systems-level solutions that will pave our way as an interplanetary species. We bring together top researchers and scholars from across the university to work with our students and commercial partners, across sectors and disciplines to help us better understand and expand our reach into the universe.",Space Research and Technology,"1,001-5,000 employees",Educational,"Tempe, Arizona, United States",United States,asu.edu,https://www.linkedin.com/company/space-at-arizona-state-university
US Government,NA,Space Research and Technology,"10,001+ employees",Government Agency,"Washington, Washington, United States",United States,na.com,https://www.linkedin.com/company/intelligence.gov
Space Radiation Services,Radiation testing and analysis services for space applications. Radiation testing shouldn't be any more difficult than other environmental testing. Our goal is to make it cheaper and easier for companies that are less experienced in this area.,Space Research and Technology,2-10 employees,Privately Held,"Reno, Nevada, United States",United States,spaceradiationservices.com,https://www.linkedin.com/company/space-radiation-services
Satlantis US,"Our Vision -
To democratize satellite imagery by developing Full Solutions for SmallSat at a fraction of today’s mass, size and cost, through a set of Earth & Universe Observation technologies and services provided by SATLANTIS ecosystem of partners.

Our Work -
We design and manufacture Earth Observation (EO) and Universe Observation (UO) payloads for Small Satellites; as well as provide user-driven End-to-End solutions by controlling (and maintaining) our own optical channels utilized in agile small-sensor buses.

Our Team -
Satlantis is proud to have a multidisciplinary and international workforce of high-profile professionals: Engineers specialized in the fields of Optics, Mechanics, Electronics, Software and Hardware; as well as Earth Observation & Astrophysicists.",Space Research and Technology,2-10 employees,Privately Held,"Gainesville, Florida, United States",United States,,https://www.linkedin.com/company/satlantis-llc
Weather Stream,"Weather Stream is reshaping how the world captures and applies atmospheric intelligence. 

Through our Global Environmental Monitoring System (GEMS)—a constellation of disaggregated cube satellite payloads—we deliver proprietary microwave sounder data that’s frequent, dependable, and ready to use across any platform. With the successful pathfinder GEMS1 mission (2018–2021) and the upcoming launch of GEMS2A and GEMS2B, we’re building on a proven track record to deliver next-generation capabilities. 

Our advanced sensors—developed through federally funded R&D—are now near flight-ready, offering standalone mission potential for agencies and organizations seeking custom payload solutions. For commercial clients, our suite of monitoring and forecast products supports real-time decision-making through scalable data access, from legacy latency tiers to cutting-edge predictive insights. 

Whether you need hardware expertise, high-resolution weather data, or a strategic partner in environmental intelligence, Weather Stream offers a new standard in atmospheric monitoring.",Space Research and Technology,11-50 employees,Privately Held,"Boulder, Colorado, United States",United States,weatherstream.com,https://www.linkedin.com/company/weather-stream
Space Prize,Empowering young women to participate in the growing space economy. Dedicated to universal space literacy Thru SpaceEducation.org — and a telescope in every school in the world.,Space Research and Technology,2-10 employees,Non Profit,"New York, New York, United States",United States,spaceprize.org,https://www.linkedin.com/company/space-prize
Virtus Solis Technologies,"The impetus for Virtus Solis is to provide clean, low-cost renewable energy that directly supplants primary energy production for all terrestrial uses and eventually even extra-terrestrial.  Fossil fuels power 85% of the world in a non-sustainable fashion. This must change. There are limited options for disruption because terrestrial renewable power is intermittent - it is seldom available when and where needed.  Ubiquitous, inexpensive and clean energy are desperately needed. Cleaning up electric power requires replacing the equivalent of more than a million tons of coal use every day for the next 30 years. But even that is not enough. Globally, most of the planet’s population suffers from energy poverty, and access to low cost energy is the greatest lever for universal prosperity. Limitless low-cost energy solves these problems and promotes sustainable growth and harmony.

Virtus Solis is the first low-cost space solar power system able to address the entire $8T energy market.",Space Research and Technology,2-10 employees,Privately Held,"Troy, Michigan, United States",United States,virtussolis.space,https://www.linkedin.com/company/virtus-solis-technologies
SEOPS,"SEOPS LLC is a leading provider of rideshare integration and launch solutions for smallsats headed to LEO, cislunar and beyond. The team brings years of experience and trusted relationships with launch vehicle providers, helping customers expertly execute missions campaigns for education, scientific advancement, and national security needs, including tactically responsive rideshare launch and dynamic 24/7 on-orbit operations. SEOPS’ comprehensive launch services, from capacity procurement to flexible deployment systems, OTV solutions, mission design and integration services, ensure payloads get on orbit in the most seamless, cost-effective way possible.",Space Research and Technology,11-50 employees,Privately Held,"Giddings, Texas, United States",United States,seops.space,https://www.linkedin.com/company/seopsllc
AdvancingX,FREE eBook! Missions in Space. Click link below.,Space Research and Technology,11-50 employees,Privately Held,"Rocklin, California, United States",United States,advancingx.com,https://www.linkedin.com/company/advancingx
Lunasonde,"SEEING the UNSEEN

Lunasonde is an American defense company harnessing longwave spectrum for subsurface domain awareness. Lunasonde’s georadiotomography (GRT) technology enables an unparalleled decisive advantage, capable of imaging up to 2 kilometers underneath Earth’s surface. Lunasonde supports America’s national security by detecting threats hiding underground and underwater. In the critical mineral sector, Lunasonde defends American sovereignty by finding new Tier 1 mineral deposits in the continental United States and allied countries.",Space Research and Technology,11-50 employees,Privately Held,"Tucson, Arizona, United States",United States,lunasonde.com,https://www.linkedin.com/company/lunasonde
Mantis Space,Mantis Space is building the orbital power infrastructure to support the trillion-dollar space economy.,Space Research and Technology,11-50 employees,Privately Held,"Albuquerque, New Mexico, United States",United States,mantis.space,https://www.linkedin.com/company/mantisspace
Cosmic DynamiX,[Stealth Mode] Building Some Greatness in Space,Space Research and Technology,2-10 employees,Privately Held,"Los Angeles, California, United States",United States,cosmicdynamix.com,https://www.linkedin.com/company/cosmicdynamix
The SpaceLead,"Follow The SpaceLead for critical insights on deep tech leadership and strategy. 

Explore → TheSpaceLead.com",Space Research and Technology,2-10 employees,Partnership,"San Francisco, California, United States",United States,thespacelead.com,https://www.linkedin.com/company/thespacelead
THE BR-DGE,"THE BR-DGE is an outreach program for technology transfer and transition (T3). The program is powered by Disruptive Technology Index (DTI), a California nonprofit, in partnership with SpaceWERX, the US Space Force’s innovation arm for technology advancement. We support small businesses as they leverage the Small Business Administration’s SBIR/STTR program and aim to help further commercialize their dual-use technology efforts through programming and ecosystem building.

With the sector projected to grow from $630 billion in 2023 to $1.8 trillion by 2035, THE BR-DGE serves as the center of gravity supporting entrepreneurs building space capabilities for the rapidly growing space economy.",Space Research and Technology,2-10 employees,Non Profit,"El Segundo, California, United States",United States,thebr-dge.space,https://www.linkedin.com/company/the-br-dge
Common Space,"Common Space is a (pending) non-profit building a high-resolution satellite constellation dedicated to humanitarian aid and open data. Common Space is a satellite owned and operated by civil society, independent of any government, would mean the places with the greatest need get covered - not the places of geopolitical interest or commercial appeal.

Are you using satellite data for humanitarian purposes? We need your input to inform our satellite requirements! Take our needs assessment survey >> https://forms.gle/ZMxKZpw5HY2bXeGEA",Space Research and Technology,2-10 employees,Non Profit,"Denver, Colorado, United States",United States,commonspace.world,https://www.linkedin.com/company/our-common-space
LifeShip,"LifeShip exists to connect humanity with the cosmos, back up Earth, and spread life to the stars. Add your DNA and story.",Space Research and Technology,2-10 employees,Privately Held,"Carlsbad, California, United States",United States,lifeship.com,https://www.linkedin.com/company/lifeship
LunCo,Collaborative Space Missions. Opensource Lunar Settlement simulation tool integrated with Web3,Space Research and Technology,2-10 employees,Non Profit,"Earth, Texas, United States",United States,lunco.space,https://www.linkedin.com/company/luncosim
Interstellar Performance Labs,"Interstellar Performance Labs (powered by Fort Hill Group) is a human performance and human factors organization advancing safety, readiness, and leadership in spaceflight analogs and complex aerospace environments. 

We work across training, applied research, and human factors safety consulting to support professionals and organizations operating in high-risk, high-consequence systems. Our work focuses on understanding how humans interact with systems, environments, and teams, and using that insight to strengthen performance, manage risk, and prevent breakdowns before they lead to incidents.

Our work is powered by Fort Hill Group, making it grounded in proven frameworks from aviation and spaceflight and informed by real-world operational experience. We help organizations move beyond checklists and toward resilient systems, accountable teams, and mission-ready performance.

We don’t just train crews. We analyze risk, strengthen systems, and build safety into mission design.",Space Research and Technology,11-50 employees,Privately Held,"Washington, Washington, United States",United States,iplabs.space,https://www.linkedin.com/company/interstellar-performance-labs
Satlyt,Fast and secure edge computing in space,Space Research and Technology,2-10 employees,Privately Held,"San Francisco, California, United States",United States,satlyt.ai,https://www.linkedin.com/company/satlyt
Lean SpaceTech,"Lean SpaceTech is a global directory and discovery platform dedicated to early-stage companies, investors, and pioneers shaping the future of space.

Οur mission is to empower innovators, connect capital with opportunity, and foster a thriving ecosystem at the forefront of space technology and exploration.

From orbital debris solutions to next-generation satellites and autonomous missions, we spotlight the game-changers of the NewSpace Economy — a rapidly growing industry fueled by lower launch costs, commercial interest, and breakthrough technologies.

What We Do
- Map the NewSpace landscape through structured company, investor, and individual profiles
- Help startups gain visibility and connect with potential partners
- Guide investors to high-impact opportunities in emerging space markets
- Support a collaborative, sustainable future in and beyond Earth’s orbit

Our Values
- Innovation – Transformative ideas that shape tomorrow
- Collaboration – Global partnerships that drive progress
- Sustainability – Responsible growth for Earth and space

Whether you're a founder, funder, or space enthusiast, join us in accelerating humanity’s next frontier.",Space Research and Technology,2-10 employees,Public Company,"San Francisco, California, United States",United States,leanspacetech.com,https://www.linkedin.com/company/lean-spacetech
no hay informacion,Hi,Space Research and Technology,"10,001+ employees",Privately Held,"Santa Clara, California, United States",United States,,https://www.linkedin.com/company/no-hay-informacion-by-lexcorp-industries
Space Risk Institute,"Dynamic Risk Forecasting Framework that helps governments, private companies, investors, and researchers mitigate risks, optimize mission planning, and foster sustainable space development by increasing precision and resilience across risk landscapes.",Space Research and Technology,2-10 employees,Non Profit,"Dover, Delaware, United States",United States,spaceriskinstitute.org,https://www.linkedin.com/company/space-risk-institute
Motherlode Space Exploration,"Motherlode Space Exploration is building the autonomous AI operating system for commercial space resource operations.

The space resource economy is blocked by a physics constraint and a data gap. Signal delays of 40+ minutes round-trip make real-time ground control of distant spacecraft impossible, and no systematic compositional map of near-Earth asteroids exists today. Both problems require the same answer. Agentic systems that operate without a human in the loop and scale across fleets.

Our platform combines onboard autonomous agents for navigation, fault recovery, and data triage with a ground-side agentic system for mission planning, AI valuation, and portfolio management. The product is not a spacecraft. It is the intelligence layer that runs on top of any spacecraft.

Strategy is lunar-first, asteroids-at-scale. Phase one delivers Data-as-a-Service to national space agencies, institutional investors, and commodity markets in the form of certified resource maps and probabilistic valuation models. Phase two extends to royalty partnerships with extraction operators working from those certified targets.

The team brings 27 years of digital twin and simulation expertise from QinetiQ and NATO modeling groups, NASA Johnson Space Center work on Orion and the ISS, DoD training contracts including the USMC Amphibious Combat Vehicle simulator, and over a decade of shipping AI, simulation, and autonomy software inside Orlando's defense ecosystem.

Delaware C-Corp. SAM.gov registered. 

The Operating System for the Solar System.",Space Research and Technology,2-10 employees,Privately Held,"Orlando, Florida, United States",United States,motherlode.space,https://www.linkedin.com/company/motherlode-space-exploration
Redshift Space Systems,Redshift Space Systems offers engineering expertise in spacecraft operations and ground system software development.,Space Research and Technology,Self-employed,Privately Held,"San Diego, California, United States",United States,redshiftspace.systems,https://www.linkedin.com/company/redshift-space-systems
Spectra Works,"Next generation visual and analytic spectroscopy software for geoscience and astrobiology. Spectra Works is an evolution of research tools developed and used by NASA's Mars 2020 Rover spectrometer, PIXL, to uncover groundbreaking insights in the search for ancient signs of alien life on Mars. Our mission is protect, improve, and provide the most cutting edge analytic tools used in Space Science back to Earth based labs, being the force multiplier which enables geoscientists at Universities, National Labs, and other R1 Class Institutions to investigate, visualize, and comprehend their own instrument data as never before possible.",Space Research and Technology,2-10 employees,Self Owned,"Silver Spring, Maryland, United States",United States,spectraworks.science,https://www.linkedin.com/company/spectra-works
Tesselite,Reinventing mathematically driven propulsion systems.,Space Research and Technology,2-10 employees,Privately Held,"New York, New York, United States",United States,tesselite.com,https://www.linkedin.com/company/tesselitegraviton
Microcosm Discount Astronautics Bookstore (Astrobooks),"The World's Largest Selection of Technical Astronautics Books. The only authorized seller for SPACE MISSION ENGINEERING: THE NEW SMAD (SME-SMAD), FUNDAMENTALS OF ASTRODYNAMICS AND APPLICATIONS, FIFTH ED., ORBIT & CONSTELLATION DESIGN & MANAGEMENT (OCDM), AND SPACE MISSION ANALYSIS AND DESIGN 3RD ED. (SMAD).",Space Research and Technology,2-10 employees,Privately Held,"Torrance, California, United States",United States,astrobooks.com,https://www.linkedin.com/company/astrobooks
Astrodynamics and Celestial Mechanics Lab,"The Astrodynamics & Celestial Mechanics Laboratory (ACML) at Embry-Riddle Aeronautical University advances research in orbital mechanics, nonlinear dynamical systems, and multi-body celestial environments. Our work focuses on spacecraft motion in complex gravitational systems, cislunar astrodynamics, relative equilibria, spacecraft deployment strategies, dynamics around irregular bodies, and mathematical methods for trajectory design and control. Through analytical, computational, and data-driven approaches, ACML seeks to advance the theoretical and applied foundations of future space exploration.",Space Research and Technology,2-10 employees,Non Profit,"Daytona Beach, Florida, United States",United States,,https://www.linkedin.com/company/astrodynamics-and-celestial-mechanics-lab
Gen Astro LLC,"Expert space mission analysis and navigation services, accelerated by modern astrodynamics software.",Space Research and Technology,2-10 employees,Privately Held,"Ellicott City, Maryland, United States",United States,genastro.org,https://www.linkedin.com/company/gen-astro
The Foundation,Space Research & Technology Think Tank,Space Research and Technology,11-50 employees,Privately Held,"Menlo Park, California, United States",United States,,https://www.linkedin.com/company/thefoundationcelestial
AstroSync,"At AstroSync, we take the science of Precision Time & Frequency to celestial heights—and bring it back down to Earth with unmatched expertise. From synchronizing space missions to ensuring your favorite streaming service doesn’t lag, we pride ourselves on delivering timing solutions that are as reliable as they are out of this world.

Whether it’s coordinating satellites orbiting a distant planet or making sure your Wi-Fi doesn’t betray you during an important video call, AstroSync is your go-to partner for all things time and frequency. With cutting-edge technology, a dash of humor, and a relentless commitment to precision, we ensure that every second is exactly where it should be (give or take zero nanoseconds).

At AstroSync, we believe time isn’t just a construct—it’s our passion. Trust us to keep your world (and the universe) perfectly in sync. Because when the stakes are cosmic, you can count on AstroSync to deliver.
We thrive on the philosophy that time waits for no one, but we make it look cool while it rushes by. With a team of mad scientists, engineers, and (probably) aliens, we combine innovation, precision, and a pinch of cosmic flair to deliver the most reliable timekeeping solutions in the universe.

Join us on our mission to conquer time, one frequency at a time. Because here at TimeWarp Industries, we’re always ahead of the times.",Space Research and Technology,"501-1,000 employees",Privately Held,"New York, United States",United States,,https://www.linkedin.com/company/astrosync
Venova Technologies,"Space and Defense Consulting firm providing expertise in systems engineering, program management, strategy, and business development",Space Research and Technology,Self-employed,Privately Held,"Redondo Beach, California, United States",United States,,https://www.linkedin.com/company/venovatech
Plank Nutrition LLC,R&D entity focused on exploring off-world nutrition,Space Research and Technology,Self-employed,Privately Held,"Seattle, Washington, United States",United States,planknutrition.com,https://www.linkedin.com/company/plank-nutrition-llc
Occursis,Space Technology Company,Space Research and Technology,2-10 employees,Privately Held,"San Francisco, California, United States",United States,occursis.com,https://www.linkedin.com/company/occursis
Nibiru Limited Liability,"At Nibiru Limited Liability Corporation, we invest and create businesses that provide innovative products and services to consumers. 

Based out of Oakland, CA, United States, California, we passionately incorporate science and technology to improve things. A company built on combining the best of both worlds, we believe in technological advancement and ancient traditions, and that's why we've incorporated them throughout our company. Dedicated to the future success of humanity, we believe that the most effective way to help people reach their full potential is by providing them with the necessary tools.


The future of public space travel is here, and it's getting bigger. Our primary focus is on science and technology. However, we also offer products in various industries, including auto-deliveries for your groceries or even a personal assistant who can help you stay on top of your schedule. With advancements in technology and the rise of e-commerce, we are seeing a new breed of commercial space travel emerge with the ability to take us further than ever before, and we're here to invest in it.

For more information, visit www.nibirullc.net or write to us at customer.service@nibirullc.net.",Space Research and Technology,2-10 employees,Privately Held,"Oakland, California, United States",United States,nibirullc.net,https://www.linkedin.com/company/nibiru-limited-liability
Exosono,Exosono is an experimental cutting edge aerospace proof of stake layer one blockchain that utilizes satellite technology paired with a decentralized ground station grid to authenticate and verify transaction data natively and securely.,Space Research and Technology,2-10 employees,Privately Held,"Los Angeles, California, United States",United States,exosono.io,https://www.linkedin.com/company/exosono
Salon VanMary,"Salon Vanmary is a warm and friendly salon suite dedicated to helping you achieve your desired look. Our skilled professionals offer a wide range of treatments, including hair color, hair cuts, and styling, to meet all your beauty needs. Our attentive staff understands your unique preferences, making each visit memorable and enjoyable. Contact us today to schedule an appointment",Space Research and Technology,11-50 employees,Privately Held,"Orlando, Florida, United States",United States,,https://www.linkedin.com/company/salon-vanmary
HEXXA Technologies,"The Future of Space Technology, Now.",Space Research and Technology,2-10 employees,Privately Held,"Pasadena, California, United States",United States,hexxa.com,https://www.linkedin.com/company/hexxatech
AXARYS,"Axarys is an independent, self-funded research initiative focused on exploring emerging technologies and market dynamics within the aerospace sector. This project is not affiliated with any company, university, or employer and is driven by a personal interest in advancing knowledge around satellite systems, space hardware, and emerging technologies. The goal is to better understand the evolving aerospace landscape through academic-style research. Axarys is purely exploratory in nature and is intended to foster learning and industry insight.",Space Research and Technology,Self-employed,Privately Held,"Littleton, Colorado, United States",United States,axarys.space,https://www.linkedin.com/company/axarys-space-systems
Aurmob,"At Aurmob, we are dedicated to reshaping the future of mining and manufacturing beyond Earth's atmosphere. Our mission is to innovate and pioneer technologies that make space resources accessible and viable for various industrial applications.",Space Research and Technology,Self-employed,Privately Held,"Canton, Georgia, United States",United States,aurmob.com,https://www.linkedin.com/company/aurmob
StarLoch,StarLoch LLC provides observatory automation services as well as hosting telescopes for remote observation around the world. Cosmic enthusiasts can enjoy the views of space remotely as well as capturing images through astrophotography.,Space Research and Technology,2-10 employees,Partnership,"Tampa, Florida, United States",United States,starloch.com,https://www.linkedin.com/company/starloch
Wet Worx Mold & Water Restoration,"If you’re looking for a company to help eliminate mold, you can’t go wrong with Wet Worx Mold & Water Restoration. We’re certified by the industry and use state-of-the-art technology to ensure your home is mold-free. Plus, our technicians are available to answer any questions you may have throughout the process",Space Research and Technology,51-200 employees,Public Company,"New York, New York, United States",United States,wetworxmoldwaterrestoration.com,https://www.linkedin.com/company/wetworx
The Balance Group,"Are you concerned that massive satellite and wireless networks need further study?  The Balance Group exists to provide a balanced approach to solving large, systemic issues concerning existing and proposed man-made systems and their impact on the human condition and the environment at large.  Technology and large-scale networks provide certain benefits that we all rely upon, yet the same existing or proposed networks and systems can degrade the human condition and surrounding environment.  This is the forum for balanced research and advocacy for respecting the need for technology while also improving the human and environmental condition.

The Balance Group is designed to provide counsel and technical systems and solutions to individuals, non-profits, corporations, and governments. The technical solutions use professional-grade spectrum management techniques and are designed to protect industry, humans, flora, and fauna. It is in the interest of network providers, customers, regulators, environmentalists, and healthcare providers to persistently seek balanced solutions that benefit all parties. 

Because the Balance Group exists to provide a balanced approach to proposed manmade systems and their impact on the human condition and the environment at large, we require members from a wide variety of professions and interests.  Our members include astronomers, physicists, scientists, environmentalists, technologists, telecommunications experts and medical professionals, among others. Our members are also people interested in balancing the needs for technology with those of healthy ecosystems and a clean environment.

The Balance Group’s work is designed to protect industry, humans, flora, fauna, and the environment from preventable environmental harms.",Space Research and Technology,2-10 employees,Privately Held,"Washington, Washington, United States",United States,thebalancegroup.net,https://www.linkedin.com/company/the-balance-group-1
Trajectory One,"Trajectory One is a leading aerospace research and development company pioneering the future of space travel. Our mission is to make space more accessible and sustainable by advancing propulsion technology. 

We have introduced a new classification of space engines designed with reusable rocket components to enhance mission-critical performance and reduce the cost of space exploration. The Multiple Oxidizer Combined Cycle Engine (MOCC) is breathing new life into aerospace by improving the cost, reliability, and efficiency of space flight with rocket engines that minimize their environmental footprint.

With high-altitude supersonic flight capabilities, the MOCC offers a wide range of industry applications. This synergy across divisions enables us to explore the full potential of advanced aerospace technology, providing diverse business opportunities. The aerospace industry's greatest achievements are realized through collaboration and support with those who share our vision— partner with us to shape the future of space travel.",Space Research and Technology,2-10 employees,Privately Held,"Arizona, Arizona, United States",United States,trajectoryone.com,https://www.linkedin.com/company/trajectory-one
FOSSFO,"The Free & Open Source Spaceflight Organization (FOSSFO), aims to spaceflight and it's technologies to the open source community with the goal of generating the same explosive growth that came about when NASA opened up it's doors to privatized spaceflight.",Space Research and Technology,2-10 employees,Privately Held,"Space Coast, Florida, Florida, United States",United States,fossfo.org,https://www.linkedin.com/company/fossfo
Sirius Observatory,"Exploring the cosmos, one backyard at a time.",Space Research and Technology,2-10 employees,Educational,"Conway, Arkansas, United States",United States,siriusobservatory.com,https://www.linkedin.com/company/sirius-observatory
Geo Douglas Science,"Scientific Researcher in cosmology, space propulsion: creator of the Electroplasma Drive System, and studying molecular vibrational frequencies.",Space Research and Technology,Self-employed,Self Employed,"Bernardsville, New Jersey, United States",United States,geodouglas.com,https://www.linkedin.com/company/geo-douglas-science
rotastellar,"The cloud breaks in space.

Kubernetes doesn't understand orbital mechanics. PyTorch doesn't adapt to solar eclipses. TensorFlow doesn't expect bit flips. Every assumption in modern cloud infrastructure—always-on networks, stable power, predictable latency, reliable hardware—fails in orbit.

We're building the software layer that doesn't.

RotaStellar provides four layers of infrastructure for orbital compute:

▸ Planning Tools
Feasibility analysis, thermal modeling, latency simulation, and power budgeting. Answer ""should we?"" before ""how?""

▸ Orbital Intelligence
Track 10,000+ satellites, analyze conjunction risks, detect anomalies. The situational awareness layer runtime depends on.

▸ Orbital Runtime
Orbit-aware scheduling, adaptive inference, and fault-tolerant ML for radiation environments. The primitives that make computing in space actually work.

▸ Distributed Compute
Coordinate AI across Earth and space. Federated learning, model partitioning, and bandwidth-optimized synchronization for hybrid infrastructure.

We're building software before the hardware is common—so it's ready when you need it.

Part of Rota, Inc. Headquartered in San Francisco.

Website: rotastellar.com
Docs: docs.rotastellar.com
API: api.rotastellar.com",Space Research and Technology,11-50 employees,Privately Held,"San Francisco, California, United States",United States,rotastellar.com,https://www.linkedin.com/company/rotastellar
Rillieux Technology,At the forefront of developing modern technology for modern problems,Space Research and Technology,2-10 employees,Public Company,"Austin, Texas, United States",United States,,https://www.linkedin.com/company/rillieux-tech
Optimal Trajectories LLC,"At Optimal Trajectories LLC, we are dedicated to guiding organizations in the aerospace and advanced technology sectors towards success. Our mission is to empower clients to navigate the complex landscapes of acquisition, technology maturation, and strategy development. With our deep expertise in program management, engineering, and mission execution, we deliver tailored solutions that foster innovation and excellence within our clients' endeavors. Our goal is to ensure they are well-prepared to deliver tomorrow's solutions today.",Space Research and Technology,Self-employed,Self Employed,"Chantilly, Virginia, United States",United States,,https://www.linkedin.com/company/optimal-trajectories-llc
Big Bang Research,"Big Bang Embarks Upon The Uncharted Vastness of The Cosmos, Inspired By The Profound Aspiration To Establish The Foundations For Humanity’s Enduring And Sustainable Existence Among The Stars.

Through A Seamless Fusion of Advanced Research, Innovation, And Engineering, We Are Redefining The Possibilities of Orbital And Planetary Exploration. Big Bang Adopts A Multidisciplinary Technological Paradigm To Unravel The Infinite Possibilities of Space Exploration And To Pioneer Sustainable Habitation Beyond Earth’s Confines.

Our Mission Integrates Cutting-Edge Innovations Across Orbital And Planetary Deep-Space Exploration, Terraformation, Life-Support Systems, Orbital Habitats, Spacecraft Manufacturing, And Space Biotechnology. These Interconnected Domains Serve As The Foundation For Humanity’s Evolution Beyond Earth.

These Innovations Architect The Backbone of Future Missions, Enabling Humanity To Traverse Vast Interstellar Distances With Unprecedented Precision And Reliability.

These Multidisciplinary Endeavors Exemplify Our Unwavering Pursuit of Innovation, Propelling The Enduring Existence And Evolution of The Human Race Beyond Earth’s Confines.",Space Research and Technology,2-10 employees,Privately Held,"Pasadena, California, United States",United States,bigbangfuture.com,https://www.linkedin.com/company/big-bang-research
Halcina Future Foundation,"The Halcina Future Foundation is an organization dedicated to advancing human readiness for the emerging age of artificial intelligence, automation, and accelerated technological change. Through strategic investments, partnerships, and research initiatives, Halcina supports innovation in AI education, cybernetics, longevity science, and societal resilience. Our mission is to help individuals navigate the transition toward an intelligent and sustainable future. We operate at the intersection of technology, ethics, and human development—building frameworks that ensure progress benefits all generations.",Space Research and Technology,2-10 employees,Privately Held,"Jacksonville, Florida, United States",United States,halcina.com,https://www.linkedin.com/company/halcina-future-foundation
Circuit Analysis LLC,"Specializing in high reliability power electronics. Circuit design and analysis for harsh environments from outer space to terrestrial military, mining and under sea.",Space Research and Technology,Self-employed,Privately Held,"Seattle, Washington, United States",United States,circuitanalysis.com,https://www.linkedin.com/company/circuitanalysis
Liberian Girls in Orbit,"Empowering Liberian Girls in Aerospace Engineering
This competition aims to spark interest and propel Liberian high school girls towards careers in aerospace engineering by challenging them to design a miniature satellite or propose an experiment suitable for the International Space Station (ISS).
Competition Categories:
LiGO Sat: Design and build a functional prototype of a miniature satellite (CubeSat) with a specific mission relevant to Liberia, like:
Monitoring deforestation rates.
Mapping Liberia's water resources.
Tracking weather patterns for early warning systems.
LiGO Sci: Propose an experiment that could be conducted on the ISS that benefits Liberia, for example:
Studying the effects of microgravity on crops relevant to Liberia agriculture.
Testing the durability of building materials for future Liberian space exploration endeavors.

LiGO is a groundbreaking initiative in Liberia. It will not only introduce girls to the exciting world of aerospace engineering but also create a network of young female scientists and engineers who can be the future leaders in Liberia's space exploration journey.",Space Research and Technology,Self-employed,Educational,"Rock, West Virginia, United States",United States,,https://www.linkedin.com/company/liberian-girls-in-orbit
Lazarus Motors,"Lazarus builds luxury sedans and SUVs inspired by the golden age of automotive design, the stunning lines of the 1950s through 1970s, with modern performance, technology, and craftsmanship underneath. Available in refined gas and hybrid powertrains.",Space Research and Technology,2-10 employees,Privately Held,"Irvine, California, United States",United States,lazarusmotors.xyz,https://www.linkedin.com/company/lazarusmotors
Aerospace Robotics Lab @ GT (Dr. Nakka),"Our research focuses on enabling aerospace systems to operate autonomously (safely, intelligently, and collaboratively) in uncertain and extreme environments—whether on the Moon, in orbit, or beyond.

At the heart of our work is a fundamental question: How can robotic systems make intelligent decisions in the face of uncertainty, while ensuring safety, robustness, and mission success? To answer this, we develop advanced approaches to formulate and solve information-cost stochastic optimal control problems. We rely on theories from nonlinear control, distributional robustness, convex optimization, and probability theory.",Space Research and Technology,2-10 employees,Non Profit,"Atlanta, Georgia, United States",United States,gatech.edu,https://www.linkedin.com/company/aerospace-robotics-lab-gt-dr-nakka
CrescentTide Technologies,"Your Mission. Landing Secured.

Family-owned and operated aerospace startup specializing in lander stabilization systems.",Space Research and Technology,2-10 employees,Privately Held,"Spokane, Washington, United States",United States,crescenttidetech.com,https://www.linkedin.com/company/crescenttide-technologies
NeuCooling,"Leveraging computational fluid dynamics in the design of electronics cooling devices.

Class Project.",Space Research and Technology,2-10 employees,Partnership,"San Diego, California, United States",United States,,https://www.linkedin.com/company/neucooling
Apto Aerospace LLC,,Space Research and Technology,2-10 employees,Privately Held,"Cleveland, Ohio, United States",United States,aptoaerospace.com,https://www.linkedin.com/company/aptoaerospace
A Sync,"ASYNC Research Institute is a pioneering research and development organisation dedicated to advancing humanity through breakthrough discoveries in spatial science, dimensional engineering, and applied physics.

Founded on the belief that the greatest challenges of the future require bold thinking and unconventional solutions, ASYNC explores new frontiers in the understanding and utilisation of space itself. Our work focuses on developing innovative technologies that have the potential to transform storage, infrastructure, logistics, and human expansion beyond traditional limitations.

By combining world-class scientific expertise with a commitment to responsible innovation, ASYNC is pushing the boundaries of what is possible and opening pathways to opportunities once considered beyond reach.

Our multidisciplinary teams work at the intersection of research, engineering, and exploration, driven by a single mission:

To unlock new dimensions of possibility for humanity.

Our Areas of Focus

• Spatial Research & Analysis
• Dimensional Engineering
• Advanced Infrastructure Solutions
• Applied Physics & Materials Science
• Future Storage Technologies
• Environmental Systems & Sustainability
• Long-Term Human Expansion Initiatives

Our Mission

Exploring the unknown. Delivering the future.

Our Vision

A future where the constraints of space, distance, and physical limitation no longer restrict human progress.",Space Research and Technology,"501-1,000 employees",Self Owned,"San Jose, California, United States",United States,,https://www.linkedin.com/company/a-sync-labs
Orbitswarm,AI Space Domain Awareness Solutions,Space Research and Technology,2-10 employees,Privately Held,"Los Angeles, California, United States",United States,,https://www.linkedin.com/company/orbitswarm
Kyros Space,We are building trusted AI for spacecraft operations' most urgent problems,Space Research and Technology,Self-employed,Privately Held,"Austin, Texas, United States",United States,kyrosspace.com,https://www.linkedin.com/company/kyros-space
Arysin,"Arysin is a space health technology company dedicated to advancing human endurance for deep space exploration. As humanity pushes further into the cosmos, the physiological challenges of prolonged spaceflight, from spaceflight-associated neuro-ocular syndrome (SANS) to microgravity-induced biological degradation, require unprecedented, clinical-grade medical monitoring.

We bridge the critical gap between space medicine, advanced data analytics, and software engineering. At Arysin, we are developing a comprehensive health surveillance operating system designed to track, analyze, and protect astronaut biology in extreme environments. By translating complex clinical data and advanced imaging into actionable, real-time insights, we ensure that deep-space missions are backed by the highest standards of medical precision.

Our mission goes beyond orbit. By engineering solutions for the harshest environments known to humanity, we are translating space medicine breakthroughs into advanced longevity protocols and clinical tools that enhance human resilience right here on Earth.",Space Research and Technology,2-10 employees,Privately Held,"California, United States",United States,arysinspace.com,https://www.linkedin.com/company/arysinspace
Menos Technologies,Menos Technologies is a research and development startup focused on creating advanced engineering solutions for next-generation applications.,Space Research and Technology,2-10 employees,Self Employed,"Detroit, Michigan, United States",United States,menostechnologies.com,https://www.linkedin.com/company/menos-technologies
Crescendo Space,Solutions for the space launch insurance markets.,Space Research and Technology,2-10 employees,Privately Held,"New York, New York, United States",United States,,https://www.linkedin.com/company/crescendo-space
Galaxy - Beyond The Sky,"""We hope to touch the troposphere as soon as possible...""
CEO & President of GALAXY - Lorenzo De Donato",Space Research and Technology,2-10 employees,Privately Held,"Pittsburgh, Pennsylvania, United States",United States,,https://www.linkedin.com/company/galaxy-beyond-the-sky
Kardashev Alliance,"The Kardashev Alliance is a visionary consortium dedicated to propelling humanity forward on its cosmic journey. Rooted in the principles of collaborative innovation and profound exploration, we seek to answer the beckoning call of the stars. Our principal venture, STARSHIP, encapsulates a bold mission: to pioneer the realms of faster-than-light (FTL) travel through a harmonized blend of generative artificial intelligence, advanced simulations, and reinforcement learning. Through this ambitious platform, we aim to optimize spacecraft designs, converting the imaginative lore of science fiction into a tangible reality for humankind. The Alliance believes in an inclusive and global endeavor, uniting thinkers, scientists, technologists, and dreamers from every corner of the globe. Our initiatives stretch beyond the technical realm, embracing diverse contributions from project management, marketing, social engagement, and much more. The Kardashev Alliance invites not only the intellectually curious but every individual who envisions a grander narrative for humanity within the vast cosmic theater. Together, we step towards transcending our current Kardashev Scale status, ushering in a new era of interstellar enlightenment and potential habitat expansion. As we lay down this path of audacious exploration and collective endeavor, we strive to ensure the enduring legacy and advancement of human civilization amidst the boundless cosmic frontiers. Join us in this historic venture, as we craft the narrative of human destiny, unifying our endeavors towards achieving the extraordinary and unveiling the cosmic unknown.",Space Research and Technology,Self-employed,Self Owned,"Everywhere, United States",United States,gitlab.com,https://www.linkedin.com/company/kardashev-alliance
Science page extra,"Innovations and discoveries in the field of science, technology and engineering...",Space Research and Technology,2-10 employees,Non Profit,"Oxnard, California, United States",United States,,https://www.linkedin.com/company/science-page-extra
Tech Nova Dynamics,,Space Research and Technology,11-50 employees,Privately Held,"Tucson, Arizona, United States",United States,,https://www.linkedin.com/company/tech-nova-dynamics
IVICON LLC Space Exploration,"Launching Future Leaders
For over two decades, we have built and operated space-focused programs worldwide through licensed brands, global partnerships, and scalable learning systems. BEGIN THE CONVERSATION

STRATEGIC INQUIRY

Whether you're positioning an enterprise for the space economy, building next-generation leadership, or exploring institutional partnerships—we're ready to scope the engagement GOVERNMENT • ENTERPRISE • ACADEMIA

STRATEGIC ALLIANCES

Systematic collaboration with space agencies, Fortune 500 enterprises, and research institutions—positioning partners for the $1 trillion space economy.

WHERE STANDARDS ARE NON-NEGOTIABLE

HASSE SPACE SCHOOL

A global network spanning 20+ representatives worldwide. Two decades of precision education delivering the IGNIS framework across continents.",Space Research and Technology,2-10 employees,Privately Held,"The Woodlands, Texas, United States",United States,ivicon.com,https://www.linkedin.com/company/ivicon-llc
Skybird Science Films,The sky is the limit...and then there's space!,Space Research and Technology,Self-employed,Privately Held,"Seattle, Washington, United States",United States,skybirdscience.com,https://www.linkedin.com/company/skybirdscience
Deering Park Space Innovation Center,"The Deering Park Space Innovation Center is a catalyst for space‐driven innovation and economic growth on Florida’s Space Coast. The Center brings together industry, academia, and government to turn bold ideas into real‐world technologies, companies, and careers that benefit our region.",Space Research and Technology,2-10 employees,Non Profit,"New Smyrna Beach, Florida, United States",United States,,https://www.linkedin.com/company/deering-park-space-innovation-center
SentinelFabric,"Unleash the Potential: An All-American Fabric Stack, Patents Pending
SentinelFabric is pioneering innovation in defense technology through its All-American Fabric Stack. The Principal Fabric Architect assumes a pivotal role in system architecture, kernel programming, and security within this fabric stack. This fabric stack is engineered to deliver exceptional performance across air, space, cyber, and electronic warfare domains, ensuring optimal reliability and mission readiness.

Our All-American Fabric Stack is meticulously designed to provide unparalleled performance and reliability. Unlike conventional solutions, it offers true baselines and benchmarks, ensuring optimal results.

Mathematically sound and mission-ready, our fabric stack is meticulously engineered to deliver exceptional compute superiority across air, space, cyber, and electronic warfare domains. This comprehensive approach empowers our warfighters to maintain decisive advantage in every theater of operation.

Beyond its military applications, our fabric stack has the potential to strengthen our nation’s technological sovereignty, empower allies, and create new commercial markets. By strategically deploying this technology, we can accelerate the elimination of the $37 trillion national debt.

Built to defend our homeland and our freedoms, our fabric stack is a testament to the ingenuity and resilience of American engineering.Unleash the Potential: An All-American Fabric Stack, Patents Pending Our All-American Fabric Stack is meticulously designed to provide unparalleled performance and reliability. Unlike conventional solutions, it offers true baselines and benchmarks, ensuring optimal results. Mathematically sound and mission-ready, our fabric stack is meticulously engineered to deliver exceptional compute superiority across air, space, cyber, and electronic warfare domains. This comprehensive approach empowers our warfighters to maintain decisive advantage in every theater of operation.",Space Research and Technology,Self-employed,Privately Held,"New York, New York, United States",United States,sentinelfabric.com,https://www.linkedin.com/company/sentinelfabric
Texas Outgassing Services,Materials Outgassing Characterization Laboratory,Space Research and Technology,Self-employed,Partnership,"Plano, Texas, United States",United States,texasoutgassing.com,https://www.linkedin.com/company/texas-outgassing-services
THOTH AeroSpace,"Thθtħ is a pioneering aerospace company dedicated to advancing space technology through innovative solutions. We specialize in space-based solar power SBSP, polygeneration, satellite navigation systems that leverage cutting-edge laser technology to deliver unprecedented efficiency, precision, and reliability.",Space Research and Technology,2-10 employees,Public Company,"Washington, Washington, United States",United States,thoth.aero,https://www.linkedin.com/company/thothaero
NextGen Space Systems,"From concept of operations to critical design—integrating lessons learned, compliance, and engineering intelligence into a single platform.",Space Research and Technology,2-10 employees,Privately Held,"League City, Texas, United States",United States,nxgspace.com,https://www.linkedin.com/company/nxgspace
ApexOrbital,Specializes in advanced computational simulation.,Space Research and Technology,Self-employed,Educational,"Buffalo, New York, United States",United States,apexorbitals.com,https://www.linkedin.com/company/apexorbital
FARSIDE,"SpaceX builds the ships.
We build what happens when you arrive.
—
Galactic hospitality · Est. 2026",Space Research and Technology,2-10 employees,Privately Held,"San Francisco, California, United States",United States,farsideworld.com,https://www.linkedin.com/company/farsideworld
Institute for Systems Engineering and Sustainable Systems,"The Institute for Systems Engineering and Sustainable Systems (ISESS) is a globally oriented applied research, training, and advisory institute advancing systems engineering as a foundational discipline for sustainability, resilience, and effective governance of complex socio-technical systems.

ISESS is grounded in a critical insight: today’s most pressing challenges - climate transition, infrastructure resilience, public investment delivery, urbanization, digital transformation, and institutional reform - are systems problems that cannot be addressed through siloed approaches, isolated projects, or linear planning methods.

At the core of ISESS is systems engineering as a rigorous scientific and managerial discipline, applied to real-world public and institutional systems. Sustainability is treated not as a standalone objective or compliance requirement, but as an emergent property of well-designed and well-governed systems across their full lifecycle.

ISESS operates at the intersection of systems engineering, sustainability science, public-sector governance, and strategic management through applied research, professional training, and decision-support tools. Our work is structured around four integrated pillars: Systems Knowledge Generation, Capacity Development, Strategic Advisory and Decision Support, and Innovation and Application.

Our mission extends beyond treating sustainability as a compliance objective, advancing systems engineering science and practice to support governments, public institutions, and strategic partners understand complexity, manage interdependencies, and make informed decisions for resilient and sustainable systems.

ISESS supports institutions through applied research, executive education, professional training, and strategic systems advisory - bridging policy intent and operational reality.",Space Research and Technology,2-10 employees,Non Profit,"Denver, Colorado, United States",United States,isess.org,https://www.linkedin.com/company/institute-for-systems-engineering-and-sustainable-systems-isess
Eustace LaFleur Company Singapore,"Dear Online Guests,
   Does anyone in the global marketplace need help with indicator lights to remember your belongings before driving? See the video. Make your own!
Cell: +1 386 523 8765 
Austin Wayne Ash 
See contract payment platform Malt https://www.malt.uk/profile/austinash
Malt Freelance platform seems ready, except a passport is still needed to start any project via Malt. I ask you to cover the cost of my passport, no other hidden fees unless software/licensing required. I am here to serve! 
State registered ""other"" (biological) engineer intern (LAPELS Registration Number EI.0035403)
Austin Wayne Ash sole proprietorship Fictitious Name (Sunbiz, Florida State)
Filed date 10/22/2024
Expires 12/31/2029
Florida state Sunbiz registration number G24000129683
Status: active
History:
Filed date in South Dakota 2023
Expired in South Dakota 2024
Resources:
Italy: Austin currently listed on Englishjobs.it   or
https://www.linkedin.com/company/eustace-s-lafleur-company-italia/about/?viewAsMember=true
France: Austin currently listed on Malt 
https://www.malt.com/profile/austinash   or
https://www.linkedin.com/company/eustace-s-lafleur-company-l-hexagone/about/?viewAsMember=true
Freelace platform Espana is Outvise.
https://www.outvise.com/account/profile",Space Research and Technology,Self-employed,Self Owned,"Daytona Beach, Florida, United States",United States,malt.uk,https://www.linkedin.com/company/eustace-lafleur-company-singapore
The Hyper Group,"The Hyper Group (THG) was born out of a simple, powerful idea: that passion for space exploration shouldn't be bound by international borders or stalled by complex legal red tape.

What started as a tight-knit global collective of friends collaborating to solve complex engineering and logistical problems for NASA and other international space agencies has evolved into a full-scale launchpad for the next generation of space innovators.

We know firsthand how grueling, complex, and discouraging it can be to navigate cross-border legalities, international regulations, and bureaucratic roadblocks just to contribute to the future of humanity. We walked through that fire so others wouldn't have to.

Today, THG acts as the ultimate bridge. We handle the heavy lifting—navigating international compliance, legal frameworks, and organizational barriers—to give brilliant minds worldwide the direct privilege of solving critical challenges in space exploration.

Our Mission:
To create opportunities for exceptional people to solve meaningful scientific and engineering problems regardless of geography, circumstance, or traditional barriers.",Space Research and Technology,2-10 employees,Self Owned,"Houston, Texas, United States",United States,,https://www.linkedin.com/company/the-hyper-group-space
Eustace S. LaFleur Company Australia,"Dear Online Guests,
   Does anyone in the global marketplace need help with indicator lights to remember your belongings before driving? See the video. Make your own!
Cell: +1 386 523 8765 
Austin Wayne Ash 
See contract payment platform Malt https://www.malt.uk/profile/austinash
Malt Freelance platform seems ready, except a passport is still needed to start any project via Malt. I ask you to cover the cost of my passport, no other hidden fees unless software/licensing required. I am here to serve! 
State registered ""other"" (biological) engineer intern (LAPELS Registration Number EI.0035403)
Austin Wayne Ash sole proprietorship Fictitious Name (Sunbiz, Florida State)
Filed date 10/22/2024
Expires 12/31/2029
Florida state Sunbiz registration number G24000129683
Status: active
History:
Filed date in South Dakota 2023
Expired in South Dakota 2024
Resources:
Italy: Austin currently listed on Englishjobs.it   or
https://www.linkedin.com/company/eustace-s-lafleur-company-italia/about/?viewAsMember=true
France: Austin currently listed on Malt 
https://www.malt.com/profile/austinash   or
https://www.linkedin.com/company/eustace-s-lafleur-company-l-hexagone/about/?viewAsMember=true
Freelace platform Espana is Outvise.
https://www.outvise.com/account/profile",Space Research and Technology,Self-employed,Self Owned,"Daytona Beach, Florida, United States",United States,malt.uk,https://www.linkedin.com/company/eustace-s-lafleur-company-austrailia
Lone Star Observatories,"Lone Star Observatories is a Texas astronomy venture building the infrastructure, software, and optical services that make dark sky experiences more accessible for everyone who looks up.

We are engineers and astronomers who believe Texas has some of the darkest, clearest skies on the planet — and that serious observers deserve serious tools to make the most of them.

Our work spans six areas: observatory operations, astrotourism, telescope repair and restoration, optics and precision manufacturing, research and development, and civilian science contracting. We are building across all of them — methodically, and with the long view in mind.

Our products and services are already in the field. Lone Star Telescope Repair and Restorations (lonestartelescope.shop) serves amateur astronomers, collectors, institutions, and professionals nationwide — repairing, collimating, cleaning, and fully restoring every class of optical instrument, from modern SCTs to century-old refractors. BortleBug (bortlebug.com) is our personalized astrophotography intelligence platform, delivering weather, sky quality, target selection, and per-telescope imaging schedules directly to imagers before every session.

The bigger picture: we are on a mission to build a network of world-class observatory sites and research infrastructure across Texas and beyond — places where the sky is as dark as it gets, the equipment is as good as it gets, and the science being done matters.

Texas is not just where we are based. It is the point. The Davis Mountains, the Chihuahuan Desert, the Hill Country — this state holds some of the most extraordinary dark sky reserves on Earth, and they deserve infrastructure worthy of them.

We are building that infrastructure. Follow along.

lonestarobservatories.com",Space Research and Technology,2-10 employees,Privately Held,"Austin, Texas, United States",United States,lonestarobservatories.com,https://www.linkedin.com/company/lone-star-observatories
MonarchWERX Consulting,"MonarchWERX was founded in 2024 to provide strategic management consulting services to assist innovation entrepreneurs in navigating the federal market landscape and successfully transition their technology.  Mr Chris Pelc, the MonarchWERX founder has 40+ years of experience with US Government procurement and Program Management. A 28-year US Air Force veteran, Mr Pelc is a recognized acquisition expert.  He brings his creative and strategic problem solving expertise to MonarchWERX customers.  He understands the US Government procurement process from all sides having served as a USAF major defense program manager, worked for a major defense contractor, as well as a small start-up company.  His experience makes him uniquely qualified to help MonarchWERX clients successfully navigate the US Government procurement process and thrive as an on-going enterprise.  MonarchWERX, in conjunction with Shoshin Works, enables the innovation community to achieve even greater success through commercially proven ecosystem orchestration techniques.  They provide the innovation community with the digital infrastructure to identify high quality, high value connections with precision and accuracy and access to strategic resources and other innovators in a collaborative ecosystemic environment.",Space Research and Technology,Self-employed,Self Owned,"Los Angeles, California, United States",United States,monarchwerx.com,https://www.linkedin.com/company/monarchwerx-consulting
KXInnovations,"We measure, translate, and predict how people experience space. We move organizations to understand “what is happening,” to “why,” and “what to do next.”",Space Research and Technology,2-10 employees,Privately Held,"New York, New York, United States",United States,kxinnovations.com,https://www.linkedin.com/company/kxinnovations
DA2 Ventures,"DA2 Ventures is a business development and consulting firm based out of Fort Collins, CO. The firm has supported over 100 customers over the past 20 years with strategic partnership development, management, and engineering support for large terrestrial and space-based research projects.",Space Research and Technology,2-10 employees,Self Employed,"Fort Collins, Colorado, United States",United States,,https://www.linkedin.com/company/da2-ventures
Artera,"The pantry doesn't launch with you anymore.

Every mission today is scoped around a shrinking pantry instead of the exploration itself. As long as food has to be launched, stored and resupplied on a fixed schedule, the range of every mission collapses to the size of what it can carry.

Artera grows food in space with a constellation of autonomous agriculture pods — positioned and orbited to meet missions where they're going.

Not one farm. A living constellation. Pods hold a ring of low orbits in each neighborhood, clustered around Earth and the Moon, with Mars as the network extends outward. Each pod tends its own harvest and flies its own trajectory — deciding where and how to grow across the network, and how to navigate each harvest to you. Crops are cultivated from compact supplies aboard the pods, turning launched mass into a renewing harvest instead of a shrinking pantry. The agronomy and the flight dynamics are ours to solve — never yours.

For you, it's just grocery delivery. Choose what to order, and Artera calculates the rest from your mission, outpost, space station or off-world settlement — growing it and routing it automatically, then delivering fresh food on a schedule you can count on. A menu, not a mission plan. That is the whole interface. The complexity is real. It's just not yours.

We're an early-stage team out of Space City, building the food supply chain in space. The constellation is proposed, the work is underway, and we publish what we measure — including what doesn't work yet.",Space Research and Technology,2-10 employees,Privately Held,"Houston, Texas, United States",United States,artera.space,https://www.linkedin.com/company/artera-space
Desgnr X LLC,Technology Design & Development Firm,Space Research and Technology,2-10 employees,Self Employed,"Boca Raton, Florida, United States",United States,desgnrx.com,https://www.linkedin.com/company/desgnr-x-llc
Unusual Reports,"Reporting on NHI, UAP, paranormal, metaphysical & related phenomena affecting the human condition. Knowledge is a birthright - knowledge is power.   

Follow for investigations, interviews and perspectives from citizen scientists to government experiencers, plus op-eds & resources that advance disclosure, transparency & accountability while pushing back against stigma.",Space Research and Technology,2-10 employees,Privately Held,"Sacramento, California, United States",United States,unusualreports.com,https://www.linkedin.com/company/unusual-reports
Sinuous Technologies,"Sinuous Technologies provides design services for space exploration. With over a decade of experience in consultation, manufacturing, and safety within mission-critical systems, Sinuous is a true R&D industry leader.",Space Research and Technology,2-10 employees,Privately Held,"Seattle, Washington, United States",United States,sinuous.technology,https://www.linkedin.com/company/sinuous
Students 4 Science,"Students 4 Science is dedicated to the advancement and welfare of the modern generations, as well as the success and accomplishment of each individual. The ultimate goal is to raise the next age of leaders.",Space Research and Technology,2-10 employees,Non Profit,"Charlotte, North Carolina, United States",United States,students4sciencenc.org,https://www.linkedin.com/company/students4science
Astervey,"The space economy is moving faster than ever, but the cost of operations is still a bottleneck. Astervey cuts costs and enables rapid deployment by letting the satellites navigate, make decisions, and conduct science or resource operations without human intervention. Our platform supports constellation proliferation, cislunar and beyond missions, and robotic mining operations.",Space Research and Technology,2-10 employees,Privately Held,"Colorado Springs, Colorado, United States",United States,astervey.com,https://www.linkedin.com/company/astervey
OnlyScience,"OnlyScience: Your go-to hub for cutting-edge scientific updates! Join us on LinkedIn for curated content, expert insights, and networking opportunities across diverse scientific domains. Stay informed, connect, and engage with the latest trends shaping the ever-evolving world of science!",Space Research and Technology,11-50 employees,Partnership,"Sunnyvale, California, United States",United States,,https://www.linkedin.com/company/onlyscience
McKinley Consortium,"The McKinley Consortium is a public-private initiative dedicated to designing, building, and operating the infrastructure, industrial capacity, and institutional foundations required for sustained and permanent non-terrestrial existence.",Space Research and Technology,2-10 employees,Partnership,"Plano, Texas, United States",United States,mckinleystation.org,https://www.linkedin.com/company/mckinley-consortium
Faiz Space,"Faiz Space is a global initiative dedicated to inspiring, connecting and empowering the next generation of space innovators worldwide.

Our mission is to expand access to space education and help cultivate the talent that will shape humanity’s future in space.

Faiz Space operates across three core pillars:

Inspire
Deliver engaging space and STEM education programs that ignite curiosity and introduce students to the possibilities of space exploration.

Connect
Build a global community of students, educators and organizations collaborating to advance the future of space.

Explore
Create pathways for young people to experience aerospace, space science and discovery through real-world programs and international partnerships.

The future space economy will require innovators from every part of the world.

Faiz Space exists to help inspire and prepare that generation.",Space Research and Technology,2-10 employees,Non Profit,"New York, New York, United States",United States,faizspace.org,https://www.linkedin.com/company/faizspace
SPACE GAMERS LAB,"Space Gamers Lab is an independent research initiative testing consumer gaming technology in extreme and near-space environments.

Operating as a research project under StratoReach Aerospace, we design and document experiments that push gaming hardware beyond its intended limits — from stratospheric altitude to extreme cold and pressure conditions. Our mission is to explore the unexpected crossover between gaming technology and aerospace applications, and share every result publicly.

Part science. Part gaming. Entirely serious about the data.

Follow along as we build, launch, and document missions that nobody else is running.",Space Research and Technology,2-10 employees,Privately Held,"Houston, Texas, United States",United States,spacegamerslab.com,https://www.linkedin.com/company/space-gamers-lab
Kestrel Vantage,"Kestrel Vantage is a strategy-driven partner for technology-focused organizations navigating growth, innovation, and complex customer landscapes. We help companies align their technical vision with real-world business objectives—ensuring teams make confident decisions, win more opportunities, and deliver solutions that matter.

With deep expertise in advanced technology development, capture management, and customer engagement across the commercial space, defense, and remote sensing sectors, we bring both the technical insight and business strategy needed to accelerate meaningful progress. Whether you’re refining your roadmap, strengthening customer relationships, or preparing for a major capture effort, Kestrel Vantage provides clarity, structure, and execution support from start to finish.",Space Research and Technology,2-10 employees,Partnership,"Tabernash, Colorado, United States",United States,kestrelvantage.com,https://www.linkedin.com/company/kestrel-vantage
Eustace S. LaFleur Company,"Dear Online Guests,
   Does anyone in the global marketplace need help with indicator lights to remember your belongings before driving? See the video. Make your own!
Cell: +1 386 523 8765 
Austin Wayne Ash 
See contract payment platform Malt https://www.malt.uk/profile/austinash
Malt Freelance platform seems ready, except a passport is still needed to start any project via Malt. I ask you to cover the cost of my passport, no other hidden fees unless software/licensing required. I am here to serve! 
State registered ""other"" (biological) engineer intern (LAPELS Registration Number EI.0035403)
Austin Wayne Ash sole proprietorship Fictitious Name (Sunbiz, Florida State)
Filed date 10/22/2024
Expires 12/31/2029
Florida state Sunbiz registration number G24000129683
Status: active
History:
Filed date in South Dakota 2023
Expired in South Dakota 2024
Resources:
Italy: Austin currently listed on Englishjobs.it   or
https://www.linkedin.com/company/eustace-s-lafleur-company-italia/about/?viewAsMember=true
France: Austin currently listed on Malt 
https://www.malt.com/profile/austinash   or
https://www.linkedin.com/company/eustace-s-lafleur-company-l-hexagone/about/?viewAsMember=true
Freelace platform Espana is Outvise.
https://www.outvise.com/account/profile",Space Research and Technology,Self-employed,Self Owned,"Daytona Beach, Florida, United States",United States,,https://www.linkedin.com/company/eustace-lafleur-company
Eustace S. LaFleur Company Homepage Italia,"Dear Online Guests,
   Does anyone in the global marketplace need help with indicator lights to remember your belongings before driving? See the video. Make your own!
Cell: +1 386 523 8765 
Austin Wayne Ash 
See contract payment platform Malt https://www.malt.uk/profile/austinash
Malt Freelance platform seems ready, except a passport is still needed to start any project via Malt. I ask you to cover the cost of my passport, no other hidden fees unless software/licensing required. I am here to serve! 
State registered ""other"" (biological) engineer intern (LAPELS Registration Number EI.0035403)
Austin Wayne Ash sole proprietorship Fictitious Name (Sunbiz, Florida State)
Filed date 10/22/2024
Expires 12/31/2029
Florida state Sunbiz registration number G24000129683
Status: active
History:
Filed date in South Dakota 2023
Expired in South Dakota 2024
Resources:
Italy: Austin currently listed on Englishjobs.it   or
https://www.linkedin.com/company/eustace-s-lafleur-company-italia/about/?viewAsMember=true
France: Austin currently listed on Malt 
https://www.malt.com/profile/austinash   or
https://www.linkedin.com/company/eustace-s-lafleur-company-l-hexagone/about/?viewAsMember=true
Freelace platform Espana is Outvise.
https://www.outvise.com/account/profile",Space Research and Technology,Self-employed,Self Owned,"Daytona Beach, Florida, United States",United States,malt.uk,https://www.linkedin.com/company/eustace-s-lafleur-company-italia
Bioastronautics and eXploration Systems Laboratory,,Space Research and Technology,2-10 employees,Public Company,"Davis, California, United States",United States,ucdavis.edu,https://www.linkedin.com/company/ucdavis-bxs
Burnim PLLC,"Directing interdisciplinary R&D projects specializing in computational modeling, systems analysis, and complex physical architectures. Specializing in the full technology lifecycle, from initial research and development to commercial
viability assessment.",Space Research and Technology,2-10 employees,Self Owned,"Bozeman, Montana, United States",United States,,https://www.linkedin.com/company/elizabeth-r-s-burnim
Standard Additive,,Space Research and Technology,2-10 employees,Privately Held,"Ipswich, Massachusetts, United States",United States,standardadditive.com,https://www.linkedin.com/company/standard-additive
100 Chemicals LLC,"100chemicals develops and licenses production designs for the 100 essential molecules of off-world civilization. Each Synthesis Module is a purchasable engineering asset: synthesis route, unit operations, ISA-88 batch control schema, and Olefinverbund integration mapping. Every module is engineered to interconnect — shared feedstocks, aligned utilities, compatible control architectures. One coherent chemical network for the extraterrestrial economy.",Space Research and Technology,Self-employed,Privately Held,"Lafayette, Louisiana, United States",United States,100chemicals.com,https://www.linkedin.com/company/100-chemicals
HyzeLabs,,Space Research and Technology,2-10 employees,Self Employed,"Columbus, Ohio, United States",United States,hyze.dev,https://www.linkedin.com/company/hyzelabs
"Sulá, Astronomy Group UCR","Sulá is the Astronomy Group of the University of Costa Rica, dedicated to making astronomy accessible through education, research, and outreach. We organize talks, workshops, and projects that foster curiosity and expand scientific knowledge in an inclusive and collaborative environment.",Space Research and Technology,2-10 employees,Educational,"San Jose, California, United States",United States,,https://www.linkedin.com/company/sulaucr
Molk,,Space Research and Technology,Self-employed,Self Employed,"Opa-Locka, Florida, United States",United States,,https://www.linkedin.com/company/molkspace
The Diary Of a Star Gazer,"The Diary of a Star Gazer exists to reconnect humanity to the night sky through shared stories across all cultures.

Here, we explore the wonders of the night sky:
 Brilliant stars
 Wandering planets
 Enchanting moons
 Space technology and celestial events
Astro Videography 

Join us as we unlock ancient legends, cultural perspectives, and modern marvels — reminding us that no matter where we are in the world, we all share the same sky.
Look up. Learn. Connect.

#space #stars #nightwalk #stargazing #astronomy #planetwatch #nightsky #cosmos #astrophotography #skywatching #milkyway #spacelovers #universe #outerspace #nightvision #thediaryofadogwalker #thediaryofastargazer #thediaryofaskywatcher #planets #moon #fullmoon #sun #star #mars #jupiter #venus #uranus #saturn #spacex #falcon9 #nightwalk #skyscanner #orion #livemoon #livespace",Space Research and Technology,2-10 employees,Privately Held,United States,United States,,https://www.linkedin.com/company/the-diary-of-a-star-gazer
RAYTIFY CORPORATION,"RAYTIFY CORPORATION, led by Nikil Kande Gamage, is a science research company based in United States, known for the trusted name RAYTIFY. We use smart engineering, the latest technology, and advanced science and math to create new and useful products. Our goal is to provide high-quality solutions that proudly carry the name RAYTIFY. We focus onfresh ideas and smart discoveries to make a real difference. At RAYTIFY, we are dedicated to shaping the future with our products and ideas.",Space Research and Technology,2-10 employees,Privately Held,"Billings, Montana, United States",United States,,https://www.linkedin.com/company/raytifycorp
Xorbitra,,Space Research and Technology,2-10 employees,Privately Held,"San Francisco, California, United States",United States,xorbitra.com,https://www.linkedin.com/company/xorbitra
Eustace S. LaFleur Company Long Beach Homepage,"Dear Online Guests,
   Does anyone in the global marketplace need help with indicator lights to remember your belongings before driving? See the video. Make your own!
Cell: +1 386 523 8765 
Austin Wayne Ash 
See contract payment platform Malt https://www.malt.uk/profile/austinash
Malt Freelance platform seems ready, except a passport is still needed to start any project via Malt. I ask you to cover the cost of my passport, no other hidden fees unless software/licensing required. I am here to serve! 
State registered ""other"" (biological) engineer intern (LAPELS Registration Number EI.0035403)
Austin Wayne Ash sole proprietorship Fictitious Name (Sunbiz, Florida State)
Filed date 10/22/2024
Expires 12/31/2029
Florida state Sunbiz registration number G24000129683
Status: active
History:
Filed date in South Dakota 2023
Expired in South Dakota 2024
Resources:
Italy: Austin currently listed on Englishjobs.it   or
https://www.linkedin.com/company/eustace-s-lafleur-company-italia/about/?viewAsMember=true
France: Austin currently listed on Malt 
https://www.malt.com/profile/austinash   or
https://www.linkedin.com/company/eustace-s-lafleur-company-l-hexagone/about/?viewAsMember=true
Freelace platform Espana is Outvise.
https://www.outvise.com/account/profile",Space Research and Technology,Self-employed,Self Owned,"Long Beach, California, United States",United States,malt.uk,https://www.linkedin.com/company/eustace-s-lafleur-company-long-beach-homepage
Eustace S. LaFleur Company la Page D'accueil en L'Hexagone,"Dear Online Guests,
   Does anyone in the global marketplace need help with indicator lights to remember your belongings before driving? See the video. Make your own!
Cell: +1 386 523 8765 
Austin Wayne Ash 
See contract payment platform Malt https://www.malt.uk/profile/austinash
Malt Freelance platform seems ready, except a passport is still needed to start any project via Malt. I ask you to cover the cost of my passport, no other hidden fees unless software/licensing required. I am here to serve! 
State registered ""other"" (biological) engineer intern (LAPELS Registration Number EI.0035403)
Austin Wayne Ash sole proprietorship Fictitious Name (Sunbiz, Florida State)
Filed date 10/22/2024
Expires 12/31/2029
Florida state Sunbiz registration number G24000129683
Status: active
History:
Filed date in South Dakota 2023
Expired in South Dakota 2024
Resources:
Italy: Austin currently listed on Englishjobs.it   or
https://www.linkedin.com/company/eustace-s-lafleur-company-italia/about/?viewAsMember=true
France: Austin currently listed on Malt 
https://www.malt.com/profile/austinash   or
https://www.linkedin.com/company/eustace-s-lafleur-company-l-hexagone/about/?viewAsMember=true
Freelace platform Espana is Outvise.
https://www.outvise.com/account/profile",Space Research and Technology,Self-employed,Self Owned,"Daytona Beach, Florida, United States",United States,malt.uk,https://www.linkedin.com/company/eustace-s-lafleur-company-l-hexagone
Qlava.tech,"Qlava.tech is direct-melt basalt 3D printing to replace concrete in nuclear reactors, nuclear containment, aerospace components, and off-world construction—the same platform serving Earth's hardest builds and lunar regolith manufacturing.",Space Research and Technology,2-10 employees,Public Company,"Irvine, California, United States",United States,qlava.tech,https://www.linkedin.com/company/qlava-tech
Eustace S. LaFleur Company New Zealand,"Dear Online Guests,
   Does anyone in the global marketplace need help with indicator lights to remember your belongings before driving? See the video. Make your own!
Cell: +1 386 523 8765 
Austin Wayne Ash 
See contract payment platform Malt https://www.malt.uk/profile/austinash
Malt Freelance platform seems ready, except a passport is still needed to start any project via Malt. I ask you to cover the cost of my passport, no other hidden fees unless software/licensing required. I am here to serve! 
State registered ""other"" (biological) engineer intern (LAPELS Registration Number EI.0035403)
Austin Wayne Ash sole proprietorship Fictitious Name (Sunbiz, Florida State)
Filed date 10/22/2024
Expires 12/31/2029
Florida state Sunbiz registration number G24000129683
Status: active
History:
Filed date in South Dakota 2023
Expired in South Dakota 2024
Resources:
Italy: Austin currently listed on Englishjobs.it   or
https://www.linkedin.com/company/eustace-s-lafleur-company-italia/about/?viewAsMember=true
France: Austin currently listed on Malt 
https://www.malt.com/profile/austinash   or
https://www.linkedin.com/company/eustace-s-lafleur-company-l-hexagone/about/?viewAsMember=true
Freelace platform Espana is Outvise.
https://www.outvise.com/account/profile",Space Research and Technology,Self-employed,Self Owned,"Daytona Beach, Florida, United States",United States,malt.uk,https://www.linkedin.com/company/eustace-s-lafleur-company-new-zealand
Eustace S. LaFleur Company Hong Kong,"Dear Online Guests,
   Does anyone in the global marketplace need help with indicator lights to remember your belongings before driving? See the video. Make your own!
Cell: +1 386 523 8765 
Austin Wayne Ash 
See contract payment platform Malt https://www.malt.uk/profile/austinash
Malt Freelance platform seems ready, except a passport is still needed to start any project via Malt. I ask you to cover the cost of my passport, no other hidden fees unless software/licensing required. I am here to serve! 
State registered ""other"" (biological) engineer intern (LAPELS Registration Number EI.0035403)
Austin Wayne Ash sole proprietorship Fictitious Name (Sunbiz, Florida State)
Filed date 10/22/2024
Expires 12/31/2029
Florida state Sunbiz registration number G24000129683
Status: active
History:
Filed date in South Dakota 2023
Expired in South Dakota 2024
Resources:
Italy: Austin currently listed on Englishjobs.it   or
https://www.linkedin.com/company/eustace-s-lafleur-company-italia/about/?viewAsMember=true
France: Austin currently listed on Malt 
https://www.malt.com/profile/austinash   or
https://www.linkedin.com/company/eustace-s-lafleur-company-l-hexagone/about/?viewAsMember=true
Freelace platform Espana is Outvise.
https://www.outvise.com/account/profile",Space Research and Technology,Self-employed,Self Owned,"Daytona Beach, Florida, United States",United States,malt.uk,https://www.linkedin.com/company/eustace-s-lafleur-company-hong-kong
aamir.consulting,"Lead with confidence and clarity. Your first steps when handling data decide the quality of the time and effort you will spend developing a compelling story. I lay a solid foundation for your journey.

Inhabit skill and interactivity. My mathematical methods paired with my ability to communicate them makes integrating new technologies and analyses a tactile experience. This gives everyone on your team the ability to play with the structure of the problem you face and contribute to the solution by incorporating their perspective.

With extensive experience in the research lifecycles and business processes. With a deep understanding of your values and goals. I implement bespoke mathematical methods and technologies best suited for your culture and most relevant to your condition.

Send me a message with a problem you are facing, and I will reach out to you with a solution.

Website: https://aamir.consulting",Space Research and Technology,Self-employed,Self Owned,"San Francisco, California, United States",United States,aamir.consulting,https://www.linkedin.com/company/aamir-consulting-usa
Zero-G Manufacturing Corporation,"Zero-G Manufacturing Corporation is a space-industrial company specializing in orbital manufacturing, autonomous production systems, and advanced space infrastructure. Operating facilities in Earth orbit and beyond, the company develops and manufactures aerospace components, satellites, spacecraft systems, advanced materials, and strategic technologies that benefit from the unique conditions of a zero-gravity environment. Its mission is to support the growth of a sustainable orbital economy and enable humanity's expansion into deep space.",Space Research and Technology,2-10 employees,Privately Held,"Texas, United States",United States,,https://www.linkedin.com/company/zerog-manufacturing-corporation
Collision Research,DeepTech Projects,Space Research and Technology,11-50 employees,Privately Held,"Menlo Park, California, United States",United States,,https://www.linkedin.com/company/collisionresearch
ALPENGLOW Lab,University Research Lab @ ERAU,Space Research and Technology,2-10 employees,Educational,"Daytona Beach, Florida, United States",United States,alpenglow.space,https://www.linkedin.com/company/alpenglow-lab
Star Linker Inc.,"Let Star Linker help your business thrive in the U.S.
Our Expertise Includes:
- Comprehensive market analysis and consulting
- Facilitating connections with customers and partners across high-tech and space industries
- Assisting with TAA compliance (ITAR regulations)
- Supporting the establishment of U.S. entities
- Developing tailored marketing and business strategies to boost profitability
- Differentiating your products from American competitors
- Offering specialized training and workshops to ensure your success in the U.S. market",Space Research and Technology,11-50 employees,Self Employed,"Los Angeles, California, United States",United States,star-linker.com,https://www.linkedin.com/company/star-linker
Lunex Technologies Corporation,"At Lunex Technologies, we’re redefining lunar exploration with groundbreaking technologies to enable NASA's Moon Base. We are building several technologies to fills NASA technology gaps for a permanent moon base by mid-2030s. Founded by a team of visionary engineers and space enthusiasts. Our flagship innovation uses multilayered sensing technology, unlocking new possibilities for scientific discovery and resource exploration on the lunar surface. By driving down the cost of exploration, we’re empowering the scientific community to conduct groundbreaking research and explore the Moon’s mysteries without breaking the bank.
Fueled by a commitment to innovation and accessibility, we design practical, cutting-edge solutions to support humanity’s expansion into space. From mapping lunar landscapes to enabling sustainable missions, Lunex Technologies is lowering barriers and raising possibilities.",Space Research and Technology,2-10 employees,Privately Held,"Glendale, California, United States",United States,lunextechnologies.com,https://www.linkedin.com/company/lunex-technologies-corporation
ACR Group,"ACR Group is a technology company committed to innovation in satellite communications and services and assured position, navigation and timing for aerospace, government, and outdoor & marine markets. ACR Group invests in innovation that creates solutions to dynamic changes in our markets.

ACR Group is a lean corporate team committed to innovation that saves lives and creates value for our customers, employees and shareholders. We are a highly talented team with close-to-the-customer decision-making that keeps us agile and innovative. We deliver performance for our customers, employees and shareholders. Our products and services ultimately help to save lives.

ACR Group strives to be the customer's choice in satellite-based communications and services and in assured position, navigation, and timing technologies. Our businesses share a common passion for innovation, customer excellence, continuous improvement, and dynamic teams.",Space Research and Technology,"501-1,000 employees",Privately Held,"Fort Lauderdale, Florida, United States",United States,acrgroupcorp.com,https://www.linkedin.com/company/acrgroupcorp
SBELT: Small Business Executive Leadership Team,Inspiring local and regional Small Businesses to play a vital role in the future of space exploration and support of the Marshall Space Flight Center mission.,Space Research and Technology,"501-1,000 employees",Partnership,"Huntsville, Alabama, United States",United States,nasa.gov,https://www.linkedin.com/company/small-business-executive-leadership-team-sbelt
Aloft Biotechnologies,"Aloft Biotechnologies sits at the exciting intersection of bioprocessing infrastructure, advanced cell models, and space-based manufacturing. We are a early stage startup in Alachua, Florida.",Space Research and Technology,2-10 employees,Privately Held,"Alachua, Florida, United States",United States,aloftbio.space,https://www.linkedin.com/company/aloftbio
Hypervelocity Impact Society,"HVIS is devoted to the advancement of the science and technology of hypervelocity impact and related technical areas, such as:

- Experimental techniques,
- Theoretical and analytical studies,
- Numerical advancements, and
- Material response,

required to facilitate an understanding of hypervelocity impact phenomena. Hypervelocity impact is defined as the impact regime in which shock effects are important.

The objectives of the Hypervelocity Impact Society are to foster the development and exchange of technical information in the discipline of hypervelocity impact phenomena by promoting technical excellence, encouraging peer review publications, and holding technical meetings on a periodic basis.",Space Research and Technology,2-10 employees,Non Profit,"San Antonio, Texas, United States",United States,hvis.org,https://www.linkedin.com/company/hypervelocity-impact-society
Spacetech Times,"Spacetech Times is a dedicated news portal focused on the latest developments in the space sector. It provides comprehensive coverage of stories related to space startups and space businesses, highlighting their innovations, challenges, and achievements. The portal serves as a valuable resource for enthusiasts, professionals, and stakeholders in the space industry, offering insights into the rapidly evolving landscape of space technology and exploration. Through in-depth articles, interviews, and analysis, Spacetech Times keeps its readers informed about the cutting-edge advancements and entrepreneurial ventures that are shaping the future of space.",Space Research and Technology,2-10 employees,Privately Held,"Sheridan, Wyoming, United States",United States,spacetechtimes.com,https://www.linkedin.com/company/spacetech-times
Marengo (YC S26),"Marengo accelerates hardware R&D by 10x. We help engineers rapidly generate, modify, and compare concepts by leveraging AI as well as physics and simulations. We go to depths previously impossible and massively shorten iteration time.",Space Research and Technology,2-10 employees,Privately Held,"San Francisco, California, United States",United States,marengo.space,https://www.linkedin.com/company/marengospace
SP8CEAI,,Space Research and Technology,2-10 employees,Privately Held,"New York, New York, United States",United States,sp8ce.ai,https://www.linkedin.com/company/sp8ceai
Precision Measurements and Instruments Corporation,"Precision Measurements and Instruments Corporation (PMIC) is an ISO/IEC 17025 accredited testing laboratory providing materials testing, consulting, and custom test plan services.

We are staffed with experts and innovators in precision laser interferometry and moisture expansion measurements, in addition to various thermal conductivity, mechanical, dimensional stability, and thermal cycling methods.

PMIC relies on decades of experience and research to test challenging sample materials and sizes, at extreme temperature points.",Space Research and Technology,11-50 employees,Privately Held,"Corvallis, Oregon, United States",United States,pmiclab.com,https://www.linkedin.com/company/precision-measurements-and-instruments-corporation
"ETHOS Labs, LLC",,Space Research and Technology,Self-employed,Self Employed,"St Peters, Missouri, United States",United States,ethoslabs.space,https://www.linkedin.com/company/ethoselabs-space
Xtenti,"Xtenti is a big-thinking provider of paradigm-shifting hardware and services to enable streamlined and affordable space access solutions, empowering customers to innovate beyond the realm of current possibilities",Space Research and Technology,2-10 employees,Privately Held,"Dallas, Texas, United States",United States,xtenti.com,https://www.linkedin.com/company/xtenti
Karman Line,We Are Space MakersTM,Space Research and Technology,2-10 employees,Partnership,"Cape Canaveral, Florida, United States",United States,,https://www.linkedin.com/company/karman-line-inc
"Agnostic Life Finding Association, Inc.","The Agnostic Life Finding Association, Inc. are a group of scientists, engineers, science communicators and volunteers aiming to determine whether indigenous life is present today on Mars before humans walk on its surface.",Space Research and Technology,2-10 employees,Non Profit,"Alachua, Florida, United States",United States,,https://www.linkedin.com/company/alfamarsinc
Open XR Lab - College of Innovation and Design,"The Open XR Lab (OXRL) at Wichita State University is a hub for experiential student learning in extended reality technologies using human-centered design concepts. Regardless of discipline, students are empowered to contribute meaningfully to the design, development, testing, and delivery of extended reality (XR) products using virtual and augmented reality (VR/AR) technologies. Rooted in a commitment to interdisciplinary collaboration and Lean UX methodologies, the lab serves as a dynamic space where students and faculty converge to explore the endless applications of immersive technologies. 
 
The mission of OXRL is simple: empower student-driven product development through interdisciplinary collaboration while creating a safe and inclusive environment. Through a combination of hands-on experience and mentorship, students from diverse academic backgrounds are driven to explore innovative uses of XR applications. Students are equipped with the skills and confidence to succeed in the competitive landscape of tech innovation. It is an additional goal of OXRL to reduce or remove other complex barriers for students traditionally underrepresented in STEM fields, especially women. 
 
Hosted by the College of Innovation and Design (CID), the Open XR Lab is also home base to CosmoShox, our research and product development experience program focused on NASA-inspired design challenges. CosmoShox includes two main programs: NASA Spacesuit User Interface Technologies for Students (SUITS) and; NASA-funded research teams. Interdisciplinary student teams use a combination of Agile, design thinking, and Lean UX methodologies to build VR and AR products for specific NASA needs. Since 2020, CosmoShox has supported over 40 students from four academic colleges across campus.",Space Research and Technology,2-10 employees,Partnership,"Wichita, Kansas, United States",United States,wichita.edu,https://www.linkedin.com/company/openxrlab
Angstrom Designs,"Angstrom Designs is a diverse group of engineers who focus on systems design for automated instrumentation, control, test and measurement. 

Angstrom Designs is currently focusing on the next generation of solar simulation technology for NASA and the aerospace industry, the programmable light emitting diode solar simulator, pLEDSS.  pLEDSS technology enables rapid calibration and automated acquisition of solar cell and string performance with more capability and flexibility than the current state of practice.

Angstrom Designs also conducts high-altitude testing of solar cells and other space hardware in the near-space or orbit environment",Space Research and Technology,2-10 employees,Privately Held,"Santa Barbara, California, United States",United States,angstromdesigns.com,https://www.linkedin.com/company/angstrom-designs
Lumineer Corp,Lumineer delivers cutting edge technology and engineering solutions for defense and space organizations.,Space Research and Technology,2-10 employees,Privately Held,"Los Angeles, California, United States",United States,lumineercorp.com,https://www.linkedin.com/company/lumineercorp
EnergySpace Company,EnergySpace is a space solar and power beaming company that would like to safely and considerably accelerate the world's transition to sustainable energy.,Space Research and Technology,2-10 employees,Privately Held,"Los Angeles, California, United States",United States,energyspacecompany.com,https://www.linkedin.com/company/energyspace-company
JinkoSolar Holding Co.,"Silicon wafers, cells, modules, power generation systems, etc.",Space Research and Technology,"10,001+ employees",Public Company,"San Francisco, California, United States",United States,jinkosolar.com,https://www.linkedin.com/company/jinkosolar-holding-co
Visioneering Space Corp,"Visioneering Space Corporation (VSC) offers a full range of mechanical, electro-mechanical and opto-mechanical engineering services. Visioneering is your partner from proposal development through flight hardware delivery and integration. Our ISO class 7 cleanroom is ready for your next project.

Through our network of expert partners we can provide optical, mechanical, and thermal analysis services.

Visioneering is an official Payload Integration Partner of the ISS National Lab. We can help get your idea off the back of that napkin and onto the International Space Station.  Our NASA manned spaceflight safety expertise and experience with the payload development process will make your experiment soar.",Space Research and Technology,11-50 employees,Privately Held,"Boise, Idaho, United States",United States,visioneeringspace.com,https://www.linkedin.com/company/visioneering-space-corp
WashU Satellite,"As Washington University in St. Louis' only student-led space mission engineering team, WashU Satellite trains future engineers, inspires interdisciplinary research, and provides consistent space access to advance WashU research. Since its founding in January 2024, the team has grown from five students in a dorm to over 50 members spanning all engineering disciplines, physics, business, and design. Current projects include AIRIS, a gamma ray imaging system that will fly on a weather balloon over the Antarctic, SCALAR, our first CubeSat designed to orient itself in space using custom-built magnetorquers, and GS-2, a helical antenna to support our orbital missions.",Space Research and Technology,51-200 employees,Educational,"St Louis, Missouri, United States",United States,washusatellite.com,https://www.linkedin.com/company/washu-satellite
Embry-Riddle Orbital Research Association,Embry-Riddle Aeronautical University's first fully-student-led CubeSat club. We seek to give undergraduate students hands-on experience in the design processes of CubeSats. If you would like to join please go to our website listed above or email ERORAerau@gmail.com!,Space Research and Technology,11-50 employees,Non Profit,"Daytona Beach, Florida, United States",United States,erau.edu,https://www.linkedin.com/company/erora
Operation Poseidon,"Underwater Facility’s, construction of underwater operations, underwater vehicles, pressure hull systems, engineering research and development. We also conduct educational symposiums and ambassador programs for promising individuals and organizations.",Space Research and Technology,Self-employed,Self Owned,"Undisclosed, Eez, United States",United States,,https://www.linkedin.com/company/operationposeidon
Minerva Medical Group,"Our mission is to provide the medical support needed to challenge the edges of human habitation and exploration.

Currently, Minerva is delivering the highest standard of medical care available to remote and challenging environments in support of commercial human spaceflight and related industries.


We build custom solutions to address the unique medical needs of our customers. Our approach is to create a lean and adaptable program to provide operational medical care in difficult environments. We provide immediate implementation with the ability to scale and flex with the customers' changing needs. 

Current services:
On-site Occupational Medicine
Industrial EMS
On-site Urgent Care
Physical Therapy",Space Research and Technology,11-50 employees,Privately Held,"Houston, Texas, United States",United States,minervamedicalgroup.com,https://www.linkedin.com/company/minerva-medical-group
PTX,"Building on a trusted legacy of innovation and support to the aerospace and energy community that spans four decades and countless critical missions and national assets, PTX delivers leading-edge engineering services and strategic materials technology to Federal customers. 

PTX is supporting the development of high-quality spacecraft, robotics, and instruments for the Artemis missions—and those exploring the solar system. PTX is also pioneering the development of cost-effective, environmentally responsible strategic materials production while strengthening U.S. industrial and defense supply chain resilience.",Space Research and Technology,11-50 employees,Privately Held,"Rockville, Maryland, United States",United States,,https://www.linkedin.com/company/ptxllc
Space Return///// The California Space Cluster,"We are the leading-edge space technology cluster in North America. We assist small businesses in bidding on large contracts set aside by NASA and the government, helping them transition into higher-budget advanced manufacturing projects. Our mission is to engage the most influential organizations of science and business wanting to transition into advanced manufacturing in strategic partnerships that will lead to business opportunities. This collaboration will enhance their innovation strength and pave the way for the
the economic success of our members, we represent the top technology region in the US and the world: California.",Space Research and Technology,11-50 employees,Non Profit,"Oxnard, California, United States",United States,spacereturn.org,https://www.linkedin.com/company/spacereturn
Spacedani,"Welcome to Spacedani, where the vastness of space meets human ingenuity. Here, we explore the incredible technological advancements that link our everyday lives with the mysteries of the universe. From cutting-edge satellite communication to the engineering marvels that enable humans to live and work in space, we delve into innovations that push the boundaries of exploration and inspire creativity back home. Our blog not only marvels at these feats but also seeks to understand their impact on our view of the universe and our place within it. Through clear and simplified explanations, we make the complex world of space engineering accessible and engaging for everyone, regardless of their background in science or technology. Join us in celebrating the human spirit of exploration and the technological marvels that make it possible. Together, let’s take pride in our planet’s capacity to sustain life and our collective efforts to reach beyond its boundaries, reminding ourselves of the endless possibilities that arise when we dare to dream and innovate. Welcome aboard our journey to the stars, grounded in the beauty of Earth.",Space Research and Technology,2-10 employees,Self Employed,"Houston, Texas, United States",United States,spacedani.com,https://www.linkedin.com/company/spacedani
VEL Space,"VEL Space is a Costa Rican aerospace startup with the mission of democratizing access to space in Latin America. Through the development of the Chirripó Program, we are building the foundation to launch rockets and offer payload launch services at affordable costs in the region.

Our multidisciplinary team of engineers, scientists and strategists works on propulsion, avionics, recovery and structural design technologies with the goal of developing reusable and efficient systems. We seek to be pioneers in the aerospace industry in Latin America and generate an innovation ecosystem that promotes the technological and economic development of the region.",Space Research and Technology,11-50 employees,Privately Held,"San Jose, California, United States",United States,velspacecr.com,https://www.linkedin.com/company/velspacecr
The Deep Synoptic Array,"The Deep Synoptic Array (DSA) will be a cutting-edge radio telescope array consisting of 1,650 dishes in a radio-quiet valley in Nevada. In its five-year initial survey, the DSA will survey the sky much faster than any radio telescope, current or planned, and detect over one billion sources. The array will produce images and transient alerts in real-time, and will rapidly release science-ready data products to the astronomical community.",Space Research and Technology,11-50 employees,Non Profit,"Ely, Nevada, United States",United States,deepsynoptic.org,https://www.linkedin.com/company/deep-synoptic-array
Sorcerer Space Company,Our technology calibrates satellite data across four resolutions. Our products and services take the guesswork out of understanding our changing world.,Space Research and Technology,2-10 employees,Privately Held,"New Orleans, Louisiana, United States",United States,fourresolutions.com,https://www.linkedin.com/company/sorcererspace
CerboAI,CerboAI is a decentralized AGI network designed to support the process of training models on sparse network data and distributed inference architecture.,Space Research and Technology,11-50 employees,Self Owned,"New York, United States",United States,cerboai.com,https://www.linkedin.com/company/cerboai
Galactic Federation,"We are the Galactic Federation of PLANETARY ALLIANCES
We specialize in defense of Nations.
Security
Governance
Diplomacy
Anti-Gravitas
Space Flight & Tourism",Space Research and Technology,51-200 employees,Privately Held,"Washington, Washington, United States",United States,galacticfederation.airforce,https://www.linkedin.com/company/galactic-federation
Wanderstar Marketing | Space Marketing Foundations,"Wanderstar Marketing establishes solid marketing foundations to effectively communicate and reach key audiences for small to medium sized organizations in the space industry.

So you can handle the rest!",Space Research and Technology,2-10 employees,Self Employed,"Grand Rapids, Michigan, United States",United States,wanderstarmarketing.com,https://www.linkedin.com/company/wanderstar-marketing
Specific Impulse,"Welcome to ""Specific Impulse,"" the definitive podcast for space technology enthusiasts, rocketry professionals, and anyone who has ever gazed up at the stars and wondered about the science and technology that propels us beyond our blue planet.

Each episode of ""Specific Impulse"" dives deep into the heart of space exploration and space technology. From the latest advancements in rocket engines and propulsion systems to interviews with leading experts, astronauts, and scientists in the field, we cover the vast expanse of topics that the universe presents. Our discussions not only illuminate the complexities of space travel but also explore the cutting-edge innovations that are pushing the boundaries of what's possible.",Space Research and Technology,2-10 employees,Privately Held,"Seattle, Washington, United States",United States,specificimpulse.fm,https://www.linkedin.com/company/specific-impulse-podcast
Xyla Engineering,fully independent portable farming systems to grow food anywhere,Space Research and Technology,2-10 employees,Privately Held,"Princeton, New Jersey, United States",United States,,https://www.linkedin.com/company/xyla-engineering
NASA Space Apps Yonkers,"On Oct. 4 and 5, 2025, join Sir Shefik Macauley for the largest annual global hackathon with NASA. Registration opens July 17th for Yonkers, New York.",Space Research and Technology,2-10 employees,Privately Held,"Yonkers, New York, United States",United States,spaceappsyonkers.org,https://www.linkedin.com/company/nasa-space-apps-yonkers
Isomer Space Program,"Student-led team building and launching a nanosatellite into low-Earth orbit. Follow our progress on our website, https://isomer.space/",Space Research and Technology,11-50 employees,Non Profit,"New York, New York, United States",United States,,https://www.linkedin.com/company/isomer-space-program
ilika Geospatial,"ilika Geospatial consolidates diverse geospatial datasets into a collection of simple, consistent, analysis-ready time series, aiding financial clients in making data-driven investment decisions.",Space Research and Technology,2-10 employees,Partnership,"Edison, New Jersey, United States",United States,ilikallc.com,https://www.linkedin.com/company/ilikageospatial
Small Steps & Giant Leaps,Space is for everyone!,Space Research and Technology,Self-employed,Non Profit,"Grand Rapids, Michigan, United States",United States,stepsleaps.org,https://www.linkedin.com/company/steps-leaps
Astra Ultra,"Astra Ultra builds prescriptive decision intelligence for satellite operations.

In orbit, the data has outgrown the people who have to act on it — too many parameters, too many maneuvers, too little time. Most tools tell you what happened. We tell you what to do about it.

Our software turns overwhelming, disparate data into a single, defensible next move — with the reasoning attached — delivered inside the command-and-control systems operators and analysts already use.

Two products:

Kavari — an AI mission co-pilot for satellite operators. It reads telemetry, diagnoses trouble before the alarm fires, and recommends the next best action, so teams respond within the contact window instead of on the next orbit.

Pythia — predictive threat intelligence for defense and intelligence. It simulates and scores tens of thousands of plausible co-orbital maneuvers to surface the highest-risk threats before they happen — starting with kinetic kill vehicles and extending to proximity operations, spoofing, and jamming.

We serve constellation operators, defense and intelligence teams, and space insurers. Our products are in operational deployment today, backed by active government contracts, and built to integrate with existing systems via open APIs. CMMC 2 and ITAR compliant.

Based in Denver, Colorado.

The market describes. Astra Ultra prescribes.",Space Research and Technology,2-10 employees,Privately Held,"Highlands Ranch, Colorado, United States",United States,astra-ultra.ai,https://www.linkedin.com/company/astra-ultra
ClearVision Analytics Group,"ClearVision Analytics Group leverages cutting-edge smart camera technology integrated with AI-driven analytics to transform visual data into actionable insights. We serve industries ranging from security to manufacturing, helping clients optimize operations, improve safety, and innovate with data-driven decisions. Our proprietary solutions prioritize clarity, speed, and accuracy to deliver unmatched performance in real-world environments.",Space Research and Technology,"501-1,000 employees",Privately Held,"Sunnyvale, California, United States",United States,,https://www.linkedin.com/company/clearvision-analytics-group
KeeperSpace,"KeeperSpace is defining the next generation of space domain awareness technology to ensure space remains a resource for generations to come. Join us as we push boundaries, set new standards, and develop lasting solutions for space sustainability.

Our mission as Keepers of the space environment is essential, and it can't wait.

https://keeperspace.com/",Space Research and Technology,2-10 employees,Privately Held,"Cape Canaveral, Florida, United States",United States,keeperspace.com,https://www.linkedin.com/company/keeperspace
"Deep Space Industries, Inc.",Opening Deep Space for Business: Advanced spacecraft technology propelling the world's fist private missions to deep space.,Space Research and Technology,51-200 employees,Privately Held,"Mountain View, California, United States",United States,deepspaceindustries.com,https://www.linkedin.com/company/deep-space-industries-inc
Texas Space LLC,"Texas Space LLC is building the world's first intellectual property portfolio for gravitational wave communication — signals that pass through all matter, undetectable and unjammable.
Our research spans multiple complementary approaches: quantum communication via gauge symmetry frameworks, solid-state transduction using engineered diamond substrates, photonic antenna configurations, and gyromagnetic systems. Each track compounds progress across the others.
Founded in 2024 and headquartered in Dallas, Texas Space has filed 11 provisional patents across the full gravitational wave communications stack — generation, detection, transmission, and reflection. No competing patent filings have been identified in this space.
Our team includes a Physics Department Chair with 50+ publications in Nature and Nature Physics, a PhD researcher with 20+ peer-reviewed papers on gravitational wave interactions, and advisors spanning experimental physics, theoretical physics, patent law, and defense applications.
Texas Space is revenue-generating, founder-funded, and pursuing seed investment to accelerate laboratory validation and patent conversion.",Space Research and Technology,2-10 employees,Privately Held,"Dallas, Texas, United States",United States,texasspacellc.com,https://www.linkedin.com/company/texas-space-llc
IS4.ORG,"Welcome TO IS4.ORG. THE WORLD'S ONLY SPACE CYBERSECURITY CERTIFICATION AUTHORITY. The Authority For Certified Space Security Specialist Professional (CSSSP). Our mission is to provide the information, tools and insights to help you grow and excel in your career as Certified Space Security Specialist Professional (CSSSP). Our CSSSP and other IS4 certification programs are impactful – for you as well as the future of nations that increasingly rely on the space industry for everything from communications to national security. Aviation and Aerospace Standards. Space, Aviation and Aerospace. Get Certified https://is4.org/get-certified/",Space Research and Technology,11-50 employees,Privately Held,"Washington, Washington, United States",United States,is4.org,https://www.linkedin.com/company/is4-org
INERTIA ASTRONAUTICS PVT LTD.,"Welcome to Inertia Astronautics, we are dedicated to the exploration of space and the mining of lunar resources that benefit humanity. Our team of experts is committed to unlocking the mysteries of space and finding new ways to utilize the resources of our universe. From the robotic exploration of the surface of the moon to the development of lunar mining techniques, our research and development are pushing the boundaries of what is possible in space exploration. We believe that the future of space exploration and lunar mining lies in our hands, and we are committed to making it reality.",Space Research and Technology,2-10 employees,Self Employed,"Newark, Delaware, United States",United States,inertiaastronautics.com,https://www.linkedin.com/company/inertia-astronautics-pvtltd
Heritage Space Food,"Heritage Space Food is a gastrodiplomacy nonprofit celebrating human ingenuity & tradition by using media to uplift culture, the future of food, and its link to emotional intelligence. Space missions are more than just rockets and astronauts; they can inspire and unite global communities into action.",Space Research and Technology,2-10 employees,Non Profit,"New York, New York, United States",United States,heritagespacefood.com,https://www.linkedin.com/company/heritagespacefood
Space to Space  Corporation,"We are multi national space-tech start-up with presence in USA as a Delaware C-Corp  as well as LLP in India.
We are building a non-rocket launch system, and we are simply throwing payloads into orbit using electromagnetic force. We are a space logistics and satellite internet providing company. Our main aim is to send raw materials like liquid Oxygen, water, and methane to orbit at a meager cost. Also, we are working on orbital manufacturing and assembling.",Space Research and Technology,2-10 employees,Public Company,"Delaware, Delaware, United States",United States,spacetospace.in,https://www.linkedin.com/company/space-to-space-corp
Pillar Space,"We're a stealth team building space hardware at the edge of what's currently possible — high-stakes, flight-grade systems where the engineering bar is unforgiving and the upside is enormous. While we can’t share full details yet, our founding and early engineering team includes talent from SpaceX, Northrop Grumman, and Impulse Space, the group includes people who've pulled off feats almost no one else on Earth has.",Space Research and Technology,2-10 employees,Privately Held,"Los Angeles, California, United States",United States,pillarspace.com,https://www.linkedin.com/company/pillar-space
SpaceApp,"SpaceApp is building the next generation of Mission Intelligence.

Our cloud-native Multi-Domain Intelligence Platform (MDIP) serves as a Mission Intelligence Integration Layer, enabling government and commercial organizations to integrate mission planning, telemetry, simulation, mission operations, analytics, and AI-assisted decision support through a vendor-neutral, event-driven architecture.

Rather than replacing existing systems, MDIP connects them.

At the core of the platform is our Mission Services Integration Framework (MSIF), which standardizes how external mission services exchange information through Mission Products—a canonical operational information model that enables interoperability, mission validation, replay, and trusted mission intelligence across diverse providers and technologies.

Designed around Open Mission Architecture principles, MDIP supports secure integration of mission systems, simulation engines, telemetry sources, and analytical services while preserving existing operational investments. The platform is built using scalable AWS cloud services and is engineered to support the complete mission lifecycle—from planning and simulation to operational execution, validation, historical replay, and future AI-assisted mission operations.

Our engineering team combines expertise in aerospace, telecommunications, cloud computing, artificial intelligence, and mission systems to develop technologies that accelerate digital transformation across government, defense, commercial space, and critical infrastructure.

We believe the future of mission operations will be defined by interoperability, trusted mission intelligence, and open architectures.

Any Sensor. Any Mission Service. Any Mission Product. Any Decision System.",Space Research and Technology,11-50 employees,Privately Held,"San Antonio, Texas, United States",United States,spaceapp.org,https://www.linkedin.com/company/saorg
Sun Devil Satellite Laboratory,"Sun Devil Satellite Lab is a student organization at Arizona State University that designs, builds, tests, and launches satellites and satellite-adjacent hardware.

Our mission is to prepare student engineers to contribute effectively to the space industry by giving them hands-on experience designing real spacecraft hardware. Members work with industry standard documentation, design reviews, testing requirements, integration, and engineering software to learn how spacecraft are fully developed. 

SDSL also emphasizes open-source development allowing much of our work to be shared with the aerospace community.

The organization's history includes work connected to missions such as Phoenix, Coconut, LightCube, DORA, and CANSAT, continuing a student-led tradition of building spaceflight hardware and expanding access to spacecraft engineering at ASU.",Space Research and Technology,51-200 employees,Non Profit,"Tempe, Arizona, United States",United States,asu.edu,https://www.linkedin.com/company/sun-devil-satellite-laboratory
HYPERSPACE Center of Excellence @ UCF,"The Center is a world leading center in hypersonic and space propulsion, modeling, aerodynamics,
laser diagnostics/sensors, high temperature materials, and additive manufacturing with
Government and Industry partnership. A hub for world-class hypersonic wind tunnels and
facilities, advanced hypersonic research, training and education, technology development and
innovation.

UCF HYPERSPACE Center of Excellence is in the Top 5 in the nation. The Center will generate
competitive research funding on the order of $20+ Million of research expenditures per year,
high visibility publications with near 30 journals, 60 conference papers, and 1-2 patents per year,
and 30 Ph.D. students + 30-40 M.S. students + 20 HUT students graduating per year.",Space Research and Technology,51-200 employees,Partnership,"University, Florida, United States",United States,ucf.edu,https://www.linkedin.com/company/hyperspace-center-of-excellence-ucf
Quved,"QUVED | Quality User Virtual Engagement & Data

At QUVED, we are pioneering the future of Artificial Intelligence through advanced research and product innovation. Our mission is to build intelligent, human-centric solutions that merge data, design, and deep tech — redefining the way humans interact with machines.

 What We Do
We focus on R&D for breakthrough AI products that enhance virtual engagement, automate intelligent decisions, and optimize data flows. From smart assistants to predictive engines, we’re building what’s next.

 Our Vision
To create AI that doesn’t just solve problems — but anticipates them.

 Core Focus Areas

Human-AI Interaction

Generative AI Systems

Predictive Analytics

AR x AI Experiences

Autonomous Agents

Ethical & Responsible AI

Join us in shaping the future of technology.

#AI #ResearchAndDevelopment #Innovation #MachineLearning #QUVED #ArtificialIntelligence #FutureTech",Space Research and Technology,11-50 employees,Privately Held,"Oxnard, California, United States",United States,quved.com,https://www.linkedin.com/company/quved
BrightForge technologies,"To be a global leader in transformative business solutions, setting the standard for excellence and innovation.",Space Research and Technology,201-500 employees,Public Company,"Austin, Arkansas, United States",United States,,https://www.linkedin.com/company/brightforge-technologies
BeyondNavi,"BeyondNavi is shaping the future of navigation and geospatial intelligence. We fuse advanced research with real-world expertise to deliver solutions that keep our clients ahead of today’s challenges and tomorrow’s opportunities.

Our expertise spans four core areas:

Navigation & Autonomy: GNSS/INS sensor fusion, trajectory accuracy, and GPS-denied operations for UAVs, vehicles, and mission-critical assets.

Geospatial Intelligence (GEOINT): LiDAR and imagery pipelines, 3D city/asset twins, automated feature extraction, and disaster/environmental analytics.

Smart-City & Infrastructure Mapping: Enterprise-grade workflows for roads, utilities, and urban systems that enable resilient cities.

Capacity Building & Training: Hands-on labs, bootcamps, and executive briefings for agencies, defense units, and academia.

With a dual presence in North America and MENA, BeyondNavi operates as a trusted partner bridging civil and defense domains. We pride ourselves on precision, agility, and innovation — ensuring every solution is mission-ready and future-proof.",Space Research and Technology,11-50 employees,Privately Held,"Sheridan, Wyoming, United States",United States,beyondnavi.com,https://www.linkedin.com/company/beyondnavi
Global Entrepreneurship Network SPACE,"GEN Space stimulates the creation of startups and scale-ups focused on entrepreneurial (astropeneurial) opportunities in low Earth orbit. We connect a cooperative of space ecosystems by addressing the borderless aspect of doing business in space, advise astropreneurs and stakeholders, and inspire emerging workforces by preparing them for new opportunities in space. 

The GEN Space team increases global awareness of space in STEM education, raises awareness for new funding sources and funders, and is successful at establishing relationships with universities and national space programs to further develop the Astropreneurial ecosystem.",Space Research and Technology,2-10 employees,Non Profit,"Arlington, Virginia, United States",United States,genglobal.org,https://www.linkedin.com/company/gen-space
Akronauts Rocket Design Team,"Founded in 2014, The Akronauts Rocket Design Team is the newest extracurricular design team at The University of Akron. We are a group of high-caliber engineers with a team consisting of members from various educational disciplines and backgrounds. Our mission is to advance aerospace technology by providing students a platform of multifaceted, hands-on experience as they pursue excellence in their fields of study.",Space Research and Technology,51-200 employees,Non Profit,"Akron, Ohio, United States",United States,akronauts.org,https://www.linkedin.com/company/akronauts
SEDS@UMD,"Our initial project was UMD’s first student-designed CubeSat named TERPSAT. We have since expanded to include liquid rocketry and custom fabrication of satellite components. Through Terps in Space, we mentor local high school students about space sciences and engage the broader community. SEDS@UMD enables learning about satellite design, space systems engineering, and mission operations.

We offer opportunities to broaden students’ college experience by giving them tools to acquire professional mentorship, learn interdisciplinary skills, and form new relationships with peers who also love space! We have training programs for our various teams and host talks with other SEDS chapters and industry to gain valuable transferable knowledge. As well as new friendships SEDS@UMD is a great place to find job and internship opportunities, since we have a growing number of alumni posting opportunities. SEDS-USA hosts a yearly conference, SpaceVision, for students to attend a space-centric symposium and job fair. As we continue our outreach and fundraising efforts, we need new members to increase our already amazing talent pool.

With our inclusive atmosphere we welcome students from all majors to join our activities. We also seek faculty who wish to interact with undergraduate and graduate students on their space-related research. We are open to hearing about any new project related to space development and exploration. You have the ability to become a leader in the final frontier! Come join our team!",Space Research and Technology,51-200 employees,Non Profit,"College Park, Maryland, United States",United States,umd.edu,https://www.linkedin.com/company/seds-umd
Society of Space Professionals On Campus,"SSPOC is a community of student professionals passionate about the space industry! We offer students at Embry-Riddle Aeronautical University in Daytona Beach, Florida a chance to network and create meaningful connections with others through socials, guest speakers, facility tours, and conferences.

SSPOC was established in 2014 and was originally known as the Spaceflight Sciences Policy and Operations Club. In 2024, the name was changed as the organization began a new chapter in its story. Despite this change, the organization remains focused on its values of growth, fellowship, and a love for space exploration — ""the greatest adventure on which humanity has ever embarked"".",Space Research and Technology,51-200 employees,Non Profit,"Daytona Beach, Florida, United States",United States,,https://www.linkedin.com/company/sspoc-erau
ETS Group LLC / Vista Technology Partners,"ETS Group LLC and Vista Technology Partners both privately owned have merged to own several advanced material and medical device companies. Smart Sense LLC, Xtremedx LLC, Axia Fibers, TAPinsole LLC, SensorBed LLC SensorBats LLC and a minor share in Sencorables LLC are the main companies now owned by Vista Technology Partners of Greenville, SC. This company has more than 30 developed products that are planned to be commercialized in 2025.",Space Research and Technology,11-50 employees,Privately Held,"Greenville, South Carolina, United States",United States,vistatechnologypartners.com,https://www.linkedin.com/company/ets-group-llc
hyperreal,Hyperreal is a Harvard + MIT cohort at the Autodesk BUILD Space that researches and develops advanced construction technologies ranging from topology optimization to robotic 3D printing.,Space Research and Technology,2-10 employees,Privately Held,"Boston, Massachusetts, United States",United States,,https://www.linkedin.com/company/hyperrealtech
OrbitData Insights,"Market research firms offer services across diverse industries, such as healthcare, technology, retail, finance, and consumer goods. They assist clients in understanding customer needs, optimizing marketing strategies, evaluating product performance, and predicting market shifts. Additionally, these companies often specialize in specific research areas, such as brand health tracking, product development, market entry strategy, or customer satisfaction.",Space Research and Technology,201-500 employees,Privately Held,"Hot Springs, South Dakota, United States",United States,,https://www.linkedin.com/company/orbitdata-insights
MaxQ@Kirtland,"Located in the heart of historic Space Valley, MaxQ@Kirtland is a 70-acre, master-planned, high-tech commercial campus uniquely and securely located on the Kirtland Air Force Base adjacent to the Air Force Research Lab in Albuquerque, New Mexico. Designed to strengthen government-commercial collaboration, the campus enables visionary commercial space, aerospace, and directed energy companies to strategically establish build-to-suit offices and facilities with unprecedented access to government customers that are leading the advancement of space exploration and development. 

Join Northrop Grumman, which has already built a 27,000 square foot facility on the site to support its space systems engineering operations, in pioneering hub of innovation for some of the nation’s most advanced space development and defense activities.

Visit MaxQNM.com or reach out to Kevin Yearout - keviny@maxqnm.com - for more information.",Space Research and Technology,2-10 employees,Privately Held,"Albuquerque, New Mexico, United States",United States,maxqnm.com,https://www.linkedin.com/company/maxq-kirtland
GenAlpha Nuclear Technologies LLC,"We provide end-to-end nuclear technology R&D and engineering focused on nuclear direct energy conversion (NDEC), combining advanced scientific research with practical, deployment-oriented design support. Our team delivers expert research consultancy, engineering services, and technical consulting to help partners accelerate innovation - from early-stage concepts through validated NDEC technologies and engineered solutions.",Space Research and Technology,Self-employed,Privately Held,"Traverse City, Michigan, United States",United States,,https://www.linkedin.com/company/genalpha-nuclear-technologies
J&P Technologies,"J&P Technologies was established in 1997 to provide contract services for the development, assessment, and support of integrated flight systems, scientific computing, and complex control systems, specifically in the aerospace and biomedical industries.  The company is backed by 30+ years of experience in supporting, developing, and delivering small and large-scale systems for both the government and commercial markets.  
J&P holds SBA-certified SDB [Native American owned], Women’s Business Enterprise [WBE], and Texas Historically Underutilized Business [HUB] certifications.

Awards include SBA’s 2010 Small Business Person of the Year and 2010 SBA Administrator’s Award of Excellence.",Space Research and Technology,11-50 employees,Privately Held,"Houston, Texas, United States",United States,jandptech.com,https://www.linkedin.com/company/j&p-technologies
Starfront Observatories,"Welcome to Starfront Observatories, the largest remote telescope observatory in the world that's making space exploration more accessible for everyone! With over 700 telescope systems (and increasing daily) operational every night from our Bortle 1 location in Rockwood, Texas, Starfront is unlocking the possibilities of bringing together the largest remote imaging community in the world.",Space Research and Technology,11-50 employees,Privately Held,"Rockwood, Texas, United States",United States,starfront.space,https://www.linkedin.com/company/starfront-space
Ixion Conglomerated Astronautics Technologies,XCATI is an advanced technology corporation focusing on developing emerging technologies and integrating current state-of-the-art technologies into systems designed for the advancement of space activities and operations.,Space Research and Technology,11-50 employees,Privately Held,"Colorado Springs, Colorado, United States",United States,xcati.com,https://www.linkedin.com/company/xcati
Type 3 Innovations,"At Type 3 Innovations, we are a research-driven center dedicated to exploring the frontiers of software development and artificial intelligence. Our mission is to conduct high-quality, innovative research that pushes the boundaries of technology and provides actionable insights to drive progress in the digital landscape.

As we build our portfolio, we focus on providing thorough and well-researched solutions that enhance productivity, efficiency, and growth across various industries. Our team is passionate about creating intelligent systems, leveraging machine learning, predictive analytics, and other AI technologies, all grounded in careful and continuous research.

Education is a key pillar of our mission, and we are committed to providing open research to the community. By sharing our findings and insights, we aim to contribute to the broader body of knowledge, foster collaboration, and inspire the next generation of innovators. Our approach ensures that our research is accessible and valuable to anyone seeking to learn, grow, and advance in the field of technology.

We understand the value of providing dependable, long-term solutions, and our research-oriented approach ensures that our findings and developments contribute to sustainable advancements in technology. Our work is shaping the future of AI and software systems, laying the foundation for impactful contributions to the field.

For inquiries or to learn more about our ongoing research, please reach out. We look forward to connecting with like-minded innovators and collaborators.",Space Research and Technology,2-10 employees,Privately Held,"Alexandria, Virginia, United States",United States,type3innovations.com,https://www.linkedin.com/company/type_3_innovations
Interstellar Communication,"Interstellar Communication Holdings Inc., a Florida-registered company, offers an affordable personal satellite service for stargazers, named icMercury. Utilizing Pocketqube technology and a customized user platform, this service allows users to access their personal satellites and unlock the potential of the universe.

Services for individuals
Personalized cosmic experiences: Users can engage with space in an intuitive and meaningful way.
Access to exclusive content: The service provides access to exclusive space-related merchandise and events through its app. 

Services for businesses
Marketing opportunities: icMercury offers innovative marketing and data services for small to mid-sized companies.
Customized business applications: Businesses can use the platform for creative applications, like brand marketing. 

Technology and mission
PocketQube technology: The service is built on a cost-effective, small-scale satellite technology that makes space exploration more accessible. 
Democratizing space: The company's overall mission is to ""democratize space"" by providing tools and platforms that bring the universe within reach for a wider audience, including entrepreneurs and investors.",Space Research and Technology,11-50 employees,Privately Held,"Miami Beach, Florida, United States",United States,icmercury.com,https://www.linkedin.com/company/interstellarcommunication
Ansumi Space Australia,"""TIME"" is of an Essence.
Ansumi believes in ""NEED"" as Greatest.

Ansumi Space is a groundbreaking Australian company at the forefront of the global space industry, driven by innovation and a strong commitment to sovereign capabilities. Our mission is to empower nations and industries through state-of-the-art space technology, providing strategic solutions that ensure self-reliance in a rapidly evolving space environment.

Innovation lies at the core of our operations. By harnessing advanced technologies, such as Synthetic Aperture Radar (SAR) and satellite constellations, we offer comprehensive space-based services tailored to the defense, government, and commercial sectors. Our cutting-edge solutions enhance Earth observation, space situational awareness, and defense intelligence operations. We specialize in the end-to-end development of spacecraft and satellite systems, positioning ourselves as leaders in technological advancements and helping our clients navigate the complexities of space exploration and ISR (Intelligence, Surveillance, and Reconnaissance).

Sovereign capability is equally essential to our philosophy. As an Australian-owned company, we focus on developing independent space solutions critical for national security and economic stability. By providing sovereign capabilities, Ansumi Space enables countries to secure their data, maintain control over their space assets, and minimize reliance on foreign technologies. This empowers governments and organizations to operate autonomously and strategically in a competitive global space arena.

We emphasize partnerships and collaborative endeavors, working closely with key players in the space sector, including the Australian Defence Force and UK Space Command. This alignment ensures that our solutions address the specific needs and security requirements of our partners. By strengthening these collaborations, we expand our capabilities and contribute to a secure, innovative, and sustainable space future.",Space Research and Technology,11-50 employees,Privately Held,"Houston, Texas, United States",United States,ansumispace.com.au,https://www.linkedin.com/company/ansumispace-australia
Oklahoma Space Factum,"At Oklahoma Space Factum, we are committed to creating innovative solutions that propel the space industry forward. Our focus is on fostering collaborations that enable technological advancements in space exploration. Through our research and partnerships, we aim to drive the future of aerospace projects and help shape Oklahoma’s role in the global space sector.",Space Research and Technology,2-10 employees,Partnership,"Yukon, Oklahoma, United States",United States,oklahomaspace.com,https://www.linkedin.com/company/oklahoma-space
SpaceIn.AI,"SpaceIn.AI leverages cutting-edge AI and satellite imagery to deliver actionable insights for industries like agriculture, insurance, and infrastructure. Our mission is to make Earth observation data accessible and affordable for businesses and organizations that lack access to expensive satellite analysis solutions.

Harness the power of Earth Observation and AI to drive smarter decisions!

#AI #SatelliteImagery #EarthObservation #SpaceTech #Geospatial",Space Research and Technology,2-10 employees,Privately Held,"Plano, Texas, United States",United States,spacein.ai,https://www.linkedin.com/company/spacein-ai
Apinae Space,"Just as bees play a vital role sustaining entire ecosystems with their incredible cohesiveness and creativity, we deliver end-to-end services that create strong integration that turns enterprises into one cohesive force.

Apinae draws its inspiration from the bee because we're not just about existing in the space ecosystem, we're about transforming it.",Space Research and Technology,2-10 employees,Privately Held,"Leesburg, Virginia, United States",United States,apinae.space,https://www.linkedin.com/company/apinaespace
Solaris Propulsion,"Solaris Propulsion is a pioneering force in aerospace engineering, driven by a mission to redefine efficiency and innovation in rocket propulsion. As an undergraduate-led team at Embry-Riddle Aeronautical University, we’re designing and building one of the first liquid bi-propellant aerospike engines—a revolutionary advancement aimed at surpassing traditional propulsion limits. Through cutting-edge engineering and rigorous testing, Solaris Propulsion seeks to push the boundaries of high-altitude exploration, increase payload efficiency, and reduce fuel consumption. We’re not just reaching for the Kármán line; we’re crafting the future of spaceflight.",Space Research and Technology,2-10 employees,Educational,"Prescott, Arizona, United States",United States,,https://www.linkedin.com/company/solaris-propulsion
Lagrangian,"Lagrangian is an interdisciplinary research and advocacy organization dedicated to advancing the future of space exploration. Through rigorous analysis, thought leadership, and strategic partnerships, we explore the intersection of space technology, policy, economics, and culture—shaping sustainable, equitable, and innovative space industries for humanity’s benefit.

Our Work includes:

Research - Cutting-edge studies on space policy, ethics, infrastructure, and societal impacts.
Advocacy - Influencing decision-makers to foster responsible space development.
Consulting - Advising governments, NGOs, and private sector leaders on space-related challenges.
Publishing - Disseminating insights via reports, white papers, and our flagship weekly publication, Lagrangian.

Why It Matters:
Space is no longer the domain of a few nations—it’s a global ecosystem with profound implications for security, sustainability, and human progress. We bridge the gap between innovation and governance, ensuring space exploration benefits all.

Join the Conversation:
Follow us for research updates, event announcements, and collaborations. Together, we can build a thoughtful future for space.

 Learn more: https://www.lagrangian.space/",Space Research and Technology,2-10 employees,Privately Held,"Cambridge, Massachusetts, United States",United States,lagrangian.space,https://www.linkedin.com/company/space-lagrangian
Aster Space Technologies,"Aster is creating in-situ resource utilization hardware to sustainably provide oxygen to lunar settlers, paving the way for a sustained human presence on other worlds by advancing essential life and mission support technologies.",Space Research and Technology,2-10 employees,Privately Held,"San Francisco, California, United States",United States,aster-space.com,https://www.linkedin.com/company/aster-space
Vis Viva Space,"Vis Viva Space is developing software for Mission Planning and Mission Design that will enable better communication and faster iteration. Space is hard, but planning software doesn’t have to be hard to use.",Space Research and Technology,2-10 employees,Privately Held,"Ventura, California, United States",United States,visviva.space,https://www.linkedin.com/company/vis-viva-space
Lexerb Zentora Global,Dedicated market researcher with a strong background in consumer insights and trend analysis. Turning data into strategic growth opportunities,Space Research and Technology,"501-1,000 employees",Privately Held,"Santa Clara, California, United States",United States,,https://www.linkedin.com/company/lexerb-zentora-global
Stratolyra,Dedicated market researcher with a strong background in consumer insights and trend analysis. Turning data into strategic growth opportunities,Space Research and Technology,201-500 employees,Privately Held,"Wilmington, Ohio, United States",United States,,https://www.linkedin.com/company/stratolyra
Edge Intelligence,"We cut through industry noise to deliver clear, data-driven insights that help decision-makers separate fact from fiction, identify real opportunities, and navigate the space sector with confidence. 

By blending advanced data fusion, techno-economic modeling, and deep industry expertise, we empower businesses to compete, invest, and scale with clarity and precision.",Space Research and Technology,2-10 employees,Privately Held,"Dallas–Fort Worth metroplex, Texas, United States",United States,,https://www.linkedin.com/company/gotedge
Mega Earth's Innovations LLC,"Redefining the future of connectivity in an increasingly digital, data-driven world. As global digitalization accelerates, the growth of data and the Internet of Things (IoT) is transforming industries including transportation, energy, manufacturing, public safety, and smart infrastructure. IoT is no longer emerging it is a foundational enabler of artificial intelligence, machine learning, big data, innovation at global scale.

Addresses critical gaps in today’s wireless ecosystem. While 5G and millimeter-wave technologies promise high throughput, they face inherent limitations in coverage, penetration, spectrum availability, reliability, and infrastructure cost. Dense small-cell deployments, limited sub-6 GHz spectrum, poor performance through buildings, and vulnerability to environmental conditions constrain truly ubiquitous connectivity. Satellite systems offer alternatives but remain susceptible to solar activity and ionospheric disturbances that can disrupt navigation, timing, financial systems, and critical infrastructure.

Pioneering a spectrum-independent, post-RF communication technology based on Longitudinal Circular Polarization Magnetic Waves (LCPMW). Unlike conventional RF systems, this approach operates without electric-field radiation, generating magneto-acoustic waves that are resilient to interference, deeply penetrating through materials, and unaffected by solar energetic particles.

Economic impact: reduced infrastructure density, lower deployment costs, and improved resilience for IoT, autonomous vehicles, V2X, and critical systems.
Social impact: enhanced connectivity in underserved, underground, industrial, and disaster-prone environments, improving safety, mobility, and digital inclusion.
Technology benefits: spectrum coexistence, immunity to RF congestion and solar disruptions, and a complementary path toward 6G and beyond.

Building resilient, sustainable, and inclusive connectivity where communication works everywhere, even when RF cannot.",Space Research and Technology,Self-employed,Privately Held,"Thousand Oaks, California, United States",United States,megaearths.com,https://www.linkedin.com/company/mega-earth-s-innovations-llc
Innovations Foresight,"Innovations Foresights specializes in the design, development, and commercialization of cutting-edge AI software and hardware solutions for astronomy and optics. Leveraging our expertise in artificial intelligence and advanced technologies, we deliver high-quality, innovative products that tackle complex challenges and drive exceptional value for our customers.",Space Research and Technology,2-10 employees,Partnership,"Columbus, Indiana, United States",United States,innovationsforesight.com,https://www.linkedin.com/company/innovations-foresight
StarDrive inc,"StarDrive Inc. is pioneering the future of space travel with the StarDrive Mass Relay System, a groundbreaking approach to interplanetary transportation. Our innovative propulsion technology leverages superconducting magnetic rings, strategically positioned in orbit, to enable spacecraft acceleration through Lorentz force interactions. This system eliminates the need for onboard propellant, allowing spacecraft to reach unprecedented speeds efficiently and sustainably.
The StarDrive Mass Relay offers transformative capabilities, cutting transit times to Mars by tenfold—making journeys that currently take months achievable in just 30-60 days. By accelerating spacecraft without traditional fuel, StarDrive dramatically reduces mission costs and expands payload capacities, creating new possibilities for deep-space exploration, defense logistics, and commercial ventures such as space tourism and asteroid mining.
Our team brings extensive expertise in advanced propulsion systems, material science, and high-temperature superconductivity. As we advance from successful simulations and scaled prototype testing, we are committed to refining the system's reliability and scalability. Our network-based infrastructure design allows StarDrive to adapt to various mission profiles, from rapid satellite deployment to cislunar operations, offering unmatched versatility in space transportation.
With an estimated addressable market of $420 billion by 2030, StarDrive is positioned to be a leader in next-generation space infrastructure. Our work aligns with the strategic goals of space exploration, enhancing humanity’s reach beyond Earth and supporting a sustainable, thriving future in space.",Space Research and Technology,2-10 employees,Privately Held,"San Francisco, California, United States",United States,thestardrive.com,https://www.linkedin.com/company/stardrive-inc
Wisconsin Center for Origins Research,The Mission of the Wisconsin Center for Origins Research (WiCOR) is to advance our understanding of the origins of life in the Universe through interdisciplinary research and education.,Space Research and Technology,51-200 employees,Educational,"Madison, Wisconsin, United States",United States,wisc.edu,https://www.linkedin.com/company/wisconsin-center-for-origins-research
Duke Students for the Exploration and Development of Space (SEDS),"Hello! We are part of the national SEDS organization. 

Our guiding pillars:

-Fostering interest in and learning around space.
-Helping students of diverse backgrounds explore how they can take part in the nascent space movement. (engineering, public policy, economics, biology, visual media studies, medicine...)
-Connecting students with alumni and professionals in the space sector.
-Supporting student space related projects and partnerships.",Space Research and Technology,11-50 employees,Educational,"Durham, North Carolina, United States",United States,,https://www.linkedin.com/company/duke-seds
UASPACE - Student Organization,"UASPACE strives to design, test and deploy space technologies through a culture of collaborative development, fostering engineering excellence and business leadership in students at The University of Alabama and the surrounding community through STEM-related outreach.

UASPACE's BAMA-1 CubeSat was selected for the NASA CubeSat Launch Initiative in 2020 and was aboard the Astra LV-0008 vehicle for the failed attempt on February 10, 2022. BAMA-2 will be a re-build and re-flight effort of BAMA-1. Due to the unfortunate mission failure during launch, NASA has given us a second opportunity to build and launch our BAMA-2 CubeSAT through the NASA CubeSat Launch Initiative. We aim to have a fully built and functional satellite by May 2023.

BAMA-2 is a technology demonstration mission that will conduct a flight demonstration of a drag sail module by rapidly deorbiting the satellite. Spacecraft equipped with drag sail technology will be able to reliably and rapidly deorbit, thus reducing space debris and the risk to operational satellites, space stations, and crewed vehicles.",Space Research and Technology,11-50 employees,Educational,"Tuscaloosa, Alabama, United States",United States,ua.edu,https://www.linkedin.com/company/uaspace-student-organization
Pulsar Space Systems,Solving Real Problems through Space Flight,Space Research and Technology,2-10 employees,Privately Held,"Louisville, Colorado, United States",United States,pulsarspacesystems.com,https://www.linkedin.com/company/pulsar-space-systems
Today In Space Podcast,"A space-science podcast about all things space, creating conversations with people in STEM, and discussing the past, present, and future of humanities journey in the final frontier",Space Research and Technology,Self-employed,Self Owned,"Boston, Massachusetts, United States",United States,todayinspace.net,https://www.linkedin.com/company/today-in-space
XDLab,Promoting deep integration of space engineering and artificial intelligence for efficient and sustainable anthropogenic space development.,Space Research and Technology,11-50 employees,Privately Held,"Daytona Beach, Florida, United States",United States,xdlab.space,https://www.linkedin.com/company/xdlaberau
CamdenCastle,"CamdenCastle is rural America's largest technology and cultural hub that develops revolutionary initiatives that changes the way people work, live, and learn all across the world.",Space Research and Technology,11-50 employees,Privately Held,"Camden, Indiana, United States",United States,camdencastle.org,https://www.linkedin.com/company/camdencastle
HoloAstro,"HoloAstro is an augmented reality tool designed to make trajectory design easier, faster, and more collaborative. It's like a 3D Google Maps for space.

Whether you’re planning an asteroid tour or learning astrodynamics for the first time, HoloAstro can help you chart your course.",Space Research and Technology,Self-employed,Privately Held,"Boulder, Colorado, United States",United States,holoastro.com,https://www.linkedin.com/company/holoastro
"Starin Engineering, LLC","Starin Engineering was founded to help support the Aerospace and Space industries with challenging motion control applications. By specifying complete documentation at the beginning of a program, many common issues with performance and reliability may be avoided. Scott brings timely solutions through his experience and knowledge of the industry and energy conversion components to make sure your program is on the right path.",Space Research and Technology,2-10 employees,Self Employed,"Naples, Florida, United States",United States,starinengineering.net,https://www.linkedin.com/company/starin-engineering-llc
UAH Center for Space Plasma and Aeronomic Research,,Space Research and Technology,51-200 employees,Educational,"Huntsville, Alabama, United States",United States,uah.edu,https://www.linkedin.com/company/uah-cspar
Potomac,"Potomac Database Systems is building commercial data infrastructure to make lunar access affordable for government, commercial, and academic customers. Potomac’s products include Compass, a low-cost impact-plume reconnaissance system; Pathfinder, an impact-emplaced surface node; Source, a RHU-enabled mobile sensor suite; and Nexus, a web-based lunar data visualization and analysis platform.",Space Research and Technology,2-10 employees,Privately Held,"Washington, Washington, United States",United States,potomacdb.com,https://www.linkedin.com/company/potomac-database-systems
Imagining Forward,"Imagining Forward delivers acquisition intelligence for space tech.

We track and qualify critical technology startups for funds, program offices, defense contractors, and industry participants. We surface early deal flow, transactions, and signals.

How we do this:
- Monitor 3,000+ pre seed to pre IPO startups across the U.S. and allied nations
- Follow $60B+ in innovation breakthroughs, deal flow, SBIR contracts, and private capital flows
- Real time proprietary data capture and AI classification

Why now:
Space tech attracted $36B+ in capital in Q1 of 2026. The American Exceptionalism trade is driving a defense industrial base build out. Terrestrial to orbital geopolitical competition is accelerating procurement timelines. The window to distill signal from noise before competition is narrow.

Imagining Forward stays ahead of the curve.

We host industry events in New York City · Los Angeles · San Francisco
We follow the deep tech ecosystem in U.S. · Germany · France  · Japan · India",Space Research and Technology,2-10 employees,Privately Held,"New York, New York, United States",United States,,https://www.linkedin.com/company/imagining-forward
Caltech Air and Outer Space (CAOS),"Caltech Air and Outer Space is Caltech's AIAA branch, promoting professional and project development within the aerospace and robotics sector. We support a variety of projects, including Lunabotics (autonomous lunar rover), SpectraSat (atmospheric modeling CubeSat), GLOBO (environment-monitoring CubeSat), PILLARS (lunar rocket plume shielding), CRATER (rover design), LATTICE (lunar transport), and more. We also host various professional events & talks with NASA administrators, CEOs, and engineers, enabling students to better hone their engineering skills.",Space Research and Technology,11-50 employees,Non Profit,"Pasadena, California, United States",United States,caltech.edu,https://www.linkedin.com/company/caltech-caos
"Ghost Integrations, LLC","We believe good integrations should be invisible.  Founded on 15 years of experience with more than 30 different Uncrewed Aircraft Systems in over 100 unique configurations, Ghost Integrations is a world leader in simplifying the complex problems facing UAS and Robotics.  It all begins with an idea. Whether you want help designing or certifying your drone or have an idea for an a new sensor integration on a helicopter, Ghost Integrations is ready to help.",Space Research and Technology,2-10 employees,Privately Held,"Huntsville, Alabama, United States",United States,ghostintegrations.com,https://www.linkedin.com/company/ghost-integrations-llc
Montana Space Grant Consortium,"The Montana Space Grant Consortium (MTSGC) works to strengthen education in Montana in NASA-related fields. In addition, the program works toward NASA STEM Engagement priorities. To accomplish the overarching goal, MTSGC offers a set of student and faculty opportunities geared toward hands-on projects and other effective engagement styles.",Space Research and Technology,2-10 employees,Educational,"Bozeman, Montana, United States",United States,montana.edu,https://www.linkedin.com/company/montana-space-grant-consortium
Autonomy Lab,"Welcome to the Autonomy Lab at the Florida Institute of Technology, led by Dr. Madhur Tiwari. We are developing cutting-edge tools to achieve higher level of autonomy for aerospace systems.

Our research is motivated by the prospect of what intelligent machines can achieve in the future. Our collective goal as a team is to achieve fully autonomous systems that do not rely on the traditional sensor-decision-act pipeline. We are currently focusing on developing data-driven techniques that can bring us closer to achieving full autonomy in aerospace systems.",Space Research and Technology,11-50 employees,Partnership,"Melbourne, Florida, United States",United States,theautonomylab.com,https://www.linkedin.com/company/autonomylab
Aerospace Medicine at Carolina,Aerospace Medicine at Carolina seeks to grow the interest of Aerospace Medicine on Chapel Hill's Campus.,Space Research and Technology,11-50 employees,Non Profit,"Chapel Hill, North Carolina, United States",United States,,https://www.linkedin.com/company/aerospace-medicine-at-carolina
Mizzou Space Program,"The Mizzou Space Program is a student-led organization that is focused on furthering aerospace engineering interest by competing in collegiate rocket competitions, assisting members with individual Tripoli Rocketry Association certification rockets, and conducting research into rocket propulsion systems. MSP also provides current students the opportunities to network in the growing aerospace industry and inspires student interest in STEM through K-12 outreach events. MSP has members representing a variety of backgrounds and fields of study and welcomes any interested individuals.",Space Research and Technology,51-200 employees,Non Profit,"Columbia, Missouri, United States",United States,,https://www.linkedin.com/company/mizzou-space-program
Kingdom Business,"We build future technology and Ai sales systems to help companies scale.
We create & run ads to get leads.
We place ai and closers to get Sales.
We put in systems to scale growth.",Space Research and Technology,11-50 employees,Privately Held,"Miami, Florida, United States",United States,gokingdombusiness.com,https://www.linkedin.com/company/gokingdombusiness
Live Updates,"We specialize in delivering data-driven market research solutions that empower businesses to make confident, strategic decisions.",Space Research and Technology,2-10 employees,Public Company,"Sunnyvale, California, United States",United States,micromarketinsights.com,https://www.linkedin.com/company/live-updates
Rarefied Studios,"Rarefied combines cutting-edge computational science with deep aerospace expertise to deliver solutions that push the boundaries of what's possible in rarefied gas dynamics.

From in-space plume impingement to spacecraft entry analysis, Rarefied has the cutting edge solutions necessary for space station design, proximity operation, and orbital debris mitigation.",Space Research and Technology,2-10 employees,Partnership,"Houston, Texas, United States",United States,rarefiedstudios.com,https://www.linkedin.com/company/rarefied-studios
Stealth Technology Company,We are assembling unique assets and capabilities that give us the opportunity to move rapidly in the quest for pioneering next-generation photonic systems.,Space Research and Technology,11-50 employees,Privately Held,"..., United States",United States,,https://www.linkedin.com/company/stealth-technology-company
Space Interactions Inc.,"Space Interactions is the global solutions platform for space debris. Solving key issues of safe, secure collaboration, incentivization, and visualization.",Space Research and Technology,2-10 employees,Privately Held,"Saginaw, Michigan, United States",United States,interactions.space,https://www.linkedin.com/company/space-interactions-inc
Insightful Data Analyst Research,"Market research firms offer services across diverse industries, such as healthcare, technology, retail, finance, and consumer goods. They assist clients in understanding customer needs, optimizing marketing strategies, evaluating product performance, and predicting market shifts. Additionally, these companies often specialize in specific research areas, such as brand health tracking, product development, market entry strategy, or customer satisfaction.",Space Research and Technology,201-500 employees,Privately Held,"Boulder, United States",United States,,https://www.linkedin.com/company/insightful-data-analyst-research
Tensor,"Tensor is building advanced RF systems that enable resilient, distributed sensing and communications across next-generation aerospace and defense platforms. Our modular, multi-band platforms support mission-critical operations in the most demanding environments. We’re reimagining what real-time advanced RF solutions look like for engineers and operators today.",Space Research and Technology,2-10 employees,Privately Held,"Los Angeles, California, United States",United States,tensorsensors.com,https://www.linkedin.com/company/tensorsensors
Rensselaer Spaceflight Society,"We bring space down to earth for students at Rensselaer Polytechnic Institute through a variety of hands-on science and engineering projects. Our flagship is the RPI Experimental Propulsion Initiative, the premier student liquid rocketry program in New York State. We're also working on the Compact Operational Research Engine project to design a testbed turbojet engine, the Lunar R&D Committee to conduct structural and optical research on lunar regolith, and more!",Space Research and Technology,11-50 employees,Educational,"Troy, New York, United States",United States,rpi.edu,https://www.linkedin.com/company/rpi-spaceflight-society
E.V.olution Echo Technologies,"The FUTURE is here.
And we are building it.

Developing a Modular Technology Ecosystem rather than a single product. 
Applications across energy, cryogenics, medical support systems, industrial automation, sensing, communications, shielding, and space operations.  What makes it exciting is that each component can stand on its own while also contributing to a much larger integrated system vision.",Space Research and Technology,51-200 employees,Privately Held,"Point Pleasant, West Virginia, United States",United States,,https://www.linkedin.com/company/e-v-olution-echo-technologies
Amateur Astronomical Society of Kenya,We are a public society aimed at educating the public about astronomy and foster interest in night sky observations. Enjoy the universe because you are part of it!,Space Research and Technology,2-10 employees,Non Profit,"Salt Lake City, Utah, United States",United States,,https://www.linkedin.com/company/amateur-astronomical-society-of-kenya
LATIMER AEROSPACE,"Founded in 2020, Latimer Aerospace is an AI-first, Brooklyn-based innovator transforming aerospace, defense, and autonomous systems through advanced AI, software, and semiconductor technologies. With a “Made in America” ethos, the company drives U.S. leadership in national security and global competitiveness. Emerging from stealth mode, Latimer Aerospace is advancing cutting-edge solutions, including the Latimer X FSD Chip, PANTHER AI Training Chip, and Fully Self-Flying Chip—currently in the Electronic Design Automation (EDA) stages—designed for autonomous driving and flight. The company also introduces ShakespeareOS, the world’s first AI-driven flight operating system for navigation and surveillance; DAKOTAISR, an AI-powered blockchain intelligence and voting software; and Brelth Aviation Efficiency Surveillance, an AI-driven system for aviation optimization and safety. Led by CTO chip N. Wongsang, a visionary with over 20 patents in AI and autonomous systems, Latimer Aerospace is shaping the future of mobility and defense.",Space Research and Technology,11-50 employees,Privately Held,"New York, New York, United States",United States,,https://www.linkedin.com/company/latimeraerospace
"Earth Space Technology Services, LLC","ESTS is a rapidly growing minority & veteran owned small business with many years of industry experience in engineering, information technology, and cyber security services for the aerospace industry. Our primary federal customers are NASA, USGS, and NOAA.",Space Research and Technology,11-50 employees,Privately Held,"Upper Marlboro, Maryland, United States",United States,,https://www.linkedin.com/company/ests-llc
Drones-X Inc.,Coming soon,Space Research and Technology,2-10 employees,Privately Held,"Dublin, California, United States",United States,dronesx.io,https://www.linkedin.com/company/drones-x
Make Space Great,"The NASA that went to the moon in eight years just went nine years without launching humans into space from American soil. Houston, that's a problem. 

The idea for this page came after I wrote an honest post about watching the SpaceX Starship launch. I was overwhelmed by the responses and decided to facilitate an open and honest conversation about the past, present, and future of space (and NASA). 

+ Follow this page to follow along.

— David",Space Research and Technology,Self-employed,Self Owned,"Madison, Alabama, United States",United States,,https://www.linkedin.com/company/make-space-great
College of the Canyons Aerospace and Science Team,"The Aerospace & Science Team is the College of the Canyon's official endeavor to prepare students for the world of space exploration. Students work alongside trained professionals, professors, and upper-division alumni and have the chance to design, fabricate, and launch scientific payloads aboard NASA vehicles to the edge of space and beyond. 

Our team deals with Science, Technology, Engineering, Art, and Mathematics (STEAM). We offer skills and experiences not offered in the classroom in engineering, modeling, fabrication, art, and science to take our projects to one of the most extreme environments, space! This year, the team will send student art to the edge of space for the first time on HASP. We hope to bring more of the Art in STEAM to the aerospace industry.

The team has been awarded more than 84 awards in internships, mission academies, and scholarships because of these projects at places such as the Jet Propulsion Laboratory, NASA, Aerojet Rocketdyne, and many others.",Space Research and Technology,11-50 employees,Non Profit,"Santa Clarita, California, United States",United States,canyons.edu,https://www.linkedin.com/company/college-of-the-canyons-astronomy-and-physics-club
The Kepler-452b ExperienceTM,Interactive science education program.,Space Research and Technology,Self-employed,Privately Held,"Melbourne, Florida, United States",United States,452b.net,https://www.linkedin.com/company/kepler-452b
U.S. Space Force Historical Foundation,"Our primary mission continues to be to collect, restore, and exhibit items of historical significance which relate to the development and heritage of U.S. Space Force space launch activities. This unique museum highlights the Space Force as a major participant in America’s space program and emphasizes activities at Cape Canaveral Space Force Station beginning in early 1950 and continuing today.",Space Research and Technology,2-10 employees,Non Profit,"Cape Canaveral, Florida, United States",United States,ussfhf.org,https://www.linkedin.com/company/space-force-historical-foundation
"Nebula Space Enterprise, Inc.",,Space Research and Technology,11-50 employees,Privately Held,"Houston, Texas, United States",United States,nebulamedia.space,https://www.linkedin.com/company/nebula-space-enterprise
Fog City Rocketry,Welcome everyone! This is the SFSU Rocket Science club where we will work towards becoming avid rocketeers and get our hands dirty putting together rockets with whatever resources we can find at our University!,Space Research and Technology,11-50 employees,Non Profit,"San Francisco, California, United States",United States,fogcityrocketry.com,https://www.linkedin.com/company/fog-city-rocketry-at-sfsu
Blue Raven Scientific LLC,"Blue Raven Scientific LLC is a woman-owned small business consulting firm that brings together Ph.D. scientists and legal experts. We are subject matter experts in a vast array of technologies and highly skilled at obtaining funding and investments for our clients’ research programs. Our scientific expertise allows us to help guide our clients’ R&D efforts in directions that will provide the greatest benefits, both technically and commercially. Our legal experts counsel clients with IP portfolio management, patent strategy, and licensing programs. BRS helps clients get the most out of every research dollar, obtain a strong enforceable patent portfolio, publish impactful peer-reviewed articles, and have a heightened profile.",Space Research and Technology,Self-employed,Self Employed,"Los Angeles, California, United States",United States,blueravenscientific.com,https://www.linkedin.com/company/blueravenscientificllc
TERP RAPTOR,"TERP RAPTOR is a University of Maryland-led mission set to make history as the first spacecraft to reach the near-Earth asteroid Apophis. We are executing a pioneering mission architecture: performing first-of-its-kind dual-flyby mass measurements of an asteroid while simultaneously capturing high-resolution surface images.

Comprised of a team of driven students and expert mentors, TERP RAPTOR represents the cutting edge of student-led spacecraft development. Our work spans end-to-end mission design, pushing the boundaries of what university-class satellites can achieve. By advancing this mission, we are contributing critical, actionable data to the global planetary defense effort and the broader scientific community.

Follow our journey as we design, build, and fly the future of deep-space exploration.",Space Research and Technology,11-50 employees,Non Profit,"College Park, Maryland, United States",United States,umd.edu,https://www.linkedin.com/company/terpraptor
Nu Planet Pharmaceutical Radioisotopes,Nu Planet develops breakthrough nuclear technologies,Space Research and Technology,2-10 employees,Privately Held,"Scottsdale, Arizona, United States",United States,,https://www.linkedin.com/company/nuplanettech
SFA Georgia,"The Space Force Association - Georgia Chapter - (SFA Georgia) serves as a dynamic hub for advancing the United States' space capabilities and fostering collaboration across military, academic, and industry sectors in Georgia. As an extension of the United States Space Force Association (USSFA), the Georgia Chapter focuses on creating a thriving aerospace ecosystem that aligns with national space policies and regional economic priorities.

Our Mission
We are committed to promoting space exploration, innovation, and defense readiness while fostering a community dedicated to STEM education, workforce development, and strategic partnerships. SFA GEORIGA seeks to position Georgia as a leader in aerospace innovation, leveraging the state’s unique assets, including Robins Air Force Base, and a network of academic institutions and private sector partners.

Our Vision
To build a sustainable aerospace and defense community that strengthens national security, promotes economic growth, and inspires the next generation of space professionals. The Georgia Chapter envisions a future where the state plays a pivotal role in advancing low Earth orbit (LEO) infrastructure, cislunar space development, and national space defense capabilities.",Space Research and Technology,2-10 employees,Non Profit,"Georgia, United States",United States,ussfa.org,https://www.linkedin.com/company/georgia-chapter-space-force-association
CubeSat Developers Workshop,"The CubeSat Developers Workshop is an annual event dedicated to the advancement of CubeSat and small satellite technology. Bringing together industry professionals, researchers, educators, students, and enthusiasts, the workshop fosters an environment of collaboration, knowledge sharing, and innovation. Hosted at Cal Poly San Luis Obispo, the birthplace of the CubeSat standard, this event has become a key gathering point for the global small satellite community.

Our mission is to empower the next generation of space pioneers by providing a platform for learning, networking, and driving technological progress in small satellite development. Through a combination of technical sessions, hands-on workshops, and interactive discussions, attendees gain insights into the latest research, industry trends, and technological advancements in the CubeSat ecosystem.

Each year, the workshop covers a broad range of topics, including new developments in CubeSat standards and design, innovations in propulsion, power systems, and communications, alongside educational outreach and workforce development for the space industry.

The CubeSat Developers Workshop is open to all who are passionate about the future of space exploration and small satellite innovation. Whether you’re a seasoned expert or a student entering the field, this workshop provides an invaluable opportunity to connect with thought leaders, share your work, and explore partnerships.

Join us in shaping the future of small satellite technology and empowering the space industry’s innovators!

Connect with Us! Follow this page for updates on the upcoming workshop, speaker announcements, and registration information. Together, we’re advancing space exploration, one CubeSat at a time.",Space Research and Technology,51-200 employees,Non Profit,"San Luis Obispo, California, United States",United States,cubesatdw.org,https://www.linkedin.com/company/cubesatdevelopersworkshop
SFA Arizona,"Our mission is to achieve superior national spacepower by shaping a Space Force that provides credible deterrence in competition, dominant capability in combat, and professional services for all partners.",Space Research and Technology,2-10 employees,Non Profit,"Phoenix, Arizona, United States",United States,ussfa.org,https://www.linkedin.com/company/sfa-arizona
Texas Launch and Land,A collaboration between UT Aerospace senior design and the Texas Rocket Engineering Lab to bring propulsive landing capabilities to UT Austin.,Space Research and Technology,2-10 employees,Self Employed,"Austin, Texas, United States",United States,givecampus.com,https://www.linkedin.com/company/texas-launch-and-land
Fabrx Space,We're pushing humanity forward by accelerating space infrastructure growth.,Space Research and Technology,2-10 employees,Privately Held,"Houston, Texas, United States",United States,fabrx.space,https://www.linkedin.com/company/fabrx-space
afrolinkwork,"AfroLinkWorks is a dynamic platform dedicated to empowering African professionals by connecting them with high-quality remote work and freelance opportunities across the globe. Founded on the belief that talent knows no borders, we provide tailored training, upskilling, and career support to help individuals thrive in the digital economy.

We work in partnership with companies, government programs, NGOs, and global enterprises to ensure African talent is visible, competitive, and ready for the international job market. Our services include talent sourcing, workforce readiness programs, tech-enabled job placement systems, and curated professional development tracks.

Whether you're a skilled worker looking for flexible remote work or an organization seeking top-tier African talent, AfroLinkWorks bridges the gap—unlocking new possibilities for innovation, inclusion, and economic empowerment.

Together, we are transforming Africa’s workforce for the future of work.",Space Research and Technology,11-50 employees,Partnership,"Rockford, Alabama, United States",United States,afrolinkworks.com,https://www.linkedin.com/company/afrolinkwork
Technologies AMS,"Technologies AMS
Deep Tech | Space Tech • Intelligent Mining • Biomedicine

[Castellano]
Somos una compañía de Deep Tech enfocada en transformar la ciencia de frontera en soluciones industriales y comerciales de alto impacto. Nuestro propósito es converger la ingeniería avanzada con la inteligencia artificial para resolver los desafíos más complejos de la humanidad en tres verticales estratégicas. En el sector minero, trabajamos en la intersección de las operaciones de gran escala con la precisión de la IA, transformando la extracción de recursos en una actividad altamente eficiente, ecológica y sustentable. En biomedicina, impulsamos la innovación biotecnológica para llevar la última tecnología hacia una precisión médica de próxima generación. Finalmente, expandimos nuestros límites explorando la última frontera mediante proyectos de vanguardia en el espacio exterior, diseñando la infraestructura y logística autónoma para una economía orbital sostenible. En Technologies AMS, no solo optimizamos procesos; diseñamos el futuro de las industrias críticas.

---------------

[English]
We are a Deep Tech company focused on transforming frontier science into high-impact industrial and commercial solutions. Our purpose is to converge advanced engineering with artificial intelligence to solve humanity's most complex challenges across three strategic verticals. In the mining sector, we work at the intersection of heavy, large-scale operations and AI precision, transforming resource extraction into a highly efficient, ecological, and sustainable activity. In biomedicine, we drive biotechnological innovation to push the boundaries of next-generation precision medicine. Finally, we expand our limits by exploring the ultimate frontier through cutting-edge projects in outer space, engineering the autonomous infrastructure and logistics required for a sustainable orbital economy. At Technologies AMS, we don't just optimize processes; we design the future of critical industries.",Space Research and Technology,2-10 employees,Self Owned,"Nunez, Georgia, United States",United States,technologies-ams.com,https://www.linkedin.com/company/technologies-ams
Deep Techies,,Space Research and Technology,11-50 employees,Privately Held,"Santa Monica, California, United States",United States,,https://www.linkedin.com/company/deep-techies
Plasmizer,Plasmizer brings the sustainability in space by providing end-of-life solutions to space fleet operators.,Space Research and Technology,2-10 employees,Privately Held,"Santa Clara, California, United States",United States,,https://www.linkedin.com/company/plasmizer
Proxima Report,Join our cosmic expedition,Space Research and Technology,2-10 employees,Privately Held,"Florida, Florida, United States",United States,proximareport.com,https://www.linkedin.com/company/cosmicnxws
Orion Industries,"Orion Industries is an advanced research and product development company based on Earth with a focus on providing quantum based technological advancements to enable the human race to be the most efficient and cutting-edge version of itself. Our fields of professional interest include; quantum computing, artificial intelligence, quantum propulsion, efficient energy creation and storage, data transfer, CVD diamond semiconductor manufacturing, and more.",Space Research and Technology,2-10 employees,Privately Held,"Chicago, Illinois, United States",United States,orionindustries.space,https://www.linkedin.com/company/orion-industriesllc
Spaceborne,"Spaceborne is building reusable launch systems and satellite technologies to make access to orbit faster, more reliable, and economically scalable.

We focus on developing next-generation propulsion systems, reusable rocket architectures, advanced satellite platforms, and autonomous launch technologies designed to reduce the cost of reaching space and increase launch frequency.

Our goal is to enable routine, dependable access to orbit while supporting the deployment and operation of satellites for commercial, scientific, and defense missions.",Space Research and Technology,11-50 employees,Privately Held,"California, California, United States",United States,startupboomer.com,https://www.linkedin.com/company/ai-agents-workforce
Starlight Innovations LLC,"In space programs, success demands precision, foresight, and the ability to see challenges from every angle. Starlight Innovations delivers expert consulting and engineering to the space sector, combining trusted program leadership, risk-informed planning, and technical excellence.

With decades of experience in innovating science and technology across government and industry, we have a proven record of solving complex technical and programmatic challenges. Our multidimensional perspectives, shaped by varied disciplines and experiences, help us uncover solutions others overlook.

From launch vehicles and spacecraft to ground systems and mission operations, we guide high-stakes projects through every phase. Rigorous analysis and innovative thinking turn complexity into opportunity, advancing capabilities that make a lasting impact both in orbit and here on Earth.",Space Research and Technology,2-10 employees,Privately Held,"Falls Church, Virginia, United States",United States,starlightinnovations.com,https://www.linkedin.com/company/starlight-innovations
STARAX Group,"STARAX Group is a growing space architecture and technology design group that ambition to advance extraterrestrial habitations for human beings beyond Earth. 

Human beings have inhabited Earth for over millions of years, but such is merely a tiny fragment of the entire Milky Way Galaxy. Despite the radical progression of modern technologies, the lack of development in the fields of extraterrestrial habitation persists. 

The goal of STARAX Group is to create, design, and advance the potential of architecture beyond this world by utilizing aerospace research and cutting edge technology, advanced efficient construction techniques, combined with architecture and artificial intelligence to develop ""living in space"" as a norm. 

Our expertise involves designing and developing habitations including modular living spaces, commercial, and infrastructural components.

Moreover, STARAX Group fosters collaboration within the space architecture community, partnering with academia, industry, and government agencies from all over the world to catalyze a renaissance in space dwelling. As humanity stands in the cusp of a new era in space exploration, STARAX Group leads the charge, transforming the cosmos into a realm of boundless opportunity and discovery. Join us in redefining architecture among the stars.",Space Research and Technology,2-10 employees,Privately Held,"Los Angeles, California, United States",United States,,https://www.linkedin.com/company/starax-group
Space Systems,"Space Systems partners with organizations to provide science, engineering, information technology and education and outreach support services; in addition to back-office business functions such as human resources, accounting, management, procurement, finance, and administrative support and temporary staffing services.",Space Research and Technology,51-200 employees,Privately Held,"Ashburn, Virginia, United States",United States,spacesystemsusa.com,https://www.linkedin.com/company/space-systems-usa
HI-Spectral,"HI-Spectral, LLC specializes in the design and manufacturing of novel Snapshot Hyperspectral Imaging Systems. HI-Spectral's technology was originally designed at the University of Hawaii for the DKIST telescope, the largest and most advanced Solar Telescope in the world. Our technology has the capability to efficiently capture detailed chemical composition information (Spectrum) for each pixel in an image, in one exposure (snapshot). Our avant-garde design resulted in a very compact and robust customizable instrument able to generate data with high spectral resolution at high speed. Its uniqueness will unlock new applications and uses for hyperspectral imaging. The reliable wealth of information generated by our systems will help government agencies and private companies make educated and impactful strategic decisions.",Space Research and Technology,2-10 employees,Partnership,"Honolulu, Hawaii, United States",United States,hispectral.com,https://www.linkedin.com/company/hi-spectral
Space Precision Systems,Precision Mechanisms for Space Applications,Space Research and Technology,2-10 employees,Privately Held,"Pittsburgh, Pennsylvania, United States",United States,space-precision-systems.com,https://www.linkedin.com/company/space-precision-systems
Serenity Space Technologies,"Serenity Space Technologies provides advanced engineering solutions across industries, with specialized expertise in space systems and propulsion. We offer end-to-end services in systems engineering, mechanical and electrical design, integration and testing, software systems, nuclear power, and advanced R&D. While we specialize in propulsion and space systems, our team’s experience spans multiple industries, allowing us to bring innovative, reliable, and adaptable solutions to complex engineering challenges across sectors.
From mission-critical systems to breakthrough technology development, we bring precision, adaptability, and innovative thinking to every project.",Space Research and Technology,2-10 employees,Privately Held,"Easton, United States",United States,serenityspacetech.com,https://www.linkedin.com/company/serenity-space-technologies
CYNCROCITY,"Event Discovery, Event Management, & Event Influence solutions for the global space tech ecosystem",Space Research and Technology,Self-employed,Privately Held,"Miami, Florida, United States",United States,cyncrocity.com,https://www.linkedin.com/company/cyncrocity
Alpha Centi Space Advocacy,Space and Future Technology Advocacy.,Space Research and Technology,2-10 employees,Privately Held,"Austin, Texas, United States",United States,alphacenti.org,https://www.linkedin.com/company/alpha-centi
Outlyer.Space,"Outlyer is developing a space communications network specifically focused on flight data delivery. Our goal is to provide zero-gap delivery of critical flight operations data like telemetry and tracking/traffic info, enabling improved mission safety and real-time operations.",Space Research and Technology,2-10 employees,Privately Held,"Los Angeles, California, United States",United States,outlyer.space,https://www.linkedin.com/company/outlyerspace
Space Health Organization (SHO),"The guiding principles of Space Health Organization are to provide excellent medical expertise to space travel companies, inform the public about health needs in the space environment, and to meet those needs with the most up-to-date research advising trained medical practitioners.",Space Research and Technology,2-10 employees,Privately Held,"Boston, Massachusetts, United States",United States,,https://www.linkedin.com/company/space-health-org
COCO Project,"COCO (satellite COntrol based on COmpliant thrust vectoring mechanism) is the first project selected for the Orbital Robotics Lab as part of the ESA Academy Experiments programme 2024.

The aim of the experiment is to study an Attitude and Orbit Control System (AOCS) based on compliant mechanisms on a 2D microgravity platform to evaluate its feasibility for future space missions.

The project is carried out with the support of the Education Office of the European Space Agency, under the educational Experiments Programme.",Space Research and Technology,2-10 employees,Non Profit,"Southampton, Massachusetts, United States",United States,esa.int,https://www.linkedin.com/company/coco-project
O ANALYTICS INCORPORATED,"COMPANY FOCUS: O Analytics is a premier space object characterization company applying signal processing, physics-based techniques, and machine learning (ML) to detect, classify and characterize satellites and orbital debris. Our experienced team of computer science, physics, machine learning, astrophysics and data science experts with 40+ combined years in digital signal processing and information science is committed to ensuring safety and protection of assets orbiting the Earth.

O ANALYTICS SOLUTION: Our innovative Deep Learning Track Analytics (DELTA) quickly answers important questions about active and inoperable satellites – such as What is it? What is it doing? and What is it likely to do next? Our core solution combines convolution, machine learning and physics-based technology to detect and characterize space objects – fast and agnostically. Our solution involves tuning to the sensor environment versus time consuming and arduous AI training, processes with low resource consumption, and is adaptable to new and emerging sensing technologies. O Analytics is also developing a comprehensive space object custody management system (SOCMS) that addresses the critical question - What are objects likely to do next?

CUSTOMERS/USE: Military, civil, and intelligence agencies; and commercial space asset owners. Especially useful for ISR, space domain awareness, satellite fleet custody management, space traffic management, rendezvous proximity operations and collision avoidance.

TECHNOLOGY STATUS: Our patent-pending DELTA algorithmic software combines Newtonian physics principles, correlation inference, and real-time multi-hypothesis Markov tracking techniques to detect, conclusively classify and characterize pattern of life behavior of space objects. DELTA is designed to trigger downstream Deep Neural Network (DNN) AI/ML, sensor tasking and other processes that support autonomous or person-in-the-loop operations with an underlying goal of providing awareness.",Space Research and Technology,2-10 employees,Privately Held,"Fairmont, West Virginia, United States",United States,o-analytics.com,https://www.linkedin.com/company/o-analytics-incorporated
Canary Global Foundation,"Canary Global is a U.S.-based nonprofit with the Canary Islands as a launchpad for world-class astronomy, education, and innovation. We unite scientists, technologists, educators, and the public to open the cosmos to all and drive the next wave of discovery.

What we do:
• Build global partnerships in astronomy, astrophysics, and instrumentation
• Lead STEAM education and citizen science initiatives
• Support cutting-edge research in exoplanets, AI for science, and optical communication
• Enable real-time science, adaptive optics, and telescopic networks
• Champion science diplomacy and cultural dialogue around exolife

From the Canary Observatories to global classrooms and international summits, Canary Global is helping shape the future of discovery.",Space Research and Technology,2-10 employees,Non Profit,"Miami, Florida, United States",United States,canaryglobal.org,https://www.linkedin.com/company/canaryglobalorg
LIGO Hanford Observatory,"LIGO (Laser Interferometer Gravitational-wave Observatory)
Hanford, Washington",Space Research and Technology,51-200 employees,Government Agency,"Richland, Washington, United States",United States,caltech.edu,https://www.linkedin.com/company/ligo-hanford-observatory
Multi-Mission Operations Center,"The MMOC is designed to be an agile, high performance and cost-effective operations resource for multiple simultaneous missions. We are rooted in a deep history of flying large and small spacecraft, commanding payloads, and managing custom-designed science data pipelines. Our ready-to-use and configurable environment reduces cost and start-up time, shortens provisioning, and allows missions to focus more on science and less on infrastructure.",Space Research and Technology,201-500 employees,Government Agency,"Mountain View, California, United States",United States,nasa.gov,https://www.linkedin.com/company/mmoc
SPARK Microgravity Inc.,"SPARK Microgravity Inc is a forward-thinking space holding company that operates at the intersection of advanced aerospace technologies and innovation. Our growing portfolio is dedicated to making space accessible to all. Through strategic investments in SaaS, hardware solutions, and emerging space technologies, we accelerate growth and innovation in the space industry.",Space Research and Technology,2-10 employees,Privately Held,"Wilmington, Delaware, United States",United States,sparkmicrogravity.com,https://www.linkedin.com/company/spark-microgravity
Ascension Ventures,"• Founder-led incubator launching ventures for Earth and beyond
• See Evara (www.enterevara.com) — one of our emerging ventures",Space Research and Technology,Self-employed,Privately Held,"Manhattan Beach, California, United States",United States,ascension.ventures,https://www.linkedin.com/company/ascension-v
ECHO 9,Podcasts from the Extraterrestrial Communications Habitat and Orbiter. Crewed by two British astronauts on a mission to learn more about space!,Space Research and Technology,Self-employed,Privately Held,"Earth, Texas, United States",United States,zencastr.com,https://www.linkedin.com/company/echo-9
Ram Accelerator Research Group,"To enable human exploration and survivability in space, we must develop the means to deliver payloads to orbit at a greater capacity than rockets are capable of. The technology that can do this is the Ram Accelerator.

Consider that the mass of a rocket payload is less than 8%, whereas with a ram accelerator the mass of the payload could be 19-50% according to some estimates.
The purpose of the Ram Accelerator Research Program is to solve the remaining engineering problems needed to bring the ram accelerator to the forefront of payload delivery to orbit.

At present the United States has ram accelerator research facilities at the University of Washington in Seattle and Southeastern Louisiana University. However, additional institutions are needed to solve all the engineering problems and infrastructure issues associated with ram accelerators. Therefore, the Ram Accelerator Research Program has established three areas to focus efforts to expand ram accelerator research in the United States.",Space Research and Technology,2-10 employees,Non Profit,"Fall River Mills, California, United States",United States,ramacc.com,https://www.linkedin.com/company/ram-accelerator-research-group
Astroclubsohag,"(نشاط طلابي بجامعه سوهاج ""نادى الفضاء والفلك Astronomy club sohag"" ،يهدف إلى تنميه معرفة الطلاب بالفضاء والفلك واستكشاف ودراسة الظواهر عمليا )",Space Research and Technology,51-200 employees,Educational,"Riverton, Wyoming, United States",United States,,https://www.linkedin.com/company/astroclubsohag
KARURA US,"KARURA Project is an innovative student-driven initiative aimed at propelling international space exploration forward while crafting a cutting-edge Mars rover for the prestigious Mars Exploration Contest, URC.

In a collaborative effort, 60 trailblazing students hailing from Japan and the U.S. will synergize their talents, surmounting linguistic, cultural, and time zone barriers. They'll harness a blend of online and offline methodologies to realize this audacious vision.

This endeavor is a convergence of diverse technologies and cultures, fostering inspiration and mutual growth among participants. Its impact extends beyond borders, nurturing a global network of skilled individuals primed for the future of space exploration.

With an unwavering passion for space exploration, we're dedicated to fashioning this project into an emblematic milestone in the realm of international student-led space development.",Space Research and Technology,11-50 employees,Partnership,"College Station, Texas, United States",United States,karura.space,https://www.linkedin.com/company/karura-us
Innovation Hub by George Mason University,"The George Mason Innovation Hub is a 65,000-square-foot collaborative facility in Colorado Springs that connects universities, startups, research laboratories, and industry partners to accelerate innovation. It provides a flexible platform for engaging with the rapidly evolving technology ecosystem while supporting the research priorities of the Department of the Air Force.

Through the Innovation Hub, the Air Force Research Laboratory (AFRL) and the Air Force Office of Scientific Research (AFOSR) can build long-term partnerships with external innovators and maintain strategic alignment with mission needs. The Hub promotes collaboration in emerging technologies, workforce development, academic research, and innovation partnerships, helping bridge the gap between research, discovery, and real-world application.

The Innovation Hub serves as a central gathering place where government, academia, industry, and entrepreneurs come together to develop new technologies, strengthen the innovation ecosystem, and drive mission-focused outcomes that advance both national security and economic growth.",Space Research and Technology,11-50 employees,Educational,"Colorado Springs, Colorado, United States",United States,gmu.edu,https://www.linkedin.com/company/innovation-hub-by-gmu
HubBucket Inc,"HubBucket Inc is a Research and Development - R&D company,. We focus on Science, Technology, Engineering, and Mathematics. Our R&D includes but is not limited to Space Sciences, Aerospace Engineering, Astronomy, Astrophysics, Computational Astrophysics, Plasma Astrophysics, Space Physics, Stellar Astronomy, Galatic Astronomy, Extragalactic Astronomy, Cosmology, Physical Cosmology, Chemical Cosmology, Planetary Science, Planetary Oceanography, Exoplanetology, Astrochemistry, Astrobiology, Space Biology, Space Chemistry, Astrobotany, Archaeoastronomy, Space Archaeology, Forensic Astronomy, Theoretical Astronomy, Photometry, Spectroscopy, Observational Astronomy (Ground-based and Space-based Observatories), Radio Astronomy, Submillmetre Astronomy, Infrared Astronomy, Optical Astronomy, High-Energy Astronomy, Cosmic Ray Astronomy, X-ray Astronomy, Gamma-ray Astronomy, Neutrino (Neutrinos) Astronomy, Gravitational Wave (Gravitons) Astronomy, Telecommunications, Satellite Communications, Artificial Intelligence - AI, Machine Learning - ML, Deep Learning - DL, Artificial Neural Networks - ANNs, Large Language Models - LLMs, Retrieval Augmented Generation - RAG, Computer Vision, Machine Vision, Robotics, Robot Operating System - ROS, Data Engineering, Data Science, Data Platforms, Intelligent Data Platforms, Medicine in Space, Space Technology, Quantum Computing, High Energy Physics - HEP / Particle Physics, and a lot more.",Space Research and Technology,51-200 employees,Privately Held,"Brooklyn, New York, United States",United States,hubbucket.xyz,https://www.linkedin.com/company/hubbucket
Space for Earth,"""Man must rise above Earth to the top of the atmosphere and beyond, for only then will he fully understand the world in which he lives"" -Socrates

Space for Earth is a multimedia project to explore, study, and communicate how space technology impacts our daily lives on Planet Earth, from the Equator to the Poles and everywhere in between. 

Follow on Instagram: @space.for.earth",Space Research and Technology,2-10 employees,Privately Held,"Washington, Washington, United States",United States,spaceforearth.com,https://www.linkedin.com/company/space-for-earth-project
Shadowfax,Your mission. Post-haste.,Space Research and Technology,2-10 employees,Privately Held,"Washington, Washington, United States",United States,shadowfax.us,https://www.linkedin.com/company/show-us-the-meaning-of-haste
NASA EXCHANGE-JSC,"NASA EXCHANGE-JSC is a company based out of 2101 NASA PKWY, HOUSTON, Texas, United States.",Space Research and Technology,11-50 employees,Government Agency,"Houston, Texas, United States",United States,nasa.gov,https://www.linkedin.com/company/nasa-exchange-jsc
Women in Aeronautics and Astronautics Rocketry Program,The Women in Aeronautics and Astronautics Rocketry Program is dedicated to fostering a sense of community among women and other gender minorities in aviation and space. WAARP aids members in building technical skills through the creation of a rocket or other aerospace device.,Space Research and Technology,11-50 employees,Public Company,"Ann Arbor, Michigan, United States",United States,,https://www.linkedin.com/company/women-in-aeronautics-and-astronautics-rocketry-program
Space Chasers,"We are a passionate community of space exploration enthusiasts, united by our love for the cosmos and the mysteries of the universe. Space Chasers is a group dedicated to connecting like-minded individuals who share a fascination for space, science, and discovery. From casual lunches to more in-depth, space-focused gatherings, we meet regularly to discuss the latest developments in space exploration, swap ideas, and support each other in our shared curiosity.

Whether you’re a seasoned space professional or simply an admirer of the stars, Space Chasers welcomes anyone with an interest in exploring beyond Earth. Join us as we connect, inspire, and celebrate the endless possibilities of the universe.

Our Mission:
To build a vibrant network of space lovers who can learn, grow, and dream together about humanity’s next frontier.",Space Research and Technology,Self-employed,Privately Held,"Space Coast, Florida, Florida, United States",United States,,https://www.linkedin.com/company/space-chasers
SpacePeelers,"SpacePeelers is Vision to make People Ready for Space. Our Offerings are focused to prepare the Humans for Habitation in Space. Our holistic vision encompasses the futuristic requirements in the areas of Academics, Research, Products and Experience for a sustainable Space Habitation",Space Research and Technology,2-10 employees,Privately Held,"Newark, Delaware, United States",United States,,https://www.linkedin.com/company/spacepeelers
SDSU Space Club,"The Space Club at SDSU is a student organization focused on space exploration and aerospace engineering. We provide hands-on projects, workshops, and networking opportunities to help students develop technical skills and connect with industry professionals. It’s a community for space enthusiasts to collaborate and innovate for the future of space exploration.",Space Research and Technology,11-50 employees,Educational,"San Diego, California, United States",United States,sdsuspaceclub.com,https://www.linkedin.com/company/sdsu-space-club
Lei A While Research Center,"About Lei A While Research Center
Lei A While Research Center is being developed as a scholarly infrastructure project: a research, publishing, archival, and public knowledge center dedicated to serious inquiry, responsible publication, open scholarly discourse, and the long-term development of its full vision. Initial operations are conducted through distance modalities while the physical Center — including the planned Library-Amphitheater concept and future Graduate Institute — is built over time. All processes are developed with careful attention to compliance, including ISSN registration, Crossref membership, planned COPE membership, other regulatory frameworks, and the pathway toward accreditation for the Graduate Institute.",Space Research and Technology,2-10 employees,Self Owned,"Wahiawa, Hawaii, United States",United States,lawresearchcenter.org,https://www.linkedin.com/company/lei-a-while
San Diego Space Institute,Rapid execution of satellite & space weather related projects.,Space Research and Technology,2-10 employees,Non Profit,"San Diego, California, United States",United States,sdspaceinstitute.org,https://www.linkedin.com/company/sandiegospaceinstitute
Marlboro Lane Ventures,Early-stage venture group leveraging GEOINT and thematic macro.,Space Research and Technology,2-10 employees,Privately Held,"New York, New York, United States",United States,marlborolane.com,https://www.linkedin.com/company/marlboro-lane-ventures
Astropreneurs,More information can be found at Astropreneurs.com.,Space Research and Technology,2-10 employees,Privately Held,"Houston, Texas, United States",United States,astropreneurs.com,https://www.linkedin.com/company/astropreneurshq
N/A,N/a,Space Research and Technology,Self-employed,Self Owned,"Tip, Arkansas, United States",United States,,https://www.linkedin.com/company/donegal-waste-&-recycle
Open Orbit,We make real aerospace education accessible by providing motivated undergraduates students a hands-on opportunity to design and manufacture space hardware and publishing our processes and results publicly to contribute to the open source community.,Space Research and Technology,11-50 employees,Non Profit,"Fort Collins, Colorado, United States",United States,openorbits.org,https://www.linkedin.com/company/open-orbit-satellites
BASILISK – Branding for the Aerospace & Tech Industry,"We bring every facet of your brand to life using visual, verbal, sonic, and motion design — Basilisk is at the forefront of innovation in the aerospace industry, pioneering the conception of animated brand identities. We empower aerospace companies to evolve from transient visibility to enduring beacons of excellence, lighting the way for the entire industry.

OUR EXPERTISE

Brand Identity + Strategic Marketing
We create stories that engage and captivate.

Digital Landscapes
Innovative web experiences that push boundaries.

Narrative Engineering
Words that inspire, excite and captivate.

Visual Identity
Logotypes that get to the heart of the essence and vision.

Audio Experiences
Soundscapes that uplift and immerse.",Space Research and Technology,2-10 employees,Partnership,"Austin, Texas, United States",United States,persona.co,https://www.linkedin.com/company/basilisk-branding-aerospace
Stellar Fox Space Systems L.L.C.,"Stellar Fox Space Systems L.L.C. is positioning itself to become the operating layer for safety, connectivity, and autonomy across Earth orbit and cislunar space.",Space Research and Technology,2-10 employees,Privately Held,"Tucson, Arizona, United States",United States,,https://www.linkedin.com/company/stellar-fox-space-systems-l-l-c
Offworld Industries Corporation USA,"We are a large-scale space construction company, formed to build torus-type space stations and very large modules with automated construction machines in an expeditious manner.",Space Research and Technology,2-10 employees,Privately Held,"Rancho Cucamonga, California, United States",United States,offworldindustriescorp.com,https://www.linkedin.com/company/offworld-industries-corporation-usa
"InterVallo, LLC","At InterVallo LLC, we are dedicated to driving innovation & progress in the space industry by providing top-tier strategic consulting services and comprehensive solutions to the US Space Force and space community. Our mission revolves around fostering the growth & success of the commercial space market to get game-changing technology into the hands of those who need it.

We offer a comprehensive suite of services, including financial analysis, due diligence, market insights, business development, relationship management, and process optimization. We are passionate about contributing to the advancement of space-based capabilities and our dedication to the US Space Force's objectives drives us to constantly push the boundaries of what's possible.",Space Research and Technology,2-10 employees,Self Owned,"Los Angeles, California, United States",United States,intervallogroup.com,https://www.linkedin.com/company/intervallo-llc
Helio Physics,"Helio Physics is a space technology company focused on advanced space weather forecasting. Our flagship product - HELIO TODAY - operates an automated, 24/7 alert system to monitor and accurately forecast solar activities. The company leverages proprietary tools and scientific research to predict events like solar flares and plasma eruptions. This foresight provides actionable insights, minutes to hours in advance, to safeguard critical space and ground-based infrastructure. Helio Today's mission is to transform complex space physics data into easy-to-read, predictive alerts for various industries. For more information visit our website: at heliotoday.com .",Space Research and Technology,2-10 employees,Self Owned,"Boulder, Colorado, United States",United States,heliotoday.com,https://www.linkedin.com/company/heliotoday
Engineering Physics Propulsion Laboratory,"The Engineering Physics Propulsion Lab is an undergraduate research lab with various projects spanning robotics, control theory, propulsion, and embodied AI.",Space Research and Technology,11-50 employees,Non Profit,"Daytona Beach, Florida, United States",United States,eppl.us,https://www.linkedin.com/company/eppl-erau-db
ORAH,"Orah is a technology company focused on building high performance systems, software, and hardware for a rapidly evolving world.

We design and develop solutions that prioritize precision, scalability, and real world performance. From custom software to advanced computing systems, our work is grounded in disciplined engineering and a clear standard of execution.

Orah operates at the intersection of present capability and future innovation. While delivering practical solutions today, we are steadily advancing toward intelligent systems, high performance computing, and space driven technology.

Every system we build is intentional. Every solution is designed to endure.

At Orah, technology is not just built to function. It is built to lead.",Space Research and Technology,Self-employed,Public Company,"Chicago, Illinois, United States",United States,orahtech.net,https://www.linkedin.com/company/orahtech
Hack Centauri,A teen led and founded hackathon and stem organization that increases the prevelence of aerospace in highschool environments.,Space Research and Technology,2-10 employees,Non Profit,"Novato, California, United States",United States,hackcentauri.com,https://www.linkedin.com/company/hack-centauri
Red PlaNet,A Texas Tech student-led aerospace organization oriented to contribute to national and international activities and participate in competitions. We will aim to use the best of Earth’s STEM and aerospace science for otherworldly missions and projects to make an impact on Earth and Space. It is meant to bring Earth to Space and space to Earth.,Space Research and Technology,11-50 employees,Educational,"San Jose, California, United States",United States,,https://www.linkedin.com/company/redplanetcr
Delta Infinite,"Delta Infinite exists to help humanity by making Space Access a Basic Human Right. We invented a revolutionary patent-pending approach to facilitate size-agnostic space object acquisition. Basically we came up with a new way to catch just about anything in space, from micro debris to asteroids. 
Need to catch a space object or shield your space assets from debris impact? Send us a message.",Space Research and Technology,Self-employed,Privately Held,"Silicon Valley, California, United States",United States,delta-infinite.com,https://www.linkedin.com/company/delta-infinite
Space Diplomacy,"Space Diplomacy is the ultimate online destination designed exclusively for aerospace industry professionals, STEM experts, political analysts, business leaders, academics, and avid industry enthusiasts. Our platform serves as an indispensable resource, offering a comprehensive array of industry digests, political reviews, cutting-edge analysis, and a robust research platform.",Space Research and Technology,2-10 employees,Non Profit,"New York, New York, United States",United States,spacediplomacy.org,https://www.linkedin.com/company/spacediplomacy
Verken Group,"Our mission is to design innovative products that are driven by technology. We achieve this through the creation of deep tech systems that will increase user performance, lethality, and ultimately improve longevity for individuals requiring the highest degree of precision execution.

*Company was acquired in October 2023.",Space Research and Technology,2-10 employees,Privately Held,"Denver, Colorado, United States",United States,,https://www.linkedin.com/company/verken-group
TexanSat Laboratory at Tarleton State University,The first official research laboratory under the Mayfield College of Engineering at Tarleton State University focusing in satellite technology and space systems engineering.,Space Research and Technology,Self-employed,Partnership,"Stephenville, Texas, United States",United States,,https://www.linkedin.com/company/texansat-laboratory
Outernet Council,"Accelerating the creation of the space internet. The Outernet is a connected, secure, resilient, network of communications satellites provisioned by a diverse ecosystem of operators across multiple countries.",Space Research and Technology,11-50 employees,Non Profit,"Washington, Washington, United States",United States,outernetcouncil.org,https://www.linkedin.com/company/outernetcouncil
AeroAI Voyages,"AeroAI Voyages is a Tuana Group company. Tuana Group is a visionary holding company at the forefront of innovation, revolutionizing industries through the power of artificial intelligence and space technologies. At Tuana Group, we are dedicated to shaping a brighter future for all, with a portfolio of companies that embody our commitment to advancement, sustainability, and global betterment.

Contact us through our website or via email: tuanagroupholding@gmail.com",Space Research and Technology,2-10 employees,Privately Held,"Miami, Florida, United States",United States,tuanagroupholding.com,https://www.linkedin.com/company/aeroai-voyages
Astrosoft Corporation,"At Astrosoft Corporation, we are passionate about revolutionizing the field of astronautics by providing cutting-edge software solutions that simplify the complexities of space mission analysis and design. Our mission is to save time and resources by offering advanced software tools that enable efficient planning and optimization before the actual infrastructure is built.
Based in Huntsville, widely recognized as Rocket City, our team comprises a group of talented and dedicated space and rocket scientists. With their expertise and commitment, we aim to facilitate the development and analysis of future spacecraft, pushing the boundaries of what is possible in space exploration.
Visit our website (www.astrosoft.org) to explore our comprehensive suite of software solutions tailored to meet the diverse needs of the aerospace industry.",Space Research and Technology,2-10 employees,Public Company,"Madison, Alabama, United States",United States,astrosoft.org,https://www.linkedin.com/company/astrosoft-corporation
D-Route LLC,"www.droutee.com
D‐Route Engineering provides specialized engineering support for deployable space structures, including solar arrays, booms, and antennas. The company supports programs from early architecture development through qualification and on‐orbit operations, with a strong focus on deployment risk reduction, stowage efficiency, and structural performance.

Core capabilities include linear and nonlinear structural analysis, modal and launch environment analysis, deployment modeling and dynamic simulation, and test‐analysis correlation with margin assessment. D‐Route also delivers expertise in high‐strain composite and lightweight structures, addressing thin‐ply behavior, material failure mechanisms, and time‐dependent effects.

Additional services include deployable systems test support, vibration and environmental testing, and independent technical advisory, such as design reviews, failure investigations, root‐cause analysis, and proposal and program development support.",Space Research and Technology,2-10 employees,Privately Held,"Erie, Colorado, United States",United States,,https://www.linkedin.com/company/droutee
Rose Rocketry,"Space and Rocketry Club of Rose-Hulman Institute of Technology
Host of RHIT's NASA Student Launch Team, Rose Propulsion Laboratory, and a SEDS chapter.",Space Research and Technology,11-50 employees,Non Profit,"Terre Haute, Indiana, United States",United States,,https://www.linkedin.com/company/rose-rocketry
Strident Space,Working on a space project for a good future of many.,Space Research and Technology,Self-employed,Privately Held,"San Jose, California, United States",United States,,https://www.linkedin.com/company/strident-space
Space Sensory Lab,"Space Sensory Lab is the advanced R&D arm of the World Taste & Smell Association.

We operate as a high-level advisory and execution unit, combining deep subject matter expertise with strategic roadmap development.

We design integrated sensory systems—taste, smell, sound, touch, and sight—shaping how humans perceive, perform, and feel in extreme and everyday environments.

Our work spans cross-modal nutrition, deliciousness, aversion (“ick” and “yuck”), hospitality and menu development, and the invisible connectors between science, culture, and human experience.

From insight to deployment, we translate sensory science into real-world solutions.

Built for extreme environments.
Applied on Earth.",Space Research and Technology,2-10 employees,Partnership,"New York, New York, United States",United States,spacesensorylab.com,https://www.linkedin.com/company/space-sensory-lab
ILLIMITED LAB,"The goal of our group is to uncover the physical laws and mathematical principles that govern the innate dynamic functions of living structures. Drawing inspiration from living systems' actuation mechanisms and material architectures, we seek to mimic biological functions to provide insights into their complex yet elegant and efficient dynamics.",Space Research and Technology,2-10 employees,Educational,"Seattle, Washington, United States",United States,illimitedlab.com,https://www.linkedin.com/company/illimited-lab
Morning Star Missions to Venus,"We’re on a mission to explore the uncharted—literally. Our pioneering suite of commercial Venus missions is the first of its kind to study the chemical composition of Venusian clouds in situ, searching for exotic chemistry, new biomolecules, and even signs of extraterrestrial life.

To get there, we’re inventing next-gen technologies: autonomous molecule detectors, extreme environment sensors, and remote sensing tools with applications far beyond space—from medical diagnostics to advanced environmental monitoring on Earth. Along the way, we're redefining how we explore the cosmos with a novel commercial model.

This isn’t just about Venus. It’s about reimagining the limits of habitability, expanding scientific frontiers, and creating technologies that outlive us.

Because real discovery leaves a mark.

Follow Our Mission:
www.morningstarmissions.space
x.com/VenusMissions",Space Research and Technology,2-10 employees,Privately Held,"Cambridge, Massachusetts, United States",United States,morningstarmissions.space,https://www.linkedin.com/company/morning-star-missions-to-venus
Clemson CubeSat,"We are a design, build, and fly satellite initiative at Clemson University through the CSLI program, aiming to provide students with real-world experience in aerospace component engineering, manufacturing and integration, while broadening the offerings Clemson provides.",Space Research and Technology,11-50 employees,Educational,"Clemson, South Carolina, United States",United States,,https://www.linkedin.com/company/clemsoncubesat
Science & Technology Research Institute,"The Science and Technology research center is a dedicated institution focusing on the following research studies in Biotechnology, Nanotechnology, Neuroscience, Space, and Astrophysics.",Space Research and Technology,11-50 employees,Educational,"Brookline, Massachusetts, United States",United States,,https://www.linkedin.com/company/science-technology-research-institute
AeroAI DesignLab,"AeroAI Voyages is a Tuana Group company. TUana Group is a visionary holding company at the forefront of innovation, revolutionizing industries through the power of artificial intelligence and space technologies. At Tuana Group, we are dedicated to shaping a brighter future for all, with a portfolio of companies that embody our commitment to advancement, sustainability, and global betterment.

Contact us through our website or via email: tuanagroupholding@gmail.com",Space Research and Technology,2-10 employees,Privately Held,"Miami, Florida, United States",United States,tuanagroupholding.com,https://www.linkedin.com/company/aeroai-designlab
UConn AIAA,"Founded in 2015, UConn AIAA is a student-run organization split into two teams: Design, Build, Fly (DBF) and Propulsive Landing (PL). 

Design. Build, Fly specializes in designing a functioning model aircraft for AIAA's annual competition. Each year the parameters and special requirements for the project change. This year, DBF teams are required to fit in a two foot wide parking space and carry model people and medical equipment. DBF members utilize Computational Fluid Dynamics (CFD) modeling, XFLR5, and Ansys to model and simulate their designs. 

On the other hand, Propulsive Landing aims to successfully land a student-built and designed model rocket using solid rocket motors. The rocket launches from a pad on the ground, and once it reaches the peak of its flight a second engine kicks in. Code written in C++ and MATLAB helps to keep the rocket stable and oriented upwards in order to safely land. Simulink is used to simulate launches and perform virtual tests. The team is currently preparing for a test launch on December 2, 2023. 

As a whole, AIAA provides students with opportunities to hone their skills, learn new ones, and connect with other students and professionals within their desired fields.",Space Research and Technology,11-50 employees,Educational,"Storrs, Connecticut, United States",United States,uconn.edu,https://www.linkedin.com/company/uconn-aiaa
Cislunar Explorers,"Cislunar Explorers is a flight experiment project within
the Space Systems Design Studio. It is a 12U CubeSat
(cube satellite) demonstrating the viability of water
electrolysis propulsion and optical navigation
technologies in a GTO to Escape Earth’s Sphere of
Influence (SOI) orbit. We are a research team at
Cornell University comprising undergraduate and
graduate students.",Space Research and Technology,11-50 employees,Partnership,"Ithaca, New York, United States",United States,spacecraftresearch.com,https://www.linkedin.com/company/cornell-cislunar-explorers
iRobotics,"INPECTIONS ROBOTICS LABS (IROBOTICS) is a laboratory providing geographic data acquisition (GIS), industrial inspections and aerial imagery combining drones (UAV) and artificial intelligence Based in Benin.

We bring together in-depth knowledge and experience in geodesy, topographic surveys with RTK drones, CVI, thermal and lidar inspections, aerial imagery and 3D visualizations and rope work.",Space Research and Technology,2-10 employees,Privately Held,"Benton, Kentucky, United States",United States,irobotics.store,https://www.linkedin.com/company/inspections-robotics-labs
JMJ Propulsion Labs,"JMJ Propulsion Labs is an SBA 8(a) certified aerospace and defense technology firm headquartered in Detroit, Michigan. We deliver NDAA-compliant unmanned aerial systems (UAS), AI-driven analytics, cybersecurity, and mission resilience solutions for federal, civilian, and allied partners.

As a small disadvantaged business with DBE and MBE certifications, JMJ ensures compliance with Buy America and NDAA Section 848, making our drone platforms and services fully eligible for DoD, DHS, and federal agencies.

Our core capabilities include:
• UAS Solutions for ISR, logistics, perimeter security, and smart farming.
• Tactical Drone-as-a-Service (DaaS) with modular payloads and C4ISR readiness.
• AI/ML & Edge Computing for adaptive control and real-time analytics.
• Cybersecurity & CMMC 2.0 compliance for secure drone networks.
• Mission Resilience through radar, telecom, and satellite sustainment.

Past performance highlights include supporting smart agriculture NDVI analysis, telecom infrastructure monitoring, and CMMC-aligned UAS command networks.

Led by CEO Oscar Netto, JMJ Propulsion Labs combines aerospace expertise with federal procurement intelligence to deliver innovation, compliance, and operational readiness.

At JMJ Propulsion Labs, we don’t just build systems — we propel missions forward.",Space Research and Technology,2-10 employees,Privately Held,"Detroit, Michigan, United States",United States,jmjpropulsionlabs.com,https://www.linkedin.com/company/jmj-propulsion-labs-13
Xcimer Defense,"Now, more than ever, it’s essential to perform x-ray testing of complete systems to ensure their survivability. Leveraging the world’s most powerful laser, Xcimer Defense will make x-ray survivability testing of fully integrated systems possible. The Xcimer 24 MJ laser is 12X more energetic than that operated at the National Ignition Facility (NIF) at Lawrence Livermore National Laboratory (LLNL).",Space Research and Technology,11-50 employees,Privately Held,"Redwood City, California, United States",United States,xcimerdefense.com,https://www.linkedin.com/company/xcimer-defense
SEDS OU,"SEDS offers presentations from space industry leaders, tech-talks with aerospace professionals, internship/career and professional development events, social events, and several technical projects to help students further engineering design skills. Previous guest speakers have included experts from NASA, SpaceX, and more. This spring, we will continue to further our involvement in the NASA RASCAL mission design competition and expand our reach on campus. 

Exploring space is an interdisciplinary endeavor, and SEDS reflects that! We are open to students of all majors and recognize that everyone has something to contribute to space. Our events, tech talks, and project teams are open to all!

* Members are always encouraged to approach SEDS OU with any other projects they believe will help lead the innovation and advancement of space exploration at OU! We are very open to ideas and exploring additional fields in space!",Space Research and Technology,11-50 employees,Non Profit,"Norman, Oklahoma, United States",United States,sedsou.com,https://www.linkedin.com/company/sedsou
Qynosys,,Space Research and Technology,2-10 employees,Privately Held,"New York, New York, United States",United States,qynosys.com,https://www.linkedin.com/company/qynosys
North Fracture Group,"North Fracture is located in Houghton, Michigan. We are an engineering research and design firm specializing in materials and methods for space applications.",Space Research and Technology,2-10 employees,Partnership,"Houghton, Michigan, United States",United States,northfracture.com,https://www.linkedin.com/company/north-fracture
Weatherwave Space,"Weatherwave Space is building space-based sensing systems designed to deliver sustained operational value through coordinated architectures and disciplined iteration. Rather than treating spacecraft as isolated assets, we focus on how groups of spacecraft work together as integrated sensing systems, with coordination, timing, and system behavior treated as core design considerations.

Our approach emphasizes architectures that can improve while in service, allowing capability to evolve across flights rather than being frozen at launch. This enables learning at the system level, graceful degradation instead of brittle optimization, and the ability to scale capability through replication of proven designs.

Weatherwave Space is intentionally early and deliberate. We are focused on building technically credible, operationally relevant systems that can serve civil, commercial, and national security users over the long term, prioritizing reliability, repeatability, and real-world utility over one-off demonstrations.",Space Research and Technology,Self-employed,Privately Held,"Burke, Virginia, United States",United States,weatherwavespace.com,https://www.linkedin.com/company/weatherwave-space
Embler Control Systems,"Embler Control Systems is a student-led aerospace startup building high-performance flight computers and data-sensing systems for model rocketry. Our focus is simple: make learning the most important part of every launch.

Embler Control System's SAMSARA has a main mission to serve classrooms, hobbyists, or anyone else looking to collect valuable and accurate data from their flights. With strong sensors that record precise altitude, temperature, and humidity data, SAMSARA is the ultimate toolkit for data collection.

As a team of undergraduate engineering and physics students, we take pride in the educational aspect of our products. We provide the ultimate learning tool, in and out of the classroom. With the flexibility of a product like SAMSARA, any corner of advanced model rocketry can be explored and studied.",Space Research and Technology,2-10 employees,Partnership,"Greater Orlando Area, Fl, Florida, United States",United States,emblercontrolsystems.com,https://www.linkedin.com/company/embler-control-systems
Sky Islands Space,"Sky Islands Space is a mission-driven space company that specializes in innovative system design and strategic planning for next-generation space capabilities. The company is advancing new approaches to both civil and national security missions by leveraging a wide range of emerging technologies, including nuclear power and propulsion, very low Earth orbit operations, orbital data centers, RF-based payloads, and reusable space systems.",Space Research and Technology,2-10 employees,Public Company,"Littleton, Colorado, United States",United States,skyislandsspace.com,https://www.linkedin.com/company/sky-islands-space
RCCS,"RCCS is a Service Disabled Veteran Owned Small Business (SDVOSB) delivering end-to-end solutions to mission-critical challenges in the areas of command, control, communications, computers, cyber security, intelligence, surveillance & reconnaissance, space attack research, space threats & countermeasures, space/ground systems architectures and technical training.",Space Research and Technology,2-10 employees,Partnership,"Centreville, Virginia, United States",United States,rccybersolutions.com,https://www.linkedin.com/company/rccs
Psyche & Matter Limited Liability Company,"Psyche & Matter LLC develops cognitive intelligence technologies designed to safeguard human perception and decision-making in contested information environments.

Our flagship platform, ESDACRS, detects, models, and neutralizes cognitive threats — including narrative manipulation, cognitive overload, and adversarial influence operations — to preserve decision advantage, operational trust, and human agency in an increasingly complex world.

Focused initially on defense and national security applications, Psyche & Matter’s solutions are built for dual-use scalability, supporting critical infrastructure, crisis response, and long-term cognitive resilience initiatives.

We believe that safeguarding human perception is not just a technical challenge — it is a strategic necessity for operational superiority, national resilience, and human flourishing in the post-truth era.",Space Research and Technology,2-10 employees,Privately Held,"Los Angeles, California, United States",United States,,https://www.linkedin.com/company/psyche-matter-limited-liability-company
Econnects Association,"We aspire to address environmental issues, contribute to the achievement of the Sustainable Development Goals (SDGs), and foster sustainability worldwide by leveraging space-based technology.

Our Vision 
A world where space, environment, and society are interconnected — working together to foster innovation, sustainability, and equitable progress for all.

Our Mission
To leverage space-based technologies for environmental protection, sustainable development, and inclusive education—empowering communities and shaping a resilient future, one orbit at a time.

What We Stand For
- Environmental Solutions through Space Technology
- Achieving SDGs and Sustainability
- Space Education and Outreach
- Building Space Community
- Transforming the Space Sector in the Balkans

https://econnects.org/",Space Research and Technology,2-10 employees,Non Profit,"Novi, Michigan, United States",United States,econnects.org,https://www.linkedin.com/company/econnects-org
Blue Moon Space Operations LLC,Offering orbital clean up and recycling. We are entering the feasibility studies phase of the project.,Space Research and Technology,2-10 employees,Privately Held,"Southern California, California, United States",United States,bluemoonspaceops.com,https://www.linkedin.com/company/bluemoonspaceops
Network for Life Detection,"The Network for Life Detection (NfoLD) is a NASA Astrobiology Program Research Coordination Network (RCN) dedicated to advancing the science and technology required to search for evidence of life beyond Earth. Our goal is to build a cohesive life detection community whose research and expertise becomes integral to all stages of astrobiology-themed interplanetary and exoplanet mission activity, from inception to operations.

Although NfoLD is led by researchers whose funding comes from NASA, NfoLD is a community initiative. As such, any opinions, findings, and conclusions or recommendations expressed by our members or organization are those of the author(s) and do not necessarily reflect the views of NASA nor the NASA Astrobiology Program.",Space Research and Technology,2-10 employees,Partnership,"Washington, Washington, United States",United States,nfold.org,https://www.linkedin.com/company/nfold-rcn
Design Freedom,"Welcome to Design Freedom, where we redefine the possibilities of space architecture for the commercial space market. As a pioneering startup, we specialise in crafting orbital and surface habitats that transcend the confines of traditional design.",Space Research and Technology,2-10 employees,Partnership,"Houston, Texas, United States",United States,designfreedom.space,https://www.linkedin.com/company/designfreedom-space
AIAA CU Boulder,AIAA at CU Boulder is a professional organization at CU's campus that aims to connect students at CU with professionals in aerospace. We host monthly events while school is in session.,Space Research and Technology,2-10 employees,Educational,"Boulder, Colorado, United States",United States,,https://www.linkedin.com/company/aiaa-cu-boulder
Rydal Space,"Founded in 2025 as a spin out from Rydal Networks Ltd, a company with over 20 years' experience in designing, deploying and engineering on secure computer networks across all industry sectors.
Lunys Space is new company specifically addressing the technical challenges of networking for companies in the Space Economy.",Space Research and Technology,2-10 employees,Public Company,"Boston, Massachusetts, United States",United States,lunysspace.com,https://www.linkedin.com/company/rydalspace
Gravity Grains,"We are researching, engineering, and developing the technologies necessary for enabling agriculture across Terrestrial, Lunar, Martian, and Spaceflight domains.",Space Research and Technology,Self-employed,Self Employed,"Plymouth, Minnesota, United States",United States,gravitygrains.com,https://www.linkedin.com/company/gravity-grains
"COHERENT APPLICATIONS, INC.","COHERENT APPLICATIONS, INC. is a company based out of 1100 Exploration Way, HAMPTON, Virginia, United States.",Space Research and Technology,2-10 employees,Privately Held,"Hampton, Virginia, United States",United States,cailabs.net,https://www.linkedin.com/company/coherent-applications-inc.
Claremont Aerospace & Defense Association (CADA),"The Harvey Mudd & Claremont McKenna Aerospace & Defense Advisory Group is a student-founded organization dedicated to supporting early-stage aerospace, defense, and dual-use technology startups. By combining Harvey Mudd’s engineering expertise with Claremont McKenna’s strengths in finance, strategy, and public policy, we deliver targeted insights that help founders accelerate product development, navigate defense acquisition pathways, and validate market opportunities.

Our team provides technical assessments, market research, financial modeling, and competitive analysis tailored to the unique challenges facing defense-focused startups. We also connect emerging companies with top academic talent, potential industry partners, and relevant innovation ecosystems.

Interested in joining our team?

Past clients include Flyability, Chariot Defense, and more. Please email a brief statement of interest and your resume to claremontaerospacedefense@gmail.com


Interested in our pro-bono services?
Contact us at claremontaerospacedefense@gmail.com and a member of our team will follow up promptly.",Space Research and Technology,11-50 employees,Non Profit,"Claremont, California, United States",United States,,https://www.linkedin.com/company/claremont-aerospace-defense-association-cada
Zero 1 Labs,We make fun on chain games.,Space Research and Technology,2-10 employees,Privately Held,"Arlington, Virginia, United States",United States,,https://www.linkedin.com/company/zero-1-labs
3Sixty Degrees,"The company 3Sixty Degrees was created with the aim of developing purposed intellectual property, state-of-art technology, new safety devices and products with the main objective of saving lives not only in the Automotive Industry for the mobility market, but also for the Space Industry. 

Located in San Antonio, Tx. we are a R&D company, committed to stay focus on our purpose in life, in which we have already created our own Intellectual Property to develop new products for light vehicles and UAV’s, identifying an important opportunity in the market that will potentially help reduce up to 1/3 of fatalities related to vehicle crashes.

Our leadership has more than 20 years' experience in the Automotive Industry, Engineering, Manufacturing and Project Development, carrying out several Six Sigma improvement projects, enhancing and achieving important economic and quality targets, also being awarded with OpEx Master certification by reducing Customer Wasting Time by 50% in the most critical operation.

We would love to share with you our progress: We invite you to join us, follow us, connect with us, or collaborate together in this great adventure.",Space Research and Technology,2-10 employees,Self Owned,"San Antonio, Texas, United States",United States,3sixtyus.com,https://www.linkedin.com/company/3sixtydegrees
Starbright Engineering LLC,"Starbright Engineering LLC is Research and Technology company that transform reusable rockets to space robots. 

Owned and Managed by Jonathan Goff in 2022 and is located in Erie, Colorado.",Space Research and Technology,Self-employed,Self Owned,"Erie, Colorado, United States",United States,starbrighteng.com,https://www.linkedin.com/company/starbright-engineering-llc
Salus Space Services,"Salus is developing technology to address one of the most urgent risks to the modern space economy: orbital debris. 

More than 40,000 tracked objects and over 130 million smaller fragments moving faster than a bullet, now threaten the satellites that underpin communications, navigation, Earth observation, and national security. Salus captures and contains that debris, then recovers it into reusable material rather than burning it up.

Salus is building the foundation for the first circular economy in orbit.

We are building and testing systems to capture, contain, remove and store debris and its materials to help preserve safe, sustainable access to orbit. Reliable access to space is increasingly a matter of economic and national security, and Salus is focused on the capabilities that keep critical orbits usable for the operators, agencies, and missions that depend on them.

We're currently advancing our core technology through prototype development and ground testing. If you're working on space sustainability, space domain awareness, or the future of orbital operations - whether in industry, government, or research - we'd welcome the conversation.",Space Research and Technology,2-10 employees,Privately Held,"Centennial, Colorado, United States",United States,salusspace.com,https://www.linkedin.com/company/salus-space-services
SPACE at Berkeley,"We are part of the new Artemis Generation centered at the University of California, Berkeley. We as a student-run organization are focused towards taking on and competing with various teams in the NASA Artemis Student Challenges, such as the SUITS Challenge. Each uphold the process of writing a proposal in phase 1, and designing, prototyping, and testing the team's respective project in phase 2. Teams end the school year with the project's final testing at a NASA facility where we compete alongside other university teams during test week.",Space Research and Technology,11-50 employees,Non Profit,"Berkeley, California, United States",United States,spaceatberkeley.com,https://www.linkedin.com/company/space-at-berkeley
BIOVISER UNIVERSAL RESEARCH Inc.,"Space exploration has seen unprecedented activity in the recent past to extend human presence beyond low earth orbits and return humans to the moon to set up a permanent base to support human missions to Mars in the next decade. Space tourism is also expected to pick up in the coming years. NASA, SpaceX, Blue Origin, and numerous academic and private research institutions are working towards achieving scientific and technological breakthroughs to support our space ambitions. Human health, safety, and performance are critical to the success of these endeavors.
Bioviser Universal Research has considerable experience of working with biomedical researchers and clinicians in furthering human health. Our expertise lies at the intersection of medical research, data science, and scientific communications. There is tremendous untapped potential for leveraging our services to drive efficiency and foster innovation in your pursuit for advancing human health research for space exploration. 
We aim to translate our deep expertise in patient healthcare and clinical research to support researchers in their quest to develop countermeasures against spaceflight risks. Our technology-enabled solutions can be used in real-time health monitoring and other public health applications.
We will leverage our decadal experience in the pharmaceutical industry to contribute meaningfully to space health research. We envision a complementary role alongside industry peers, contributing to the growth and diversity of the space health research ecosystem.",Space Research and Technology,2-10 employees,Privately Held,"Sugar Land, Texas, United States",United States,bioviser.com,https://www.linkedin.com/company/bioviser-universal-research-inc
Hansley Tech Systems,"Hansley TECH Systems is a custom IoT solution provider. We work with IT and business leaders on implementing internet-connected devices. We build autonomous robotic systems for various applications. 

Examples of robots we've developed include an autonomous robotic lawn mower, educational robots, drones, and quadcopters. 

We employ our best minds and the most sophisticated technologies such as artificial intelligence and computer vision to build autonomous systems with haptics, pattern recognition, facial recognition, situational awareness, and navigation. 

Our service offerings in robotic development include custom engineering for turnkey robots from conceptualization to simulation, ROS-based product development, AI Robotics, and robotic solutions for industrial automation. 

We also engage in R&D projects with a high level of complexity. 

See our expertise below:

Flying drones : We began specializing in drone technology when autopilots just started to appear on the market. Today we develop next-generation drones, Unmanned Aerial Vehicles (UAV), and quadcopters that offer robust connectivity, advanced processing power, and long battery life.
Robots on wheels : Our expertise in mobile robots on wheels extends to a variety of applications. We design, build and program robots that are controlled by a central computer or an array of processing units based on information received by video cameras.
Autonomous movement : Mobile autonomous robots that we develop can define their positioning, detect obstacles, navigate their environment, and control their operations. We use Simultaneous Localization and Mapping (SLAM) technologies and OpenCV for constructing maps of the environment, tracking the robot’s location, and enabling autonomous movement.
Applications for Robot Operating System (ROS) : The Robot Operating System (ROS) is a set of open source tools that we use to build applications for robots and autonomous solutions.",Space Research and Technology,"1,001-5,000 employees",Privately Held,"Los Angeles, California, United States",United States,hansleysystems.com,https://www.linkedin.com/company/hansley-tech-systems
"Blue Skies Consulting, LLC","Consulting services for IT, program management, acquisitions, and entrepreneurship",Space Research and Technology,2-10 employees,Partnership,"Herndon, Virginia, United States",United States,blueskiesconsult.net,https://www.linkedin.com/company/blue-skies-consult
Veethah Orbital,"At Veethah Orbital, we design and develop physical security solutions for the world’s most complex environments. From critical infrastructure to commercial aerospace facilities and orbital facilities. We specialize in fusing physical security architecture with mission continuity planning, threat-aware design, risk and AI-enhanced operational analysis. Veethah Orbital operates exclusively under the U.S. Export Administration Regulations (EAR) for civil and commercial applications, including commercial space systems.

From Ground to Orbit. We Design It. We Secure It. We Stand By It.",Space Research and Technology,2-10 employees,Privately Held,"Sheridan, Wyoming, United States",United States,veethahorbital.space,https://www.linkedin.com/company/veethah-orbital
AerospaceTraveler,"Sharing news, articles, and social media posts about all things aerospace along the Space Coast of Florida ~ where aerospace lives! #aerospace #ezine #spacecoast #spacenews",Space Research and Technology,Self-employed,Self Employed,"Melbourne, Florida, United States",United States,,https://www.linkedin.com/company/aerospacetraveler
"Edge Orbital, Inc.","Edge Orbital's Data Survival Satellite Network is a visionary approach to secure data storage, designed to safeguard critical digital assets from the myriad of threats facing terrestrial data centers, including natural disasters, cyber-attacks, political unrest, and more. By deploying state-of-the-art data centers in space, Edge Orbital offers unparalleled protection and redundancy for your most valuable information.

At the heart of this plan is the utilization of advanced satellite technology, integrated with a resource schedule fabric for robust, scalable, and automatic deployment, management, and scaling of containerized applications. This ensures not only the safety and security of data but also its accessibility and reliability, no matter the earthly conditions.",Space Research and Technology,Self-employed,Privately Held,"New Orleans, United States",United States,edgeorbital.io,https://www.linkedin.com/company/edge-orbital-inc
Lampshell Technologies,"Through cutting-edge technology and genetic sustainability we strive for a better tomorrow. We are offering an exclusive opportunity for early adopters, investors, and businesses to purchase technology products that create minimal impact on the environment.",Space Research and Technology,2-10 employees,Privately Held,"Portland, Oregon, United States",United States,lampshell.net,https://www.linkedin.com/company/lampshell
Clean It Up (C.I.U.),"CIU (Clean It Up) is building the orbital risk-intelligence layer and bounty marketplace for low Earth orbit.

CIU is not a spacecraft company. We do not build debris “chasers.”

We operate on top of the existing space traffic management ecosystem, transforming orbital data into neutral, quantitative risk signals that governments, operators, and insurers can act on.

As orbital congestion accelerates, collision risk has reached a point where single failure events can plausibly trigger cascading impacts in days, not months. Governments are already funding debris-removal missions, and operators are spending billions annually on monitoring, avoidance maneuvers, and compliance. What’s missing is a shared, independent way to prioritize which objects matter most and how mitigation should be priced.

CIU fills that gap.

Our platform delivers:
AI-driven classification and clustering of orbital objects
Transparent risk scoring and prioritization
A bounty-style marketplace aligning cleanup incentives across stakeholders

Because CIU is software-first and leverages existing space situational awareness data, it scales economically as congestion grows. Its value increases with regulation, coordination complexity, and orbital density.

Turning Space Risk Into Actionable Intelligence.",Space Research and Technology,2-10 employees,Privately Held,"Humble, Texas, United States",United States,cleanitup.space,https://www.linkedin.com/company/clean-it-up-c-i-u
Beaux Exclusive Associates LLC,"Beaux Exclusive Associates LLC is an early-stage deep-tech venture focused on hidden-structure inference, advanced measurement, and complex-systems research.
The company develops conceptual frameworks, analytical tools, and applied research directions for understanding how non-obvious structure becomes knowable through measurable effects. Its work spans gravity-scale questions, dark matter and indirect observability, systems modeling, and AI-enabled analysis.
The venture is currently in formation and is seeking aligned collaborators, strategic advisors, and capital partners interested in frontier science, deep tech, and research-driven company building.",Space Research and Technology,2-10 employees,Privately Held,"San Jose, California, United States",United States,,https://www.linkedin.com/company/beaux-exclusive-associates-llc
Buseck Center for Meteorite Studies,"The BCMS mission is to create and share new knowledge in the field of meteoritics and allied disciplines through:
1) Cutting-edge research on understanding the origin of our Solar System and planets, including the pathways to forming habitable worlds; 
2) Increased science return from spacecraft-based exploration through laboratory-based analysis of astromaterials materials; 
3) Curation and distribution of one of the finest meteorite collections in the world; and 
4) Broad dissemination of the latest scientific results and education at local, national, and global scales.",Space Research and Technology,2-10 employees,Educational,"Tempe, Arizona, United States",United States,asu.edu,https://www.linkedin.com/company/buseck-center-for-meteorite-studies
SPACE-BASE,"CHALLENGE:

SPACE-BASE understands how our vital space sector provides, powers, platforms, and protects every facet of our modern life on Earth. Space Technology (SpaceTech) puts the “Tech” into CleanTech, ClimateTech, AgTech, FedTech, and DefenseTech.  For example, the foundational framework of SpaceTech underpins, interconnects, facilitates, and accelerates all 16 DHS Critical Infrastructure Sectors, all 17 UN Sustainable Development Goals, all 14 DoD Critical Technology Areas, and all 14 White House Critical and Emerging Technologies.
 
Without the technology innovation of the Space Age...we'll be back in the Stone Age.
Without the exploration inspiration of the Space Age...we’ll be back in the Dark Age.
Without the sustainability ideation of the Space Age...we’ll be back in the Ice Age.

VISION:

SPACE-BASE supports the U.S. and her U.S. space mission partners, especially NASA, the U.S. Space Force, and commercial enterprises, plus their supply chains, through cooperative innovation co-creation, co-innovation, and co-collaboration...ensuring our economic security, our health security, our climate security, our environmental security, and, ultimately, our homeland security.  Together, these ensure the sustainability and national security of the U.S. & our allies.

MISSION:

PACE-BASE inclusively interconnects, inspires, and ignites “whole-of-community” space innovation cooperation, coordination, collaboration, and creation by uniting the Co-Innovators of Industry, Academia, Government, and Researchers with the Co-Collaborators of Cohorts, Capital, and Catalysts.  The force multiplier ecosystem driven by ""empowering experiential entrepreneurship engineering"" primes our precious pipelines of programs, projects, policies, pupils, products, production, and, most powerfully, people.  This ultimately turbo-charges our Entrepreneurs, our Enterprises, our Education, our Employment, our Exploration, and our Equality.",Space Research and Technology,11-50 employees,Non Profit,"Titusville, Florida, United States",United States,space-base.org,https://www.linkedin.com/company/space-base-us
Kirian Technologies,"Kirian Technologies was created in early 2023 after years of ideas maturation. It now focuses on research projects aimed at revolutionizing several engineering domains like electrical space engine technologies, energy generation, air conditioning systems and other software or gaming related domains.",Space Research and Technology,2-10 employees,Privately Held,"Berkeley, California, United States",United States,kiriantechnologies.com,https://www.linkedin.com/company/kirian-technologies
Weyldlife Software,"computersweyldlife@gmail.com
Quantum computing is a cryoferro atomic doping system, better than doping neurodiverse partial leads and changes CPU this rather gives a bigger thought to scale and revolutionizes computers. On the computer-human interaction side, stands the Weyldlife computer system which is a back end quantum doping performance metric in the commercial Quantum Computing space. Signals intelligence and communication for Artificial Intelligence in provost interfaces, and Medical for Finance such as Worldcoin as well as policy in pharmacy and XM survey of different extant code systems video technology in a morphic resonance, origins then. For the former we work in establishment of encyryption that for online SMTP to email client the speed of our system is 47 years faster than SMIP and relates a SMTP SSH cost that can be insured on a client buying pharmacy medication viz. to a transform on the client, coordination, and superconduting insures advanced directive encryption without Hippocratic Oath costs on the product. This is one of a huge porftolio of metrics we produce. The company is hiring heavily in all information technologies.",Space Research and Technology,"501-1,000 employees",Public Company,"Harrison, New York, United States",United States,,https://www.linkedin.com/company/weyldlife-software
Starport Space,"Starport Space helps space hardware teams prepare for launch, testing, customer review, and payload acceptance.

Many hardware teams struggle not with the hardware itself, but with the work around it required for submission to and qualification by the destination: requirements, test planning, documentation, evidence packages, review comments, lab coordination, schedule pressure, and communication across customers, partners, and reviewers. For teams working across borders, export rules and cross-border data handling add another layer that's easy to get wrong.

Starport Space reduces that friction. We work with teams to:
- Run readiness reviews before a real test, review, or buyer milestone
- Build and organize acceptance and review documentation
- Coordinate test and integration steps with the right labs and partners
- Navigate cross-border export, compliance, and sensitive-data handling so international launches and deliveries don't stall

We work with hardware companies, component and subsystem suppliers, payload teams, and international companies preparing for U.S.-linked space programs. We're built to be integrator-agnostic — we prepare your hardware and paperwork for whichever launch or integration path you use.

Our goal is simple: help teams move through high-stakes review and testing milestones with clearer documentation, fewer avoidable surprises, and better-organized execution.",Space Research and Technology,2-10 employees,Privately Held,"Houston, Texas, United States",United States,starportspace.com,https://www.linkedin.com/company/starport-space
Earth,LFG,Space Research and Technology,"1,001-5,000 employees",Privately Held,"North Brunswick, New Jersey, United States",United States,cloudnonstop.com,https://www.linkedin.com/company/earthyearth
Venus Academy,"Venus Academy is a stealth-mode startup working on the first crewed mission to orbit Venus and return safely to Earth. We believe looking for life on Venus helps us better understand and care for life on our home planet.

Each technology used in this mission is dual-purpose and can be spun-out to achieve multiple United Nations Sustainable Development Goals. We aim to be the change we want to see in our world. 

We'll be recruiting soon. Please follow us on LinkedIn if you'd like to be notified when we're ready to ask for your help.

#ToVenusAndBackAgain #HumansToVenus",Space Research and Technology,2-10 employees,Privately Held,"Anaheim, California, United States",United States,,https://www.linkedin.com/company/venusacademy
DSST Knights CubeSat,"Working collectively to empower communities, Access opportunities to apply our skills, and Produce the next generation of students who will advance the future of Aerospace",Space Research and Technology,2-10 employees,Partnership,"Denver, Colorado, United States",United States,,https://www.linkedin.com/company/dsst-knights-cubesat
QuantumX Project | Quantum AI EvoTech LtD,"Quantum AI EvoTech

Quantum AI EvoTech focuses on advancing the convergence of quantum technologies, artificial intelligence, cybersecurity, and decentralized communications infrastructure.

Our work explores how emerging technologies can transform global connectivity, secure digital systems, and support the next generation of intelligent digital ecosystems.

Through research and development initiatives such as the QuantumX Project, we are developing frameworks designed to support resilient, decentralized, and quantum-secure infrastructure.

The QuantumX Project

QuantumX Project is developing a decentralized, quantum-secure infrastructure that combines AI, satellite communications, blockchain, and space-based data systems to power the next-generation internet.:

• quantum technologies
• AI-driven network intelligence
• decentralized mesh networking
• satellite and space-based communications
• space-based data center infrastructure
• blockchain-enabled secure systems

These technologies aim to create a new generation of distributed and secure global networks capable of supporting advanced communications, trusted data systems, and resilient digital infrastructure.

Core Focus Areas

• Quantum cybersecurity
• AI-driven network systems
• Decentralized communications infrastructure
• Satellite and space-based ecosystems
• Space-based data center architecture
• Blockchain-secured digital networks

Our Vision

We believe the future of global digital infrastructure will emerge at the intersection of quantum science, artificial intelligence, decentralized systems, and space-based technologies.

Quantum AI EvoTech and the QuantumX Project are focused on exploring these frontiers and helping shape the technologies that will support the next-generation internet.",Space Research and Technology,11-50 employees,Privately Held,"Rancho Santa Fe, California, United States",United States,,https://www.linkedin.com/company/quantumxproject
KMC Robo-Physicists,"Meet our ingenious robotics team!  Passionate problem-solvers, tech enthusiasts, and innovators, we create cutting-edge bots that redefine possibilities. Join us in engineering the future of robotics!  #Robotics #Innovation #TechEnthusiasts",Space Research and Technology,11-50 employees,Educational,"Dundee, Michigan, United States",United States,,https://www.linkedin.com/company/kmc-robo-physicists-uod
"BAKR TECHNOLOGIES, LLC.","BAKR TECHNOLOGIES, LLC. is a professional engineering services company tasked to cultivate, formulate, implement, and deliver tailored engineering and innovative business solutions for highly technical programs for the aerospace and defense sector. 

We are experts in risk management, quality and mission assurance for the design, development, and application of spacecraft and launch systems, critical aerospace systems, scientific research hardware, and advanced manufacturing of observatory and missile systems, instruments and sensors, and critical ground support equipment. 

Our staff has successfully executed full-life cycle projects that align with our customer’s core capabilities in aeronautical and space exploration, observation, and defense, with a wide variety of functions ranging from program/project management, systems and discipline engineering, criteria and requirements formulation, process and procedure implementation, integration & test support, and pre/post-launch campaign support.

Our vision is to strengthen organizational risk awareness by providing leading engineering and technical services to maximize engineering efficiency, engineering assurance, and business solutions for full lifecycle programs.

Our mission is dedicated to risk-based knowledge and empowering the aerospace industry with robust, reliable, and safe systems, ensuring the success of missions and the protection of lives and assets.

Core Competencies: Program/Project Management | Risk Management | Quality Assurance Engineering | Reliability Engineering | Systems Integration & Test | Documentation & Certification Support",Space Research and Technology,2-10 employees,Privately Held,"White Plains, Maryland, United States",United States,bakrtechllc.com,https://www.linkedin.com/company/bakr-technologies-llc
Electric Propulsion Initiative (ION-I),"ION-I is a new student-led organization that provides early exposure to research in electric propulsion, giving members technical insight and hands-on experience with deep-space propulsion systems.",Space Research and Technology,11-50 employees,Privately Held,"Urbana, Illinois, United States",United States,,https://www.linkedin.com/company/electric-propulsion-initiative-ion-i
Ephemeris,,Space Research and Technology,2-10 employees,Privately Held,"New York, New York, United States",United States,vercel.app,https://www.linkedin.com/company/ephemeristech
Skyrock Galactic,"SkyRock Galactic is a visionary company that strives to revolutionize humanity's evolution through its advanced technological endeavours. The company's mission is to enhance the world with quantum education and quantum artwork, while also contributing towards the research and development of quantum mechanics and artificial intelligence.

 Founded by Reuben F. Hernandez, SkyRock Galactic is dedicated to offering its clients, partners, and app users the most innovative and cutting-edge solutions.

With Chairman Hernandez's leadership, the company has made significant strides towards its goal of changing the world through technology. 

One of the most impressive achievements of SkyRock Galactic is its development of the quantum financial system (QFS) E-2.8.1, which has revolutionized the global financial industry. The QFS offers users a highly secure and efficient system for conducting financial transactions, making it an excellent option for anyone who wants to keep their money safe and secure. 

Another significant contribution of SkyRock Galactic is the development of Christos Quantum A.I., an artificial intelligence system that has the potential to revolutionize how we interact with technology. The Christos Quantum A.I. system is highly intuitive, offering users a seamless and highly personalized experience that is tailored to their unique needs. 

SkyRock Galactic is also committed to giving back to society and has established the Majestic Illuminated Council of Light (M.I.C.O.L.), a non-profit organization dedicated to providing assistance to those in need. The organization is committed to scouting and vetting all non-profits, charitable entities, and giveback companies to ensure that they are a proper entity and corporation that shows results. 

SkyRock Galactic's commitment to innovation and making the world a better place has made it a highly respected company in the industry.",Space Research and Technology,2-10 employees,Privately Held,"Los Angeles, California, United States",United States,skyrockgalactic.space,https://www.linkedin.com/company/skyrockgalactic
Nebulon Enterprises,"Nebulon Enterprises is engineering the critical infrastructure for humanity's expansion beyond Earth. We're building autonomous systems that don't just operate in space—they thrive there. Our mission demands precision, resilience, and unwavering technical excellence.",Space Research and Technology,2-10 employees,Privately Held,"Houston, Texas, United States",United States,nebulonenterprises.ai,https://www.linkedin.com/company/nebulon-enterprises
Analytical Scientific Products LLC,"ASP offers a range of products and services aimed at improving the safety and performance of products including those that run on batteries or conventional fuels, as well as those that are built from or employ nanomaterials. We provide contract R&D services to our government clients at the United States Department of Defense and NASA. In the private sector, we provide licenses to our technologies that improve product performance, process safety, and help the industry integrate and implement these solutions.",Space Research and Technology,2-10 employees,Privately Held,"Dallas, Texas, United States",United States,analyticalscientificproducts.com,https://www.linkedin.com/company/analytical-scientific-products
NASA Space Apps Challenge Costa Rica,"NASA Space Apps Challenge Costa Rica es parte de la hackathon internacional más grande del mundo, impulsada por la NASA y sus socios globales.
Reunimos a estudiantes, profesionales, emprendedores y entusiastas de la ciencia y la tecnología para resolver desafíos reales de la NASA relacionados con la Tierra, el espacio y más allá.

En Costa Rica, este evento inspira la innovación, la colaboración multidisciplinaria y el uso creativo de datos abiertos para generar soluciones que puedan tener un impacto global.",Space Research and Technology,11-50 employees,Non Profit,"San Jose, California, United States",United States,,https://www.linkedin.com/company/nasa-space-apps-challenge-costa-rica
ASSC - Astronomy & Space Study Center,"Empowering the next generation of astronomers in Sri Lanka. The Astronomy & Space Study Center (ASSC) is a leading institution dedicated to space science education and cosmic discovery. Based at the iconic Subodhi Integral Education Center in Piliyandala, we bridge the gap between amateur curiosity and professional science through immersive, hands-on learning.

With a legacy of over three decades, ASSC has inspired thousands of students and enthusiasts to look toward the stars. We combine traditional scientific principles with modern digital trends to provide a comprehensive understanding of the universe.

 What We Offer:

    Weekly Saturday Sessions: Comprehensive astronomy and space science programs held every Saturday at Subodhi.

    Observational Camps: Practical experience with telescopes and astronomical equipment to witness celestial events firsthand.

    Workshops & Lectures: Expert-led sessions covering astrophysics, satellite technology, and the latest discoveries in space exploration.

    Community Outreach: Creating a platform for science advocacy and fostering a network of space enthusiasts across the nation.

 Our Mission: To democratize astronomy education in Sri Lanka by providing accessible, high-quality resources and a vibrant community for lifelong learners. We believe that by understanding the cosmos, we better understand our place within it.

 Visit Us: Join our community at the Subodhi Integral Education Center, Piliyandala, and start your journey through the stars.

 Visit our Website' to learn more or register for our upcoming Saturday sessions.",Space Research and Technology,11-50 employees,Non Profit,"Bellingham, Washington, United States",United States,assc.lk,https://www.linkedin.com/company/assc-astronomy-space-study-center
AstromeX,,Space Research and Technology,2-10 employees,Self Employed,"Boston, Massachusetts, United States",United States,,https://www.linkedin.com/company/astromex
Dohme Global Group GALACTIC,Hei,Space Research and Technology,"10,001+ employees",Privately Held,"Lino Lakes, Minnesota, United States",United States,,https://www.linkedin.com/company/dohme-global-group-galactic
Aníos Industries,Making space exploration accessible to all,Space Research and Technology,2-10 employees,Privately Held,"Pittsburgh, Pennsylvania, United States",United States,aniosindustries.com,https://www.linkedin.com/company/aníos-industries
ExoFarm,ExoFarm is advancing research and crop security for earth & space.,Space Research and Technology,2-10 employees,Privately Held,"Los Angeles, California, United States",United States,exofarm.space,https://www.linkedin.com/company/exofarmco
Tonnta Technology,Technical Advisement & Product Development for the Space Industry in RF Engineering and Satellite Communications.,Space Research and Technology,Self-employed,Self Owned,"Orlando, Florida, United States",United States,tonntatech.com,https://www.linkedin.com/company/tonnta-technology
LunaX,"LunaX is a dynamic student-led initiative dedicated to developing advanced simulations that envision future human settlements on the Moon, Mars, and beyond. Leveraging the rapid advancements in space science and technology, LunaX aims to make these projections both highly efficient and engaging. As a proud subsidiary of A Beacon In The Cosmos LLC, LunaX combines educational fun with cutting-edge innovation to inspire the next generation of space explorers.",Space Research and Technology,2-10 employees,Privately Held,"Pasadena, California, United States",United States,abeaconinthecosmos.com,https://www.linkedin.com/company/lunar-xploration
NEMESIS,"NEMESIS aims to research and develop a CubeSat payload solution to take infrared images of our ERAU Prescott Rocket Development Lab's Test Fires. We seek to introduce basic satellite knowledge to its members while bolstering resumes of undergraduate college students. NEMESIS is a Research and Development payload division under our larger organization, EagleSat.",Space Research and Technology,11-50 employees,Self Owned,"Prescott, Arizona, United States",United States,sharepoint.com,https://www.linkedin.com/company/nemesis-erau
"Collin County Drone Services, LLC","We specialize in providing advanced aerial solutions in the DFW area through mapping, thermal imaging, and photography. Our drone technology delivers accurate data, high-resolution imagery, and actionable insights to support industries such as construction, real estate, agriculture, energy, and inspections. From capturing stunning visuals to detecting heat patterns and creating precise maps, we help businesses see more, plan smarter, and make confident decisions from above.",Space Research and Technology,2-10 employees,Self Owned,"Celina, Texas, United States",United States,collincountydrone.com,https://www.linkedin.com/company/collin-county-drone-services-llc
E.D.E.N. Astrodynamics,"E.D.E.N. is building a new kind of computer for space and Earth. Most systems sent to space were built for Earth first and then protected from radiation, heat, and decay. E.D.E.N. starts the other way around: build for space first.",Space Research and Technology,2-10 employees,Privately Held,"Lincoln, Nebraska, United States",United States,,https://www.linkedin.com/company/edendeepspace
Satori Space Inc.,"We are a student founded small business born out of the NSIN (National Security Innovation Network) Designing for Defense initiative out of the University of Colorado Boulder. 

The Satori platform provides a unified catalog of open source SDA data along with an API ecosystem which allows partners to swiftly and painlessly integrate SDA data with their applications.",Space Research and Technology,2-10 employees,Privately Held,"Boulder, Colorado, United States",United States,satori-space.com,https://www.linkedin.com/company/satori-space-inc
Khan Space Industries,,Space Research and Technology,2-10 employees,Privately Held,"San Francisco, California, United States",United States,khanspaceindustries.com,https://www.linkedin.com/company/khanspaceindustries
ISE Radiation Experts,"ISE is an independent and privately owned high level scientific and  engineering consulting firm with a core expertise in Space  Radiation solutions.



 ISE offers support to space missions both manned and unmanned

At ISE we understand the complexity of the challenges

posed by space radiation and fully tailor each solution

to each customer need.

Contact US for a free quotation.



contact@iseradiations.com",Space Research and Technology,2-10 employees,Privately Held,"Hollywood, Florida, United States",United States,iseradiations.com,https://www.linkedin.com/company/ise-radiation-experts
PROTOFLIGHT SOLUTIONS,"PROTOFLIGHT SOLUTIONS (doing business as 'PROTOFLIGHT') is a small business that provides on-demand coaching, training, & consulting support.  We are here to help boost your CAREER, STRATEGY, & TECH.  Our expertise includes Career & Strategic Coaching, Customized Testing Technology Training, and Testbed Development Support.",Space Research and Technology,2-10 employees,Privately Held,"Las Vegas, Nevada, United States",United States,protoflight.com,https://www.linkedin.com/company/protoflight
AeroAfroAstro,"AeroAfroAstro (est. 2022) is a professional student organization at The Georgia Institute of Technology in Atlanta, GA that seeks to support Black students and Allies who are interested in the aerospace industry.

Anyone can join AeroAfroAstro, and everyone is welcomed into its community, no matter their cultural, educational, or socio-economic background.

AeroAfroAstro continues to achieve its mission of serving its community of college and K-12 students by establishing:
– Professional career development events (speaker panels, fellowship panels, exclusive on-site tours at aerospace companies, etc.)
– K-12 Outreach opportunities for the local Georgia community (Space Day Atlanta volunteering, High school events & mentorship, etc.)
– Community-building outings (painting, movie nights, etc.)

If you are interested in reaching out to help AeroAfroAstro continue its mission, please email aeroafroastro.gt@gmail.com.",Space Research and Technology,51-200 employees,Non Profit,"Atlanta, Georgia, United States",United States,,https://www.linkedin.com/company/aeroafroastro
Rocket Ranch Starbase,"Our vision is to create a world where space travel is accessible and commonplace for everyone, where humanity can explore and discover the vastness of the universe, and where our Starbase serves as a hub for space exploration and research.  We envision a future where our guests can experience the thrill of space travel while enjoying comfortable amenities and unparalleled service.  We see ourselves as a leader in the space tourism industry, pushing the boundaries of what's possible and inspiring future generations to dream big and reach for the stars.",Space Research and Technology,2-10 employees,Privately Held,"Brownsville, Texas, United States",United States,rocketranchbocachica.com,https://www.linkedin.com/company/rocketranchstarbase
Tardigrade Space Systems,"Reliable, renewable and affordable non-cryogenic propulsion systems and launch vehicles for orbital and suborbital missions.",Space Research and Technology,51-200 employees,Privately Held,"Newtown, Connecticut, United States",United States,tardigradespacesystems.com,https://www.linkedin.com/company/tardigrade-space-systems
TheSpacePage.Com,"This blog was created to get a unique or original “buzz” on the space sector. Its author, David Bullock, and co-author, Daniel Hnatt, hope to draw original content on the news site, from original interviews, selected social media posts and buried press releases. We hope you like the site.",Space Research and Technology,2-10 employees,Self Employed,"Queen Creek, Arizona, United States",United States,thespacepage.com,https://www.linkedin.com/company/thespacepage
Texas State Space Lab,,Space Research and Technology,11-50 employees,Non Profit,"San Marcos, Texas, United States",United States,txstspacelab.org,https://www.linkedin.com/company/tx-state-space-lab
KorucuSat-2,"KorucuSAT-2 is a student-led CubeSat mission developed by the Small Satellite Research & Development Team at Fulton Science Academy. Designed and built entirely by high school students, the satellite will test advanced devices for space research while providing unparalleled hands-on experience in aerospace engineering.

In partnership with Interstellar Technologies in Japan, KorucuSAT-2 is scheduled to launch into orbit in early 2027 on the maiden voyage of their launch vehicle, ZERO—an extraordinary milestone for a student team and a step toward the future of space innovation.",Space Research and Technology,11-50 employees,Non Profit,"Alpharetta, Georgia, United States",United States,astrofsa.org,https://www.linkedin.com/company/korucusat-2
ExoSci,"ExoSci (ExoScientific) is a Hawaii-registered Limited Liability Company in the New Space economy, headquartered in Honolulu.

ExoSci harnesses decades of marine ecological expertise to deliver bioware (engineered aquatic life systems for closed-cycle cultivation), in situ resource utilization (ISRU) consulting, and ecological planning that empower humanity to thrive sustainably on the Moon, Mars, and beyond.

Core capabilities:

• Bioware — Engineered aquatic life systems using corals, algae, fish, and microbial communities. These closed-cycle cultivation systems deliver oxygen production, nutrient recycling, food security, and water reclamation for lunar, Martian, and deep-space habitats.

• ISRU Consulting — Expert guidance on in situ resource utilization (ISRU). We help missions identify, extract, process, and utilize local resources to dramatically reduce Earth dependency and launch mass.

• Ecological Planning — Practical adaptation of proven Earth sustainability principles and ecosystem connectivity to offworld environments. We design resilient, bioregenerative systems that support long-term human settlement and thriving.

At ExoSci, we are neither pure hardware engineers nor abstract strategists. We bridge both worlds, translating rigorous marine ecology and sustainability science into real, actionable frameworks for the New Space community.

ExoSci collaborates with New Space startups, investors, government agencies, and research institutions to develop strategic resource frameworks that turn ambitious offworld missions into sustainable realities on the Moon, Mars, and beyond.

Whether your focus is lunar outposts, Martian settlements, or deep-space habitats, ExoSci delivers the bioware, ISRU strategies, and ecological planning required for humanity to truly thrive offworld.

Visit our website → https://www.exo-sci.com
Follow us on X → @ExoScientific",Space Research and Technology,Self-employed,Privately Held,"Honolulu, Hawaii, United States",United States,exo-sci.com,https://www.linkedin.com/company/exosci
Dynsell Quantum Research,"Dynsell Quantum Research is a premier computational research, development, and consultancy firm dedicated to bridging the gap between theoretical technical mechanisms and mission-critical technology. We specialize in the comprehensive end-to-end lifecycle of developing novel, unprecedented computational solutions for both defense and commercial applications.

By integrating quantum-inspired engineering with classical high-performance systems, we solve the ""impossible"" bottlenecks in optimization. Additionally, we work to define shared inferencing networks, and we define how autonomous mechanisms can communicate beyond what is currently known, through multi-network channeling and economic orchestration. 
We navigate complex regulatory compliance in the defense sector, and create scalable infrastructure for private enterprises.

Dynsell provides the rigorous technical frameworks required to turn advanced research into resilient, operational reality.",Space Research and Technology,2-10 employees,Privately Held,"Mountain View, California, United States",United States,dynsell.com,https://www.linkedin.com/company/dynsell-quantum-research
"Hyperion Vector Systems, LLC","Systems engineering practices validated over decades don’t go away when the technology allows for faster research, development, and testing timelines. They get more important. Organizations achieving real returns from AI aren’t using the latest, smartest chatbots alone. They’re using fundamentally different architectures.

We leverage grounded and trusted AI technology anchored in the rigor of purposeful, applied Systems Engineering and Management from tech research to Enterprise System and System-of-Systems (SoS) levels, accelerating research, planning and development timelines of capabilities that matter. Decades of experience from a hand-picked team of experts that know there are better answers, but have a career of delivering on promises to back up the recommendations.",Space Research and Technology,2-10 employees,Privately Held,"Denver, Colorado, United States",United States,hyperionvector.com,https://www.linkedin.com/company/hyperion-vector-systems
SpaceAI,"Space is becoming the next major economic domain.

Satellites, orbital infrastructure, deep-space missions, and planetary exploration are generating massive amounts of data. But without intelligence, data has limited value.

SpaceAI is building the intelligence layer for the space economy.

We develop advanced artificial intelligence designed specifically for space systems — enabling satellites, spacecraft, and space networks to operate autonomously, efficiently, and intelligently.

SpaceAI powers:

• Autonomous spacecraft operations
• Orbital traffic intelligence
• AI-driven satellite networks
• Deep-space navigation systems
• Large-scale space data analytics

As the number of satellites and space missions rapidly expands, AI will become essential to manage orbital infrastructure and exploration.

The future of space will be autonomous.

SpaceAI is building the AI systems that will power it.",Space Research and Technology,11-50 employees,Privately Held,"San Francisco, California, United States",United States,startupboomer.com,https://www.linkedin.com/company/space-patrol-inc
Stardust,The Stardust Edtech platform empowers a global community of innovators by providing the necessary technical skills to get hired and make a meaningful impact on humanity's progression to the stars.,Space Research and Technology,2-10 employees,Privately Held,"New York, New York, United States",United States,,https://www.linkedin.com/company/gostardust
"Intelli-Sol, Inc.","IntelliSol, Inc. provides intelligent materials solutions for components and systems through nanostructured materials design and innovation. IntelliSol utilizes specialty nano and microsized materials and high-performance polymers to provide custom polymeric based nanocomposites with unique and enhanced properties for many different applications.",Space Research and Technology,Self-employed,Self Owned,"Christiansburg, Virginia, United States",United States,intelli-sol.com,https://www.linkedin.com/company/intelli-sol-inc
"Dynasoar Technologies, Inc","As the namesake of our business, the X-20 Dynasoar was a technology platform that drove new capabilities for space applications, Dynasoar Technologies is focused on driving new solutions into Cislunar space.  Solutions that meet the needs for a sustained human and economic presence in space. 

Dynsoar Technologies is creating a new paradigm in product development for space applications.  We are developing product and technology platforms that are not singularly mission-focused but designed for sustained performance, operability, and maintainability across the entire Cislunar regime.  
Currently, or principal areas of focus are:

In-Space Manufacturing and Assembly -We are focused on creating a sustainable manufacturing presence in the Cislunar regime by 2030.

Resilient Habitat Structures – We are focused on designing and manufacturing smart and resilient structures for Cislunar applications.

Solutions for Dynamic Space Operations – Developing systems and products that allow for dynamic space operations within the area of responsibility by reducing the Earth to Cislunar supply line.",Space Research and Technology,2-10 employees,Privately Held,"West Lafayette, Indiana, United States",United States,www-dynasoar-tech.com,https://www.linkedin.com/company/dynasoar-technologies
Aurora Nova,,Space Research and Technology,2-10 employees,Privately Held,"San Francisco, California, United States",United States,auroranova.space,https://www.linkedin.com/company/aurora-nova-space
"Cairn Engineering, LLC","Cairn Engineering, LLC provides aerospace and mechanical engineering research, development, design, and consulting services.",Space Research and Technology,2-10 employees,Privately Held,"Louisville, Colorado, United States",United States,,https://www.linkedin.com/company/cairn-engineering-llc
Night Sky Concepts,"At Night Sky Concepts, we offer a wide variety of solutions to enable you to enjoy the benefits of a natural nighttime environment whether it be at your own home or at a professional observatory. I'm an astronomer and engineer with expertise in observatory design, astronomy education, light pollution mitigation, and Space Domain Awareness. I help clients develop and execute projects from concept to completion, with a focus on preserving our night skies for future generations. Contact me to learn how my unique skills can benefit your project.",Space Research and Technology,2-10 employees,Self Owned,"Pepperell, Massachusetts, United States",United States,nightskyconcepts.com,https://www.linkedin.com/company/nightskyconcepts
Introspective Solutions Group,"ISG delivers innovative solutions to challenging problems. Our expertise spans decades of federal government, military and private sector experience. Our team understands the technical challenges facing our partners in the Intelligence and Defense communities. ISG develops custom solutions used by commercial clients, the Department of Defense, and Intelligence Communities.",Space Research and Technology,2-10 employees,Privately Held,"Warrenton, Virginia, United States",United States,introsg.com,https://www.linkedin.com/company/introspective-solutions-group
Aero Insights,Aero Insights is an aerospace and defense consulting firm focused on improving and enhancing the growth and operations of small to large businesses operating in the aerospace industry.,Space Research and Technology,2-10 employees,Self Owned,"Davidsonville, Maryland, United States",United States,,https://www.linkedin.com/company/aeroinsightsconsulting
Astra Origins Inc.,"Welcome to Astra Origins, your personalized user-interactive, all-inclusive space-platform, home for the space industry.
The everything space platform.

The growth of the Space Industry V2.O has eased comprehensive collaboration among the public, and key players innovating the space industry, accelerating the advancement of space exploration.

Ad Astra Origins is a user-interactive platform that stands at serving as a crucial space hub for Space V4.0: Space Industry Part of Our Everyday Life. Ad Astra Origins functions as the interactive center of cosmic exploration, fostering connections among stakeholders and enhancing engagement with the latest advancements and opportunities in space. Designed to deliver reliable space information, Ad Astra Origins aims to unify the space industry by integrating media, marketing, and social engagement into a comprehensive and unified platform. Through its interactive features and comprehensive approach, Ad Astra OriginsTM plays a vital role in bridging the various elements of the space sector and amplifying industry engagement.

Space industry V4.0 envisages the integration of the global markets, economies, political landscapes, and main sectors, such as health, residential, mobility, transportation, and lifestyle activities into everyday life. The space industry V4.0, set to economically flourish, and advance into a viable industry, with various investments in space tourism, space architecture, space vehicles, and the initiative of colonizing Mars, and build a human settlement on the moon. Politically, space activities increasingly shape international relations, space governance, and regulatory frameworks as more countries and private entities engage in space exploration and utilization.",Space Research and Technology,2-10 employees,Self Owned,"Austin, Texas, United States",United States,adastraorigins.com,https://www.linkedin.com/company/astra-origins
Center for Detectors,"The Center for Detectors designs, develops, and implements photon devices to enable scientific discoveries. The CfD educates and trains students through research and development in detectors, instrumentation, observational astrophysics, nanostructures, silicon photonics, quantum optics and photonics, and wide bandgap materials.

Established in 2010, it includes seven professors and over two dozen students at all levels of matriculation. Staff and student researchers investigate high impact engineering and development problems through external financial support from federal agencies, private foundations, national laboratories, and industry. The CfD operates nine laboratories in three buildings and has an average of 32 externally funded projects (~$2.5M/year).",Space Research and Technology,11-50 employees,Non Profit,"Rochester, New York, United States",United States,cfd.rit.edu,https://www.linkedin.com/company/center-for-detectors
St. Louis Astronomical Society (SLAS),"The St. Louis Astronomical Society (SLAS) is a 501(c)(3) non-profit established in 1936. Its mission is devoted to the interest and advancement of the science of astronomy. With over 200 members, SLAS is the largest astronomical society in the metro St. Louis area in Missouri.

SLAS:

1. Provides access to the night sky to thousands of people every year through our outreach events.
2. Has a regular schedule of public events at a variety of parks around the metro area. 
3. Hosts free monthly meetings at Washington University in St. Louis, Missouri. 

SLAS encourages people of any age to learn about astronomy. The general meetings are free and open to the public, and feature a guest speaker who is typically a professional researcher in Astronomy or an Astronomy-related field. These meetings provide an opportunity for visitors and those with questions about amateur astronomy to talk informally with the members. 

SLAS is governed by an Executive Council which operates under the society's Constitution and by-laws. This council (or ""The Board"") has established a number of committees to support the society's operations.",Space Research and Technology,2-10 employees,Non Profit,"St Louis, Missouri, United States",United States,slasonline.org,https://www.linkedin.com/company/slasmissouri
BreathTech Corporation,"BreathTech Corp. is an advanced mass spectrometry tech company based in Austin, Tx. Our first product, BreathTest-1000TM is the first one-minute test for the detection of lung diseases associated with the COVID-19 infection. The machines are currently utilized by major institutions like NASA, U.S. Army, and airport security for the HHS.

These machines were designed as self-serve kiosks and are capable of serving thousands of people per hour. They have been ruggedized, and simplified to be the size of a desktop printer while still being extremely accurate.

To order some for your business, contact us at sales@breathtech.com or learn more on our website at breathtech.com.",Space Research and Technology,51-200 employees,Privately Held,"Austin, Texas, United States",United States,breathtech.com,https://www.linkedin.com/company/breathtechcorporation
Ingenion LLC,"By working closely with our clients, we are able to construct custom-made electronic test benches that verify the operation of their designs against their design requirements. This process involves the following services.

Design Requirements
Analyzing and reviewing design requirements and/or specifications for completeness, testability, and traceability.
 
Test Bench Architecture
We will architect a test bench for simulation and lab testing that is capable of verifying your requirements using automated, self-checking directed and random-constrained tests. 
 
IP Core Development
We develop the IP cores and software needed to implement the test bench.  Each IP core is fully documented and revision controlled.
 
Test Bench Integration and Testing
We purchase, integrate, and test elements of the test bench.  Elements may include COTS equipment, bench test equipment, measurement tool, or programmable equipment like our Total Verification System.  We integrate these elements together into a unified environment that is controlled by the test software.  A certification procedure is developed that validates the proper operation of the test bench.
 
Test Bench Documentation
We provide thorough documentation that fully describes the capability, use, and operation of the test bench. 
 
Design Verification Plan and Procedure
Using design requirements and specifications, we compile a verification plan that describes exactly how the functionality of the client's design will be tested by the test bench.  Care is taken to clearly show the traceability of each requirement and design feature to a test. 
 
Coverage Analysis
Using coverage tools and methods, we perform coverage analysis to demonstrate the completeness of the test bench delivered.  Holes in testing uncovered during this step are addressed to achieve an acceptable level of coverage.",Space Research and Technology,2-10 employees,Privately Held,"Daytona Beach, Florida, United States",United States,ingenion.com,https://www.linkedin.com/company/ingenion-llc
MintSuite LLC,"Building Project Aethergen with Unreal Engine.

Aethergen is a virtual hub honoring sports, competition, gaming, and culture. The Aether is home to the most competitive and honorable beings beyond the terrestrial sphere who take part in the generation of the space between spaces.",Space Research and Technology,2-10 employees,Partnership,"El Segundo, California, United States",United States,mintsuite.io,https://www.linkedin.com/company/mintsuite-llc
Northern Arc Maine,"At Northern Arc, we are dedicated to transforming academic research into tangible innovations that drive Maine’s growing space economy. As a bridge between universities, research institutions, and the commercial space industry, we connect bright ideas with real-world applications, empowering the next generation of space technologies
Rooted in Maine’s spirit of exploration and innovation, Northern Arc leverages the state’s unique geographical position, collaborative community, and academic excellence to foster advancements in space technologies and hardware. From research labs to orbit, we help turn groundbreaking discoveries into products and solutions that elevate Maine’s role in the global space economy.
“Innovate Locally, Impact Globally”",Space Research and Technology,Self-employed,Self Owned,"Portland, Maine, United States",United States,northernarcmaine.com,https://www.linkedin.com/company/northern-arc-maine
Kessler Aerospace Corporation,Developing capabilities to ensure a viable future in space.,Space Research and Technology,Self-employed,Privately Held,"El Segundo, California, United States",United States,kesslerspace.com,https://www.linkedin.com/company/kessler-aerospace-corporation
Hsss Science,"HSSS Science is a for-profit Small Business Incubator established under proprietorship in 2021 in Fairfax Virginia by Mr. Nguyen, a George Mason Alumni. Our mission is to focus on basic research and development in Aerospace Engineering, Basic Science, and Planetary Exploration technologies. HSSS Science company is certified as a SWaM (Small, Women-, Minority-owned) micro-business by the Virginia SBSD.",Space Research and Technology,2-10 employees,Self Owned,"Fairfax, Virginia, United States",United States,hsss.science,https://www.linkedin.com/company/hsss-science
Moontainer LLC,"The mission of Moontainer is to empower space stakeholders—spanning defense agencies, commercial enterprises, and scientific organizations—with advanced AI-driven tools necessary to secure, predict, and analyze space operations, with a specific focus on lunar exploration and colonization. Through the development of  cutting-edge AI Intelligence Platform, we integrate open-source intelligence, real-time data processing, and predictive analytics to provide actionable insights that safeguard space assets, enable informed decision-making, and support the safe, sustainable expansion of human activities in space. Our commitment is to support U.S. objectives for peaceful lunar colonization while ensuring operational security and long-term viability in the evolving space economy.",Space Research and Technology,2-10 employees,Privately Held,"Las Cruces, New Mexico, United States",United States,,https://www.linkedin.com/company/moontainer
GLOBAL SCAN | SOLARSONIC TECH,,Space Research and Technology,2-10 employees,Privately Held,"Las Vegas, Nevada, United States",United States,solarsonic.tech,https://www.linkedin.com/company/global-scan-solarsonic-tech
SKYLIS,Developing self-sufficient smart greenhouses and habitat structures for Earth and space. ∞,Space Research and Technology,2-10 employees,Privately Held,"College Park, Maryland, United States",United States,,https://www.linkedin.com/company/skylisx
CREATUS,,Space Research and Technology,11-50 employees,Privately Held,"San Jose, California, United States",United States,,https://www.linkedin.com/company/costa-rica-exploration-and-advanced-training-underwater-station
Quanmo,...,Space Research and Technology,Self-employed,Privately Held,"Los Angeles, California, United States",United States,bhuvista.com,https://www.linkedin.com/company/quanmo
OSMOSIS TECHNOLOGIES,"Osmosis Technologies | Essence Luxury Group

Osmosis Technologies is the innovation arm of Essence Luxury Group, dedicated to creating the next generation of AI, immersive design, and cultural legacy technologies. Our mission is simple: to fuse science, creativity, and human potential into transformative solutions that elevate industries without replacing real talent. From beauty and fashion tech to frontier applications in holographics and biotech, Osmosis represents the future where innovation meets imagination.",Space Research and Technology,2-10 employees,Privately Held,"Portland, Oregon, United States",United States,essenceluxurygrouptrust.com,https://www.linkedin.com/company/osmosis-interdimensional-technologies
Tensor Defense LLC,Stealth Space and Defense Startup,Space Research and Technology,2-10 employees,Privately Held,"Broomfield, Colorado, United States",United States,tensordefense.com,https://www.linkedin.com/company/tensordefense
Blue Quantum Labs,"We are a Full Stack Cloud Provider Offering Cost Effective Service.

Our Services are Optimized for Hosting Cutting Edge Enterprise & State Entity Intelligence Gathering Workloads Requiring Always-On or 0%-100% Service Plans.

Our Cloud Tech Stack is Custom Engineered for Business Critical & Complex Data Sensitive Industry Requirement, Each Customer Receiving a Default, Pre-Built VPC, hosted in AWS.

**No One** Touches or Sees Your Encrypted Virtual Cloud Instance, Ensuring Data Security - Even From BCS Employees & Operators.


We Preemptively Remove the Temptation as Option that Shouldn't Exist in the First Place...Rest Assured Your VPC Has No Preexisting Access Points by Default.

Business Espionage, Corporate Sabotage, Mal-Intentive Bad Actors, Rouge Employees, & BCS Representatives Fry - Zero Trust: Don't Make it Optional!

**We Perfect Privacy Stances Before Onboarding, Not By Your IT Admin Fiddling With Support Cases, Rules, Code, Encryption, Because Instead Instantly Exposed by Default, by Default, Your Setup REQUIRES 0 Privacy Modifications as **FULLY LOCKED DOWN** Insular Encrypted Object.

Our Cloud Ecosystem is Aimed at The Power Admin.

Friendly, Self-Descriptive Admin & Tuning UIs with Real-Time Metrics HUDs & Clear Cloud Spend Data Analytics Tablature.

Simple Fully Centralized Admin API as Operative Truth for VPC with Low Latency High-Throughput Data I/O Rates Offering Massive Competitive Advantages as the IntelliPlateDW Enterprise Data Warehouse, ""Origin-of-Origins"" Systems Operative AI, Works Tirelessly, 24/7/365 Gathering/Mining/Producing Intelligence & Semantically Optimizing Structural Coherency & Nodal Entanglement Effects for Business Optimizations.

Our Services Pays it Forward:

The Cloud-Overhead that Compounds Your Value, Paying for Itself in Multiples as a Clear Power Move in Strategic BizOps.",Space Research and Technology,2-10 employees,Privately Held,"Seattle, Washington, United States",United States,bluequantumlabs.com,https://www.linkedin.com/company/bluequantumlabs
Nexara Intelligence,"Nexara Intelligence is a next-generation technology and consulting firm specializing in artificial intelligence, data-driven insights, and intelligent automation solutions. The company is focused on helping organizations transform complex data into actionable intelligence, enabling faster, smarter, and more strategic decision-making.

Operating at the intersection of AI, analytics, and business transformation, Nexara Intelligence delivers tailored solutions that streamline operations, enhance productivity, and unlock new growth opportunities. Companies in this space typically integrate AI tools, automation systems, and advanced analytics to reduce manual workloads, optimize workflows, and improve overall business performance.",Space Research and Technology,"501-1,000 employees",Privately Held,"Milpitas, California, United States",United States,,https://www.linkedin.com/company/nexara-intelligence
OUROBOROS Project,"OUROBOROS is a student-led electric propulsion research and development team at the University of Alabama in Huntsville. Our team is dedicated to advancing Hall-effect thruster technology, with the goal of completing a five-year development cycle to complete a Hall thruster suitable for a 12U cubesat.

We are working to mature a Hall thruster design that incorporates advanced features including magnetic shielding, and a low-cost glow discharge hollow cathode. Optimized for argon propellant, the final thruster will be integrable with CubeSat-class nanosatellites, providing a low-cost alternative to operators such as small businesses and universities who have historically had few options for on-orbit propulsion.

In pursuit of these goals, the OUROBOROS project provides students with hands-on, cutting-edge propulsion experience, contributing to the broader research community, preparing members for entry into the industry, and demonstrating the feasibility of student-developed space propulsion technologies. Emphasis is placed on interdisciplinary collaboration and the recruitment of undergraduate and graduate students to further the team’s goals.",Space Research and Technology,11-50 employees,Self Employed,"Huntsville, Alabama, United States",United States,,https://www.linkedin.com/company/ouroboros-project
Mid-Atlantic Propulsion Laboratory,"Mid-Atlantic Propulsion Laboratory (MAProLab) is an aerospace engineering company focused on the development of advanced propulsion technologies and mission-critical aerospace systems. Through a combination of engineering analysis, experimental testing, and hands-on development, we are building technologies that support the future of aerospace, defense, and space exploration.",Space Research and Technology,2-10 employees,Privately Held,"Germantown, Maryland, United States",United States,maprolab.com,https://www.linkedin.com/company/mid-atlantic-propulsion-laboratory
Grand Mesa Observatory,Grand Mesa Observatory is a 5013 nonprofit education facility offering remote astro imaging & telescope hosting.,Space Research and Technology,2-10 employees,Non Profit,"Whitewater, Colorado, United States",United States,grandmesaobservatory.com,https://www.linkedin.com/company/grand-mesa-observatory
Subarashii Technology,"A wise man once said, ""Any technology sufficiently advanced is indistinguishable from magic."" We are here to upgrade the entire world, and we are going to do it with a suite of intuitive and magical products and services across multiple industries.

Our first mission: to protect women.

How? By creating a line of products to detect poison, primarily in alcohol, with style and discretion.",Space Research and Technology,11-50 employees,Privately Held,"Austin, Texas, United States",United States,,https://www.linkedin.com/company/subarashii-tech
Prometheus Product Design,"At Prometheus, we help companies advance the state-of-the-art of space tech by solving difficult design problems at the intersection of structural systems and R&D.

Structural technology for extreme environments in space and planetary surfaces is our primary consulting focus, accelerating the readiness of the necessary technology suite for the success of space initiatives including Artemis, Lunar Gateway, and Moon to Mars. 

For consulting, partnership, and other inquiries, please contact benjamin@ppd-usa.com. Ignite Your Vision!

NAICS: 541330, 541715, 541690",Space Research and Technology,Self-employed,Privately Held,"Cadillac, Michigan, United States",United States,ppd-usa.com,https://www.linkedin.com/company/prometheus-product-design
Centauri,"Centauri, an American based research and development firm, is making waves in the energy industry with its focus on next generation applications for power generation. With an aim to create sustainable technologies for both terrestrial and extra-terrestrial use, Centauri is backed by Energy America and other industry leaders.

Founded by a team of visionary scientists and engineers, Centauri is dedicated to revolutionizing the way we generate and use power. Their cutting-edge research and development efforts are focused on creating innovative solutions that will not only benefit planet Earth, but also support future missions to the moon, Mars, and beyond.

With the growing demand for sustainable energy sources, Centauri's work has never been more crucial. By collaborating with Energy America and other industry leaders, Centauri is able to leverage their expertise and resources to accelerate the development of groundbreaking technologies. 

These advancements will not only reduce our reliance on traditional fossil fuels, but also pave the way for a more sustainable future for generations to come.

Centauri's dedication to creating sustainable technologies for power generation has already garnered attention from the energy industry and beyond. With their groundbreaking research and partnerships with industry leaders, Centauri is well on its way to becoming a leading force in the future of sustainable energy",Space Research and Technology,2-10 employees,Privately Held,"San Francisco, California, United States",United States,centauri.gs,https://www.linkedin.com/company/centauri-energy
Azergrade Innovations Inc,"Azergrade Innovations Inc., we’re building the first Blue-Collar Operating System, a physics-based platform engineered from the dirt up. Powered by Strickland’s Law and patent-pending LDM technology, our systems deliver real-time grade verification with no GPS, no files, and no corporate strings attached.

From red and green lasers to true Dynamic 3DTM measurement, every innovation we bring to market is built to serve the people who actually move the earth.

Built in the USA. Grounded in truth.

This isn’t just A.I. —it’s AzerGrade Innovations.",Space Research and Technology,2-10 employees,Privately Held,"Whitesburg, Georgia, United States",United States,checkitx.com,https://www.linkedin.com/company/azergrade-innovations-inc
"TerraLuna, LLC","TerraLuna LLC is an innovation space in Livermore, California. Our community of companies conducts engineering and manufacturing operations in support of national aerospace, science, and energy initiatives.",Space Research and Technology,2-10 employees,Privately Held,"Livermore, California, United States",United States,t7a.org,https://www.linkedin.com/company/terraluna-llc
Xcalibur Space,"New space consulting - ""Space as a Service- creating value "" -Providing representation and business development services for new companies and startups in the space industry. Capital Formation, Strategic Partnerships, Insurance, and Sourcing for Infrastructure, Hardware, Data and In- space economy sectors.",Space Research and Technology,2-10 employees,Privately Held,"Washington Dc Metro Area, United States",United States,xcaliburspace.com,https://www.linkedin.com/company/xcaliburspace
Location Artistry,"Location Technologies
Software Development & Design
Geospatial AI Systems
Design and Build Apps & APIs
Geospatial Consulting
System Integration & Automation
UAS Industry Services
Aerospace Software Development",Space Research and Technology,Self-employed,Self Owned,"Kalamazoo, Michigan, United States",United States,github.io,https://www.linkedin.com/company/location-artistry
Novara Tech,"We are engineers, creating technologies for Earth with the future of space in mind. The challenges we face here, resource scarcity, waste, and inefficiency, will only intensify beyond our planet. If we cannot solve them on Earth, we will not overcome them in space.
That’s why we start locally: building scalable, sustainable recycling technology solutions that serve humanity now and power tomorrow's missions. Our innovations are designed to thrive both on this planet and wherever humans go next.",Space Research and Technology,2-10 employees,Partnership,"Brooklyn, New York, United States",United States,novaratech.org,https://www.linkedin.com/company/novara-technologies-corp
JMJ Propulsion Labs,"JMJ Propulsion Labs is an SBA 8(a) certified aerospace and defense technology firm headquartered in Detroit, Michigan. We deliver NDAA-compliant unmanned aerial systems (UAS), AI-driven analytics, cybersecurity, and mission resilience solutions for federal, civilian, and allied partners.

As a small disadvantaged business with DBE and MBE certifications, JMJ ensures compliance with Buy America and NDAA Section 848, making our drone platforms and services fully eligible for DoD, DHS, and federal agencies.

Our core capabilities include:
• UAS Solutions for ISR, logistics, perimeter security, and smart farming.
• Tactical Drone-as-a-Service (DaaS) with modular payloads and C4ISR readiness.
• AI/ML & Edge Computing for adaptive control and real-time analytics.
• Cybersecurity & CMMC 2.0 compliance for secure drone networks.
• Mission Resilience through radar, telecom, and satellite sustainment.

Past performance highlights include supporting smart agriculture NDVI analysis, telecom infrastructure monitoring, and CMMC-aligned UAS command networks.

Led by CEO Oscar Netto, JMJ Propulsion Labs combines aerospace expertise with federal procurement intelligence to deliver innovation, compliance, and operational readiness.

At JMJ Propulsion Labs, we don’t just build systems — we propel missions forward.",Space Research and Technology,11-50 employees,Privately Held,"Detroit, Michigan, United States",United States,jmjpropulsionlabs.com,https://www.linkedin.com/company/jmj-propulsion-labs
Ignis Genesis,"Ignis Genesis transforms shared global intent into real-world action. We serve as the nonprofit bridge—powering innovation that aligns with sovereign priorities, builds lasting partnerships, and delivers programs that matter. Through diplomacy, co-investment, and scalable execution, we unite public and private sectors around a simple idea: when mission meets momentum, bold things happen.",Space Research and Technology,2-10 employees,Privately Held,"Orlando, Florida, United States",United States,ignisgenesis.com,https://www.linkedin.com/company/ignisgenesis
Oklahoma CubeSat Initiative -OKSat-,,Space Research and Technology,2-10 employees,Educational,"Stillwater, Oklahoma, United States",United States,oksat.space,https://www.linkedin.com/company/oklahoma-cubesat-initiative-oksat
Cosmic Tortuga,"Space is humanity’s next frontier — but right now it’s a junkyard moving at 17,000 mph. One dead satellite, one lost bolt, one forgotten rocket stage can end a billion-dollar mission. We fix that. With humans in the loop and tortoises in our soul.

What we do:
1. Big Debris Relocation - Our crewed spacecraft rendezvous with large objects (dead sats, rocket bodies, mystery chunks). Pilots and robotic arms gently grab, boost to a safe graveyard orbit, and log every gram for future recycling.
2. Precision Orbit Sweeping - Swarms of orbital drones guided by human operators on-site sweep constellations clean of smaller debris. Think street-sweeper meets starfighter squadron — leaving pristine lanes for your satellites.
3. Heritage Recovery Missions - We catch historic spacecraft (think early comms sats, Apollo-era relics, even Cold-War spy birds) and bring them home intact. Delivered to museums, universities, or private collectors who want a real piece of space history on their mantle.

Every mission is human-led from a manned spacecraft. Real pilots, real engineers, real eyes on real screens — backed by autonomous drones that never sleep. Nothing is left behind. Everything we move gets cataloged, recycled, or returned.

Why humans + drones? Because space doesn’t forgive automation-only mistakes. A tortoise doesn’t rush; it verifies. We’re the same: slow enough to be safe, stubborn enough to get it perfect.

The payoff:
- Launch providers get guaranteed clean orbits
- Satellite operators get lower insurance rates
- Museums get authentic artifacts
- Collectors get bragging rights
- Humanity gets a reusable junkyard instead of a growing hazard

We’re not just cleaning space. We’re turning yesterday’s trash into tomorrow’s treasure — one careful maneuver at a time.",Space Research and Technology,Self-employed,Privately Held,"Schuyler, Virginia, United States",United States,cosmictortuga.com,https://www.linkedin.com/company/cosmic-tortuga
Asteria Astronautical Technologies,"Asteria Astronautical Technologies is focused on advancing propulsion technologies, both big and small, for the sake of a future among the stars. 

Using unique approaches, collaboration, perseverance, and curiosity; it is our mission to push humanity forward.",Space Research and Technology,Self-employed,Privately Held,"Albuquerque, New Mexico, United States",United States,asteriaastrotech.com,https://www.linkedin.com/company/asteria-astronautical-technologies
Astronomy Undergraduate Engineering Group,We support and upgrade the facility and instrumentation at the University of Washington's Manastash Ridge Observatory.,Space Research and Technology,11-50 employees,Educational,"Seattle, Washington, United States",United States,github.io,https://www.linkedin.com/company/uwaueg
Project 4,γθψΔ,Space Research and Technology,Self-employed,Privately Held,United States,United States,project4studios.com,https://www.linkedin.com/company/project-4
Milky-Way Visuals Ltd,"Milky-Way Visuals Ltd: Pioneering Space-Tech Solutions for National Development
Milky-Way Visuals is a dynamic technology company specializing in leveraging satellite data and artificial intelligence to address critical challenges in Nigeria and beyond. As a commercial arm of the National Space Research and Development Agency (NASRDA), we operate at the forefront of technological innovation.
Our mission is to translate advanced space technology into tangible solutions across key sectors. We specialize in:
 * Maritime & Aviation Intelligence: Enhancing security and operational efficiency through satellite surveillance.
 * Precision Agriculture & Mining Surveillance: Driving productivity and sustainability with data-driven insights.
 * AI for Social Good: Developing platforms to improve healthcare and agriculture.
Under the leadership of our Managing Director, Dr. Olugbenga Leke Oyewole, we are also proud to be developing Nigeria's National Planetarium and Museum, fostering STEM education and inspiring the next generation. At Milky-Way Visuals, we are committed to building a safer, more prosperous future through ethical and innovative technology.",Space Research and Technology,11-50 employees,Partnership,"Mears Station, Virginia, United States",United States,milkywayvisuals.com,https://www.linkedin.com/company/milky-way-visuals-ltd
Frigate's Eye,,Space Research and Technology,2-10 employees,Privately Held,"Fort Lauderdale, Florida, United States",United States,frigateseye.com,https://www.linkedin.com/company/frigateseye
Capsule Corp.,"Due to the invention and production of the extremely popular and useful capsules, the Capsule Corporation is one of the largest, richest and most influential companies in the world. At one point, the Capsule Corporation and the Red Ribbon Army front company Red Pharmaceuticals were competitive rivals in the business race, but the creation of the DynoCaps from Capsule Corporation resulted in Red Pharmaceuticals losing to it.",Space Research and Technology,201-500 employees,Public Company,"Hopewell, Virginia, United States",United States,1hrecruitment.com,https://www.linkedin.com/company/capsule-corp-poland
Behrens Geospatial,"Behrens Geospatial is a provider of advanced unclassified imagery and geospatial analysis services. The company specializes in delivering detailed, accurate, and actionable insights for various applications using state-of-the-art commercial satellite data. Behrens Geospatial's expertise is transforming high-resolution satellite imagery into comprehensive analytical reports, supporting national defense, urban planning, agriculture, environmental monitoring, and disaster response.",Space Research and Technology,Self-employed,Self Employed,"Reno, Nevada, United States",United States,behrensgeospatial.com,https://www.linkedin.com/company/behrens-geospatial
Wavestar,"Wavestar is the clearing house for space.

The orbital economy has reached the same inflection that equities reached in 1973, derivatives in 1898, and cross-border payments in 1973: bilateral settlement no longer scales. ~14,000 active spacecraft on track to 70,000+. A persistent optical mesh. In-space servicing, assembly, and refuelling that's now physical fact, not roadmap. General-purpose Linux running on satellites.

You can now buy, sell, clear, and settle five orbital asset classes the same way you'd settle equities — with one counterparty in the middle, deterministic default rules, and a public audit trail.

Wavestar runs that middle.

Four modules on one shared identity registry (did:orbit:):

→ ORCH — central counterparty for downlink minutes, ISL capacity, propellant and ISAM delivery, hosted-payload slots, and ITU-coordinated spectrum-hours
→ Terminal — Bloomberg-class system of record for satellite operators
→ Market — exchange for hosted-payload capacity
→ Attest — federated attestation network — Chainlink for orbital facts

Trust model: a permissioned Merkle transparency log (Trillian-based) plus BLS12-381 quorum signatures from a federated observer network, with hourly anchoring to Ethereum and Bitcoin for tamper-evidence. Boring crypto, vetted primitives, no novel claims.

Regulatory posture: filed to be treated as critical market infrastructure. FinCEN MSB. SEC ATS. CFTC DCO. CFTC SEF/DCM. ITU and FCC reconciliation. Four parallel tracks, no exemptions, no novel interpretations.

Founded 2026. Wyoming. Pre-launch — design-partner cohort opening Q3 2026, Series A Q4 2026.

The protocol layer will be governed by the Orbital Interchange Foundation, a 501(c)(6) non-profit, formed at month 18.

If you operate a constellation, run a ground station, hold spectrum, build hosted payloads, deliver propellant, or write rules for any of the above — we want to talk.

hello@wavestar.space · wavestar.space",Space Research and Technology,2-10 employees,Privately Held,"New York, New York, United States",United States,wavestar.space,https://www.linkedin.com/company/wavestar
Club Nova,"Club Nova at Wichita State University is a community of students united by a passion for exploring the universe. We bring together astronomy enthusiasts of all backgrounds to observe the night sky, discuss groundbreaking discoveries, and participate in hands-on activities. Whether you’re an experienced stargazer or simply curious about space, we invite you to join us in exploring the wonders of the cosmos!",Space Research and Technology,11-50 employees,Non Profit,"Wichita, Kansas, United States",United States,,https://www.linkedin.com/company/wichita-state-university’s-club-nova
AURA,"AURA is an organization dedicated to democratizing the field of astrodynamics and space exploration. We understand that entering this exciting yet complex world can be daunting. That's why we're here to break down those barriers and make space more accessible to everyone, regardless of their background or experience level.",Space Research and Technology,2-10 employees,Educational,"Westminster, Colorado, United States",United States,,https://www.linkedin.com/company/auraastronautics
"Athelios, LLC","We offer a variety of IT, InfoSec, and Cybersecurity Solutions based upon our clients consultations and their technology needs. If you are a small to mid sized business looking to expand, transition into a larger location, or whatever your situation is, reach out to us! We are here to make your computers work for you. See you soon!",Space Research and Technology,Self-employed,Privately Held,"Melbourne, Florida, United States",United States,,https://www.linkedin.com/company/athelios-llc
Helium3.Space,Your Portal to Curated and Summarized Space News from Around the Globe,Space Research and Technology,2-10 employees,Privately Held,"New York, New York, United States",United States,helium3.space,https://www.linkedin.com/company/helium3-space
weirdfeelingz,"Fostering intellectual exchange through informed listening.

Collective interpretation of resources which teach us how to think, not what to think.",Space Research and Technology,2-10 employees,Privately Held,"Boston, Massachusetts, United States",United States,,https://www.linkedin.com/company/weirdfeelingz
STARLIT,"A USSF-sponsored project to advance space domain awareness (SDA) research and grow the space workforce. Participating institutions include CU Boulder, Purdue, Georgia Tech, UT Austin, University of Buffalo and Texas A&M.",Space Research and Technology,11-50 employees,Educational,"Boulder, Colorado, United States",United States,colorado.edu,https://www.linkedin.com/company/startlitaward
"International Certification Services LLC,",International Certification Services provides full-service Electro Magnetic Compliance (EMC) testing for CE and FCC requirements. With ICSI you can count on the highest level of expertise to help you attain the needed agency approvals.,Space Research and Technology,2-10 employees,Privately Held,"Glencoe, Minnesota, United States",United States,icsi-us.com,https://www.linkedin.com/company/ceo-of-international-certification-services-llc
"Redefine Technologies, Inc.","Redefine Technologies, Inc.
Steve Wishstar - Founder",Space Research and Technology,2-10 employees,Privately Held,"Golden, Colorado, United States",United States,redefine.com,https://www.linkedin.com/company/redefinetechnologies
New Horizon Engine Team,"We are a multidisciplinary student team dedicated to developing liquid bipropellant rocket engine systems from concept to hot-fire testing. Our work spans propulsion design, embedded electronics, data acquisition, and safety systems, and our goal is to donate our research and designs upon completion to support future student teams and open engineering collaboration.",Space Research and Technology,2-10 employees,Non Profit,"New Brunswick, New Jersey, United States",United States,,https://www.linkedin.com/company/new-horizon-engine-team
Stellarminds.ai,"StellarMinds.AI is the applied AI research lab of Lyra Space Technologies. We study how intelligent systems can operate as coordinated participants in space — managing regulatory complexity, enabling multi-party coordination, and supporting the economic infrastructure that orbital operations will require at scale. Our research sits at the intersection of autonomous systems, space regulatory frameworks, and distributed coordination.",Space Research and Technology,2-10 employees,Privately Held,"San Francisco, California, United States",United States,stellarminds.ai,https://www.linkedin.com/company/stellarmindsai
"SpaceLoop Systems, Inc","SpaceLoop Systems,Inc is pioneering Autonomous Sustainability and Habitat Systems for the Moon,Space,Earth,and the Ocean.",Space Research and Technology,2-10 employees,Privately Held,"Sparks, Nevada, United States",United States,spaceloopsystems.com,https://www.linkedin.com/company/spaceloop-systems
Gravity Assist,"The history of the beginning of interplanetary space travel, and the exploration of the solar system only occurred one time and will never happen again. Therefore, it is important in the history of science to preserve an accurate documented account of this history, and the key breakthrough invention that made it possible. It was achieved by the invention of gravity propelled interplanetary space travel popularly known as ""gravity-assist trajectories."" The invention broke all the high-energy barriers of interplanetary space travel based on the classical theory of space travel using reaction propulsion, and, as a result, made it not only possible to explore the entire solar system, but it also made it easy with small launch vehicles propelled by conventional chemical propulsion. It resulted in all of NASA's high-energy deep-space gravity propelled multi planetary missions used to explore the entire solar system!!",Space Research and Technology,Self-employed,Privately Held,"Wayne, New Jersey, United States",United States,gravityassist.com,https://www.linkedin.com/company/gravity-assist-2024
Quantum Group,A cooperative research and development firm for Space Technologies,Space Research and Technology,11-50 employees,Privately Held,"Pasadena, California, United States",United States,quantumgroup.info,https://www.linkedin.com/company/quantumm
Project Dark Forest,"Project Dark Forest exists to promote science, technology, engineering, and math (STEM) education by training the next generation to build uplink ground stations capable of transmitting messages of peace to spacecraft, and to develop and deploy spacecraft to stable orbits that are capable of receiving and sending curated audio and video from Earth based ground stations, and to collect and aggregate outer space environment data.",Space Research and Technology,2-10 employees,Non Profit,"Santa Ana, California, United States",United States,projectdarkforest.org,https://www.linkedin.com/company/projectdarkforest
UMass Lowell Astronomy Club,"We are students that are interested in astronomy, from those who just find it something a little interesting to those who are very passionate. With access to the Schueller Observatory and other UML resources, we are capable of holding big events, meetings, and trips to observe astronomical events and have a ton of fun! Make sure to sign up and let us get to know you!",Space Research and Technology,11-50 employees,Educational,"Lowell, Massachusetts, United States",United States,,https://www.linkedin.com/company/umlastronomyclub
Black Mesa Technologies LLC,"Black Mesa Technologies LLC is an innovation-driven engineering firm specializing in automotive diagnostics, embedded systems, and custom software and hardware solutions. We focus on reverse engineering, CAN bus communication, ECU calibration, and secure firmware development. In addition to our core automotive expertise, we support aerospace and national defense research through advanced prototyping, secure communications, and embedded control systems. Our mission is to redefine the limits of technology by delivering powerful tools for technicians, engineers, and developers across critical industries. With a strong foundation in real-world diagnostics and cutting-edge R&D, we bring precision, performance, and security to the forefront of automotive, aerospace, and defense applications.",Space Research and Technology,2-10 employees,Privately Held,"Wittmann, Arizona, United States",United States,blackmesatechnologies.com,https://www.linkedin.com/company/blackmesatechnologies
Team AA-Star,,Space Research and Technology,2-10 employees,Self Employed,"Redmond, Washington, United States",United States,,https://www.linkedin.com/company/team-aa-star
Nephelis Industries,We are building a mission to Venus. Join us!,Space Research and Technology,2-10 employees,Privately Held,"Salt Lake City, Utah, United States",United States,nephelisindustries.com,https://www.linkedin.com/company/nephelis-industries
Cidety,"Cidety specializes in aerospace harness design, manufacturing, avionics systems and cybersecurity solutions for satellite and space infrastructure.",Space Research and Technology,2-10 employees,Privately Held,"Salt Lake City, Utah, United States",United States,cidety.com,https://www.linkedin.com/company/cidety
Mach 30,Foundation for Space Development and Open Source Hardware,Space Research and Technology,Self-employed,Non Profit,"San Diego, California, United States",United States,mach30.org,https://www.linkedin.com/company/mach-30foundation
FarmEezy,"We are a growing startup based in the Tampa Bay Area currently in our product development phase.

We are addressing the issue of the lack of availability and affordability of fresh produce in the United States, further aggravated by the recent modernization of the food industry diminishing value and ultimately the motivation for Americans to seek out said fresh produce.

We are providing a solution to this growing crisis with our product line consisting of affordable home gardening appliances that allows adopters the potential to have a self-sustainable household growing their own fresh produce.

As part of our commitment to providing a comprehensive ""real"" solution in the sea of 'posers' and 'hustling' startups in the modern business era; our product is based on extensive agricultural research and licensed NASA patented space farming technology, which is being integrated by a team of world-class engineers into an IOT appliance managed by an accessible user interface that further gamifies and streamlines the user experience. This provides everything from harvesting & germination schedules to weekly meal prep and curated recipes for our exclusive patrons.",Space Research and Technology,2-10 employees,Partnership,"Tampa, Florida, United States",United States,farmeezy.org,https://www.linkedin.com/company/farmeezy
BresLink,,Space Research and Technology,Self-employed,Self Owned,"San Diego, California, United States",United States,breslink.com,https://www.linkedin.com/company/breslink
Quantum Engineering,We are a specialized team of aerospace engineers with expertise in systems and digital engineering. Our mission is to design innovative and secure satellite solutions. We are dedicated to turning your mission need into reality.,Space Research and Technology,2-10 employees,Privately Held,"Marina del Rey, California, United States",United States,quantumengineeringcorp.com,https://www.linkedin.com/company/quantum-engineering-corporation
Off by One,Building space stuffs. Want to know more? hello@offx1.com,Space Research and Technology,2-10 employees,Privately Held,"San Francisco, California, United States",United States,offx1.com,https://www.linkedin.com/company/off-by-one
Mirror Pair Ventures,,Space Research and Technology,51-200 employees,Privately Held,"Seattle, Washington, United States",United States,,https://www.linkedin.com/company/mirror-pair-ventures
Untracked Vessels,"Untracked Vessels (UV) builds, codes, and tests research vessels for planetary bodies and underwater exploration. Current and future projects in this company include Project Crater and Project Riptide. Project Crater will be a lunar mapping and research rover. Project Riptide, however, will be an underwater research vessel that studies and gathers data on the effects of climate change on the largest coral reefs in the world.",Space Research and Technology,2-10 employees,Privately Held,"San Jose, California, United States",United States,,https://www.linkedin.com/company/untracked-vessels
Solaino Technologies,"At Solaino Technologies, we are Driving Advanced Technology. We are at the forefront of technological innovation, providing cutting-edge services and products in cybersecurity, finance, nanosatellites, and AI. Our team’s global and interdisciplinary expertise allows us to deliver tailored advice and integrated solutions to our premium clientele across various sectors.

Solaino's comprehensive approach aims to address challenges, seize opportunities, and ensure the security of assets across various domains. By integrating transformative technologies, we are able to offer our clients the most advanced and forward-thinking tailored solutions that help them stay ahead in their respective industries.

Why Choose Us?
At Solaino, we deliver the transformative power of technology.
With our balanced approach, Solaino can deliver transformative products and solutions that not only push the boundaries of what is possible but also provide the necessary safeguards to protect clients' assets and ensure their long-term business and financial success.

Clients & Sectors: Solaino Technologies is a global provider, we understand the diverse needs and challenges of clients across different regions and industries. With a global perspective, Solaino is equipped to tailor its products and solutions to meet the specific requirements of clients worldwide. By understanding the unique dynamics of various markets, regulations, and cultural and political contexts, Solaino can deliver localized solutions that align with regional standards, regulations, and practices.

These are Some Examples of Main Client Sector Groups: 
Large Enterprises and Corporations - Financial Institutions - Government Agencies - Research Institutions and Academia - Healthcare Orgs. - International Orgs.

We have active members in various organizations including the AI Council at the World Economic Forum - WEF. 

info@solainotechnologies.com 
www.solainotechnologies.com
Delaware - Arizona - Florida (Miami) - Barcelona",Space Research and Technology,51-200 employees,Privately Held,"Miami, Florida, United States",United States,solainotechnologies.com,https://www.linkedin.com/company/solaino-technologies
Alternate Dimension Science and Technology,"Revolutionary rocket propellant, integrated
tangential propulsion system, LifeSaver
emergency survival kit and constant 
acceleration propulsion device for 
interplanetary and interstellar travel 
are just some of our inventions that will 
shape the future.",Space Research and Technology,2-10 employees,Privately Held,"Florida, Florida, United States",United States,science-dimension.com,https://www.linkedin.com/company/alternate-dimension-science-and-technology
Ophelia Aerospace,"The Ophelia project is the brainchild of creativity, dreams, and early aerospace innovations. Ophelia aims to make launch vehicles 100% eco-friendly while opening opportunities for minorities across California. A project that would have a positive impact on Earth.",Space Research and Technology,Self-employed,Self Owned,"Los Angeles, California, United States",United States,,https://www.linkedin.com/company/ophelia-aerospace
WAKAME,"WAKAME is an art intervention initiative, countering anthropocentrism by dancing in entanglement across species and temporalities. WAKAME intermedianauts celebrate more-than-humans in resistance to all borders. We float as we are rootless.",Space Research and Technology,2-10 employees,Privately Held,"New York, New York, United States",United States,,https://www.linkedin.com/company/wakamebeings
AirAI,"Our company harnesses cutting-edge AI to revolutionize the aerospace and aviation industries, enhancing safety, efficiency, and decision-making. Our innovative solutions ensure a smarter, more responsive, and reliable experience in air travel and beyond.",Space Research and Technology,2-10 employees,Privately Held,"Boston, Massachusetts, United States",United States,airai.tech,https://www.linkedin.com/company/airai-tech
VORDACO,An innovation company offering solutions and improvements across multiple industries,Space Research and Technology,2-10 employees,Privately Held,"Breinigsville, Pennsylvania, United States",United States,vordaco.com,https://www.linkedin.com/company/vordaco
Google Operator,Google Cloud Console Api Operator.,Space Research and Technology,Self-employed,Self Owned,"Bronx, New York, United States",United States,,https://www.linkedin.com/company/google-operator
Stellar Leap LLC,Providing expert consulting services supporting emerging technologies including Directed Energy and Space Control.,Space Research and Technology,2-10 employees,Self Employed,"Burke, Virginia, United States",United States,stellarleap.net,https://www.linkedin.com/company/stellar-leap-llc
Outer Space Inside,"Outer Space Inside is a Space Club nonprofit franchise that offers a template for franchisees to build a space club inside their community of choice. Holding a place for outer space, socialization, education, study, and exploration. Outer Space Inside, build out networks that support each franchise’s interest groups working to organize and provide larger systems resources for the benefit of the Outer Space Inside nonprofit franchises. Trying to ease the process of organizing and running a Space Club for community organizers from all walks of life.",Space Research and Technology,Self-employed,Non Profit,"Kansas City, Missouri, United States",United States,,https://www.linkedin.com/company/outerspaceinside
SPACEAIMS LLC,"SPACEAIMS  is a public policy consulting platform focused on space diplomacy. 
Our mission is to strengthen, support, and secure the foundations of space diplomacy. We equip decision-makers with expert insight, training, and tabletop exercises. 

Through our partnerships, we bring policy-relevant academic expertise direct to decision-makers worldwide through the A.B.E.T. platform:
Advise | Brief | Educate | Train  

We also run The Space Diplomacy Newsletter on Substack, here: https://spacediplomacy.substack.com/",Space Research and Technology,Self-employed,Self Owned,"Seattle, Washington, United States",United States,spaceaims.com,https://www.linkedin.com/company/spaceaims-llc
STX Orbital Inc.,"STX Orbital provides autonomous conjunction screening and persistent orbital monitoring for commercial satellite operators and university research programs.
STX Sentinel — Deterministic screening engine. Ingests TLEs or CCSDS CDMs, executes SGP4/SDP4 propagation, delivers risk classification with miss distance, TCA, and maneuver guidance.
STX Watchtower — Persistent monitoring. Scheduled scans, automated alerts, full event archival. Standing conjunction defense instead of reactive manual analysis.
Built as a 24/7 Flight Dynamics Officer for operators who can't staff one around the clock.
Standalone infrastructure. No platform lock-in. Full audit trail.
Veteran-owned. US-operated. Catalog sourced from U.S. Space Force 18th SDS via Space-Track.org.
stxorbital.com",Space Research and Technology,2-10 employees,Public Company,"Harrisville, Utah, United States",United States,stxorbital.com,https://www.linkedin.com/company/stxorbital
Astrolabe,Astrolabe is the human data infrastructure for spaceflight.,Space Research and Technology,2-10 employees,Privately Held,"Houston, Texas, United States",United States,astrolabespace.com,https://www.linkedin.com/company/astrolabespace
S.T.A.R(Space Transparency And Responsibility),"S.T.A.R. (Space Transparency & Responsibility) is a nonprofit initiative dedicated to advancing space sustainability through public engagement, interdisciplinary collaboration, and cultural change.

We believe space is more than a resource to be exploited. It is a shared environment that deserves stewardship and protection.

Through educational programs, public campaigns, research, workshops, and global partnerships, we bring together young specialists, artists, scientists, engineers, policymakers, and community members to address the growing challenge of orbital debris and promote responsible space practices.

Our mission is to cultivate a new generation of leaders who prioritize sustainability, cooperation, and long-term thinking in humanity's future beyond Earth.

Together, we choose to look above.",Space Research and Technology,2-10 employees,Non Profit,"New York, New York, United States",United States,spacesustainable.org,https://www.linkedin.com/company/s-t-a-r-space-transparency-and-responsibility
Rain City Space,"I've spent 25 years in the space industry in  engineering, program management, and business development roles across propulsion, small satellites, and launch services. I have a master's in mechanical engineering and a strong technical background in satellite propulsion.

I've managed R&D, development, and production programs ranging from tens of thousands to tens of millions of dollars, supporting both startups and established aerospace companies across contracts with commercial customers, NASA, the DoD, and the IC.

There are three ways I typically get pulled in:

Technology & Business Strategy Alignment — this is where I do my best work. I bring the technical depth to understand the hard science and the business instincts to know what it's actually worth, helping shape IR&D and technology development strategy around what customers actually need and are willing to pay for.

Winning Proposals and Business — proposal and capture strategy, customer outreach, proposal writing.

Short-Term Program ""Rescue"" — a program running off the rails, a failure investigation that needs decisive action. I help put out the fire and build a clean transition back to your team once things are running smoothly again.

I'm looking forward to helping your business grow next.",Space Research and Technology,Self-employed,Self Owned,"Lake Forest Park, Washington, United States",United States,raincityspace.com,https://www.linkedin.com/company/rain-city-space
"Aurora Government Group, LLC",Accelerating U.S. government market penetration for commercial dual use disruptive technologies.,Space Research and Technology,2-10 employees,Partnership,"Alexandria, Virginia, United States",United States,auroragovernment.com,https://www.linkedin.com/company/aurora-government-group-llc
Transwarp Space Technologies,A Space Startup in Kenya. Creating Technologies for the Next Frontier.,Space Research and Technology,2-10 employees,Government Agency,"Amissville, Virginia, United States",United States,,https://www.linkedin.com/company/virtualspace-inc
Nebulous Research Inc.,"Dedicated to supporting veterans and cleared personnel, Nebulous Research is a VSO organization that fosters innovation and collaboration to strengthen the defense of the United States. We partner with other VSOs to provide tailored career assistance, host impactful networking events, deliver technical training programs, and facilitate academic SBIR grant matching with organizations. By publishing critical research and findings, we contribute to advancing defense capabilities and ensuring national security. Our mission is to empower our service members and veterans through opportunities and resources that bridge military expertise with the latest advancements in technology and academia.",Space Research and Technology,11-50 employees,Non Profit,"Houston, Texas, United States",United States,nebulousresearch.com,https://www.linkedin.com/company/nebulous-research-inc
Life in Space,"Life in Space llega a Canarias como primer asentamiento dentro de su gira española a partir de diciembre y que estará ubicada en Magma Arte & Congresos de Tenerife.

The Exhibition Life in Space llega a Canarias como primer asentamiento dentro de su gira española y que estará ubicada en MAGMA Arte & Congresos de Tenerife hasta el 19 de marzo de 2023.",Space Research and Technology,11-50 employees,Partnership,"Canary Island, De, United States",United States,lifeinspace.es,https://www.linkedin.com/company/life-in-space
MPE Technology Corp.,Business Technology Solutions and Consulting,Space Research and Technology,Self-employed,Self Owned,"Miami, Florida, United States",United States,,https://www.linkedin.com/company/mpe-technology-corp
Blue Kalathi,"We have a multidiscipline group covering all FINTECH needs.

AETECH LAB   (Aerospace Energy Technology Laboratory) is a laboratory for researching and developing future technologies that adapt to the present.

IBC Investment Broker Club

Fractal Exchange, a Cryptocurrency platform

Reload N Pay a Borderless Financial Freedom platform.",Space Research and Technology,2-10 employees,Partnership,"Orlando, Florida, United States",United States,bluekalathi.com,https://www.linkedin.com/company/bluekalathi
Zero Astro,Fly high,Space Research and Technology,2-10 employees,Privately Held,"Santa Barbara, California, United States",United States,,https://www.linkedin.com/company/zero-astro
Tomorrow's Pixels LLC,"Mapping the stars is our passion, and imaging is at the heart of everything we do—from multiband space-based capture to the artistry and precision of silver halide emulsions. Now, we are pioneering a groundbreaking method for creating surface models in space, revolutionizing mapping and exploration.

We are excited to introduce a bold new future for space mapping, highlighted by our recently awarded **U.S. and International Patent**: **Moving Space-Based Datum System and Methods of Use**. This breakthrough underscores our dedication to advancing spatial intelligence and shaping the next frontier of discovery.

Tomorrow's Pixels is a privately held consulting firm specializing in space mapping and imaging solutions. With over 60 years of corporate expertise in geospatial mapping and visible-to-infrared imaging, Tomorrow's Pixels LLC has established itself as a leader across multiple sectors. Our extensive background spans Six Sigma Black Belt certification, SBIR Phase I & II awards, program management, systems design, and vertical market expertise—gained through engagements in government, commercial, and nonprofit industries.",Space Research and Technology,2-10 employees,Privately Held,"Columbia, South Carolina, United States",United States,tomorrowspixels.com,https://www.linkedin.com/company/tomorrows-pixels-llc
VehiSAT,"VehiSAT revolutionizes transport and logistics with cutting-edge technology. Our platform integrates AI-powered logistics, advanced GPS tracking, real-time data monitoring, engine control systems, and a comprehensive data analytic dashboard, all designed to optimize vehicle performance and enhance operational efficiency.",Space Research and Technology,2-10 employees,Partnership,"New York, New York, United States",United States,vehisat.com,https://www.linkedin.com/company/vehisat
YBSE Pre-Flight Inc.,"The Pre-Flight Initiative (Pre-Flight) is a nonprofit STEM education program founded in 2009. Grounded in the science of flight, we deliver mission-based learning that connects theory with real-world application. Participants build and test hypotheses, explore flight mechanics, and develop core competencies in physics, environmental science, and human safety. Through structured, multi-phase missions — including cockpit exploration, flight simulations, and robotics — students practice critical thinking, time management, and systems navigation.

Pre-Flight’s interdisciplinary approach leads to measurable outcomes: increased self-confidence, stronger collaboration skills, and a deeper appreciation for STEM. Our curriculum mirrors the scientific process and emphasizes transferable skills for academic and life success.

We don’t just teach science — we launch future explorers.",Space Research and Technology,51-200 employees,Non Profit,"Gaithersburg, Maryland, United States",United States,pre-flight.us,https://www.linkedin.com/company/ybse-pre-flight
Gaman Grp LLC,"GAMAN GRP LLC serves as an independent Design Authority for sovereign defense platforms. We provide the architectural governance, technical risk mitigation, and rigorous auditing required to ensure autonomous systems are interoperable, certifiable, and mission-ready. Our work is grounded in over 15 years of Naval R&D and mission-critical systems delivery—providing evidence-backed engineering, not promises.",Space Research and Technology,11-50 employees,Partnership,"St Petersburg, Florida, United States",United States,gamangp.com,https://www.linkedin.com/company/gaman-grp-llc
"Space Ops, Inc.","To unite industry leaders (big and small), academic institutions, government agencies, Arizona government leadership, and Arizona communities in classified environments to strengthen Arizona's space industry and safeguard our nation's capabilities.  We aim to inspire innovation, provide STEM education opportunities and foster the future space workforce by nurturing Arizona's future space enthusiasts by bringing economic development and academia together to create unique job opportunities in Arizona.",Space Research and Technology,11-50 employees,Non Profit,"Scottsdale, Arizona, United States",United States,spaceopsinc.org,https://www.linkedin.com/company/spaceopsorg-inc
Quantumlith,we help solve the impossible problems to save you millions!,Space Research and Technology,2-10 employees,Self Owned,"Logansport, Indiana, United States",United States,,https://www.linkedin.com/company/quantumlith
Skyborn Aerospace,"Skyborn Aerospace is pioneering advanced solutions for a sustainable future in space. We specialize in innovative technologies for active debris removal, on-orbit servicing, and space infrastructure development. Our flagship K-1 Kraken platform and Enhanced Electrostatic Adhesion System leverage cutting-edge robotics, high-performance materials, and electrostatic technologies to ensure a safer orbital environment. Skyborn Aerospace is dedicated to expanding humanity's presence in space through scalable, energy-efficient, and commercially viable technologies.

#SkybornAerospace #SpaceSustainability #OrbitalDebrisRemoval #SpaceInnovation #FutureInSpace",Space Research and Technology,Self-employed,Self Owned,"San Antonio, Texas, United States",United States,skybornaerospace.com,https://www.linkedin.com/company/skyborn-aerospace
Orbital OS,"The Operating System for Space Infrastructure

A unified control plane that turns satellite constellations into a resilient, schedulable compute fabric. The Kubernetes of orbital compute is here.",Space Research and Technology,2-10 employees,Privately Held,"Atlanta, Georgia, United States",United States,osorb.ai,https://www.linkedin.com/company/orbital-os
Next Martian,"Next Martian is an early-stage company pioneering the future of planetary engineering and resource utilization. We're developing groundbreaking open-source technologies including quantum-enhanced environmental intelligence, autonomous asteroid mining networks, and closed-loop life support systems, with the ambitious goal of enabling sustainable human presence beyond Earth while simultaneously addressing critical environmental challenges on our own planet.


Our core focus is building a robust Environmental Interaction Knowledge Graph (EIKG) framework, leveraging cutting-edge advancements in quantum computing, artificial intelligence, and advanced robotics. We are seeking seed funding to accelerate our research and development efforts and scale our open-source ecosystem.


Join us in shaping the future of humanity – one quantum leap at a time. Connect to learn more about our vision and explore opportunities to collaborate.",Space Research and Technology,2-10 employees,Privately Held,"Waterloo, California, United States",United States,nextmartian.com,https://www.linkedin.com/company/nextmartian
ExaMining LLC,Extraterrestrial mining solutions using terrestrial expertise and experience,Space Research and Technology,Self-employed,Self Owned,"Glendale, California, United States",United States,examiningll.com,https://www.linkedin.com/company/examining-llc
Galactic Ventures,Technologists,Space Research and Technology,2-10 employees,Privately Held,"Triangle, North Carolina, United States",United States,galacticventures.io,https://www.linkedin.com/company/galactic-ventures
HORIZON Committee,"The HORIZON Committee (Harnessing Opportunities in Research, Innovation, and Zonal Operations for Next-Gen Aerospace) is a student-led initiative at ASU that unites aerospace, aviation, and space-related efforts across campus. It fosters interdisciplinary collaboration, showcases innovation, and connects students with hands-on research, industry partnerships, and global engagement opportunities ￼.",Space Research and Technology,2-10 employees,Non Profit,"Tempe, Arizona, United States",United States,,https://www.linkedin.com/company/horizon-committee
Geoff Taylor,Welcome,Space Research and Technology,Self-employed,Self Owned,"Knoxville, Tennessee, United States",United States,,https://www.linkedin.com/company/fountain-city
Online shopping phone,Online shopping best phones,Space Research and Technology,Self-employed,Public Company,"Los Gatos, California, United States",United States,onlineshoppingphone.com,https://www.linkedin.com/company/onlineshoppingphone
Malenti,"Malenti develops next-generation models and software for understanding and predicting how signals behave across the space domain. As space operations move beyond low Earth orbit and into increasingly complex regimes, traditional assumptions about long-range propagation and sensing begin to break down. Our work focuses on correcting these gaps at the physical layer.

We build advanced propagation and analysis frameworks designed to improve tracking stability, signal interpretation, and communication fidelity for defense, civil, and commercial operators. By extracting more structure from the signals systems already generate, we enable higher-resolution awareness without requiring new platforms or hardware upgrades.

Our research explores subtle patterns and deviations in long-baseline electromagnetic behavior, with an emphasis on cislunar environments and deep-space operational contexts. These insights inform the development of our software engines, which support mission areas such as SDA, ISR, anomaly detection, and long-range optical/laser communications.

Malenti operates with a dual-use orientation and is registered as a U.S. government contractor (CAGE code on file). Our structure allows for integration with existing architectures while maintaining the flexibility needed for early-stage physics-driven development.

We maintain a low public profile by design. Our focus is on producing technically sound models, validating them against observable data, and delivering tools that enhance space-domain intelligence and communication performance where legacy models fall short.

Our mission:
Provide operators with a deeper, more accurate understanding of the signals that shape the space environment.",Space Research and Technology,Self-employed,Privately Held,"Naples, Florida, United States",United States,malenti.space,https://www.linkedin.com/company/malenti-space
Elliptical Spaceflight,"Here at Elliptical Spaceflight, we're revolutionizing suborbital spaceflight.
We have the goal of making access to suborbital spaceflight much cheaper than it is now.
While we might be starting small, we can guarantee this: it's only going to get bigger from here.",Space Research and Technology,Self-employed,Self Employed,"Space Coast, Florida, Florida, United States",United States,,https://www.linkedin.com/company/elliptical-spaceflight
Curious & Connected,Non profit organization focused on making positive difference through research and innovation.,Space Research and Technology,Self-employed,Non Profit,"Aurora, Illinois, United States",United States,,https://www.linkedin.com/company/curious-connected
Epsilon Defense Systems,⠀⠀⠀⠀⠀⠀⠀⠀⠀⠀⠀⠀⠀⠀⠀⠀⠀⠀⠀⠀⠀⠀⠀⠀⠀⠀⠀⠀⠀⠀⠀⠀⠀⠀⠀⠀⠀⠀⠀⠀⠀⠀⠀⠀⠀⠀⠀⠀⠀⠀⠀⠀⠀⠀⠀⠀⠀⠀⠀⠀⠀⠀⠀⠀⠀⠀⠀⠀⠀⠀⠀⠀⠀⠀⠀⠀⠀⠀⠀⠀⠀⠀⠀⠀⠀⠀⠀⠀⠀⠀⠀⠀⠀⠀⠀⠀⠀⠀⠀⠀⠀⠀⠀⠀⠀⠀⠀⠀⠀⠀⠀⠀⠀⠀⠀⠀⠀⠀⠀⠀⠀⠀⠀⠀⠀⠀⠀⠀⠀⠀⠀⠀⠀⠀⠀⠀⠀⠀⠀⠀⠀⠀⠀⠀⠀⠀⠀⠀⠀⠀⠀⠀⠀⠀⠀⠀⠀⠀⠀⠀⠀⠀⠀⠀⠀⠀⠀⠀⠀⠀⠀⠀⠀⠀⠀⠀⠀⠀⠀⠀⠀⠀⠀⠀⠀⠀⠀⠀⠀⠀⠀⠀⠀⠀⠀⠀⠀⠀⠀⠀,Space Research and Technology,51-200 employees,Privately Held,"Inglewood, California, United States",United States,epsilondefense.com,https://www.linkedin.com/company/epsilon-defense-systems
Livernut Mechanical,Scientific Instrument Design and Prototyping for all of your laboratory and field based needs.,Space Research and Technology,2-10 employees,Privately Held,"Claremont, California, United States",United States,livernut.com,https://www.linkedin.com/company/livernut-mechanical
Tychon AI,"Tychon AI designs advanced artificial intelligence (AI) and embedded vision systems for SWaP-constrained (Size, Weight, and Power) and mission-critical environments in space and defense. We specialize in radiation-tolerant FPGA deployments, AI-in-the-loop control systems, and optical navigation technologies. Our solutions are engineered for real-time inference, machine learning model optimization, and high-reliability performance in harsh environments where every watt and millisecond counts.",Space Research and Technology,2-10 employees,Privately Held,"New York, New York, United States",United States,tychonai.com,https://www.linkedin.com/company/tychon-ai
Eureka Websites Tech,"We specialize in custom tech services, offering solutions that are tailored to your unique needs.

 Remote Sensing  
 Data Science  
 Web & Software Development  
 Smart Gadgets & Automations",Space Research and Technology,2-10 employees,Self Owned,"Brooklyn, New York, United States",United States,eurekawebsites.tech,https://www.linkedin.com/company/eureka-websites-tech
Dynamics Control Analysis,Independent consulting services for dynamics and control system analysis for spacecraft.,Space Research and Technology,Self-employed,Self Owned,"Redondo Beach, California, United States",United States,dynamicscontrolanalysis.com,https://www.linkedin.com/company/dynamics-control-analysis
"Orbital Properties, LLC","Orbital Properties, LLC is an independent advisory focused on Space Station Licenses (FCC Part 25) / ITU-allocated GEO slot positions and coordinated radio frequency spectrum. Orbital advises satellite operators, investors, lenders, and related stakeholders on navigating regulatory obligations, milestone risk, market access, and market constraints. Founded by an experienced attorney and investor, Orbital helps clients protect, optimize, and monetize space assets.",Space Research and Technology,Self-employed,Privately Held,"Denver, Colorado, United States",United States,orbitalproperties.co,https://www.linkedin.com/company/orbital-properties-llc
Star Pilot Technology,"Star Pilot Technology is a company that is exclusively dedicated to the design and development of advanced spacecraft. The company is currently focused on designing the first-generation starfighter for the US Space Force and a luxury family-style starship for private clients.

The company's team of expert engineers, designers, and developers is committed to pushing the boundaries of technology and creating spacecraft that are both functional and aesthetically impressive. They have extensive expertise in advanced materials, propulsion systems, and aerodynamics, allowing them to create cutting-edge spacecraft that are at the forefront of the industry.
Overall, Star Pilot Technology is a leading aerospace company that is dedicated to designing advanced spacecraft for military and private clients. With a focus on innovation, expertise, and exceptional service, the company is well-positioned to help businesses and organizations achieve their goals in the aerospace industry.",Space Research and Technology,2-10 employees,Privately Held,"Salt Lake City, Utah, United States",United States,starpilottechnology.com,https://www.linkedin.com/company/star-pilot-technology
Non-Human Systems LLC.,We connect our customers with integrated solutions & predictive technologies.,Space Research and Technology,11-50 employees,Privately Held,"Delaware City, Delaware, United States",United States,,https://www.linkedin.com/company/non-human-systems-llc
Heavenly Music corporation,"All tension seeks release. All mysteries align towards being solved.  The past continues to exist in crystalline block time.  The Future is not ours to see.  Apply will, wait and see.  The past however is as alive as well as you can know it. Remote Viewing  is as easy as reading.  Trust your open mind.  They hide in the absurd. Listen to the wind. What does it tell you.  Make patterns out of static. Even math practices numerology.  Willpower is magic. Magic is willpower. Science is submissive to the mind and imagination.",Space Research and Technology,Self-employed,Self Owned,"Marshall, Texas, United States",United States,jazzres.im,https://www.linkedin.com/company/heavenly-music-corporation
Orbital Spark Systems,"OrbitSpark is a cutting-edge technology company that is revolutionizing space travel with its innovative launch system, OrbitLaunch. Our magnetic rail gun technology propels payloads into orbit without the need for traditional rocket fuel, making space launches more cost-effective and environmentally sustainable. Our team of expert engineers and scientists are dedicated to advancing the field of space exploration through our revolutionary technology. With OrbitLaunch, we are powering the future of space travel, making it more accessible and efficient for everyone.",Space Research and Technology,Self-employed,Self Owned,"Garland, Texas, United States",United States,orbitalsparksystems.com,https://www.linkedin.com/company/orbitalsparksystems
Radiant Space,"Radiant Space is a student-led aerospace organization dedicated to the development of next-generation rocket technology. Our mission is to engineer advanced, reliable, and innovative aerospace solutions – from sophisticated avionics systems and precision-engineered propulsion technologies to intelligent flight software and comprehensive ground control systems.

Driven by student innovation and interdisciplinary collaboration, Radiant Space empowers emerging engineers and technologists to tackle real-world aerospace challenges. Our team designs, builds, tests, and launches advanced rocket technologies, emphasizing hands-on experience, technical rigor, and a passion for exploration.",Space Research and Technology,2-10 employees,Privately Held,"Chapel Hill, North Carolina, United States",United States,,https://www.linkedin.com/company/radiantspace
Longstride Dynamics Company,"Longstride Dynamics builds the autonomy stack that connects humans, robots, and remote sensing into one operational fabric. We engineer adaptive EVA exoskeletons paired with immersive VR training to make astronauts stronger, safer, and more efficient in partial‐gravity environments, informed by model‐predictive control and intent‐aware sensing. Our field systems extend from human mobility to autonomous construction: coordinated swarms that excavate, transport, and assemble using in‐situ resources with safety‐constrained learning and fault‐tolerant decentralization. The same stack enables force‐adaptive manipulation with sub‐millimeter precision and energy‐aware autonomy that scales from a single robot to large, heterogeneous teams. Headquartered in Malvern, Pennsylvania, our team spans aerospace robotics, AI‐driven perception, embedded systems, and mechanical design—focused on mission impact over hype. We build for the realities of space—dust, radiation, latency, limited power—designing systems that degrade gracefully and recover quickly. From Earth infrastructure to lunar base construction, we turn research‐grade algorithms into field‐ready systems that let people and robots work together—safely, efficiently, and sustainably—on Earth and beyond.",Space Research and Technology,2-10 employees,Self Owned,"Malvern, Pennsylvania, United States",United States,,https://www.linkedin.com/company/longstride-dynamics-company
Exoclad,"At Exoclad, we are engineering the armor for humanity's expansion into the cosmos. The lethal radiation of deep space is the final barrier to long-duration missions, and we believe conventional materials are not the answer. We are pioneering a new class of multi-functional composites designed to create safe harbors for astronauts in the harshest of environments. Our mission is to develop the foundational technology that enables survival in deep space. We are forging the future of interplanetary travel.",Space Research and Technology,Self-employed,Privately Held,United States,United States,,https://www.linkedin.com/company/exoclad
AmeriSwiss,Corporate Advisor to Space Industry Brands; Growth Marketing Specialist,Space Research and Technology,2-10 employees,Privately Held,"Tampa, Florida, United States",United States,,https://www.linkedin.com/company/ameriswiss
SQAT project,"SQAT is a 3.5-year project, funded under the Horizon Europe Programme, that focuses on Implementing Smart Farming Applications using EO Data, Soil Sensors & Robotics.

SQAT's smart soil mapping service is a multi-level, multi-technology and multi-purpose solution. With a keen eye on markets and users, SQAT’s approach is designed to overcome today’s practical, technical and financial challenges to generate high resolution soil properties maps and demand-driven products like application maps for soil improvement or crop management, or compliancy proof for eco schemes. Our vision is that the integration of different technologies provides a flexible and agile service beating the unbundled alternatives that are now in the market: our in-situ sampling and/or sensoring is wrapped in a Copernicus-based artificial intelligence soil mapping product.",Space Research and Technology,11-50 employees,Partnership,"Novi, Michigan, United States",United States,sqat.farm,https://www.linkedin.com/company/sqat-project
Applied Plasma Technologies,"Applied Plasma Technologies (APT) is a leading research and development company specializing in plasma-assisted technologies. Founded in 2003 and headquartered in Marshall, VA, APT leverages over 40 years of expertise to provide comprehensive services from idea to prototyping, production, and worldwide maintenance.

Our team has over two centuries of combined experience in developing and manufacturing innovative plasma systems for gas turbines, boilers, nano-material synthesis, and more. We pioneered plasma ignition systems, enhancing reliability and safety for various applications, including aircraft engines.

Our latest breakthrough, the Transient Arc Plasma Torch, offers unparalleled electrode lifespan and operating range. Additionally, our next-generation ICP/RF plasma torches cater to high-pressure operations with power up to 200 kW, ideal for waste gasification, material synthesis, and surface modifications.
In 2022, we expanded our facilities in Marshall, VA, to include state-of-the-art production and testing buildings, supporting our commitment to advancing plasma technology.

Join us in empowering future innovations with plasma and nano technology!",Space Research and Technology,11-50 employees,Privately Held,"Marshall, Virginia, United States",United States,plasmacombustion.com,https://www.linkedin.com/company/applied-plasma-technologies
"Alpha Mission, Cornell Space Systems Design Studio","The Alpha mission is a research project under the larger Space Systems Design Studio at Cornell University. Developed by a team of largely undergraduate students, Alpha is a 1U CubeSat that deploys a free-flying retroreflective light sail equipped with four ChipSats (satellite-on-a-chip technology). Inspired by the Breakthrough Starshot Initiative to Alpha Centauri, the Alpha mission serves as a preliminary low Earth Orbit demonstration of technologies that enable next-generation capabilities for space exploration. In addition to the light sail payload, the CubeSat bus features secondary technology-demonstration goals of increasing the capability, responsiveness, and affordability of traditional nanosatellite system architectures. These include an entirely 3D printed bus, magnetorquer-only spin stabilization, comms through the Iridium Network, and an electrical system comprised of solely inexpensive COTS electronics. Alpha is also among the first exhibitions of holography in space, a medium that shows longer-term promise in several roles for interstellar travel.",Space Research and Technology,11-50 employees,Non Profit,"Ithaca, New York, United States",United States,cornell.edu,https://www.linkedin.com/company/cornell-alpha-cubesat-mission
L.E.T. Design Innovate,"The combination of design, education, and technology can be leveraged to create immersive learning experiences using VR, AR, and MR that promote equity and inclusion in learning spaces. These technologies can enable personalized and engaging learning experiences that adapt to the needs and preferences of individual learners, foster collaboration and social learning and create inclusive and equitable learning environments.",Space Research and Technology,Self-employed,Privately Held,"Chicago, Illinois, United States",United States,letdesigninnovate.org,https://www.linkedin.com/company/let-design-innovate
Stardust Redux,"From the stuff of stars, we’re building the future of space hardware, to benefit humanity. 

If you're in need of any of the following, we want to work with you:
- Separation Systems; ESPA, CubeSat, Stackable, Custom
- Launch Vehicle Adapter Structures
- Satellite Structures 
- Deployables; Solar Arrays, Antennas, Etc.
- Space Mechanisms; HDRMs, Pin Pullers, Reaction Wheels, Etc.
- Ground Support Equipment, Tooling, & Fixturing

We offer flexible buy or build options for whatever your situation.",Space Research and Technology,2-10 employees,Privately Held,"Burnsville, Minnesota, United States",United States,stardustredux.com,https://www.linkedin.com/company/stardust-redux-llc
Futura Space Group,"Your Space Sector talent partner.

Working with talented humans across the entire Space Sector.

Affiliate to Futura Energy Group & Futura Search Partners.",Space Research and Technology,2-10 employees,Privately Held,"Austin, Texas, United States",United States,futuraspacegroup.com,https://www.linkedin.com/company/futuraspacegroup
Axta Space Corporation,"Axta Space delivers integrated payload solutions for space communications. Our vision is to enable a space-based network of nodes that provide fiber-speed data connectivity. Our mission is to be the leading connectivity solution provider for new space. We integrate payloads for space-based radio-frequency and optical communications , serving major aerospace prime contractors and satellite operators. We are developing technology that will offer managed communications network services.",Space Research and Technology,2-10 employees,Privately Held,"Northern Virginia, Virginia, United States",United States,axta.com,https://www.linkedin.com/company/axta-space
Aerospace Medicine Commercial Spaceflight Committee,"Welcome to the Aerospace Medicine Commercial Spaceflight Ad-Hoc Committee, a sub-committee of the Aerospace Medical Association. Our organization dedicated to advancing the field of aerospace medicine through focused research on commercial spaceflight.

Our mission is to enhance the safety and well-being of commercial spaceflight participants by conducting rigorous research and developing best medical practices. We bring together experts from various disciplines to foster interdisciplinary communication and provide comprehensive viewpoints on the role of aerospace medicine in commercial spaceflight.

Key aspects of our work include:

Interdisciplinary Collaboration: Engaging with commercial space travel experts to ensure diverse perspectives and robust discussions on spaceflight medicine.

Scoping Review: Conducting thorough scoping reviews to identify areas needing further research and support ongoing studies in commercial spaceflight. These reviews are critical in guiding our research efforts and developing evidence-based medical practices.

Assessing Evidence for Guideline Development: Identifying and evaluating existing medical guidelines for commercial spaceflight participants, and offering recommendations for their design and implementation to ensure they meet the highest standards of safety and effectiveness.

Through our dedicated efforts, we aim to position the Aerospace Commercial Spaceflight Ad-Hoc Committee as an integrator in the field, contributing to the ongoing development and improvement of medical practices for the burgeoning commercial spaceflight industry. 

Join us as we explore the frontiers of space medicine and work towards a safer future for all space travelers. For membership https://forms.gle/FJdyL74VvNBwZKjK9",Space Research and Technology,11-50 employees,Non Profit,"Houston, Texas, United States",United States,,https://www.linkedin.com/company/aerospace-medicine-commercial-spaceflight-committee
Magna Petra Corp,"Magna Petra is the first lunar resources company engaged in the prospecting, extraction and return to earth of helium-3 isotopes from the lunar surface.",Space Research and Technology,2-10 employees,Privately Held,"Nashville, United States",United States,magnapetra.com,https://www.linkedin.com/company/magnapetra
"Desert Works Propulsion, LLC","Desert Works Propulsion is the first and only provider of spacecraft electric propulsion expertise as a service. 

The trusted name in electric propulsion, our team brings over 180 years of collective expertise to the forefront of enhanced mission performance. Our legacy is one of innovation and success, marked by a history of designing and developing electric thrusters for both NASA and commercial space applications. This extensive experience has led to groundbreaking achievements, firmly establishing us as leaders in the field. And we’re not done yet.

Today, our mission is to democratize high-performance spacecraft electric propulsion, making this expertise accessible beyond government entities. We’re dedicated to expanding access to this technology to our clients in the most efficient ways possible.

In the quest for interstellar achievement, speed is paramount. We’re your key to outpacing competition. Teaming up with the  industry leaders at Desert Works Propulsion not only saves you the time and resources of building an in-house team but also provides an unmatched competitive edge through our expertise, unattainable with internal resources.

Find out what we can do for you.",Space Research and Technology,2-10 employees,Privately Held,"Carrizozo, New Mexico, United States",United States,desertworkspropulsion.com,https://www.linkedin.com/company/desert-works-propulsion
DIONYSOS SATELLITE OBSERVATORY,"Dionysos Satellite Observatory (DSO) actively contributes to the teaching and research programs at the NTUA's School of Rural Surveying Engineering, specializing in geodesy and satellite geodesy. We foster collaborations with Greek and international research centers, academic institutions, and scientific bodies. DSO specializes in GNSS and DORIS research, with a focus on precise orbit determination. Operating a GNSS permanent station in Greece, we monitor crustal deformation and engage in satellite altimetry research. Additionally, our contributions extend to maritime geodesy and navigation through GNSS applications. 

DSO  has also established an automated processing system for daily analysis of all operational continuous GNSS stations in Greece. This ongoing analysis has provided valuable insights into Greece's intricate tectonic settings. Furthermore, the results of our analyses are actively contributing to EUREF's Densification Project, contributing to the development of a high-resolution European velocity field. #GNSSAnalysis #TectonicsResearch #GeodeticContributions

DSO also focuses on advancing precise orbit determination tools. This development caters to GSS and DORIS research, enhancing our capabilities in accurately determining satellite orbits. Additionally, our tools contribute to space awareness research, particularly aligning with programs such as the EU Space Surveillance and Tracking, promoting enhanced monitoring and understanding of objects in space. This innovation reflects DSO's commitment to pushing the boundaries of satellite technology and contributing to broader initiatives in space geodesy research. #OrbitDetermination #SpaceAwareness #ResearchInnovation",Space Research and Technology,11-50 employees,Educational,"Valier, Pennsylvania, United States",United States,ntua.gr,https://www.linkedin.com/company/dionysos-satellite-observatory
West Virginia Small Satellite Center,"The West Virginia Small Satellite Center (WVSSC) is dedicated to designing, developing, and operating small satellite (SmallSat) missions. Located in Morgantown, West Virginia, the WVSSC is a collaboration between West Virginia University and TMC Technologies and is part of the state’s growing aerospace industry.
We provide a wide range of services to support SmallSat missions, including research, design and development, testing and integration, and mission operations. The center’s team of experts works with clients to develop customized SmallSat solutions that meet specific mission requirements and offers training programs to help educate and prepare the next generation of space professionals.",Space Research and Technology,2-10 employees,Non Profit,"Morgantown, West Virginia, United States",United States,wvssc.org,https://www.linkedin.com/company/west-virginia-small-satellite-center
SFA San Diego,"Space Force Association – San Diego (SFA San Diego) serves as a vital bridge between the space and maritime communities in one of the nation’s most strategically important defense hubs. 

Situated at the intersection of space operations, naval warfare, and joint force integration, our chapter strengthens collaboration across the United States Space Force and the United States Navy, industry, and academia.


San Diego plays a unique role in the national security space enterprise, particularly through its deep operational ties to naval space systems and satellite communications. A prime example is the region’s longstanding connection to the Mobile User Objective System (MUOS) program, an essential capability enabling secure, beyond-line-of-sight communications for joint and coalition forces worldwide. MUOS exemplifies how space and maritime domains are operationally intertwined, with San Diego at the center of that integration.


SFA San Diego is committed to supporting Guardians and Sailors alike by fostering professional development, advancing public understanding of spacepower, and advocating for policies that strengthen assured access to space and joint warfighting superiority. Through events, partnerships, and community engagement, we ensure San Diego remains a cornerstone of America’s space and maritime advantage.",Space Research and Technology,Self-employed,Non Profit,"San Diego, California, United States",United States,ussfa.org,https://www.linkedin.com/company/sfa-san-diego
"Martian Sky Industries, LLC","Martian Sky Industries, LLC is dedicated to advancing the satellite servicing market through cutting-edge space robotics and AI/ML- driven solutions, enabling real-time decision-making and enhancing operational efficiencies for a sustainable future in space. Our unique approach allows for characterization of any observed object, enabling enhanced and trusted autonomy for docking and capture scenarios, such as servicing, refueling, or active debris remediation.",Space Research and Technology,2-10 employees,Privately Held,"Cleveland Heights, Ohio, United States",United States,martianskyindustries.com,https://www.linkedin.com/company/martian-sky
Bruin Spacecraft Group at UCLA,"BruinSpace at UCLA fosters a creative and supportive environment for space mission design and development. Our mission is to inspire enthusiasm for the aerospace industry through innovative space and spacecraft engineering projects. Our diverse teams, composed of students from all backgrounds and majors—including artists, physicists, business professionals, scientists, and engineers—are united by a common passion for space exploration.

Located near the heart of the aerospace industry in El Segundo, BruinSpace empowers UCLA students to apply their passion, skills, and innovation to ambitious real-world space challenges, making tangible impacts at UCLA.

At the core of BruinSpace are three hands-on aerospace projects:

• Project Rapid: Our flagship initiative provides a professional setting for students to develop, manufacture, and launch satellites, laying the foundation for future student space experimentation and research.

• Project Overseer: A quarterly project focused on high-altitude balloon payload development, offering an accessible platform for scientific experiments and technology demonstrations, and providing valuable skills for students with limited engineering experience.

• Forge: An education and development program dedicated to upskilling members through introductory workshops and specialized training, equipping them with essential skills to contribute effectively to projects.

Through these immersive projects and learning opportunities, BruinSpace prepares a skilled next generation of space pioneers. We promote space technology through engineering achievements and outreach, continuously advancing space capabilities and inspiring enthusiasm for the aerospace industry.

BruinSpace operates under the Mechanical and Aerospace Engineering Department at UCLA's Henry Samueli School of Engineering and Applied Science.

Join us at BruinSpace, where we are not just building the future of space exploration—we are making an impact here and now at UCLA.",Space Research and Technology,51-200 employees,Non Profit,"Los Angeles, California, United States",United States,bruinspace.com,https://www.linkedin.com/company/bruinspace
Aganitha Space Technologies Pvt Ltd,"""Aganitha"" (अगणित) is a Sanskrit word that means ""countless,"" ""infinite,"" or ""immeasurable."" It is derived from the root words ""a"" meaning ""not"" or ""without,"" and ""ganita"" meaning ""counting"" or ""enumerating."" So, ""aganitha"" refers to something that cannot be counted or measured, something vast or boundless.",Space Research and Technology,11-50 employees,Privately Held,"Texas, United States",United States,aganithaspace.com,https://www.linkedin.com/company/aganithaspace
Steward Observatory and University of Arizona Department of Astronomy,"Steward Observatory is both the century-old observatory on the campus of the University of Arizona and the name of one of the oldest research units of the University. Founded in 1918 through the generosity of Lavinia Steward and the efforts of Andrew Ellicott Douglass, the students, staff, and faculty of Steward Observatory explore the Universe together and share what we learn with the world through the production of scholarship and our educational and outreach efforts.",Space Research and Technology,201-500 employees,Educational,"Tucson, Arizona, United States",United States,arizona.edu,https://www.linkedin.com/company/steward-observatory
QuantumFrontier,"QuantumFrontier stands at the confluence of innovation, expertise, and vision. We are a global leader in the research, development, and commercialization of hyper-advanced technologies. Our mission is to bring to market transformative technologies that redefine the boundaries of what’s possible, serving both commercial enterprises and government entities across the globe.",Space Research and Technology,11-50 employees,Privately Held,"Stafford, Virginia, United States",United States,innovateqf.com,https://www.linkedin.com/company/quantumfrontier
NASA Space Apps Alexandria,"NASA Space Apps Alexandria is part of the largest global hackathon in the world NASA’s Space Apps Challenge. Hosted in Alexandria, Egypt, our local chapter brings together coders, designers, scientists, storytellers, and space enthusiasts to collaborate on real-world challenges using NASA's open data.

We are not only globally accredited by NASA but also proudly recognized locally by the Egyptian Space Agency. Our mission is to inspire innovation, creativity, and problem-solving by empowering youth, students, and professionals to develop solutions that impact Earth and beyond.",Space Research and Technology,11-50 employees,Non Profit,"Alexandria, Virginia, United States",United States,spaceappschallenge.org,https://www.linkedin.com/company/nasa-space-apps-alexandria
Astrocaria,"astrocaria provides services in mission operations, space construction and habitats, and propulsion. www.astrocaria.com",Space Research and Technology,2-10 employees,Privately Held,"Washington, Washington, United States",United States,astrocaria.com,https://www.linkedin.com/company/astrocaria
The Universe Reconnected,R&D Technology Company,Space Research and Technology,Self-employed,Self Owned,"Mill Neck, New York, United States",United States,,https://www.linkedin.com/company/the-universe-reconnected
Spatiam,"At Spatiam Corporation we envision the future of space communications: the Interplanetary Internet - a reliable, efficient, and adaptive Commercial Space Network that will connect humans and science everywhere.

Our aim is to become the leading Interplanetary Internet Service Provider, supporting a growing set of assets, partners and scenarios to build the space economy, and support the science necessary to augment our understanding of the universe.

To learn more about us, visit www.spatiam.com",Space Research and Technology,2-10 employees,Privately Held,"Allen, Texas, United States",United States,spatiam.com,https://www.linkedin.com/company/spatiam-corporation
Space Technology Series | CEI Publications,"Space Technology Series, published by CEI Publications, provides aerospace and astronautics educational resources that advance the practice of space systems engineering.

For more than 30 years, CEI has developed over 30 reference books and textbooks focused on the practical “how-to” aspects of designing, developing, and operating space systems. These resources support education, professional training, and workforce development across universities, government agencies, and the aerospace industry.

Our mission is to bridge the gap between academic theory and real-world aerospace applications through industry-relevant content that prepares students and professionals for success in the evolving space sector.

Through textbooks, digital learning resources, training courses, and curriculum support, we help learners build expertise in:
• Spacecraft Design & Engineering
• Space Missions & Operations
• Systems Engineering
• Orbital Mechanics
• Space Environment & Space Weather
• Human Spaceflight
• Aerospace Project Management
• Space Domain Awareness
• Space Systems Architecture & Mission Analysis

The series is guided by Dr. Wiley J. Larson, President and CEO of CEI Publications and a globally recognized leader in space systems engineering. A former U.S. Air Force officer, he served as a spacecraft engineer, launch controller, flight test engineer, and program manager before teaching at institutions including the U.S. Air Force Academy, TU Delft, TU Graz, Stevens Institute of Technology, and the International Space University.

As founder of the Joint NASA–DoD Space Technology Series, Dr. Larson coordinated hundreds of experts to create more than 25 award-winning books and tools that have helped shape space systems education and practice worldwide.

Space Technology Series is committed to developing the next generation of aerospace professionals and strengthening the global space workforce through practical, high-quality educational resources and training solutions.",Space Research and Technology,2-10 employees,Privately Held,"Colorado Springs, Colorado, United States",United States,spacetechnologyseries.com,https://www.linkedin.com/company/cei-publishing-space-technology-series
Magnetar Space,Group of engineers based across the United States working to build and test rocket propulsion devices. We are focused on pushing boundaries of development times and rocket engines.,Space Research and Technology,2-10 employees,Self Employed,"Cleveland, Ohio, United States",United States,magnetarspace.com,https://www.linkedin.com/company/magnetar-space
Arinna,"Arinna is building the energy layer for the space economy with ultralight solar platforms. 

Delivering up to 10x higher power density and intrinsic radiation resilience, Arinna's solar technology enables more power per launch, more capable spacecraft, and longer-lived assets.",Space Research and Technology,2-10 employees,Privately Held,"South San Francisco, California, United States",United States,arinna.xyz,https://www.linkedin.com/company/arinna
Neumann Nexus,"At Neumann Nexus, we believe the future of Artificial Intelligence belongs to the people who use it every day: the operator, the clinician, the analyst, the pilot, the consumer. We build solutions to expand what they are capable of, on Earth and in space. Founded on the principles of psychophysics, cognitive engineering, aerospace and deep space exploration, we design and implement AI systems for the environments where performance matters most.

The infrastructure of AI systems is too often built for the people who understand it, rather than the people who depend on it. Drawing on over a decade of experience in human factors engineering, AI, and advanced system design, Neumann Nexus starts with the operator and builds outward. Our work spans human space exploration, aerospace, advanced air mobility, and human performance, where we deliver tailored AI systems that are intuitive, ethical, and matched to how people actually perceive, decide, and act.

What sets us apart is our commitment to collaboration. We bring together experts from NASA, AI/ML, neuroscience, and aerospace engineering to solve problems no single discipline can. From adaptive AI systems for extreme environments to user-centered frameworks for business intelligence, our solutions are grounded in science and driven by purpose.

Neumann Nexus is more than a tech start-up. We are pushing forward a movement, the path less traveled, to ensure AI technology works in harmony with humanity. Whether you're navigating uncharted territory or optimizing existing processes, Neumann Nexus is here to guide you toward an AI-powered future that's as intelligent as it is human.",Space Research and Technology,2-10 employees,Non Profit,"Washington, Washington, United States",United States,inthenexus.tech,https://www.linkedin.com/company/neumann-nexus
"Sirius Technologies, Inc.",Space vehicle manufacturer and service provider aiming to make space accessible to everyone by 2040.,Space Research and Technology,2-10 employees,Privately Held,"Boulder, Colorado, United States",United States,sirius.inc,https://www.linkedin.com/company/siriusspace
CyberRTS,"Our advanced simulation platforms empowers individuals and organizations to replicate critical aerospace infrastructure, unify existing infrastructure, and simulate realistic operational scenarios for collaborative, cross-domain training. This accelerates mission success across the entire mission lifecycle, both on the ground and in orbit.",Space Research and Technology,2-10 employees,Privately Held,"Aurora, Colorado, United States",United States,,https://www.linkedin.com/company/cyberrts
New York Consortium for Space Technology,"The New York Consortium for Space Technology Innovation and Development (NYCST), led by Cornell University, is an agile, mission-driven collaboration that establishes a centrally located nexus for space-related education, infrastructure, expertise and capabilities aimed at catalyzing transformative growth in education, space technology, advanced manufacturing, and supply chain capabilities.  

Designated as a Defense Manufacturing Community under the Defense Manufacturing Community Support Program (DMCSP), NYCST bolsters innovation in space technology, supports small businesses, and addresses critical skills gaps in the sector. Development programs span four core domains — education & workforce development, facilities access, R&D and small business assistance.

Distinctives of NYCST are its collocation with the Air Force Research Laboratory Regional Research Hub, the Cornell Center for Materials Research (CCMR) and Cornell University’s research capabilities that include one-of-a-kind facilities for materials science, nanofabrication, spacecraft development, testing and on-orbit operations, and the Cornell High Energy Synchrotron Source (CHESS), a strategic national security asset and 1 of 5 facilities of its type in the world.",Space Research and Technology,2-10 employees,Partnership,"New York, United States",United States,nycst.org,https://www.linkedin.com/company/nycst
MKGT Quantum Aerospace,"A $100B+ Global Opportunity. The UAE's Sovereign Supply is Here.

The global demand for satellites is exploding—from Earth observation and telecom to border security and climate monitoring. The MENA region alone spends over $800M annually on satellites.

Yet, until now, the entire region has relied on foreign-built assets.

MKGT is changing that. We are the first and only licensed satellite manufacturer in the UAE, ready to tap into regional contracts and global export opportunities.

Governments are spending billions on space. Now, they have the option to build their assets, not just buy them. We are enabling sovereignty, security, and strategic independence..",Space Research and Technology,11-50 employees,Privately Held,"Shanksville, Pennsylvania, United States",United States,mkgt.space,https://www.linkedin.com/company/mkgt-em
UChicago Space Program,"SEDS is an international student organization whose purpose is to promote space exploration and development through educational and engineering projects. SEDS is fostering the development of future leaders and contributors in the expanding space industry. 
The University of Chicago’s SEDS Chapter was founded in 2018 and has since become the premiere RSO for students looking for experience and careers in astrophysics, engineering, and aerospace.
UChicago SEDS is currently undertaking two major projects: NASA’s CubeSat Challenge and High Power Rocketry.  Interested in joining either of these?  Contact us today!",Space Research and Technology,11-50 employees,Non Profit,"Chicago, Illinois, United States",United States,uchicagospaceprogram.org,https://www.linkedin.com/company/uchicago-sp
Vedspace- A Visionary leap into the future,"""VEDSPACE - VLF"":

Welcome to VEDSPACE - VLF, an innovative space organization at the forefront of inspiring the next generation of astronomers and space enthusiasts. Rooted in the mission to blend technology and education seamlessly, VEDSPACE - VLF is currently developing groundbreaking initiatives, with a primary focus on collaboration with schools and colleges.

At the heart of our endeavors lies the Astronomy Kit Project, a visionary venture aimed at equipping educational institutions with cutting-edge kits designed to ignite curiosity and foster hands-on learning. Crafted by VEDSPACE - VLF, these kits encompass state-of-the-art telescopes, celestial maps, augmented reality apps, and interactive learning modules, providing students with a comprehensive and engaging exploration of the cosmos.

We take pride in our commitment to collaborative education. VEDSPACE - VLF actively partners with schools and colleges globally to integrate the Astronomy Kit into existing curricula. Our organization understands the pivotal role of practical experience in cultivating a deep understanding of astronomy, and these kits are meticulously designed to facilitate both individual and group learning experiences.

As advocates for diversity and inclusion in STEM fields, VEDSPACE - VLF sponsors workshops, seminars, and outreach programs to enhance the educational journey. We envision a future where students from all backgrounds can discover the wonders of the universe and develop a profound passion for space science.

Under the banner of VEDSPACE - VLF, we are not just building astronomy kits; we are shaping the future of space education. With our name synonymous with innovation and education, we are poised to make an enduring impact on the landscape of astronomy and inspire generations to come.",Space Research and Technology,Self-employed,Self Employed,"Indiana, United States",United States,,https://www.linkedin.com/company/vedspace-vlf
Taurus Space,"Taurus Space specializes in developing autonomous systems that provide real-time space situational awareness and multi-domain Command and Control (C2) capabilities. Our mission is to safeguard the space domain and empower operators with decision advantage by leveraging predictive modeling and data fusion. We support satellite operators, defense agencies, and commercial space enterprises with solutions designed to enhance mission safety and drastically reduce decision time.

Our core capability is the Network Management Dashboard, a C2 platform that solves the critical problem of data silos. It fuses real-time space telemetry with multi-domain tactical data, including air, land (Link 16), and sea tracks, into a single Common Operating Picture (COP). Our Intelligent Relevancy Engine automatically declutters the view to show only mission-relevant assets, providing commanders with the immediate, context-aware situational awareness needed for proactive asset management.

Additionally, we provide network monitoring and orchestration from space to ground, ensuring mission planners and commanders proactively ensure the most resilient comms path. 

Taurus Space's key differentiator is our data-driven, AI-first approach to both space safety and tactical C2. Our systems are secure, scalable, and designed for seamless integration, providing a holistic solution to ensure space superiority and mission success.",Space Research and Technology,2-10 employees,Privately Held,"San Diego, California, United States",United States,taurusspace.com,https://www.linkedin.com/company/taurusspace
Roca Defense & Systems,"Roca Defense & Systems Corporation
Developer of Unmanned Systems | Operational Architectures & Cognitive Defense Technologies

Roca Defense & Systems Corporation designs and develops multi-domain operational architectures and unmanned systems for defense, security and critical infrastructure environments.

At the core of the company’s approach is a sensor-agnostic operational framework capable of integrating aerial platforms, ground systems and heterogeneous data sources into a unified decision and execution layer. This allows operations to transition from detection to coordinated, real-time response across complex environments.

The company develops its own ecosystem of platforms and systems, structured around a central operational logic designed to interpret data, prioritize events and orchestrate actions under human-supervised decision models.

Roca Defense operates through an international structure connecting development, industrial and operational capabilities across North America and Latin America, enabling scalable deployment and rapid adaptation to different operational contexts.

When required, the company integrates selected external technologies as part of broader architectures defined and controlled at system level, ensuring coherence, interoperability and long-term operational independence.",Space Research and Technology,2-10 employees,Privately Held,"Ulster Park, New York, United States",United States,rocadefense.com,https://www.linkedin.com/company/rocadefense
Lunexus Space,Lunexus Space is a pre-seed venture focused on powering the orbital manufacturing ecosystem by recycling and remanufacturing satellites in space from the materials bound up in the ever growing mass of orbital debris.,Space Research and Technology,2-10 employees,Self Owned,"Denver, Colorado, United States",United States,lunexus.space,https://www.linkedin.com/company/lunexus
Trinity Space Technologies,"Trinity Space Technologies is a UK-based space startup developing software to reduce the time and resources required to find, win and manage institutional contracts.

Founded by an ambitious, multidisciplinary team our mission is to reduce the barriers to development for space organisations throughout the world, for the benefit of humanity.",Space Research and Technology,2-10 employees,Privately Held,"Southampton, Massachusetts, United States",United States,trinity-st.com,https://www.linkedin.com/company/trinity-space-technologies
Alkaline Group (UoB),"We research Atomic Clock Physics and Quantum Enabled Radar at the University of Birmingham. Some of our research projects include:
- Iq clocks
- Long Range Interaction of light scattering from Ultracold Sr atoms 
- Space Optical Clocks 
- Quantum Enabled Radar
- MoSaiQC
- ICON
- Transportable
- Mystique
-Possible!
We are a member of the UK Quantum Technology Hub. Our aim is to assist our industry partners in bringing quantum technologies out of the lab and into real-world applications.

Find out more about our updates via our posts here, or via our website at: https://www.strontium-birmingham.org/",Space Research and Technology,11-50 employees,Educational,"Birmingham, Alabama, United States",United States,strontium-birmingham.org,https://www.linkedin.com/company/alkaline-team
Black Sand Solutions,"Black Sand Solutions is a service-disabled veteran-owned small business delivering technology solutions for space, aerospace, and maritime domains. Our team leverages AI/ML pipelines, custom software development, and scientific research to tackle the most complex challenges faced by government and commercial partners.

Our Mission
To enhance mission readiness and operational efficiency by providing tailored, innovative, and reliable solutions that bridge technology and mission critical applications.",Space Research and Technology,2-10 employees,Privately Held,"Kahului, Hawaii, United States",United States,blacksandsolutions.com,https://www.linkedin.com/company/black-sand-solutions-llc
Central Texas Spaceport Development Corporation,,Space Research and Technology,2-10 employees,Non Profit,"Cedar Park, Texas, United States",United States,centraltexasspaceport.com,https://www.linkedin.com/company/central-texas-spaceport-development-corporation
UMD Space Systems Laboratory,"The Space Systems Laboratory (SSL) is part of the Aerospace Engineering Department and A. James Clark School of Engineering at the University of Maryland in College Park, Maryland. A leader in the area of astronautics, the SSL is centered around the Neutral Buoyancy Research Facility, a 50-foot diameter, 25-foot deep water tank that is used to simulate the microgravity environment of space. The only such facility in the world housed at a university, the SSL's neutral buoyancy tank is able to be used for undergraduate and graduate research alike. Research at the SSL emphasizes space robotics, human factors, applications of artificial intelligence and the underlying fundamentals of space simulation.",Space Research and Technology,11-50 employees,Non Profit,"College Park, Maryland, United States",United States,umd.edu,https://www.linkedin.com/company/umdssl
Luthien SpaceTM,"As lunar activity accelerates, agencies and commercial partners will need normalized, governed, scientifically validated, and interoperable data foundations to derisk missions, optimize site selection, adjust resource planning, and efficiently deploy infrastructure.

 

Luthien Space is building this foundation. Our initial focus is lunar surface intelligence, beginning with Lunar Surface Risk Reports and followed by Lunar Resource Reports. These products also begin building in parallel the Luthien Space Data LibraryTM, a secure, provenance-aware, decision-focused data foundation designed to grow into secure federated SaaS instances, later API-enabled interoperability, and ultimately broader commercial-space intelligence infrastructure. Our central thesis is simple:

Before humanity can sustainably build on the Moon, we must understand the lunar surface and derisk the mission.
Recognizing Risk comes first.
Resource intelligence follows.
These products create our data foundation.
 

Our Luthien Space multidisciplinary team has decades of expertise delivering white glove enterprise products and services across technology, security, and science. We are poised to solve the lunar surface intelligence bottleneck for agencies and partners planning missions to the Moon.",Space Research and Technology,11-50 employees,Self Owned,"Covington, Georgia, United States",United States,luthien.space,https://www.linkedin.com/company/luthien-space
"Narravity, Inc.","At Narravity, we believe the space industry doesn’t have a payload shortage. It has an integration problem.

Every payload is different. Every launcher has different interface requirements. And too much of the industry still runs on custom work, duct tape, and one-off engineering.

The result? Slower launch cadence, underutilized capacity, and operational bottlenecks that hold the industry back.

Narravity is solving this through its patented payload integration technology — a standardized, modular integration architecture designed to simplify how experiments and payloads get to space.

Our goal is simple: help launch providers increase cadence, help spaceports streamline operations, and help researchers and commercial customers access microgravity faster, more affordably, and more frequently.

Because the future of space won’t be built on one-off integrations.
It will be built on repeatable infrastructure.

Standardization enables cadence.
Cadence makes space universal.

We’re just getting started. Get in touch to learn more.",Space Research and Technology,2-10 employees,Privately Held,"Pittsburgh, Pennsylvania, United States",United States,narravity.io,https://www.linkedin.com/company/narravity
Arusha Space,"ARUSHA SPACE, LLC is a pioneering aerospace company dedicated to revolutionizing space missions with intelligent and trusted AI systems, enabling autonomous exploration, real-time decision making and unprecedented mission efficiency. We develop innovative cutting-edge AI solutions and machine learning algorithms to enhance autonomy, optimize operations and accelerate discoveries.  Headquartered in Houston, Texas, Arusha Space is at the forefront of innovation in the space industry, partnering with US government civil and defense space agencies and commercial companies. 

Arusha  brings together an experienced team of aerospace and AI experts with proven track record of leading change and delivering results in the space sector. 

>> SBA WOSB certified

SOLUTIONS
	Lunar, Earth and Planetary AI-driven geospatial analytics 
	Autonomous navigation, surface and mission planning
	Data Engineering, Remote Sensing and GIS
	Real-time anomaly detection and decision-making support


UEI: MX12DRD554S4
CAGE: 9SCL8

NAICS Codes: 
541715
541370
541330
541512
541619
541990

Key Differentiators:
--- Adaptive Tools and Platforms
--- Customized Solutions
--- Depth of Team Expertise
--- Agile Processes
--- Talent pipeline of AI/ML engineers and geospatial experts",Space Research and Technology,2-10 employees,Privately Held,"Houston, Texas, United States",United States,arushaspace.com,https://www.linkedin.com/company/arushaspace
Colorado Center for Astrodynamics Research,"The Colorado Center for Astrodynamics Research (CCAR) is dedicated to the study of astrodynamics and the application of satellites to science, navigation, and remote sensing of the Earth and planets.",Space Research and Technology,51-200 employees,Non Profit,"Boulder, Colorado, United States",United States,colorado.edu,https://www.linkedin.com/company/colorado-center-for-astrodynamics-research
Skybound Medtech,"Skybound is building Texas’s first large-scale, dual-use space-medical technologies company. We develop the medical infrastructure needed to keep humans healthy during long-duration spaceflight while delivering high-value clinical and defense applications on Earth. Our mission is to create transformative medical devices, digital-health platforms, and medical-manufacturing capabilities that enable sustained human presence in space and establish a new industrial engine for Houston and the State of Texas.

Skybound operates as a technology developer, manufacturer, and commercialization engine: we run research programs, build manufacturable medical devices and platforms, launch spinouts, and attract investment to Texas. Skybound will create hundreds of new jobs and to found a new dual-use medtech economic sector that diversifies and grows Houston’s space and life-sciences economy.

Our work directly supports Texas’s role as a national hub for human spaceflight (centered on Johnson Space Center and Houston) and contributes to the state’s broader aerospace, life-science, and space-operations ecosystem. This effort strengthens Texas’s workforce, federal partnerships, and commercial leadership in human space systems.

Our core purpose is to remove the physiological limits on long-duration human presence off-planet by delivering the medical infrastructure and products necessary to keep people healthy in space. In doing so, we will create a scalable, high-value industrial cluster in Texas that serves space exploration, national defense, and civilian clinical markets—creating jobs, attracting federal and private capital, and positioning Texas as a leader in the emerging trillion-dollar space economy.",Space Research and Technology,2-10 employees,Privately Held,"Houston, Texas, United States",United States,skyboundmedtech.com,https://www.linkedin.com/company/skybound-medtech
Dohme X,Welcome to dohme x,Space Research and Technology,"10,001+ employees",Privately Held,"Santa Clara, California, United States",United States,,https://www.linkedin.com/company/dohme-x
SC Solutions,"SC Solutions are leaders in space innovation. With a rich space heritage, we set out to create the most comprehensive, integrated earth intelligence platform for the commercial market. We developed Precision Analytics from Earth Observation technology as a solution, and developed I-Sat as the main platform.

SC Solutions enables anyone to access the most comprehensive earth observation data sets available from U.S. and partner country satellites and derive valuable insights from cutting-edge analytics.

Dedicating to serving the needs of the commercial market, SC Solutions’ analytics target use cases in agriculture, forestry, mining, environment and sustainability, and asset management - and we are only just beginning to unlock the potential of earth observation data for the commercial market.

Contact our team to learn what next level earth intelligence can do for your business.",Space Research and Technology,2-10 employees,Privately Held,"Washington, Washington, United States",United States,scsolutions.ai,https://www.linkedin.com/company/scspacesolutions
inspireFly at Virginia Tech,"Our Mission:
inspireFly is a Virginia Tech undergraduate student design team that designs and develops novel small satellites which presents a unique style of access to space grade engineering and industry level experience for our students

Our Vision:
We will present diverse, quickly-accessible, and affordable outer space opportunities to all individuals through CubeSats and other small satellites while expanding capabilities in the space environment through our commitment to inspire, pioneer, and diversify.

Our Values:
Inspiration | Diversity | Effectiveness | Ambition | Sincerity",Space Research and Technology,51-200 employees,Educational,"Blacksburg, Virginia, United States",United States,inspireflyvt.org,https://www.linkedin.com/company/inspirefly
Landstronaut,"Landstronaut competitively provides products and services for all interests of Human Performance Enhancement (HPE) and Survivability from Land to Space. We focus on radiation detection, protection, and reduction in extreme and exploratory environments for commercial and military use.",Space Research and Technology,11-50 employees,Privately Held,"District Of Columbia, Washington, United States",United States,landstronaut.com,https://www.linkedin.com/company/landstronaut
UC CubeCats,"UC CubeCats is a student-led research lab founded in 2015 within the Department of Aerospace Engineering and Engineering Mechanics (AEEM) at UC's College of Engineering and Applied Sciences (CEAS). Our primary goal is to provide students a team-based opportunity to positively impact the scientific community and the University of Cincinnati, as well as advance their professional careers through education and experience in spacecraft development. Members of our organization can gain experience designing, building, and operating flightworthy aerospace systems (specifically CubeSats and High-Altitude Balloons), network with industry professionals through conferences and collaborations, and apply concepts learned in the classroom to real-world projects.",Space Research and Technology,11-50 employees,Educational,"Cincinnati, Ohio, United States",United States,github.io,https://www.linkedin.com/company/uc-cubecats
WrapDrive,"Welcome to WrapDrive - your cosmic compass! Here, we explore the mysteries of the universe and the cutting-edge of space technology.
From the enigmas of outer space to the latest tech trends, we uncover it all. Join us as we voyage through the cosmos, shedding light on the unknown and pushing the boundaries of what we know. At WrapDrive, the truth is out there, and we're on a mission to find it!",Space Research and Technology,2-10 employees,Privately Held,"San Francisco, California, United States",United States,,https://www.linkedin.com/company/wrapdrive-tech
Next-Generation Suborbital Researchers Conference,"Interested in flying (or conducting!) experiments on commercial suborbital vehicles?  The Next-Generation Suborbital Researchers Conference is THE suborbital meeting for researchers & educators. Broomfield, CO, Feb. 27 - March 1, 2023",Space Research and Technology,11-50 employees,Privately Held,"Broomfield, Colorado, United States",United States,swri.edu,https://www.linkedin.com/company/next-generation-suborbital-researchers-conference
Space Technologies Limited,"Space Technologies (SpaceTech) Limited is a forward-looking technical consultancy service for space dedicated to expanding  with the growing space sector through, engineering support opportunities, and research technology development. SpaceTech Limited bridges the gap between commercial and military operations capabilities for space.",Space Research and Technology,2-10 employees,Privately Held,"Alexandria, Virginia, United States",United States,spacetech.ltd,https://www.linkedin.com/company/space-technologies-ltd
EarthCast Technologies,"EarthCast Technologies, a commercial terrestrial and space weather technology company, offers real-time global Earth system monitoring and prediction - providing mission critical environmental intelligence products, systems, and services to worldwide clients who require high-end, innovative solutions for difficult environmental challenges. 

EarthCast combines global satellite observations with cutting edge prediction technology using highly specialized super computers, to produce high resolution monitoring and prediction data for the entire Earth system.

The end result is that EarthCast can produce extremely high resolution predictions for any place on the globe - in real time. This information, specifically designed for decision making, provides a truly global-to-local capability allowing you to prepare for what is coming, instead of just responding to it.

Environmental Modeling Data Solutions:
• Global & Hyperlocal Predictions
• Lower Atmosphere
• Upper Atmosphere & Space
• Hydrology, Land & Sea
• Defense & Government
• Aviation & Aerospace
• Space Weather
• Ground Transportation
• Emergency Management
• Maritime
• Environmental Change
• Agriculture
• Energy",Space Research and Technology,11-50 employees,Partnership,"Greenville, United States",United States,earthcastdemo.com,https://www.linkedin.com/company/earthcast-technologies
"The Mars Society at Thunderbird School of Global Management, ASU","As an extension of The Mars Society, we're dedicated to educating the public, media, and policymakers on the benefits of exploring Mars and the necessity of a sustainable human presence there. This chapter is also focused on highlighting the growing opportunities in the global space industry, cutting across management and the technical workforce development",Space Research and Technology,2-10 employees,Educational,"Phoenix, Arizona, United States",United States,,https://www.linkedin.com/company/the-mars-scoiety-tbird-chapter
M Technical Services,"Advanced professional services to help the Department of Defense and other government agencies proactively solve complex security problems.
     • Systems Engineering & Integration
     • Strategy, Program & Business Support
     • Logistics Management & Technical Services
     • Engineering Test Management
     • Information Technology & Assurance
     • Advanced Technology Insertion",Space Research and Technology,11-50 employees,Privately Held,"McLean, Virginia, United States",United States,m-tech.us,https://www.linkedin.com/company/m-technicalservices
ASTRA Lab,"Besides following us here, you can also follow our Instagram, where our students post about their work and day-to-day experience: https://www.instagram.com/astralabucf/",Space Research and Technology,11-50 employees,Educational,"Orlando, Florida, United States",United States,,https://www.linkedin.com/company/astra-lab-ucf
Missouri S&T Satellite Research Team,"As a team of driven Missouri S&T students, we are passionate about designing, building, and launching satellites that push the boundaries of our knowledge of spacecraft design  . From researching new missions to testing intricate mechanics, we are constantly working to make our dreams a reality! Follow along as we work on three satellite missions: M^3, MR & MRS, and MC-1. #solvingfortomorrow #minernation #3...2...1...M-SAT",Space Research and Technology,11-50 employees,Educational,"Rolla, Missouri, United States",United States,,https://www.linkedin.com/company/missouri-s-t-satellite-research-team
Liberty Rocketry,"Liberty Rocketry's mission is to train world-class engineers that are also rich with the love of Christ. The members of our team are willing to take valuable hours out of their week, despite their not-so-easy engineering courses, to innovate, design, and build high-power rockets for the purpose of accomplishing that mission. We compete in the world's largest Intercollegiate Rocket Engineering Competition (IREC) held by ESRA. In 2024, Liberty Rocketry placed 9th out of 122 teams from around the globe, cementing our position among the best rocketry teams in the world. At Liberty Rocketry, we combine technical excellence with unwavering faith to inspire innovation, teamwork, and a passion for engineering.",Space Research and Technology,51-200 employees,Non Profit,"Lynchburg, Virginia, United States",United States,libertyrocketry.org,https://www.linkedin.com/company/liberty-rocketry
TOP 100 Aerospace & Aviation,"TOP 100 Aerospace & Aviation — home of the Top 100 Women in Aerospace & Aviation, the definitive annual recognition program for women shaping the future of flight.

We're building toward a future where space infrastructure is manufactured in space — and we're investing in the community, companies, talent, and technology that get us there.",Space Research and Technology,2-10 employees,Privately Held,"San Francisco, California, United States",United States,top100aero.space,https://www.linkedin.com/company/top-100-aerospace-aviation
Ararat Robotics,"Modular, robotics, space resource mining, systems

We engineer solutions to enable the inevitable expansion of humanity beyond Earth. But Ararat Robotics is more than a company, it's a cause, the driving force at the forefront of human advancement in space.",Space Research and Technology,11-50 employees,Privately Held,"Piscataway, New Jersey, United States",United States,araratrobotics.com,https://www.linkedin.com/company/ararat-robotics
"Vantage Systems, Inc.","Vantage Systems, Inc. is a pioneering force in the realm of multi-disciplinary engineering services for spaceflight projects. We have consistently delivered progressive solutions to the National Aeronautics and Space Administration (NASA) and the Department of Defense (DoD) space flight community earning recognition for our unwavering integrity and dedication to delivering top-tier solutions that align with the U.S. space program missions.

For over three decades, Vantage’s commitment to quality service and innovation has driven our rapid growth. Fueled by a deep understanding of the ever-evolving U.S. space program, we continuously pioneer progressive solutions to address NASA’s & DoD’s pressing challenges. As a Small Disadvantaged Business, we’ve evolved from aerospace software engineering into a dynamic, multidisciplinary engineering and IT company, united by a singular focus on Customer Service and Success. Our unwavering commitment to exceptional service is built upon a foundation of ethics, honesty, and a people-centric approach. Join us as we forge ahead, combining our expertise with NASA’s legacy of excellence to shape the future of space exploration.",Space Research and Technology,51-200 employees,Privately Held,"Lanham, Maryland, United States",United States,vansysinc.com,https://www.linkedin.com/company/vansysinc
Nova-sixTM,"Nova-six is a multi-media company centered around the space industry. Nova-six’s mission is to ignite Generation Z’s passion for space by reimagining it through the lens of contemporary culture. To this end, Nova-six has developed its brand to be a space-themed streetwear, street art, and entertainment venture. Through this approach, the #SpaceCulture movement, Nova-six hopes to spark a cultural shift, recentering space exploration in the hearts and minds of Generation Z recapturing the spirit of the first space race.",Space Research and Technology,2-10 employees,Privately Held,"Phoenix, Arizona, United States",United States,nova-six.com,https://www.linkedin.com/company/nova-six
TÜBİTAK TUG,"TÜBİTAK TUG

TÜBİTAK ULUSAL GÖZLEMEVİ

1991 yılında yeniden belirlenen TÜBİTAK Yönetimi DPT'ye sunulmak üzere TAD Başkanlığı'ndan 5 yıllık bir Ulusal Gözlemevi kuruluş projesi istedi. Hazırlanan proje 20 Temmuz 1991'de TÜBİTAK'a sunuldu. DPT'ye iletilen proje 1992-1996 yılları arasını kapsayan yaklaşık 7 Milyar TL bütçeli bir Ulusal Gözlemevi kuruluş projesi olarak başlamış oldu.

7-11 Eylül 1992 tarihlerinde İnönü Üniversitesi'nde yapılan 8. Ulusal Astronomi Toplantısı sırasında, bu projenin yürütücülüğüne Prof. Dr. Zeki Aslan'ın önerilmesine karar verildi. Zeki Aslan'ın hazırlayıp sunduğu, 1992 yılı için 541 milyon TL bütçeli, TBAG-DPT destekli bir yıllık proje, Ulusal Gözlemevi Kurulması adı altında 1 Ekim 1992'de yürürlüğe girdi.

Gözlemevi kuruluş çalışmaları belirli bir aşamaya geldiğinde TÜBİTAK Ulusal Gözlemevi (TUG) Kuruluş ve İşletme Yönetmeliği olarak 17.07.1995 tarihli ve 22346 sayılı Resmi Gazete'de yayınlandı. Ardından 6 Ekim 1995 tarihinde de ilk müdürü olarak Prof. Dr. Zeki Aslan atandı.

2500 m yükseklikte modern bir araştırma merkezi kurmak hiç de kolay olmadı. Saklıkent'ten gözlemevine yol açılması, elektrik hattının döşenmesi, teleskop ve hizmet binalarının yapılması, gözlemevinde çalışacak teknik, idari ve araştırmacı personelinin oluşturulması gibi önemli aşamalar birer birer aşılarak 5 Eylül 1997 tarihinde dönemin Cumhurbaşkanı ve Başbakanı tarafından TUG'un resmi açılışı yapıldı.

TUG'un ilk teleskopu olan 40 cm çaplı T40 teleskopunda ilk ışık Ocak 1997'de, 150 cm çaplı RTT150 teleskopunda ise ilk ışık Eylül 2001'de alınarak gözlemevinde bilimsel gözlemler başlamış oldu.",Space Research and Technology,51-200 employees,Government Agency,"Pine Brook, New Jersey, United States",United States,tubitak.gov.tr,https://www.linkedin.com/company/tübi̇tak-tug
Bioastronautics and Human Performance Laboratory,The Bioastronautics and Human Performance (BHP) Laboratory focuses on investigating human performance in extreme environments and developing technologies and countermeasures to improve human health and performance.,Space Research and Technology,2-10 employees,Educational,"College Station, Texas, United States",United States,tamu.edu,https://www.linkedin.com/company/tamu-bhp-lab
SpaceTrek in Appalachia,"SpaceTrek participants complete a space-related science mission under the guidance of aerospace engineers and master STEM educators. SpaceTrek aims to empower young women to pursue career interests and explore college and career opportunities in aerospace.

Participants will:

Be immersed in an empowering environment with female role models where they will be motivated and exposed to space systems engineering
Participate in a complete space mission life cycle
Apply mathematics and scientific principles to aerospace applications
Make observations and predictions, collect and interpret data, and draw conclusions about the atmosphere
Build electronic devices that demonstrate the principles of circuits and electrical components
Read and interpret electrical schematics and printed circuit board layouts
Work in cooperative mission teams to build a small atmospheric (satellite-like) instrument
Calibrate a scientific instrument to produce accurate data
Use Microsoft Excel to produce graphical representations of data
Assemble and operate a portable satellite tracking station
Produce, prepare, and present a mission report to academic and industry professional
Develop essential skills in cooperation, team building, communication, time management and action item prioritization
Develop a growth mindset necessary for being successful as a professional and well-rounded individual",Space Research and Technology,2-10 employees,Non Profit,"Morehead, Kentucky, United States",United States,moreheadstate.edu,https://www.linkedin.com/company/spacetrek-in-appalachia
Smithsonian Astrophysical Observatory,"The Smithsonian Astrophysical Observatory, founded in 1890, is a research center of the Smithsonian Institution. In 1955, the observatory moved to Cambridge, Massachusetts, and became affiliated with the Harvard College Observatory. In that era, the observatory created the world’s first satellite-tracking network, establishing the organization as a pioneer in space science research. In 1973, SAO and HCO joined together to create the Center for Astrophysics | Harvard & Smithsonian, which is widely regarded as the largest astronomy research center in the world.",Space Research and Technology,"501-1,000 employees",Educational,"Cambridge, Massachusetts, United States",United States,si.edu,https://www.linkedin.com/company/smithsonian-astrophysical-observatory
Lunar & Planetary Laboratory,"Welcome to the University of Arizona’s Lunar & Planetary Laboratory (LPL).

LPL was founded in 1960 by planetary astronomer Gerard P. Kuiper, after whom the Kuiper Belt of icy objects in the outer Solar System and the Kuiper Prize (the top honor of the world’s largest organization of planetary scientists) are named. Most of the original work was based on observations using telescopes, but as the exploration of the planets expanded in scope, so did LPL. In 1973, the Department of Planetary Sciences was formed, to educate succeeding generations of planetary scientists.

Our dedicated faculty, research staff, and students come from a variety of backgrounds, including physics, astronomy, geosciences, chemistry, and engineering, but have a common interest in planets. In fact, the interdisciplinary nature of planetary science is one of its appeals for many of us, as we have to learn something of many of those other disciplines just to communicate, not to mention to succeed in understanding what is happening on, in, around, and between planets. Now, with the discovery of thousands of extrasolar planets, LPL is bringing that same interdisciplinary focus to understand whole new classes of worlds.",Space Research and Technology,51-200 employees,Educational,"Tucson, Arizona, United States",United States,arizona.edu,https://www.linkedin.com/company/uarizona-lpl
UHU Technologies,"WHAT WE DO:
We protect GPS using spatial processing techniques that can't be spoofed.

WHY WE DO IT:
We are passionate about solving emerging threats to critical infrastructure and the national defense.

ABOUT:
UHU Technologies is a privately-owned engineering research and development company that designs products to detect and mitigate GPS spoofing and jamming.

We have deep roots in signal intelligence and radio location with decades of experience producing high performance hardware. We are applying our expertise to the protection of GPS receivers for critical applications using techniques borrowed from the Signals Intelligence (SIGINT) world. Our patented techniques assure the integrity of GPS through spatial processing; for each signal we receive, we compute the angle of arrival and compare it to the known satellite location for that signal. Angle of arrival is the only signal feature that cannot be spoofed. Through additional signal processing, we spatially null (subtract) any spoofers or jammers and mitigate the threat.",Space Research and Technology,11-50 employees,Privately Held,"Richardson, Texas, United States",United States,uhutechnologies.com,https://www.linkedin.com/company/uhu-technologies
Western Aerospace Launch Initiative (WALI),"The Western Aerospace Launch Initiative (WALI) is a student organization at Western Michigan University (WMU).  Established in 2014 by a small group of undergraduate students interested in learning about spacecraft engineering, WALI has experienced immense growth in its lifetime.  In 2016, WALI was accepted into the University Nanosatellite Program’s (UNP) 9th iteration and participated in the program’s “Phase A” for the following two years, developing the Plasma Spectroscopy (P-Spec) mission.  This experience provided the organization with the tools necessary to establish itself at WMU and learn the fundamentals of CubeSat engineering.



In the fall of 2018, WALI was accepted into the UNP’s 10th iteration with a redefined mission named Optical Plasma Spectroscopy CubeSat (OPS-Cube).  WALI initiated a key partnership with Busek Co. and expanded its scope to explore both electric propulsion (EP) system diagnostics and CubeSat orbital maneuvers.  Through this iteration of the UNP, the organization further matured and developed into a more experienced and trailblazing team at WMU.



Again, in fall of 2021, UNP’s 11th iteration accepted WALI’s current mission called Performance of Electrospray Propulsion on Ground and in Space (PEP-GS). Electric propulsion diagnostics continue to be a main component of WALI’s mission, now with a focus on testing facility effects.



The organization is led by Principal Investigator Dr. Kristina Lemmer and assisted by Co-Principal Investigator Dr. Pablo Gomez. WALI has maintained itself on a voluntary participation basis and is currently experiencing unprecedented growth and retention rates.",Space Research and Technology,11-50 employees,Non Profit,"Kalamazoo, Michigan, United States",United States,wali-wmu.org,https://www.linkedin.com/company/western-aerospace-launch-initiative-wali
Impossible Research,"Why ""Impossible Research""? The innovation process is chaotic (in a mathematical sense) meaning although specific innovation paths (like industry emergence) are unpredictable, the underlying patterns are not. This means questions about industry emergence, although ultimately unanswerable, can be studied and better understood, like trying to reach an unreachable star. 

""To dream the impossible dream, 
To fight the unbeatable foe, 
To bear with unbearable sorrow and 
to run where the brave dare not go.
To right the unrightable wrong and 
to love pure and chaste from afar.
To try when your arms are too weary, 
To reach the unreachable star.""

And this is the ""quest"" of Impossible Research, ""to follow that star, no matter how hopeless, no matter how far,"" to find unresolved answers to unanswerable questions.",Space Research and Technology,Self-employed,Self Owned,"Washington, Washington, United States",United States,impossibleresearch.org,https://www.linkedin.com/company/impossible-research
Metacept Inc,"Metacept creates and spins out category-defining startups based on metamaterial technology. 

Our recent spin-offs include companies specialising in through-wall imagers (Resolv), space lasers (Astrobeam), Earth observation sensors (Kapta), and the world's fastest, most energy-efficient AI hardware (Neurophos).

The Duke University research group led by Metacept’s CEO David Smith has been at the forefront of most major metamaterial breakthroughs,  and spun out several unicorns that our team has developed products for.  In addition to our spin-offs, we develop products for NASA and DARPA, further diversifying our portfolio for potential new ventures.

Leveraging our extensive R&D and startup experience, strong ties with manufacturers and government agencies, proprietary simulation software, and exclusive access to the world's largest metamaterial patent portfolio, Metacept excels at rapidly building and de-risking high-caliber startups.",Space Research and Technology,11-50 employees,Privately Held,"Durham, North Carolina, United States",United States,metaceptsystems.com,https://www.linkedin.com/company/metacept-inc
Proxima Aerospace,"Proxima Aerospace LLC is an innovative consulting firm specializing in Aerospace Engineering, Space Domain Awareness, and Geospatial Intelligence. Since our founding in 2020, we have been committed to advancing technology and discovery in both the space and defense sectors. Our team of experts collaborates with academia, small businesses, and industry leaders to push the boundaries of innovation and accelerate our understanding of the universe. We are the developers of Optimus One Smart Agent Technologies, designed to enhance mission-critical operations in aerospace and defense.

We believe in nurturing disruptive ideas and are always looking for partnerships that can drive growth and success. Contact us to explore opportunities for collaboration.",Space Research and Technology,11-50 employees,Privately Held,"Colorado Springs, Colorado, United States",United States,proximaaerospace.com,https://www.linkedin.com/company/proxima-aerospace
SEE Symposium featuring SoCs for Space Workshop,"Single Event Effects Symposium featuring the Systems-on-a-Chip for Space Workshop! (SEE Symposium featuring SOCs for Space Workshop).
While Field Programmable Gate Arrays (FPGAs) have not gone away, we recognize that many FPGAs are SOCs and the trade space with other architecture SOCs is growing in the space regime.
The 2026 SEE Symposium featuring SOCs for Space Workshop will be held, May 11-15, 2026 at the Marriott Hotel in La Jolla, CA. The 2025 Symposia attracted nearly 200 professionals from Industry, Government and Academia. In addition to hosting 24 Exhibits, the event featured more than 30 technical talks, a poster session and a half day tutorial dedicated to SEE testing of FPGAs. Attendees represent fields of space radiation environment and radiation effects as well as those developing and using SOCs or SOC-based systems in space (e.g., FPGAs, GPU/TPUs, memories, power devices, communications, etc).
SEE/SoC will feature content including, but not limited to, the following areas:
SEE Areas:
-	Latest and greatest SEE test data
-	SEE Test Facilities (High Energy Heavy Ion, Heavy Ion, proton, neutron, ...)
-	Pulsed Lasers
-	New models, tools, simulations and suites (design and analysis)
-	Test methods, best practices, guidelines, and standards
-	SEE Assurance and Mission Systems
-	Hardening / mitigation at system level
-	Fault propagation
-	Alternate SEE Test Platforms
-	In-orbit data
-	Training and workforce development
-	Data Sharing and Communication Platforms
-	SEE Space Environments
-	Special session on Wide Bandgap power devices and testing
-	Alternate SEE Assurance methods
SoC Areas:
-	SoCs, FPGAs, GPUs, TPUs, Neuromorphic processors
-	AI/ML, neural nets
-	SoC design, verification, and validation tools and methods
-	Standards, guidelines and best practices
-	Radiation performance
-	Security
-	Flight experience
-	2.5/3D packaging
-	Reliability, Assurance and test challenges
TBD Tutorial
For more details, visit our website: https://www.seemapld.org/.",Space Research and Technology,11-50 employees,Non Profit,"La Jolla, California, United States",United States,seemapld.org,https://www.linkedin.com/company/seemapld
"Interchange Laboratories, Inc.","The purpose of Interchange Laboratories is to unleash the power of the Mind.

Interchange Laboratories is a corporation of like-minded individuals whose skill sets have joined to develop advanced mind-interface technologies that expand our mental influence and abilities far beyond any current technology.",Space Research and Technology,2-10 employees,Privately Held,"Chatsworth , Ca, California, United States",United States,interchangelab.com,https://www.linkedin.com/company/interchange-laboratories-inc
Ozark Solutions,"At Ozark Solutions, we specialize in providing expert consulting services for space defense and security. Experienced consultant brings together a wealth of knowledge and expertise in areas such as satellite acquisitions, space-based surveillance, space domain awareness, and space control.

We work closely with government agencies, defense contractors, and other organizations to develop and implement effective strategies for defending against threats to our national security in space. From designing advanced satellite systems to analyzing and mitigating potential risks, we provide customized solutions that meet the unique needs of each customer.

At Ozark Solutions, we pride ourselves on staying at the forefront of space defense technology and innovation. We are constantly learning and adapting to new developments in the field, and ensuring that we are always providing the most up-to-date and effective solutions.

If you're looking for a trusted partner to help you navigate the complex world of space defense and security, look no further then Ozark Solutions. Contact us today to learn more about how we can help protect your assets and secure our future in space.",Space Research and Technology,Self-employed,Privately Held,"Herndon, Virginia, United States",United States,,https://www.linkedin.com/company/ozark-solutions
The Atomic Forge,"""Empowering curious minds with captivating insights at the forefront of space exploration, physics discoveries, and emerging technologies, 'The Atomic Forge' ignites a passion for discovery and innovation, shaping the future of science and technology.""",Space Research and Technology,Self-employed,Privately Held,"Las Vegas, Nevada, United States",United States,payhip.com,https://www.linkedin.com/company/the-atomic-forge
Godel Space,"Godel Space deploys autonomous AI agents to satellite payloads that orchestrate perception, triage, and communication on orbit. We turn satellites from passive sensors into intelligent, dynamically retaskable observers.

Our dual-tier architecture combines on-orbit autonomous agents with cloud-based Remote Sensing Foundation Model (RSFM) validation, producing confidence-scored intelligence that supports human decision-making.

Edge Tier: Autonomous agents running NASA/IBM Prithvi foundation models on NVIDIA Jetson platforms process multispectral imagery on-board, detecting wildfires, floods, and infrastructure changes in near-real-time without requiring full data downlink.

Cloud Tier: Google Remote Sensing Foundation Models on Vertex AI provide zero-shot detection and cross-validation, ensuring analytical depth across archival and high-resolution data.

Our orchestration layer, Trinity, coordinates between edge and cloud tiers. The edge provides real-time event triggers and prioritized downlink, while the cloud delivers analytical depth. Cross-validation between independent model families produces intelligence that defense agencies, disaster response organizations, and satellite operators can act on within minutes of acquisition.

Godel Space is a Delaware C-Corp headquartered in the Pacific Northwest. We are an EDGE AI Foundation Strategic Partner, NVIDIA Inception member, and Google for Startups Cloud Program participant selected for the Remote Sensing Foundation Model program (1 of 10 startups globally).",Space Research and Technology,2-10 employees,Privately Held,"Bellevue, Washington, United States",United States,godel.space,https://www.linkedin.com/company/godel-space
Powerstone Grid,"Powerstone Grid is a forward-thinking Energy and Power brand dedicated to delivering reliable, efficient, and sustainable energy solutions. The name reflects strength, stability, and the critical role of modern power grids in connecting industries, businesses, and communities. With a focus on innovation, smart energy infrastructure, renewable integration, and grid resilience, Powerstone Grid aims to power progress while supporting a cleaner and more connected future. The brand represents trust, technological excellence, and the seamless flow of energy that drives economic growth and sustainable development.
At Lexexk Viroon Network, innovation is engineered for impact. We transform fragmented information into actionable intelligence, empowering leaders to make faster, more informed decisions. With a commitment to precision, agility, and measurable outcomes, we equip our clients to thrive in a world where connectivity and intelligence define competitive advantage.",Space Research and Technology,201-500 employees,Privately Held,"Sunnyvale, California, United States",United States,,https://www.linkedin.com/company/powerstone-grid
Talktime,.,Space Research and Technology,2-10 employees,Privately Held,"Atlanta, Georgia, United States",United States,,https://www.linkedin.com/company/talktimeofficial
Texas Space Alliance,"The Texas Space Alliance is a dedicated organization committed to establishing Texas as a global leader in the space industry. The alliance aims to foster a comprehensive understanding of the state's space economy, facilitate informed decision-making, and promote strategic growth. The organization's initiatives include the Informing Texas Space program, which provides a demand signal for commercial space solutions, and advocacy for legislative policies such as the Space Infrastructure Tax Credit and Zero G Zero Tax. The Texas Space Alliance also focuses on space STEM education, recognizing the importance of fostering the next generation of space professionals. With a goal of making Texas a hub for space innovation and exploration, the alliance collaborates with various stakeholders, including government, academia, and industry, to drive growth and development in the space sector. By uniting diverse stakeholders and promoting national spacepower, the Texas Space Alliance strives to create a thriving space industry in Texas, generating economic growth, jobs, and opportunities for the state's communities.",Space Research and Technology,2-10 employees,Non Profit,"Austin, Texas, United States",United States,,https://www.linkedin.com/company/tx-space-alliance
Cornell SmallSat Mission Design School,"Unique summer workshop to inspire innovative missions in high-priority space science made possible with small spacecraft.  A collaboration between Cornell University faculty from Aerospace Engineering and Astronomy, SMDS seeks to provide students with first-hand experience in space mission design. Participants shall develop a mission concept with immediate relevance to NASA’s Decadal Survey science priorities, directed at an upcoming announcement of opportunity for a funded flight program. Students will benefit from the combined expertise of both Cornell faculty and external scientists and engineers working in industry.",Space Research and Technology,11-50 employees,Educational,"Ithaca, New York, United States",United States,cornell.edu,https://www.linkedin.com/company/cornell-smds
OklahomaQuantum,"Inertial sensor  provides position when GPS is unavailable. Therefore, it is used in many industries, such as autonomous vehicles, submarines, aircraft and spacecraft. However, inaccuracies or small errors of inertial sensor accumulate and increase over time, so often aircraft and submarines have to self-disclose to readjust their current position. It is often a lethal threat to missions as it reveals its location in unwanted areas.

  Quantum inertial sensors can provide near-absolute accuracy of acceleration because atoms are extremely sensitive to their environment. However, quantum technology has many shortcomings to be put into practical uses. OklahomaQauntum is developing quantum inertial sensor that is highly integrated, compact for navigation.",Space Research and Technology,2-10 employees,Public Company,"Norman, Oklahoma, United States",United States,oklahomaquantum.com,https://www.linkedin.com/company/oklahomaquantum
The Overview,"A new age has begun, where the average human can help expand humanity’s endeavors in the sky. Whether it’s sustainable aircraft, satellite swarms, or hypersonic systems — aerospace is enjoying a new resurgence. 

We are graduate students from Stanford University’s Aerospace department, and together we bring experience from every corner of aerospace academia and industry. Our goal is to demystify aerospace and bring to you the latest news and opinions related to aerospace research, space business, and getting your career started. 

This is The Overview.

Join our newsletter and follow our socials to help us make an impact on the new space age.",Space Research and Technology,2-10 employees,Self Employed,"Stanford, California, United States",United States,theoverview.org,https://www.linkedin.com/company/the-overview-space
Space Policy Group,"The Space Policy Group provides independent space policy analysis to help industry and government leaders navigate the increasingly connected global commercial and government space sectors. As the space market adjusts to the exponential growth in commercial space, we are seeing:

- The promise of new commercial capabilities capturing governments’ interest in new procurement strategies, expanded public private partnership models, and unique tax and subsidy arrangements.

- Global political and economic pressures reshaping government space budget priorities, driving workforce challenges, and realigning historic supply chains. 

- Orbital debris, in-space and lunar commercial activities, and human spaceflight safety concerns energizing regulatory activity in the U.S. and globally.

- Allied and partner nations seeing space, and the space industry, as strategic diplomatic and national security avenues.   

Whether you are a business or government leader, an experienced player, new entrant, or exploring the space market, the Space Policy Group will curate the right expertise for you to succeed in this dynamic landscape.",Space Research and Technology,2-10 employees,Privately Held,"Alexandria, Virginia, United States",United States,spacepolicygroup.com,https://www.linkedin.com/company/space-policy-group
Spargo Space,"Spargo Space builds refueling infrastructure for the orbital economy.

Spacecraft today launch with a fixed propellant budget. When the tank runs dry, the mission ends — regardless of the value of the asset still on orbit. Spargo is ending the era of the single-tank spacecraft.

Our system pairs two capabilities that only work as one:
1) The depot. A 2,000 kg storable-propellant depot (hydrazine/MON-3) using industry-standard interfaces, positioned where operators need margin, not where launch schedules put it.
2) The approach. A patent-pending advisory autonomy stack for rendezvous, proximity operations, and docking. A vision-language model provides advisory perception and guidance while a deterministic safety layer retains sole control authority — intelligence in the loop, safety in command.",Space Research and Technology,2-10 employees,Privately Held,"Orlando, Florida, United States",United States,spargospace.com,https://www.linkedin.com/company/spargo-space
Critical IQ,"Critical IQ is a Research and Consulting Company established in Colorado Springs, CO, and has a presence in several USA vital locations. We partner with our customers to conduct research studies and architect solutions on the most bleeding-edge spheres of Space, Cyberspace, and Global Security Policy. Our domain expertise aids our clientele to develop Scientific and Technical Solution Strategies that are practical and meet real-world industrial demands. We have managed to secure partnerships and fellowships with numerous research institutions, and subject matter experts and nurture a deep talent pool in multiple occupational domains. Let's Connect!",Space Research and Technology,2-10 employees,Privately Held,"Colorado Springs, Colorado, United States",United States,criticaliq.net,https://www.linkedin.com/company/criticaliq
SFA Western Region,"SFA Western Region highlights the critical role of the Western United States in America’s space enterprise, spanning California, Washington, Oregon, Nevada, Arizona, and New Mexico states that collectively anchor national security space innovation, launch operations, and defense technology development.

At the heart of this ecosystem is California, home to essential U.S. Space Force infrastructure, including Space Systems Command and Space Launch Delta 30 at Vandenberg Space Force Base. Together with growing space hubs across the Pacific Northwest, the Southwest, and the Mountain West, the Western Region plays a decisive role in sustaining U.S. space superiority.

The SFA Western Region advances the mission of the United States Space Force by connecting military leaders, industry partners, startups, and academic institutions across California, Washington, Oregon, Nevada, Arizona, and New Mexico. We strengthen collaboration in space acquisition, launch and range operations, advanced technology development, and national security space policy.

Through advocacy, education, and workforce development, our chapter elevates awareness of space-related advancements, champions policies that enhance national security, and empowers space professionals, ensuring the United States remains the world’s leading space power.


Page Managed by SFA Western Region Leadership

Brent Page-VP Western Region
Elizabeth Chavez- Deputy VP",Space Research and Technology,2-10 employees,Non Profit,"El Segundo, California, United States",United States,ussfa.org,https://www.linkedin.com/company/sfa-western-region
CHEOPS-VHP-BB,"Horizon Europe project CHEOPS Very High-Power Building Blocks. 
The project aims to complement ongoing thruster-focused development activities with research and development on the actual future use of VHP Hall thruster systems: overall system architecture against various mission use cases, robust and cost-effective approach to qualification, manufacturability of critical components subject to wear, typically the discharge chamber and cathode and the ability to envisage alternative propellants and power sources.


Project CHEOPS VHP BB ID 101082532 is co-funded by the European Union. Views and opinions expressed are however those of the author(s) only and do not necessarily reflect those of the European Union or HADEA. Neither the European Union nor the granting authority can be held responsible for them.",Space Research and Technology,2-10 employees,Non Profit,"Vernon, California, United States",United States,,https://www.linkedin.com/company/cheops-vhp-bb
Hyspot Space,"(Duplicate Page) Next Generation Space, Energy, and Technology",Space Research and Technology,201-500 employees,Privately Held,"Washington, Washington, United States",United States,hyspotspace.com,https://www.linkedin.com/company/hyspot-space
"Astracene, Inc.","Driving down the cost of science and manufacturing in space through innovative space habitat design. Coupled with reduced launch costs, affordable space habitats will unlock whole new industries and opportunities.",Space Research and Technology,2-10 employees,Privately Held,"Los Angeles, California, United States",United States,astracene.com,https://www.linkedin.com/company/astracene
Skyta Space,"Download Skyta App Free. Prepares students, job seekers, and professionals for real careers in AI, data, and the growing space economy.

Skyta LLC is a women-led innovation company at the forefront of pioneering an interactive, AI-powered platform that revolutionizes space awareness into a real-time, immersive experience.

At Skyta LLC, we're taking a unique approach. We’re merging AI, AR visualization, and gamified learning to make space exploration not just accessible but also educational and inspiring for everyone, from students and teachers to scientists and space enthusiasts.",Space Research and Technology,11-50 employees,Partnership,"Cumming, Georgia, United States",United States,skyta.space,https://www.linkedin.com/company/skyta-llc
Terratron,Take A Voyage across the galaxy to other Worlds,Space Research and Technology,2-10 employees,Self Owned,"Oxon Hill, Maryland, United States",United States,opensea.io,https://www.linkedin.com/company/terratron2022
Duckweed Labs,"Awarded by NASA | We are supported by a seed fund from NASA L’SPACE

Duckweed Labs is developing a compact Duckweed Protein Supplement Dispenser (DPSD) that leverages the plant’s rapid growth and high protein content to sustain astronauts on long-duration missions. This same innovation will soon support communities on Earth facing food scarcity.

===============================================================

Research & Technology 
We are creating a compact, low-maintenance solution for delivering tasty, fresh protein and nutrients in microgravity. This approach reduces reliance on costly supply missions, supports astronaut well-being, and aligns with NASA’s vision for sustainable exploration.

We are a dynamic, multi-institutional team with expertise in engineering, logistics, life sciences, and creative design. Led by Principal Investigator Thomas Liu, our group includes PhD candidates, military veterans, award-winning creatives, and medical students—all united by a passion for space exploration. Together, we are engineering an efficient, sustainable solution for astronaut nutrition, and beyond.

For more information, please visit the website!",Space Research and Technology,11-50 employees,Privately Held,"Philadelphia, Pennsylvania, United States",United States,duckweedlabs.co,https://www.linkedin.com/company/duckweed-labs
Vibration Robotics,"At Vibration Robotics, we are dedicated to pushing the boundaries of technology and innovation. Established on May 15th, 2024, (acquired by IAMVC Holdings) we have rapidly positioned ourselves as a leader in the development of cutting-edge software applications, digital platforms, and technological tools. Our mission is to enhance efficiency, productivity, and collaboration across various industries by providing innovative solutions that meet the evolving needs of businesses and individuals.

Our Vision
We envision a future where technology seamlessly integrates with daily life, driving progress and improving the quality of work and life. Our goal is to be at the forefront of this technological revolution, delivering solutions that empower our clients and transform their operations.

Our Mission
Our mission is to harness the power of technology to solve complex challenges, improve lives, and drive progress. We strive to be a trusted partner for businesses, providing innovative solutions that help them achieve their goals and stay ahead in a rapidly changing world.

Our Values

Innovation: We embrace creativity and innovation, constantly seeking new ideas and pushing the limits of what’s possible.
Excellence: We pursue excellence in everything we do, delivering high-quality solutions that exceed expectations.
Integrity: We operate with honesty, integrity, and transparency, building trust with our clients, partners, and stakeholders.
Collaboration: We believe in the power of collaboration and teamwork, working closely with clients and partners to achieve shared goals.
Responsibility: We take responsibility for our actions and their impact on society and the environment, striving to make ethical and sustainable choices.",Space Research and Technology,2-10 employees,Privately Held,"Spokane, Washington, United States",United States,vibrationrobotics.com,https://www.linkedin.com/company/vibration-robotics
Microtron AI Inc,"Microtron Corporation is a leading A.I. company providing Deep Learning (DL) and Machine Learning (ML) consulting solutions and services. Microtron Incorporated delivers high-quality software projects with expertise and specialization in the areas of Data Analytics & Data Science services, Blockchain technologies, and Natural Language Processing (NLP). Utilizing these, Web and Mobile applications are developed for clients Hardware and Software Projects. Our unique service model and industry expertise allows us to visualize the needs of our clients. 

The Future Now

Microtron AI is a collection of brands and pilots, including Aether Innovation Lab, Ayala, Jarvis Home Automation, and SAC. In April 2021, Microtron the parent company established in Tampa, Florida to support the brand Eco-System in Marine Biology, Emotion AI, and Renewable Energy. Microtron data scientist are accelerating advances in AI with consideration to economic, societal and ethical repercussions. The companies far afield of the core AI products contained in Microtron Parent Portfolio.",Space Research and Technology,2-10 employees,Privately Held,"Tampa, Florida, United States",United States,microtronai.com,https://www.linkedin.com/company/microtron-incorporated
"Galactiv, Inc.","Galactiv is an in-space services company with the primary mission of ensuring that humanity maintains a sustainable long-term presence in outer space. In the near-term, we will be addressing the pollution created by the American commercial satellite industry by providing emergency servicing and salvage operations to current satellite operators.",Space Research and Technology,2-10 employees,Privately Held,"Austin, Texas, United States",United States,galactiv.com,https://www.linkedin.com/company/galactiv
Moonshot,"Moonshot - Space Professional Interest Club
Student Organization at Harvard Kennedy School",Space Research and Technology,2-10 employees,Non Profit,"Cambridge, Massachusetts, United States",United States,,https://www.linkedin.com/company/moonshotspacepic
Boston Space Network,https://bostonspace.net/,Space Research and Technology,2-10 employees,Non Profit,"Boston, Massachusetts, United States",United States,bostonspace.net,https://www.linkedin.com/company/bostonspacenet
STAR Sciences,"If you’re a scientist, researcher, engineer, or involved in any of the sciences supporting the space industry, then you are in the right place!

The STARS Project was inspired by a scientific meeting at NASA, where a team of scientists were working on a mission to Mars. During that meeting, they discussed various challenges in sourcing and testing materials.

That’s when inventor and scientist David Pollack realized that creating a platform for collaboration among scientists and researchers could accelerate the development of solutions beneficial for the mission – and for all of us on Earth.

Our mission has evolved into a nexus where health-focused technologies intersect with the vast expanse of the universe..",Space Research and Technology,2-10 employees,Non Profit,"Florida, United States",United States,starsciences.org,https://www.linkedin.com/company/starsciences
