Name,Description,Primary Industry,Size,Type,Location,Country,Domain,LinkedIn URL
Gauzy,"Gauzy (NASDAQ:GAUZ) is a global leader in Smart Glass and ADAS technologies, focused on the research, development, manufacturing, and marketing of vision and light control technologies and systems.  

We believe in innovation that matters. By making materials that do more, we reimagine how we interact with our surroundings and the spaces we spend our time most through light, and the control of it.  

Through direct fulfillment and a certified distribution channel spanning over 40 countries, Gauzy serves leading brands in automotive, transportation, aeronautics, architecture, consumer goods, medical devices, and beyond. 

Joining the Gauzy team means being part of an elite group of innovators with a passion for creating groundbreaking products that shape our everyday lives. At Gauzy, we value hard work, unique ideas, collaboration, and cultural diversity.  

Gauzy has 14 offices globally and over 600 employees. Comprised of four distinct business units– Gauzy Automotive, Gauzy Architecture, Gauzy Aeronautics, and Gauzy Safety Tech – we offer a wide range of career paths to achieve your professional goals.  

To apply for a position at Gauzy, visit gauzy.com/careers 

To speak with a sales representative at Gauzy, visit gauzy.com/contact",Nanotechnology Research,"501-1,000 employees",Privately Held,"Blainville, Quebec, Canada",Canada,gauzy.com,https://www.linkedin.com/company/gauzycorp
Formula Nano,"Formula Nano is dedicated to designing, building, and racing molecular machines at the nanoscale. We're working towards competing in the next international Nanocar Race where teams compete to race single molecules using a specialized scanning tunneling microscope. Team members can focus on the synthesis and characterization of molecular components in the lab or on simulating and optimizing the nanocar using computational models, exploring two important pillars of nanotechnology engineering.",Nanotechnology Research,11-50 employees,Educational,"Waterloo, Ontario, Canada",Canada,uwformulanano.ca,https://www.linkedin.com/company/uwformulanano
Tangho - Technology and Nature Green Holding,"Tangho is building the next generation of advanced materials by unlocking the full industrial potential of natural fibers. From regenerative agricultural residues, we extract tailor-made nanocellulose and biomass pellets using a proprietary, additive-free, 100% mechanical process. We stand at the intersection of sustainability, industrial innovation, and deep-tech manufacturing – enabling deep decarbonization across critical global sectors such as electronics, packaging, coatings, polymers, and food systems.",Nanotechnology Research,11-50 employees,Privately Held,"Waterloo, Ontario, Canada",Canada,tanghogreen.com,https://www.linkedin.com/company/tangho-technology-and-nature-green-holding
nSTRATA Inc.,"nSTRATA is focused on the international industrial scale supply and implementation of nano & micro-scale functionalized surface coatings including, but not limited to:

: Ready-to-use and concentrated self-assembling monolayers
: Clear and pigmented poly siloxane epoxy resin (paint) systems
: Manufacturing additives
: Custom chemical formulations",Nanotechnology Research,2-10 employees,Privately Held,"Edmonton, Alberta, Canada",Canada,nstrata.tech,https://www.linkedin.com/company/nstrata-inc
Lumentra Inc,"Lumentra is a cleantech company that develops new materials solutions for improving colour quality of solid state lighting products. Lumentra is a spin-off company from the Institute for Optical Sciences at the University of Toronto. It also provides accredited optical, electrical, thermal and environmental measurement services, optical design services, consultancy and standards compliance assistance for the lighting industry. Lumentra’s staff are actively involved in international standard committees to develop standard test methods for semiconductor and organic LEDs.",Nanotechnology Research,2-10 employees,Privately Held,"Toronto, Ontario, Canada",Canada,lumentra.com,https://www.linkedin.com/company/lumentra-inc
SiO2 International Inc,"We are leaders in safe, sustainable, environmentally respectful undetectable molecular glass coatings and offer our proprietary, innovative advanced products to international markets, our Customers and Partners.

SiO2 OFFERS SIMPLE APPLICATIONS THAT CHANGE THE CHARACTERISTICS OF SURFACES

Safe to human health and the ecosystem, SiO2 Ultra Thin Coatings provide protection from pathogens, liquids, oils, staining, acids, solvents, abrasion and many other damaging issues. VOC free, no additional toxic elements are introduced to the environment when using this effective technology.

SiO2 Technology is a significant alternative to industrial materials and methods that have in the past overlooked their negative impact on health and ecology. Our coatings are easy to apply, will improve work place safety and are environmentally respectful. SiO2 Technology contains no controversial engineered nanoparticles and is cleaner, safer, and more effective than older macro technologies and other new coating technologies.

Advanced Technology • Safe to the Environment • Cost Effective

Attributes Found in All SiO2 Products:

Characteristics:
• food safe & skin friendly
• invisible
• safe to the environment
• long lasting & durable
• anti-sticking characteristics
• easy cleaning
• will not change color or sheen
• easy to apply
• air permeable
• VOC free
• quick drying
• anti microbial
• oleophobic
• super phobic

Resistant to:
• water, humidity & oil
• soil & stains
• bacteria & other microbes
• mold & algae
• ultraviolet (UV) rays
• acid and alkaline
• abrasion
• hydrolysis
• pressure washing
• staining
• frost
• vapour cleaners
• oxidation",Nanotechnology Research,11-50 employees,Partnership,"Toronto, Ontario, Canada",Canada,sio2.ca,https://www.linkedin.com/company/sio2-international-inc
Alberta Nano-Monitoring Systems Ltd. (ANMS),"ANMS is the Canadian parent company of P.M.L-Innovative Particle-Monitoring Technologies Ltd. a nanotechnology start-up company, that aims at becoming a leader in ON-LINE, IN-PROCESS nano- particle monitoring, in  the semiconductors ,clean tech, water applications, and other specific industries. The ANMS's technology is based upon a patented method of interaction between particles and structured laser light beam. ANMS (www.anms.ca), was established in Alberta, Canada, by its founder Dr. Meir Teichner, who had relocated to the Province of Alberta to  serve  as  ANMS'  CEO and director. Under Dr. Teichner's  leadership the company was able to get into strategic partnerships with several major international corporations. Among them, two  major international corporations that are leaders in  (1) the semiconductors industry, namely Tokyo Electron Ltd. (TEL) and its Venture Capital  corporation TELVC and (2) in the oil sand industry of Alberta, Canada.  ANMS has been sponsored by the governmental body  Alberta Innovates Technology Futures (AITF) and is operating within the Northern Alberta Institute of Technology (NAIT).",Nanotechnology Research,11-50 employees,Privately Held,"Edmonton, Alberta, Canada",Canada,anms.ca,https://www.linkedin.com/company/pml-innovative-particle-monitoring-technologies
STROBE Science & Technology Center,"The STROBE Science & Technology Center is a collaborative exchange between six universities across the United States to advance imaging science and technology and build the microscopes of the future. STROBE aims to transform imaging science and technology of functioning nano-systems by creating powerful and broadly-applicable real-time nano-to-atomic scale imaging modalities. This technology addresses global grand challenges in science and technology, while building a strong, diverse, STEM workforce.",Nanotechnology Research,51-200 employees,Partnership,"Merritt, British Columbia, Canada",Canada,colorado.edu,https://www.linkedin.com/company/strobe-science-technology-center
Canadian Nano Society,"Canadian Nano Society was established due to need of a united community in Canada for students, scientists and interested people who works in various areas connected with nano-science and nanotechnology. 

       Our mission is to develop understanding of the Nano science and technology by connecting scientist within Canada and beyond to expand our knowledge.


•	Canadian community of nanotechnology to make new connections between researchers and students interested in Nano science and technology.
•	Ensuring nanotechnology fulfills its potential for broad impact by facilitating the application of appropriate techniques and tools in nanotechnology research.
•	Educating students and the public by promoting nanotechnology literacy of students at all levels by providing a respected and authoritative voice on nanotechnology issues that are increasingly in the public eye.
•	Supporting the next generation of Nano scientists by providing active mentoring, networking opportunities, and support to attract the brightest scientific minds to the field and enable them to pursue successful careers as experts in nanotechnology.",Nanotechnology Research,2-10 employees,Non Profit,"Toronto, Ontario, Canada",Canada,nanosociety.ca,https://www.linkedin.com/company/nano-canadian-society
Nanostate,"Nanostate: Pioneering Sustainable Solutions 

At Nanostate, we are dedicated to revolutionizing industries through innovation that leverages nature and benefits from human involvement. Our commitment to sustainability drives us to create biodegradable products that embody the harmony between cutting-edge technology and the wisdom of Mother Earth.

 Our Sustainable Impact:
Our product lifecycle is a testament to the power of collective human intelligence. Nanostate was founded by  technology experts, and scientific minds with synergy fueling our mission to a more sustainable future sooner than most expected.

 Anticipating Industry Transformation:
We stand on the cusp of profound change within numerous industries. Nanostate intends to spearhead this transformation, challenging traditional norms and ushering in a new paradigm of sustainability. Join us in redefining the future!

 Connect with Nanostate:
Discover how we're shaping the future of sustainable innovation. Follow us for updates on groundbreaking projects, industry insights, and opportunities to be part of the change. Together, we are the architects of a brighter, greener tomorrow.

#Nanostate #Sustainability #InnovationForGood #GreenTech #BiodegradableSolutions",Nanotechnology Research,51-200 employees,Privately Held,"Vancouver, British Columbia, Canada",Canada,nanostate.net,https://www.linkedin.com/company/nanostate-inc
Siogel Advanced Materials Inc.,"ABOUT US :  We’re a leading industry company.   SIOGEL's AeroGel Composite Panel will revolutionize aviation and oil industries with its customizable, lightweight, and absorbent graphene aerogel. SIOGEL champions sustainable solutions, eyeing global expansion.

WHAT WE OFFER:    Shaping the Future of Material Innovation
SIOGEL Advanced Materials Inc. is at the forefront of material innovation, developing cutting-edge solutions that cater to the unique needs of the aviation and oil & gas industries. Our flagship product, the AeroGel Composite Panel (AGCP), is a testament to our commitment to developing superior materials that are not only efficient and durable but also environmentally friendly. Our services are designed to provide our clients with the best possible solutions, tailored to their specific needs.",Nanotechnology Research,2-10 employees,Privately Held,"North Vancouver, British Columbia, Canada",Canada,siogel.com,https://www.linkedin.com/company/siogel-advanced-materials-inc
Atomic Works,"Atomic Works is an analytical software company. The company mission is to develop an innovative analytical software suite that allows users to perform investigations into material properties and interactions at nanometer to micrometer scale.
Atomic Works Software is designed to take advantage of over 40 years of research in the field of material interaction simulations as well as the latest advances in parallel computing and big data management.",Nanotechnology Research,11-50 employees,Privately Held,"Mississauga, Canada",Canada,atomicworks.ca,https://www.linkedin.com/company/atomic-works
"EmbarkNano, formerly Axiomm","Our products are designed with the health and wellness-focused consumer in mind. They increase the efficiency and speed at which your body absorbs vitamins, nutraceuticals and oil extracts, all while providing a consistently best-in-class consumer experience. @embarknano @embarkhealthinc",Nanotechnology Research,2-10 employees,Privately Held,"Calgary, Alberta, Canada",Canada,embarknano.com,https://www.linkedin.com/company/axiomm-technologies
"Graphene Leaders Canada (GLC) Inc., Group of Companies","Graphene Leaders Canada (GLC), Inc. is a private Alberta technology graphene production and applications solutions company leveraging nanotechnology and material science to solve industry needs in environmental, energy, and coatings markets. GLC's tagline is ""Making Great Products Even Greater"".

Graphene is a game-changing 2D carbon sheet material technology that offers tremendous potential to reduce operating costs and improve environmental sustainability. GLC’s nanomaterial products in production are bulk high quality graphene oxide (GO), reduced graphene oxide (rGO), and pristine graphene (PG). GLC is leveraging our knowledge of graphene materials science to develop a portfolio of value-added graphene nano intermediate products to serve as a platform technology to solve our customer's problems. 

GLC aims to provide efficient, cost-effective solutions to industry in water filtration and coatings development. The mining industry across Canada and elsewhere struggles with ineffective methods for water filtration for the removal of a series of organic pollutants, biological pollutants and other contaminants with significant compliance costs. Alberta Oil Sands companies are struggling with downtime caused by slurry wear & abrasion, corrosion, and high-temperature processes resulting in billions of dollars per year in losses. 

GLC has innovative graphene solutions focused on significantly moving the needle on economics, environmental performance, and the social acceptability of development and operation. 

Our Vision: Our graphene innovative solutions serve large and diverse global markets that enable technological, environmental, economic and human advancement.

GLC’s head office, laboratory, and production operations are located in Edmonton, Alberta

Please contact us directly for more information.
Email: solutions@glcplus.com",Nanotechnology Research,2-10 employees,Self Owned,"Edmonton, Alberta, Canada",Canada,glcplus.com,https://www.linkedin.com/company/graphene-leaders-canada-glc-inc-group-of-companies
Energy and Particle Technology Lab at Carleton Univeristy,"The Energy and Particle Technology Laboratory at Carleton University is dedicated to developing technologies to decarbonize energy conversion and storage.  Our research is focused on micro and nanoparticle engineering with applications in process design and optimisation for energy conversion and storage, advanced material synthesis, novel hydrogen generation or carbon dioxide conversion processes, emission sensing and dispersion, and quantification of their impact on the environment.

We develop process design tools for scalable synthesis of nanoparticles with tailored functional properties and study how particle characteristics including their size distribution, morphology, and chemical composition are linked to their properties of interest such as optical, sensing, and energy storage characteristics.

We also develop novel processes and disruptive technologies for hydrogen generation and conversion of greenhouse gases such as carbon dioxide and methane into valuable products.",Nanotechnology Research,11-50 employees,Educational,"Ottawa, Ontario, Canada",Canada,carleton.ca,https://www.linkedin.com/company/eptl-carleton-univeristy
Advanced NanoEmulsions,"Advanced NanoEmulsions (ANE) was founded by to develop and market emulsions and emulsifiers for the nutraceutical, vitamin, supplement, nootropic and cannabis industries. Dr. Steve Hansen leads a team of chemists dedicated to supercharging your products and giving you a world-beating market edge.",Nanotechnology Research,2-10 employees,Privately Held,"Calgary, Alberta, Canada",Canada,advancednanoemulsions.com,https://www.linkedin.com/company/advanced-nanoemulsions
UofC nanoGroup,"The University of Calgary nanoGroup is a student-led organization founded in 2013 with one central focus: to cultivate and support the nanotechnology community at the University of Calgary Campus. We strive to engage students in a variety of nano-related activities – colloquia, symposiums, outreach programs, entrepreneurial pursuits and networking with local industry. Our group is comprised of interdisciplinary members from the University of Calgary with connections to our sister chapter at the University of Alberta.",Nanotechnology Research,51-200 employees,Educational,"Calgary, Alberta, Canada",Canada,uofcnano.ca,https://www.linkedin.com/company/uofc-nanogroup
Nanofactory @McGill,"Our research group aims to offer advanced materials-based solutions to challenges in everyday life by developing scalable functional material systems and production processes. At the intersection of nanotechnology, materials science, mechanics, and manufacturing, the group is developing a closed-loop research program around advanced materials, covering synthesis, characterizations, device design, and production. Areas of specialty include mechanical characterizations at small-scale (sub-nm to micron), micro/nano transfer printing, characterizations and synthesis of 1D/2D materials & composites, and 3D printing of advanced materials.",Nanotechnology Research,2-10 employees,Educational,"Montreal, Quebec, Canada",Canada,mcgill.ca,https://www.linkedin.com/company/mcgill-nanofactory
Laboratory of Micro and Nanofabrication (LMN),"The Laboratory of Micro and Nanofabrication (LMN) is a world-class laboratory specializing in the synthesis and characterization of nanomaterials and the design and development of nanodevices for photonics, electronics, and biomedical engineering",Nanotechnology Research,11-50 employees,Partnership,"Varennes, Quebec, Canada",Canada,inrs.ca,https://www.linkedin.com/company/laboratory-of-micro-and-nanofabrication-lmn
Detectica,"Welcome to Detectica, your partner in innovation and progress. We are a forward-thinking company dedicated to revolutionizing industries through the power of nanotechnology. Our journey began with a vision to bring cutting-edge solutions to businesses and organizations seeking transformation.

Our Mission
At Detectica, our mission is to harness the potential of nanotechnology to create products that redefine industries and drive technological advancements. Our commitment to innovation fuels our passion to develop solutions that make a real difference in the world.

Our Expertise
With a team of dedicated experts, we are focused on pioneering new frontiers in nanotechnology. Our journey started with the exploration of graphene's remarkable properties, and it has now evolved to encompass a broader spectrum of applications. Our dedication to research and development has led us to create innovative paint solutions that are set to make waves in various sectors.

Nanotechnology-Powered Paints
Our journey into nanotechnology has led us to formulate groundbreaking paint products that offer exceptional performance and value. From Thermal Insulation Nanopaint to Antibacterial Nanopaint, our innovative formulations have the potential to revolutionize industries by addressing key challenges and delivering tangible benefits.

A Vision for the Future
As a startup with a relentless drive for progress, we are excited to pave the way for a new era of nanotechnology applications. Our nanotechnology-powered paints are just the beginning of our journey to transform industries and create a positive impact.

Get in Touch
Explore the exciting possibilities of nanotechnology with Detectica. We invite you to learn more about our innovative paint solutions and how they can enhance your projects. Connect with us to discover the future of industries powered by nanotechnology.",Nanotechnology Research,2-10 employees,Privately Held,"Halifax, Nova Scotia, Canada",Canada,detectica.ca,https://www.linkedin.com/company/detectica-inc
NanoRD,"NanoRD’s vision sees a new world, where atomic-level manipulation of materials brings dreams to reality. Our pillars are
power, adventure and wealth which are strong forces in the markets where competition is high or will become high
when we help clients carve an entirely new market.
Our service, at their core, guide creative thoughts into real-life products. To stimulate the creative workflow, we offer a
few broad ideas that intend to spark ambition in our clients. The semiconductor industry example below shows a silicon
transistor which has a single (a binary output). Through NanoRD, our client can create heterostructures with chips of the
same size having multiple capabilities.
In layman’s terms, the sun may power this device, alongside the heat generated by the electricity flowing through it. A
chemical sensor can be integrated to monitor the environment of pollutants and a strain sensor can help diagnose
mechanical damage (instead of the current, crack it open and have a look) and it also acts as a transistor. These
possibilities are realized into the same volume as a classic transistor through the power of nanotechnology and 2d
materials.",Nanotechnology Research,Self-employed,Privately Held,"Calgary, Alberta, Canada",Canada,nanord.ca,https://www.linkedin.com/company/nanord
Brilliant Nanophotonics Inc.,"Brilliant Nanophotonics Inc. is an independent company based in Canada’s national photonics technology capital in Ottawa, ON. We provide technical services in the area of nanophotonics design.

Our mission: We use state-of-the-art software, hardware and design paradigms to produce custom high-performance nanophotonic components for our clients.",Nanotechnology Research,2-10 employees,Privately Held,"Ottawa, Ontario, Canada",Canada,brilliantnano.com,https://www.linkedin.com/company/brilliantnano
Matelligence Inc.,"Matelligence aims to accelerate the design and discovery of new materials through advanced computational modelling, experimental data, and deep learning techniques.",Nanotechnology Research,2-10 employees,Privately Held,"Montreal, Quebec, Canada",Canada,matelligence.com,https://www.linkedin.com/company/matelligence
FlexCap Energy Ltd.,"FlexCap Energy is committed in delivering highly flexible, top performance, high quality, lightweight energy storage solutions for our valued customers.

An Impact Centre company. Affiliated with Chinese Academy of Sciences Innovation Incubator Suzhou. Affiliated with Suzhou Flex Energy Nanotech Corporation.

Flexible thin-film electrochemical energy storage solutions are emerging technology that plays an important role as energy supply for various electronics system for both present era and the future. Project PLUTO targets novel nano-engineered electrode material that is capable of delivering competitive performance, while maintaining desirable mechanical characteristics.

Imagine future smart watches where the straps are made of bendable batteries, with the chunky casing removed altogether, creating the possibility of truly ‘flexible’ electronic devices. Our vision is to provide continuous power in enabling products ranging from future wearables to embedded smart textiles. FlexCap Energy develops and manufactures small-scale flexible thin-film supercapacitors and alkaline battery solutions.",Nanotechnology Research,2-10 employees,Privately Held,"Toronto, Ontario, Canada",Canada,flexcap.ca,https://www.linkedin.com/company/flexcap-energy-ltd.
FeynMed Solutions,,Nanotechnology Research,2-10 employees,Privately Held,"Edmonton, Alberta, Canada",Canada,feynmed.com,https://www.linkedin.com/company/feynmed
UWSiO,"UWSiO (University of Waterloo Silicon Integrated Optics) is a dynamic group of students
focused on advancing and revolutionizing data storage through the use of silica
systems. In an age of rapidly growing and often wasteful data production, we aim to
develop solutions that are more efficient, durable, and scalable. Our mission extends
beyond advancing storage technology; we are committed to making it widely accessible.
Leveraging silica-based storage, we strive for sustainable and reliable data
management on a large scale.

Our initiative also emphasizes educational outreach, offering learning experiences for
those interested in this innovative field. We integrate technological developments with
practical academic exposure, fostering a comprehensive understanding of this field.",Nanotechnology Research,2-10 employees,Non Profit,"Waterloo, Ontario, Canada",Canada,,https://www.linkedin.com/company/uwsio
NuVessl Inc.,"NuVessl is a life science company on a mission to enhance life with products that actually work.
Here's the problem we solve: on average, less than 7% of functional and active ingredients are absorbed by the body. That means poor product performance, wasted ingredients, and frustrated consumers.
Our patented, all-natural SmartSorbTM delivery platform changes that, dramatically improving how ingredients are absorbed so your products deliver on their promise.
We serve the nutraceutical, functional beverage, food, skincare, animal health, and pharma industries, helping brands create a healthier every day.
Why SmartSorbTM Stands Out
•	Enhanced performance of single or multiple ingredients
•	Controlled release options: rapid, sustained, or dual
•	Flavor masking or enhancing
•	Improved product stability
•	Optically clear solutions with enhanced ingredient performance
•	Easy to scale for manufacturing
•	All-natural, GRAS SmartSorbTM ingredient (Non-GMO and organic available)
•	Patent protected
Applications
Food & Beverage: drinks, shots, sprays, sublinguals, frozen treats, ice cream, hard candy, gummies
Topicals: creams, gels, serums, lotions, liquids, masks, bandages
Let's Build Together
We're partnering with brand owners and businesses ready to create innovative products that solve real problems, and are guaranteed to actually work.
We license our formulas and SmartSorbTM technology across the health and wellness industries.
Ready to make your ingredients work harder? Let's talk.
nuvessl.com",Nanotechnology Research,2-10 employees,Privately Held,"Calgary, Alberta, Canada",Canada,nuvessl.com,https://www.linkedin.com/company/nuvessl-inc.
Vaculayer Corp.,"VacuLayer provides custom thin film coating services for a variety of applications including optics, semiconductors, displays, acoustics, industrial, scientific, research & development, prototyping, etc. We have extensive experience in designing, developing and producing vacuum deposited coatings for the UV, VIS, NIR, SWIR, MWIR, and LWIR spectral wavelengths. These include: anti-reflection coatings, co-deposited coatings, diamond-like-carbon DLC coatings, filter coatings, high-reflection dielectric coatings, metal mirror coatings, neutral density filters and transparent conductive ITO coatings.",Nanotechnology Research,2-10 employees,Privately Held,"Mississauga, Ontario, Canada",Canada,vaculayer.com,https://www.linkedin.com/company/vaculayer-corp-
Helmet Creek Technologies,"Helmet Creek Technologies is owned and operated by Ken Westra, PhD, PEng. With over 30 years of microfabrication process experience, we develop prototypes and small scale production of MEMS, Microfluidic and other devices. The process facility has over 200 tools for micro and nano fabrication, including a full suite of surface science tools.

Other Services: In-House and Distance Training, Process Consulting, Instrumentation Development, and Micro and Nano Fabrication Facility Construction and Operations Support",Nanotechnology Research,2-10 employees,Privately Held,"Edmonton, Alberta, Canada",Canada,helmetcreek.com,https://www.linkedin.com/company/helmet-creek-technologies
Pi-SOL Technologies Inc.,Pi-SOL Technologies is a nanotechnology research company.,Nanotechnology Research,2-10 employees,Partnership,"Montreal, Quebec, Canada",Canada,pisoltechnologies.com,https://www.linkedin.com/company/pi-sol-technologies-inc
Eco Glass Solutions,"Save year after year.  Scientifically tested for the Canadian climate. Liquid thermal products allow you to increase energy efficiency, while being ideal in a global strategy of renewable energy.

* Insulates your windows - the greatest thermal weakness of your building’s envelope
* Improves the comfort of your space all year long
* Saves up to 27% on your energy bill reducing heating loss and your air conditioning needs
* Blocks 99.9% of harmful UV rays and blocks up to 91% of Infrared rays
* No compromise on visible light - this transparent coating allows for a maximum amount of natural light
* 20 plus years durability
* Transforms your existing windows into energy efficient ones.  
* Improves energy efficiency  
*Save up to 26% on your energy bills*


*As demonstrated by scientific research conducted by a leading University’s Architectural Sciences
department.

———————————————————————————

* Our new protective coatings for residential/commercial application protect your surfaces from damage and dirt. Once ready to remove, simply peel off and, because it’s biodegradable, simply dispose of in regular trash.",Nanotechnology Research,2-10 employees,Self Employed,"Parkland County, Alberta, Canada",Canada,ecoglasssolutions.ca,https://www.linkedin.com/company/eco-glass-solutions
baGENEFF Inc.,"BaGENEFF Inc. is a Canada-based company leads in “Advanced Coating” business that serves its customers in North America. 

Its materials division offers highly transparent Advanced Coating Spray for Metal surfaces, Glass, Tiles, Woods, Concretes, Carpets, and Leathers to develop water repellent characteristics in them, facilitate for easy surface cleaning in shorter time with lesser energy. Nanosolution Spray promise for ultimate long term protection from all environmental effects include molds, fungus, staining, spilling, raining, pouring, splashing, UV light, acid rains, bird droppings, insects sticking and minor scratches etc., resulting in long-term protective clean and shiny surface.

Its machine division provides Advanced Coating Machines a.k.a state-of-art Electrospinning equipments in R&D lab scale, semi-industrial scale and commercial production capacity for the manufacturing of nano-sized materials and nano-enabled membranes/mats, promise to develop highly efficient Filters (Air / Water), Energy devices (Fuel cells, Lithium Ion Batteries), Biomedical products (Stents/ Skin /Tissue Regenerative Masks, Bio-sensors etc.), and Performance Textiles/ Fabrics.

Copyright by Bageneff Inc.",Nanotechnology Research,2-10 employees,Privately Held,"Brampton, Ontario, Canada",Canada,bageneff.com,https://www.linkedin.com/company/bageneff-inc-
Lamda Solar Inc.,Lamda Solar Inc. a brand and division of MTI (Metamaterial Technologies Inc.) is focused on commercializing the use of thin film metamaterials to increase the efficiencies of solar panels. The Company has exclusive access to patent pending technology that differentiates the Company from its competitors.,Nanotechnology Research,2-10 employees,Public Company,"Halifax, Nova Scotia, Canada",Canada,lamdasolar.com,https://www.linkedin.com/company/lamda-solar-inc-
Nanotek Materials Inc.,"Nanotek Materials is a Canadian based innovation company specializing in the commercialization and, proliferation of sustainable and efficient technologies in the field of material sciences. We are proud to present our flagship technology to the global market, Nanocement - a revolutionary process for sustainable, low cost and, high quality cement production.",Nanotechnology Research,2-10 employees,Privately Held,"Toronto, Ontario, Canada",Canada,nanotekmaterials.com,https://www.linkedin.com/company/nanotekmaterials
Nanosphere Canada,Nanosphere is a private Canadian company that works in the nanotechnology market. We strongly believe that nanotechnology will create a new era of scientific discoveries and will help solving many problems that our world is currently facing. Our mission is to help to provide those technologies.,Nanotechnology Research,2-10 employees,Partnership,"Montreal, Quebec, Canada",Canada,nanosphere.ca,https://www.linkedin.com/company/nanosphere-canada
Metalilux,"Established in 2013, Metalilux is now the number one leading PVD coating company in the Greater Montréal Area. From the beginning, our main focus has been to provide exceptional service as well as great customer support to satisfy our customers.",Nanotechnology Research,2-10 employees,Privately Held,"St-Jérôme, Quebec, Canada",Canada,metalilux.com,https://www.linkedin.com/company/metalilux
Maad Scientist Technologies Inc.,"Radical science. Real-world impact.
We turn bold ideas into practical solutions — from diagnostics to deodorants, cancer to cosmetics.
At MAAD Scientist Technologies, we fuse chemistry, biology, and materials science to reimagine the way we live, heal, clean, and care.
 Built in Canada. Inspired by cancer biology. Fueled by frustration with ""the way things are.""
Because everything has a surface — and it’s time those surfaces did more.
 Get a little MAAD with us.",Nanotechnology Research,2-10 employees,Privately Held,"Vancouver, British Columbia, Canada",Canada,maadscientisttech.com,https://www.linkedin.com/company/maad-scientist-technologies-inc
Lamda Lux Inc.,"Lamda Lux Inc. is a brand and division of MTI (Metamaterial Technologies Inc.) developing an add-on device that uses thin film metamaterials to dramatically increase the efficiency of light emitting diode (LED) light sources. The Company has exclusive access to patent pending technology, covering the areas that are being focused on, which include the use of the Company’s products in commercial applications.",Nanotechnology Research,2-10 employees,Public Company,"Halifax, Nova Scotia, Canada",Canada,lamdalux.com,https://www.linkedin.com/company/lamda-lux-inc-
ITEKT,"Guided by our core values, our mission is to offer a high-performance, affordable liquid glass protection created with natural components that help make our world more sustainable.

Free from harsh chemicals such as silicone that are commonly found in most glass protection products, ITEKT’s revolutionary formula developed and manufactured in Canada uses the science of nanotechnology to help preserve and protect glass, resulting in less waste that can be harmful to the environment.",Nanotechnology Research,11-50 employees,Privately Held,"Verdun, Quebec, Canada",Canada,itekt.com,https://www.linkedin.com/company/itekt
Perpetual Technologies Inc.,"Since its inception, Perpetual Technologies has received contracts and subcontracts for work relating to nanostructured coatings from numerous US companies and institutions, including: Mogas Industries and FW Gartner Thermal Spraying Co., both in Houston; US Office of Naval Research; US Naval Surface Warfare Center – Carderock Division; General Electric – Global Research Center; Science Applications International Corporation; Praxair Surface Technologies; University of California (Irvine & Davis) and Rice University. In addition to providing consulting services in the field of nanostructured coatings, Perpetual Technologies provides technical solutions for industrial and military applications, supports and/or coordinates R&D projects, and conducts failure analysis. George Kim is currently developing nanostructured coatings for thermal barrier and wear/corrosion applications, finding niche applications for a novel internal diameter thermal spray gun, and operating a partnered company, “n-WERKZ”, focusing on the production of nanostructured metal-base powder for industrial and military applications.",Nanotechnology Research,2-10 employees,Self Employed,"Canmore, Alberta, Canada",Canada,perpetualtech.ca,https://www.linkedin.com/company/perpetual-technologies
Micro Green Solutions,"MICRO GREEN SOLUTIONS INC is a distributor for a industry leading manufacturer of nano, micro scale materials and carries their cost effective, environmentally friendly coatings for a incredible range of applications. 


Contact us to see if we can assist in changing your existing processes to something more environmentally friendly, more cost effective and improve upon the desired results. These products are designed to improve your performance, lifespan, running costs and appearance of your assets and operations.


We offer diverse, impressive nano and micro scale technologies with the products in our Solutions. Additionally we can work with our clients and supplier to create something unique for your specialised applications. Contact us at info@microgreensolutions.com to learn more.",Nanotechnology Research,2-10 employees,Privately Held,"Edmonton, Alberta, Canada",Canada,microgreensolutions.com,https://www.linkedin.com/company/micro-green-solutions
Parasol Innovations,"Parasol Innovations delivers next-generation cleantech cooling technology: Para.CoolTM - protecting buildings, cargo, electronics, and agriculture without power. Our selective radiative nano-materials work on any surface, in any environment, cutting energy use, GHG emissions, and costs. Precisely tuned to emit thermal radiation through the atmospheric window, they remove heat and GHGs from Earth's atmosphere.",Nanotechnology Research,2-10 employees,Privately Held,"Montreal, Quebec, Canada",Canada,parasol-innovations.com,https://www.linkedin.com/company/parasol-innovations
HJC Consulting Inc.,"HJC Consulting Inc. provides professional science, analytical chemistry and microfluidics consulting to corporate, government and academic clients alike for a variety of business, research and investment needs.

   The company has core technical competences in nano- and microfluidics (lab-on-a-chip), separation science and analytical instrument development, and is well versed in analytical chemistry generally.  Core business competences pertain to product development, project management and business strategy.  The company also acts as a subject matter expert for government agencies, law firms, etc.  HJC Consulting Inc. makes use of an extensive network of professional contacts in a wide variety of related scientific and business fields in the event that a client’s project scope is not wholly encompassed within the company’s skill set.",Nanotechnology Research,Self-employed,Self Owned,"Edmonton, Alberta, Canada",Canada,hjcconsulting.ca,https://www.linkedin.com/company/hjc-consulting-inc-
Canxtra Inc.,"All-Natural CBDa Products:
Canxtra offers high volume, water-based, soventless,
broad + full spectrum MICELLE+CBDa, CBD distillate in
liquid and powder. It’s a USDA Certified Biosourced all
organic-enabled, sustainable and engineered for today’s
fast growing wellness marketplace.",Nanotechnology Research,201-500 employees,Privately Held,"Oakville, Ontario, Canada",Canada,canxtra.com,https://www.linkedin.com/company/canxtra-inc
BioGraph Sense Inc.,"BioGraph Sense Inc. is a Canadian nanotechnology company dedicated to providing enhanced electronic solutions. Established in 2021, BioGraph Sense was co-founded by Dr. Novodchuk, Dr. Bajcsy, and Dr. Yavuz in their pursuit to bring their inventions to market.
BioGraph Sense has developed a nanoelectronics technology that enables 1000x enhanced performance in devices such as sensors, biosensors, and nano/micro electronics.
BioGraph sense is a spin-off company from the University of Waterloo with extensive expertise in nanotechnology.",Nanotechnology Research,2-10 employees,Privately Held,"Kitchener, Ontario, Canada",Canada,,https://www.linkedin.com/company/biographsense
Open ND,"At Open ND, our nano-manufacturing technology provides commercial solutions that are accessible, sustainable and brilliantly innovative. We invite you to explore the possibilities of nanostructured materials with us.",Nanotechnology Research,2-10 employees,Privately Held,"Toronto, Ontario, Canada",Canada,,https://www.linkedin.com/company/open-nd
苏州烯时代材料科技有限公司,"一家以国际领先的石墨烯制备技术和膜制备技术为核心的高科技新材料企业,已经开发并投放市场的民用/工业用石墨烯电热膜,水性导电油墨,水性散热涂料,导热膜等,在研的产品包括应用于锂电池的石墨烯涂层集流体,导电剂。",Nanotechnology Research,11-50 employees,Partnership,"Ottawa, Ontario, Canada",Canada,cstarstg.com,https://www.linkedin.com/company/苏州烯时代石墨烯科技有限公司
Aionix Data Inc.,"Aionix Data is pioneering the future of information preservation and optical innovation. We specialize in femtosecond laser-based 5D digital optical data storage, enabling unprecedented capacity, durability, and sustainability for the world’s growing data needs.

Our work sits at the intersection of nanotechnology, materials science, and photonics, where we design advanced solutions for data storage, optical materials research, and next-generation information systems. By leveraging cutting-edge laser technologies and rare-earth material analysis, we are shaping technologies that will outlast traditional storage and unlock new possibilities for industries worldwide.

At Aionix Data, we believe that data is humanity’s most valuable resource—and preserving it securely, efficiently, and sustainably is critical for progress. Through research, innovation, and collaboration, we are building solutions that will power industries from cloud computing and AI to healthcare and national archives.

Our mission is simple: to push the boundaries of what’s possible in data and optical technologies, ensuring that today’s knowledge is preserved for tomorrow’s generations.",Nanotechnology Research,11-50 employees,Privately Held,"Calgary, Alberta, Canada",Canada,aionixdata.com,https://www.linkedin.com/company/aionix-data
FN Nano Wescan,"Why are we living in the 21st century while using the technology of the past?

Nanotechnology for surface protection and air purification.",Nanotechnology Research,2-10 employees,Privately Held,"Calgary, Alberta, Canada",Canada,fnnanowescan.ca,https://www.linkedin.com/company/fnnanowescan
Fryfresh Canada,"Fryfresh Canada is a corporation committed solely for the sales and distribution of the Fryfresh device, a groundbreaking apparatus that is destined to redefine how the food industry approaches the process of deep-frying.

The patented device is certified as safe and non-toxic by the NSF, a non-profit organization dedicated to public safety and protection, and is authorized for sale by the Food and Drug Administration, or FDA.

The success of the Fryfresh device is attributed to a photo-catalytic nanotechnology that it utilizes to diminish oil breakdown at a molecular level, caused by oxidization, thereby prolonging its lifespan by as much as 150 percent. This allows establishment owners to reap substantial savings on both their cooking oil and oil disposal costs.

Furthermore, the reduction in oil breakdown allows for better heat transfer from oil to food, which ultimately provides for faster cooked foods and the shortening of cooking times by up to 25 percent. This subsequently cuts down on energy consumption by as much as 30 percent. A reduction in oil breakdown also enhances food flavor and lessens oil absorption by food items resulting in healthier eating.

The Fryfresh device is a recipient of the 2008 Kitchen InnovationsTM (KI) Award, bestowed by the National Restaurant Association, for addressing the growing needs of food service operators and improving productivity and food safety.",Nanotechnology Research,2-10 employees,Privately Held,"Montreal, Quebec, Canada",Canada,fryfresh.ca,https://www.linkedin.com/company/fryfresh-canada
Coaters Tech,"With over 20 years of experience in optical coating industries ranging from high power lasers to ophthalmics and telecom to military applications, Coaters Tech can provide you with engineering services to complete your production or R&D needs.

Coaters Tech is able to take your project from concept to production including producing your first production runs to ensure your specs are met and your product meets environmental testing in a production environment.

Coaters Tech is unique in the consultant field as we can also do production for you if required. Coaters Tech has hands on practical experience far beyond that of it's competitors. Production coating is one of the services we provide.",Nanotechnology Research,Self-employed,Self Owned,"Burlington, Ontario, Canada",Canada,coaterstech.com,https://www.linkedin.com/company/coaters-tech
RDG2 Technologies,"RDG2 Technologies est une entreprise en R-D et Services d'intégration systèmes dans les domaines du Homeland Security, Systèmes de transport intelligents et Gestion de l'énergie.

Les domaines d'intérêts actuels en R-D sont:
- PSI (Pedestrian Sensors Imaging)
- UGS (Unattended Ground Sensors)
- Miniaturisation de capteurs intelligents et Micro piles
- Integration de multi-capteurs dans les systemes d'affichage de type COP (Common Operational Pictures)

L'offre de services en intégration de systèmes de sécurité inclue:
- Analyse des exigences
- Spécifications systme
- Intégration avec les systmes existants (Legacy systems)
- Installation, essais de validation, support technique, etc...",Nanotechnology Research,2-10 employees,Self Owned,"Bromont, Quebec, Canada",Canada,rdg2.com,https://www.linkedin.com/company/rdg2-technologies
Kikstick Safety LTD,"Kikstick Safety LTD manufactures nanotechnology products that are applied to surfaces to increase traction and safety.

Our patented and trademarked products are used on all types of shoes, work boots, military boots, rubber boots, running shoes, dress shoes, hiking shoes / boots, parkour, womens shoes / boots, high heels and many more.

Up to 200% more traction when walking on dry surfaces
Up to 500% more traction when walking on wet surfaces",Nanotechnology Research,11-50 employees,Non Profit,"Greater Sudbury, Ontario, Canada",Canada,kiksticksafety.ltd,https://www.linkedin.com/company/kikstick-safety-ltd
Formi 3DP Inc.,"Formi 3DP Inc. is a leader in functional 3D printing materials. Formi high resolution photopolymers are compatible with Stereolithography (SLA), Digital Light Process (DLP), laser and LCD 3D printers. Designed for fine details, these materials are formulated to build high-definition prototypes suitable for design realization, advanced communication, and production.",Nanotechnology Research,2-10 employees,Privately Held,"London, Ontario, Canada",Canada,formi3dp.com,https://www.linkedin.com/company/formi-3dp-inc.
ANGP Technologies,"ANGP Technologies sees the problems in the Oil and Energy industry, and works to fix them. Comprising of a team of highly skilled individuals, ANGP Technologies looks to bring their advances to a new market.",Nanotechnology Research,2-10 employees,Partnership,"North Vancouver, British Columbia, Canada",Canada,angptech.ca,https://www.linkedin.com/company/angp-technologies
ArmourMe,"Here at ArmourMe we have developed a range of products that utilize the power of Nanotechnology and helps to protect your surfaces. Protective capabilities of this coatings are designed in a way that it creates an invisible coating on the surface making it hydrophobic (water repellent) and easy to clean surface that protects it from dirt, stain, dust, water, rust.
Here are some of the reasons why we think that our products might be the ideal choice for your everyday life. Right from shoes to clothes, car to glass, solar panels to glass buildings you can use our products on all of them. They are incredibly easy to use and come complete with full instructions to ensure that you get it right. Our products combine the molecules of  nanotechnology and Environmentally, Eco-friendly ingredients which forms an invisible Liquid Skin shield on the surface which lasts longer, require less cleaning, cost savings. The best part about the coating is that it doesn't change the surface look and feel allowing it to be breathable. Coated surfaces have anti-bacterial and UV resistant properties as well.",Nanotechnology Research,2-10 employees,Partnership,"Toronto, Ontario, Canada",Canada,armourme.in,https://www.linkedin.com/company/armourme
Polyshine Innovation,"Polyshine Innovation is a family business that was founded in 2013. With several years of experience in polishing vehicles and glass surfaces and having been trained in the various techniques used in Europe and the United States, Joël Bouillon acquired a high level of knowledge of surface restoration techniques.

Having managed top-notch technology companies as well as building ventilation installation projects all over in Canada, Réjean Bouillon is both professional and attentive to the needs of his customers.",Nanotechnology Research,2-10 employees,Self Employed,"Trois-Rivières, Quebec, Canada",Canada,polyshineinnovation.com,https://www.linkedin.com/company/polyshine-innovation
NanoFabrication Kingston,"NanoFabrication Kingston (NFK) is an open-access micro- and nanofabrication facility operated by Queen’s University in Kingston, Ontario.

Established in 2015 through a collaboration between Queen’s University and CMC Microsystems, NFK provides researchers, engineers, students, and industry partners with access to advanced equipment, specialized training, engineering support, and technical expertise for the design and prototyping of microsystems and nanotechnologies.

Our facility supports research and development across a wide range of fields, including materials, microfluidics, micro- and nano-mechanics, microelectronics, photonics, MEMS, NEMS, nanophotonics, sensors, and lab-on-a-chip technologies.

NFK offers hands-on laboratory access and equipment training, as well as staff-executed project services for clients requiring additional fabrication support. Our team helps users develop practical solutions, refine fabrication processes, and move innovative ideas from concept toward prototype.

NFK is part of a national network of university-based micro- and nanotechnology research facilities and serves users from academia, government, and industry.

Learn more about laboratory access, equipment, services, and training at nanofabkingston.ca.",Nanotechnology Research,2-10 employees,Public Company,"Kingston, Ontario, Canada",Canada,nanofabkingston.ca,https://www.linkedin.com/company/nanofabrication-kingston
Cannovations,"Our Vision
Our company was established to provide an alternative, natural way of healing without using industrialized pharmaceuticals. 

Our mission is to provide quality cannabis/hemp products that help people to find a natural way of healing and relieve their symptoms.

Cannabis & Hemp
We are an extractor and contract manufacturing company using Good Manufacturing Practices (GMP) to produce cannabis and hemp products for our customers.

We produce THC and CBD oil extracts (isolates, distillates) that can be infused into many products.

Our Promise to You
We strive to produce the highest quality extracts and manufactured products to satisfy our client's demands and help people improve their health.

We test all our products and provide certificates of analysis so you are certain of the quality.",Nanotechnology Research,2-10 employees,Privately Held,"Calgary, Alberta, Canada",Canada,cannovations.ca,https://www.linkedin.com/company/cannovations
SHEV Labs Nanotechnologies Ltd.,"SHEV Labs is a nanotechnology venture in Vancouver, BC, Canada. The mission of SHEV Labs is to provide  innovative medical treatments through sustainable nanotechnology methods.",Nanotechnology Research,2-10 employees,Privately Held,"Vancouver, British Columbia, Canada",Canada,shevlabs.com,https://www.linkedin.com/company/shev-labs-nanotechnologies-ltd.
Material grammar,Uncovering the hidden structures of matter through pattern discovery,Nanotechnology Research,Self-employed,Self Employed,"Calgary, Alberta, Canada",Canada,materialgrammar.com,https://www.linkedin.com/company/materialgrammar
ANGP Technologies,"ANGP Technologies aims to address the issues in the oil and energy industry. ANGP Technologies, which is made up of a group of highly qualified people, seeks to introduce its innovations to the Canadian market.",Nanotechnology Research,2-10 employees,Partnership,"Vancouver, British Columbia, Canada",Canada,angptech.ca,https://www.linkedin.com/company/angp-tech
Nasij Nanotechnology Inc.,"Nasij Nanotechnology Inc. offers high-quality robust woven and non-woven geotextile fabric solutions for erosion control, flooding, and concrete molding for construction. The geotextiles provide separation, filtration, drainage, and protection functions while being flexible, cost-effective, robust, and easy to implement. 

The Company developed a highly innovative erosion control system, a technology used to produce geotextiles by filling high-strength fabric forms aggregate concrete (structural grout). 

At Nasij Nanotechnology Inc, we look to solve the existing issues that are found in the erosion control system. With rising sea levels and changes in the environment, including heavy rainfall and rapid snow and ice melting, causing costal erosion, Canada is at a standstill with methods to help prevent it and to protect the people who live along the coastlines.",Nanotechnology Research,2-10 employees,Partnership,"Vancouver, British Columbia, Canada",Canada,nasijnanotech.ca,https://www.linkedin.com/company/nasij-nanotechnology-inc
Sustainable Nanoengineering Lab (Dr. Selopal),"SNL advances next-generation quantum materials to address two major global challenges: clean energy and food security. Our research integrates quantum materials design, structure–property relationships, and device-level engineering to develop scalable technologies for sustainable energy, precision agriculture, and environmental remediation.
At SNL, we engineer low-dimensional quantum materials by controlling composition, size, shape, and interfaces to tune their optical, structural, and carrier-transport properties. By connecting fundamental materials design with product-oriented device development, we train the next generation of researchers to create innovative technologies for a more sustainable world.",Nanotechnology Research,2-10 employees,Educational,"Bible Hill, Nova Scotia, Canada",Canada,snl-team.com,https://www.linkedin.com/company/sustainable-nanoengineering-lab
InterUrban Systems Inc.,"InterUrban Systems brings the two products of Gauzy Liquid Crystal to the Metro Vancouver area. First, convert your standard glass into LCG smart glass with Polymer Dispersed Liquid Crystal (PDLC) adhesive smart films designed to be retrofitted into an existing space for an instant upgrade used for polite advertising to show your collection to the world outside your doors. The other product that is becoming more relevant as the climate changes become more pronounced is the ability of the SPD film to precisely control Gauzy SPD allows the glass to turn on, off, or dim to block up to 99.5% of light for high-performance glazing that replaces traditional shading solutions allowing user to control light while maintaining views SPD is the optimal choice for outdoor windows across industries.",Nanotechnology Research,Self-employed,Privately Held,"New Westminster, British Columbia, Canada",Canada,interurbansystems.com,https://www.linkedin.com/company/interurbansystems
Synanos,Synanos is a clean-tech startup and a leader in the synthesis and development of advanced functional nanomaterials for diverse applications ranging from energy storage devices to optoelectronics.,Nanotechnology Research,2-10 employees,Privately Held,"Calgary, Alberta, Canada",Canada,synanos.com,https://www.linkedin.com/company/synanos
Nanoventi,"Montreal based, award-winning Nanogrande corp. and serial entrepreneur Gary Oberman, have recently joined forces to form NanoVenti corp, inventors of the world's first-ever truly reusable medical and civilian grade facial respirators and masks.

The company’s patent-pending technology combines self-cleaning nanotubes and state of the art polymers to facilitate scale production of its proprietary N99, N95 and N90 medical and civilian grade facial respirators. Nanoventi has developed nanometer (nm) precise injection molds which will be used to produce millions of precision facial respirators rendering disposable alternatives virtually obsolete.

The Nanomask design is based on a washable, transparent polymer that delivers unrivaled safety and comfort. The mask has a zero-waste footprint and completely eliminates environmental waste. “The wearing of non-transparent masks has triggered a plethora of both security and social concerns which our technology will address by returning the face back to the equation of what might now be considered the new normal” says co-founder Gary Oberman.

The average civilian requires approximately 20 disposable masks per month while the average front line medical worker consumes 5 to 7, N95 high-grade masks per day costing governments approximately $6,000USD per year in disposable waste per worker. The Nanoventi equivalent will cost less then 1/40th of that across 2 yrs and virtually eliminate environmental waste.

The primary shell of the respirator is made from a soft polymer which can be color tuned or left without pigment to produce crystal clear transparency. The mask contains a filtration platform of self-cleaning nanotubes and can be 100% sterilized using a conventional dishwasher or cold washed using CS20 cold sterilizing without degrading the structures or properties of the respirator.

The soft feel and effective nanoventing of the mask, as well as anti-fogging, make it an ideal choice for either medical or civilan applications",Nanotechnology Research,2-10 employees,Privately Held,"Montreal, Quebec, Canada",Canada,nanoventi.com,https://www.linkedin.com/company/nanoventi
Nebula Labs,Nebula Labs is developing systems to provide accessible clean water through fog harvesting. For dry or wet climates. In remote places or large cities.,Nanotechnology Research,2-10 employees,Privately Held,"Waterloo, Ontario, Canada",Canada,nebulalabs.ca,https://www.linkedin.com/company/nebulalabs
Alpha Nanotech Inc.,"We are a startup company specializing in the synthesis of nanoscale materials, and we will be providing our full service this November.",Nanotechnology Research,2-10 employees,Self Owned,"Vancouver, British Columbia, Canada",Canada,alphananotechne.com,https://www.linkedin.com/company/alpha-nanotech
Uni-Coatings Canada,"Unicoatings Canada supplies and/or applies clear nanotechnology coatings to protect and enhance various products.
Products such as anti-graffiti coatings and Diamond Shield, a coating for moulds in the plastics industry.
Unicoatings also carries a non hazardous graffiti cleaner, Rewitec Nanocoating, Re-clear Headlight Restorer, and Addinol Oil.",Nanotechnology Research,2-10 employees,Partnership,"London, Ontario, Canada",Canada,unicoatings.ca,https://www.linkedin.com/company/uni-coatings-canada
NanoEra technologie Inc.,"NanoEra technologie Inc, développe, innove et distribue une gamme de produit relié aux nanotechnologies. Situé dans la grande région de Montréal, l'entreprise compte distribuer ses produits à travers le Québec dans un futur très rapproché. 

- Notre Solution -
Nous sommes fier de pouvoir distribuer une solution simple et efficace afin d'améliorer l'efficacité énergétique pour tout les propriétaires au Québec, ainsi que les PME, commerçants et autres. Notre produit fonctionne en tant qu'isolant thermique qui s'applique sur les fenêtres existante. Les utilisateurs peuvent constater plusieurs bénéfices.

- Notre Mission -
Notre mission est simple : promouvoir la solution à travers le Québec et réduire l'empreinte écologique, un bâtiment à la fois. Notre technologie intelligente produit un confort accru en plus de vous fournir des économies d'énergies très intéressante.",Nanotechnology Research,2-10 employees,Privately Held,"Montreal, Quebec, Canada",Canada,nanoera.ca,https://www.linkedin.com/company/nano-era
Harris Manufacturing Solutions Inc.,"Harris Manufacturing Solutions Inc provides technical advise and manufacturing needs for the technical ceramic industry. We are under contract with Marketech International, ceramic division, who import, process and manufacture products pertaining the advanced ceramic industry.",Nanotechnology Research,Self-employed,Privately Held,Canada,Canada,mkt-intl.com,https://www.linkedin.com/company/harris-manufacturing-solutions-inc.
HydroElectron Ventures Inc.,Proprietary water cluster technology.,Nanotechnology Research,2-10 employees,Privately Held,Canada,Canada,heventures.com,https://www.linkedin.com/company/hydroelectron-ventures-inc.
ImpLas NanoTech,"ImpLas NanoTech has developed a non-coating, rapid and single-step, chemical-free and laser-based process for the modification of the dental implant surface. The technology devised by the company will help in achieving prolonged antibacterial properties and accelerated osseointegration in dental implants. The Company will impart nanoscale topography on the surface of the Ti (Titanium implants) via an optimized laser process to achieve an utterly uniform nanoscale structure at the implant surface which simultaneously shows a long-lasting antibacterial activity and accelerated osseointegration. The Company will significantly eliminate the cytotoxicity of the dental implants and reduce their rate of deterioration upon long-term usage. 

ImpLas NanoTech is dedicated to assisting and reinvigorating the dental implant industry henceforth it has developed a non-coating, single-step, chemical-free, and laser-based technology that modifies the surface of dental implants. The technology devised by the company will help in long-lasting antibacterial activity and expedited osseointegration through laser-based nano-structuring on dental implants. The Company will alleviate the potential pitfalls of the dental implant industry and curb implant failures by leveraging next-generation technology solutions.",Nanotechnology Research,2-10 employees,Partnership,"Vancouver, British Columbia, Canada",Canada,implas.ca,https://www.linkedin.com/company/implas-nanotech
Micro to Nano Solutions,"Micro to Nano Solutions was founded with a clear purpose: to make advanced micro- and nano-fabrication accessible, flexible, and efficient for organizations that innovate at small scale. Built on decades of semiconductor and cleanroom engineering expertise, our team understands both the complexity of device manufacturing and the challenges faced by teams needing low-volume, high-mix fabrication.

Through access to state-of-the-art research facilities, we provide end-to-end micro and nano processing services — from prototyping and small-volume production to full device characterization.

Our capabilities include:
1. Lithography (UV, Mask aligner, E-beam, Nanoimprint, Direct writing)
2. Dry and wet etching (RIE, DRIE, ICP-RIE, Plasma treatment, Wet etching of silicon, III-V, metals, and dielectrics)
3. Thin-film deposition (PVD, PECVD, ALD)
4. Annealing (RTA, Oven, Furnace)
5. Metrology (SEM, TEM, Microscopy, AFM, PL, EL, CL, Raman, XPS, Profilometer, Reflectometer, Ellipsometer, 4-probe)
6. Wafer processing and packaging (Dicing, Polishing, Wire bonding)
7. Design (Photomask design, Maskless lithography design)

We offer the following services:
- Low-volume production
- Prototype fabrication
- Process development and optimization
- Material and device characterization
- Technical consulting

Why clients choose us?
- Deep industry expertise and hands-on fabrication experience
- High flexibility across materials, processes, and device requirements
- Clear communication and a partnership-driven culture
- Reliable, repeatable results designed for emerging technologies
- Efficient prototype-to-pilot transition.

Please visit our website for more details.",Nanotechnology Research,2-10 employees,Privately Held,"Montreal, Quebec, Canada",Canada,m2nsolutions.ca,https://www.linkedin.com/company/micro-to-nano-solutions
Distribution Nanomats Inc.,Distribution Nanomats Inc. is a Montreal-Canada based company that aims to satisfy the needs of research in academia or industrial companies. Nanomats.com provides a commercial platform with organized materials information so that clients can find the most suitable products for their scientific research.,Nanotechnology Research,2-10 employees,Public Company,"Montreal, Quebec, Canada",Canada,nanomats.com,https://www.linkedin.com/company/distribution-nanomats-inc
Popular Nanotechnology,News about nanotechnology aggregated from sources throughout the world.,Nanotechnology Research,Self-employed,,"Montreal, Quebec, Canada",Canada,popularnanotech.com,https://www.linkedin.com/company/popularnanotechnology
Nasij Nanotechnology Inc,"At Nasij Nanotechnology Inc, we look to solve the existing issues that are found in the erosion control system. With rising sea levels and changes in the environment, including heavy rainfall and rapid snow and ice melting, causing costal erosion, Canada is at a standstill with methods to help prevent it and to protect the people who live along the coastlines.",Nanotechnology Research,2-10 employees,Partnership,"North Vancouver, British Columbia, Canada",Canada,nasijnanotech.ca,https://www.linkedin.com/company/nasij-nanotechnology
Ayus Technology Corporation,"Ayus Technology combines proven practices with advances in Quantum Physics and Material Science. The research delivers precise, measurable results that can be embedded into manufacturer's products creating a competitive advantage that is impossible to reverse engineer.",Nanotechnology Research,11-50 employees,Public Company,"Vernon, Canada",Canada,ayuscorp.com,https://www.linkedin.com/company/ayus-technology-corporation
SMRT Coat,"SMRT Coat is a fourth year design project at the University of Waterloo. Of the 3 million concussions in the United States that occur annually, half go undetected or unreported. Consequently, athletes continue to exert themselves and exacerbate the situation, leading to worse acute symptoms including CTE. Traditional detection methods such as accelerometers are expensive and give inconsistent performance due to implementation complications as well as individual differences. Our alternative solution will be an affordable and easy-to-use helmet coating capable of impact detection through fluorescent or visible flagging to call out potential concussive impacts.  With our design, coaches and referees will be able to assess the injury more effectively and act immediately to protect the physical health of athletes",Nanotechnology Research,2-10 employees,Self Employed,"Waterloo, Ontario, Canada",Canada,,https://www.linkedin.com/company/smrt-coat
Darwin^X,"Nanobots. Robots as small as red blood cells, thousands of times smaller than the thickness of a human hair. Millions can fit in your body and boost your immune system, keep diseases away, and fix any cells that aren't working properly. What if cancer became as curable as the common cold? What if aging is slowed or even reversed? This is theoretically possible through nanorobots. Darwin^X making them not just a distant dream, but a close reality. 

For more information check out our articles: 
- https://medium.com/darwin-x",Nanotechnology Research,2-10 employees,Self Employed,"Toronto, Ontario, Canada",Canada,darwinx.ca,https://www.linkedin.com/company/darwin-x
Voyager Labs,,Nanotechnology Research,2-10 employees,Privately Held,"St John’s, Newfoundland and Labrador, Canada",Canada,labsvoyager.com,https://www.linkedin.com/company/voyager-labs
Morgengaete Ionics Inc,"Morgengaete Ionics Inc. is an applied science innovation firm. Focused on sustainability, renewables, carbon recycling and the environment; we are developing and commercializing chemical processes employing supercritical fluids, earth abundant metal catalysts to isolate valuable small molecules from  plastic waste.",Nanotechnology Research,2-10 employees,Privately Held,"Strathroy-Caradoc, Ontario, Canada",Canada,,https://www.linkedin.com/company/morgengaeteionicsinc
G-Cylinder,"Improving Combustion Efficiency with Nanotechnology, the G-Cylinder offers up to 60% more combustion of exhaust hydrocarbons and up to 30% improved fuel economy.",Nanotechnology Research,2-10 employees,Privately Held,"Surrey, British Columbia, Canada",Canada,gcylinder.com,https://www.linkedin.com/company/g-cylinder
Synergy ANTECH Services Corp.,"Synergy of our wide-ranging experience in materials design, technological processes and project management will allow to successfully design new materials with requested characteristics, improve quality of existing materials and resolve technological problems. 
We can offer:
•	Improve technology by using innovation ideas, equipment, our knowledge and experience
•	Solve problems with erosion, corrosion, and oxidation of the materials in high temperature environment and significantly increase life of critical parts
•	Get pure metals directly from the scrap materials
•	Obtain pure metals from raw materials avoiding multiple refining stages
•	Provide detailed analytical testing of existing materials & parts
•	Experiments design

-    Professional Services:	
•	Technical consulting	
•	Materials design	
•	Experimental Design	
•	Analytical Testing	
•	Project management	
•	Bid management	
•	Training
-	Manufacturing:	
•	Production of new materials and coatings 
•	Production of pure metals
•	Production of ceramics",Nanotechnology Research,2-10 employees,Partnership,"Bowmanville, Ontario, Canada",Canada,synergyantech.com,https://www.linkedin.com/company/technology-and-equipment-of-coating-smelting-composites-and-microporous-materials
GraBBIng,"GraBBIng is a project funded by the European Commission.
2D GRAphene-Based devices for BiosensING cancer biomarkers.
GraBBIng will study advanced 2D-materials with the purpose of personalized medicine, which is a huge topic in the European Union (EU) and globally. Precision medicine relies on validated biomarkers with which to better classify patients by their probable disease risk, prognosis and/or response to treatment. In particular, GraBBIng will focus on: Increasing the early diagnosis of lung cancer in Europe: considered an essential milestone to tackle the biggest cancer killer. 
The project will be carried out mainly at: the School of Materials Science and Engineering, Graphene Research Group-UNSW Team Graphene, Australia. And, the Nanobiosensors and Bioanalytical Applications Group, Catalan Institute of Nanoscience and Nanotechnology (ICN2) in Barcelona, Spain.",Nanotechnology Research,Self-employed,Non Profit,"Sidney, British Columbia, Canada",Canada,,https://www.linkedin.com/company/grabbing
NanoAmerica,,Nanotechnology Research,2-10 employees,Non Profit,"Waterloo, Ontario, Canada",Canada,,https://www.linkedin.com/company/nanoamerica
Northern Quantum Lights,"We design, fabricate and test advanced semiconductor quantum devices for applications in quantum metrology, quantum sensing, and quantum computing.",Nanotechnology Research,Self-employed,Privately Held,"Waterloo, Ontario, Canada",Canada,northernquantumlights.com,https://www.linkedin.com/company/northern-quantum-lights
Alchemy/Neverfrost,,Nanotechnology Research,2-10 employees,,"Kitchener, Ontario, Canada",Canada,,https://www.linkedin.com/company/alchemy-neverfrost
Bactraban Industry's,Bactraban is #1 in prevention & protection against invasive microbes,Nanotechnology Research,51-200 employees,Public Company,"Vancouver, British Columbia, Canada",Canada,bactraban.com,https://www.linkedin.com/company/bactraban-industry-s
Shalabi Consulting,Design and Manufacturing in the Medical and Nanotechnology Industries,Nanotechnology Research,Self-employed,Self Employed,"Vancouver, British Columbia, Canada",Canada,,https://www.linkedin.com/company/nanomed-consulting
Laboratoires Mauves Inc,,Nanotechnology Research,,,"Vaudreuil-Dorion, Quebec, Canada",Canada,,https://www.linkedin.com/company/laboratoires-mauves-inc
NanoTerrane,,Nanotechnology Research,2-10 employees,Privately Held,"Kingston, Ontario, Canada",Canada,nanoterrane.com,https://www.linkedin.com/company/nanoterrane
PhotoBattery Inc.,"PhotoBattery Inc. is a Toronto-based engineering and technology company focused on Owner’s Engineering, photonics, advanced R&D, operations and maintenance, and consulting services. The company positions itself around project oversight, risk mitigation, prototyping, industrial optimization, and technical implementation support for clients in manufacturing, energy, infrastructure, and technology sectors.",Nanotechnology Research,2-10 employees,Privately Held,"Toronto, Ontario, Canada",Canada,photobattery.ca,https://www.linkedin.com/company/photobattery
Ushield,"Protect what you love with USHIELD nanotechnology. 

We offer a complete range of high-end products allowing you to preserve and protect your property or the people you love.",Nanotechnology Research,2-10 employees,Self Owned,"Chambly, Quebec, Canada",Canada,ushield.co,https://www.linkedin.com/company/ushield
Artsinteg Corp.,,Nanotechnology Research,2-10 employees,,"Edmonton, Alberta, Canada",Canada,artsinteg.com,https://www.linkedin.com/company/artsinteg-corp-
Morice Esthétique,"Centre d'esthétique professionnel sur rendez-vous! Auto, Moto, Camion, certifié IGL Coatings. Produits haut de gamme, notre spécialité votre satisfaction.",Nanotechnology Research,2-10 employees,Privately Held,"Drummondville, Quebec, Canada",Canada,morice.ca,https://www.linkedin.com/company/morice-esthetique
Chroma Works,"Chroma Works provides R&D consulting services for optics, photonics and soft matter applications. 

We help teams turn difficult experimental, optical and analytical problems into working prototypes, instruments, models and data pipelines. Services include optical system design, microscopy and spectroscopy development, optomechanics, signal analysis, technical troubleshooting, feasibility studies and product-oriented R&D support.",Nanotechnology Research,2-10 employees,Privately Held,"Toronto, Ontario, Canada",Canada,,https://www.linkedin.com/company/chroma-works
Grant Steel Inc,,Nanotechnology Research,,,"North York, Ontario, Canada",Canada,grantsteelcompany.com,https://www.linkedin.com/company/grant-steel-inc
Nano One Materials Corp. TSX: NANO,"Changing How the World Makes Battery Materials

Nano One Materials Corp (Nano One) is a clean technology company with a patented, scalable and low carbon intensity industrial process for the low-cost production of high-performance lithium-ion battery cathode materials. The technology is applicable to electric vehicle, energy storage, consumer electronic and next generation batteries in the global push for a zero-emission future. 

Nano One is traded publicly on the Toronto Stock Exchange (TSX) as Nano One Materials Corp. TSX: NANO

Disclaimers and cautionary notes: http://www.nanoone/disclaimers/",Nanotechnology Research,51-200 employees,Public Company,"Burnaby, British Columbia, Canada",Canada,nanoone.ca,https://www.linkedin.com/company/nanoone
Meta Materials Inc. (META),"Meta Materials Inc. (META), is an advanced materials and nanotechnology 
company. It develops new products and technologies using innovative sustainable science. Advanced materials can improve everyday products that surround us, making them smarter and more sustainable.

META’s technology platforms enable global brands to develop new products to improve performance for customers in aerospace and defense, consumer electronics, 5G communications, batteries, authentication, automotive and clean energy.",Nanotechnology Research,201-500 employees,Public Company,"Halifax, Nova Scotia, Canada",Canada,metamaterial.com,https://www.linkedin.com/company/metamaterial-technologies-inc-
NanoXplore Inc.,"NanoXplore is a graphene company, a manufacturer and supplier of superior quality and high-volume graphene powder for use in transportation and industrial markets. We are a global leader in the graphene market with the largest production in the world comprising of a fully automated 4,000-metric ton per year facility. Established in 2011, we are headquartered in Montreal, Quebec with manufacturing facilities across North America and Europe and are globally registered under REACH in Europe, EPA in the US, and ECCC in Canada.
 
NanoXplore also provides standard and custom graphene-enhanced plastic masterbatch pellets and composite products to various customers in transportation, packaging, electronics, and other industrial sectors. We own our innovative and patent-protected graphene manufacturing technology that provides a significant cost-effective and sustainable solution to our customers in high-volume applications.
 
NanoXplore TSX:GRA; OTCQX: NNXPF
For more information, please visit www.nanoxplore.ca",Nanotechnology Research,201-500 employees,Public Company,"Montreal, Quebec, Canada",Canada,nanoxplore.ca,https://www.linkedin.com/company/nanoxplore-inc
Delong America,"Delong Instruments is a pioneering company dedicated to advancing electron microscopy through innovation, accessibility, and precision. Founded in Brno, Czech Republic, a global hub for electron optics. Our mission is to democratize high-performance electron microscopy, making it practical and affordable for universities, research centers, and industry laboratories worldwide. For over three decades, Delong Instruments has specialized in compact, reliable electron microscopes that push the boundaries of what is possible at low accelerating voltages.

At the heart of our portfolio is the LVEM 5, the world’s first and only benchtop transmission electron microscope. Designed for powerful imaging in a remarkably small footprint, the LVEM 5 brings electron microscopy into laboratories that might otherwise lack the space, infrastructure, or budget for a conventional high-voltage instrument. Operating at low voltages, it enables fast, routine nanomaterials characterization and versatile imaging across TEM, SEM, STEM, and ED modes.

Building on this success, the LVEM 25E delivers the next generation of low voltage TEM. Combining the high resolution of field emission technology with the advantages of low voltage imaging, it produces nanometer-scale detail while preserving contrast in delicate or unstained samples. With optional EDS for chemical analysis, the LVEM 25E offers advanced performance while remaining easy to install, operate, and maintain. Applications range from clinical pathology and pharmaceutical R&D to advanced materials characterization.

What sets Delong apart is our philosophy: high-quality imaging should be within reach of every laboratory. Our microscopes require minimal infrastructure and are practical for a wide variety of environments. By lowering barriers to access, we empower researchers, educators, and innovators to explore the nanoscale with confidence.

Delong Instruments is your way to electron microscopy.",Nanotechnology Research,11-50 employees,Privately Held,"Montreal, Quebec, Canada",Canada,delongamerica.com,https://www.linkedin.com/company/delong-america
Equal1,"The hardest problems are not just bigger workloads. They are different classes of problem: optimization, simulation, materials and cryptography challenges that sit beyond classical compute, no matter how much more of it you add. Quantum exists to solve them.

But quantum will not deliver from the lab. It delivers when it becomes deployable: infrastructure that can be bought, run, scaled and trusted inside high-performance compute environments.

That is why Equal1 exists.

Equal1 brings quantum research, CMOS silicon design and systems engineering together to create something different: quantum computing as deployable rack infrastructure. Not just more performance, but a new form factor, new economics and a system built for the data center.

Already proven over multiple generations of silicon. Equal1 RacQ already shipping to customers, including the European Space Agency.

Not one day. Now.",Nanotechnology Research,11-50 employees,Privately Held,"Sherbrooke, Quebec, Canada",Canada,equal1.com,https://www.linkedin.com/company/equal1
Angstrom Engineering Inc.,"At Angstrom Engineering, we sell industry-leading thin film deposition systems for PVD and CVD processes. Each system we manufacture is created to your process requirements and is assembled on-site by a team of engineers and technologists who prioritize quality, service, and performance above all else.

This focus is why we’re proud to call ourselves your thin film partner – no matter what you need your machine to do, we’ll work with you throughout the process to ensure your laboratory has invested in the right tools with the right technology.",Nanotechnology Research,51-200 employees,Privately Held,"Cambridge, Ontario, Canada",Canada,angstromengineering.com,https://www.linkedin.com/company/angstrom-engineering-inc-
Nanotech,"Nanotech Security Corp. researches, creates and produces nano-optic structures and colour-shifting materials used in authentication and brand enhancement applications across a wide range of markets including banknotes, tax stamps, secure government documents, and commercial branding.

The Company’s nano-optic technology employs arrays of billions of nano-indentations that can be impressed or embossed onto a wide range of substrate materials including polymer, paper, metal, or fabric. By using sophisticated algorithms to direct an electron beam lithography system, the Company creates visual images with effects such as 3D, perceived movement, and the display of high-definition colours.

Nanotech is a Tier 1 company publicly traded on the TSXV as NTS and is listed on the OTCQX marketplace as NTSFF.",Nanotechnology Research,11-50 employees,Public Company,"Burnaby, British Columbia, Canada",Canada,nanosecurity.ca,https://www.linkedin.com/company/nanotech-security-corp-
Waterloo Institute for Nanotechnology,"The Waterloo Institute for Nanotechnology (WIN) is a global leader in discovering and developing smart and functional materials, connected devices, next generation energy systems and, therapeutics and theranostics. These discoveries by our scientists and engineers are fundamentally changing our world and helping solve some of humanity's most pressing issues. Our 285, 000 square foot, state-of-the-art facility meets the highest scientific standards for control of vibration, electromagnetic radiation, temperature and humidity making it a global centre of excellence for nanotechnology and its applications.",Nanotechnology Research,11-50 employees,Educational,"Waterloo, Ontario, Canada",Canada,uwaterloo.ca,https://www.linkedin.com/company/winano
Teledyne MEMS,"Teledyne offers unmatched MEMS capability, from design to prototyping on 150mm wafers to volume 200mm production.  Teledyne DALSA and Teledyne Micralyne combine to collaborate with customers offering decades of experience across a vast process portfolio.  Our deep expertise in materials and processes, combined with state-of-the-art facilities and collaborative R&D resources drive continuous improvement, learning, and innovation.  Teledyne MEMS delivers a scalable suite of MEMS and microfabrication capabilities that allow customers to ramp up to meet their business development goals.",Nanotechnology Research,51-200 employees,Public Company,"Edmonton, Alberta, Canada",Canada,teledyneimaging.com,https://www.linkedin.com/company/teledynemems
Intlvac,"At Intlvac Thin Film, we specialize in state-of-the-art PVD (Physical Vapor Deposition) and IBE (Ion Beam Etch) systems for magnetic materials, metals, and oxides. From concept to completion, our in-house development lab designs, engineers, and manufactures advanced machinery and processes, ensuring precision and reliability for every project.  

We also offer prototype and production-run coating services, catering to clients across the globe. Our team of expert designers, developers, and engineers works closely with each customer to deliver tailor-made solutions that meet their unique challenges.  

Collaboration and innovation drive everything we do, with research and development at the core of our technology’s success. When you partner with Intlvac, you’re choosing unmatched quality, service, and expertise.",Nanotechnology Research,51-200 employees,Privately Held,"Georgetown, Ontario, Canada",Canada,intlvac.com,https://www.linkedin.com/company/intlvac
"FLUIDINOVA, S.A.","FLUIDINOVA was founded in 2005 in Portugal as a specialized manufacturer of synthetic nano-hydroxyapatite and tricalcium phosphate materials, which are commercialized worldwide for different applications, under the brand name nanoXIM.

nanoXIM•Oral Care: The key hydroxyapatite ingredients for oral care applications, to reduce dental hypersensitivity, enhance enamel remineralization and restore natural whiteness. 
Available in two different forms: water suspension (nano) and powder (micro).

nanoXIM•Medical: Synthetic highly pure hydroxyapatite (HAp) and tricalcium phosphate (TCP) materials for bone regeneration medical devices. 
Available in three different forms: pastes, powders and granules.

nanoXIM•Food: The key hydroxyapatite ingredients for functional food and food supplements, to promote bone strength, reduce bone loss and prevent dental hypersensitivy. 
Available in two different forms: water suspension (nano) and powder (micro).

nanoXIM•Research: Looking for a calcium phosphate for your research? nanoXIM products are also available for several research fields including bio-separation, catalysis, pharma, biotechnology and functionalized textiles.",Nanotechnology Research,11-50 employees,Privately Held,"Ottawa, Ontario, Canada",Canada,fluidinova.com,https://www.linkedin.com/company/fluidinova
Systems for Research (SFR),"For over 30 years, SFR is the exclusive Canadian partner for leading manufacturers of the world’s most robust surface characterization and material analysis tools. More than sales representation, we build exclusive, collaborative industry partnerships that give our customers unrivaled access to the most innovative technology and service providers in the world.",Nanotechnology Research,11-50 employees,Privately Held,"Etobicoke, Ontario, Canada",Canada,sfr.ca,https://www.linkedin.com/company/systems-for-research
Zentek Ltd.,"Zentek is an IP development and commercialization company that uses expertise in nanomaterials and strategic partnerships to break through the barriers of molecular science and uncover new possibilities in healthcare and beyond. We believe our proven, next-generation, patented nanotechnologies will help solve the world’s most complex healthcare challenges and more.",Nanotechnology Research,11-50 employees,Public Company,"Guelph, Ontario, Canada",Canada,zentek.com,https://www.linkedin.com/company/zentekltd
Norcada,"Norcada specializes in the development and manufacturing of MEMS and Photonic products for a wide range of industrial and scientific applications. Founded in 2001, Norcada has a state-of-the-art MEMS design and photonics packaging facility in Edmonton, Canada, home to one of the largest micro/nano technology clusters in North America.

Norcada’s business focus and product offerings are:

+ MEMS devices for scientific and high-tech applications
+ Photonic devices for industrial sensing applications
+ MEMS and nanotechnology solutions for health and bio-pharma

Our MEMS product portfolios are ultra-thin membranes for electron and x-ray microscopy, in-situ microscopy solutions, x-ray optics, and nanopore devices for genomics and proteomics. 

Norcada's photonics products include near-infrared and mid-infrared DFB lasers for spectroscopy, silicon optical bench devices for telecom, as well as polarizers and gratings for Terahertz applications.

Norcada has a broad international presence and provides high-tech products to thousands of customers worldwide.",Nanotechnology Research,11-50 employees,Privately Held,"Edmonton, Alberta, Canada",Canada,norcada.com,https://www.linkedin.com/company/norcada
Sona Nanotech Inc.,"Sona Nanotech, a nanotechnology Life Sciences company, is developing Targeted Hyperthermia TherapyTM, a photothermal cancer therapy, which uses therapeutic heat to treat solid cancer tumors. The heat is delivered to tumors by infrared light that is absorbed by Sona’s gold nanorods in the tumor and re-emitted as heat. Therapeutic heat (41-48°C) stimulates the immune system, shrinks tumors, inactivates cancer stem cells, and increases tumor perfusion – thus enabling drugs to reach all tumor compartments more effectively. The size, shape, and surface chemistry of the gold nanorods target the leaky vasculature of solid tumors, and the selective thermal sensitivity of tumor tissue enables the therapy to deliver clean margins. Targeted Hyperthermia Therapy promises to be safe, effective, minimally invasive, competitive in cost, and a valuable adjunct to drug therapy and other cancer treatments.  

Sona has developed multiple proprietary methods for the manufacture of gold nanoparticles which it uses for the development of both cancer therapies and diagnostic testing platforms. Sona Nanotech’s gold nanorod particles are cetyltrimethylammonium (“CTAB”) free, eliminating the toxicity risks associated with the use of other gold nanorod technologies in medical applications with an assessment by the Nanotechnology Characterisation Laboratory that detected neither endotoxins nor microbial contamination. It is expected that Sona’s gold nanotechnologies may be adapted for use in applications, as a safe and effective delivery system for multiple medical treatments, subject to the approval of various regulatory boards, including Health Canada and the FDA.",Nanotechnology Research,2-10 employees,Public Company,"Dartmouth, Nova Scotia, Canada",Canada,sonanano.com,https://www.linkedin.com/company/sona-nanotech-inc
Nanoacademic Technologies Inc.,"Nanoacademic Technologies develops and commercialize licenses of advanced atomistic simulation tools to predict the properties of next generation materials and electronic devices. Our set of DFT-based software is being used around the world by Universities, Government labs and private R&D companies to reduce development costs and time-to-market.

We have also developed an innovative and unique spin-qubit modeling tool to simulate the envelope functions of elementary particles in semiconductors, in the design of your choice and study its quantum properties to design the components of future quantum computers. QTCAD calculates the envelope functions and energy levels of electrons or holes confined in nanostructures within k.p theory by using non-linear Poisson, Schrödinger, and many-body solvers. 
The next evolution of QTCAD will consist in implementing more exclusive features for spin-qubit modeling with in particular Tight-Binding (TB) simulation capabilities and also a new software module to simulate superconducting-qubit based device parameters with finite element modeling and Josephson junctions material properties with atomistic methods which is a multiscale approach, truly unique on the market by bridging our atomistic and quantum design code ecosystems.

It is commercially available for academic and corporate users and a classroom version for graduate students is available, it is QTCAD EDU available for free-trial testing and through semester/year-long licenses.

Our customers' fields of research are semiconductors, nanomaterials and devices, battery technologies, solar cells, metals, topological materials, quantum computing technologies and telecommunication among plenty of other innovative materials science and applicative domains.

Direct contact email: info@nanoacademic.com

Online documentation portal (User manuals, tutorials and much more):
https://docs.nanoacademic.com/

Follow us on Twitter: 
@nanoacademic",Nanotechnology Research,11-50 employees,Privately Held,"Montreal, Quebec, Canada",Canada,nanoacademic.com,https://www.linkedin.com/company/nanoacademic-technologies-inc
Applied Nanotools Inc.,"Welcome to Applied Nanotools Inc. (ANT), a pioneering nanofabrication company specializing in integrated photonics, EUV and X-ray optics. Established in 2002, our mission is to expand the horizons of photonics and X-ray technologies, empowering our clients to achieve breakthroughs in imaging, sensing, communication, computing, and beyond. Leveraging 100 keV electron beam lithography technology, our processes can produce photonic circuits (down to 60 nm feature size for Si) and X-ray optics (down to 12 nm) at the nanoscale. Our team of specialists are committed to delivering tailored solutions that align with the unique requirements of each project, ensuring the utmost quality and performance.

ANT’s unwavering commitment to nanofabrication has given rise to the NanoSOI rapid-prototyping silicon photonics foundry service. With over 400 peer-reviewed publications utilizing the platform, it has become a core technology for a wide-range of universities and companies worldwide. Our NanoSOI Design Center showcases a range of services (MPW & custom/dedicated runs) including design, fabrication, and characterization that revolutionize the way optical systems are fabricated, offering unparalleled performance, rapid turn-around time and cost-effectiveness to our researchers and customers. 

Whether you're looking to develop advanced photonics for telecommunications, high-resolution X-ray optics for imaging, or cutting-edge solutions for quantum technologies, we have the expertise and capabilities to turn your vision into reality. 

Join us in shaping the future of integrated photonics, x-ray optics, EUV optics, membrane optics, and metalenses as we continue to expand. Together, we can unlock new possibilities and drive innovation to new heights.
For more details, please visit our website: www.appliednt.com",Nanotechnology Research,11-50 employees,Privately Held,"Edmonton, Alberta, Canada",Canada,appliednt.com,https://www.linkedin.com/company/applied-nanotools
Northern Nanopore Instruments,"We specialize in research tools to support single-molecule experiments with solid-state nanopores. Our instruments provide customers with a bench-top system for rapid, inexpensive, and automated fabrication and experimentation with precisely sized solid-state nanopores for use in a variety of life and health sciences research. Our products are simple to use, customizable to your existing workflow, and fit into any research budget.",Nanotechnology Research,2-10 employees,Privately Held,"Ottawa, Ontario, Canada",Canada,solidstatenanopore.com,https://www.linkedin.com/company/northern-nanopore-instruments
Plasmionique Inc.,"At Plasmionique Inc., we bring over 26 years of expertise in plasma technology, combining scientific innovation with engineering excellence to develop custom-built systems for Surface Engineering, Advanced Materials Synthesis, Thin-Film Coatings, and Nanotechnology.

Our adaptable and highly skilled team thrives on innovation, designing cutting-edge, tailored solutions to meet the unique needs of researchers and industries worldwide. We specialize in Physical Vapor Deposition (PVD), Chemical Vapor Deposition (CVD), Plasma-Enhanced CVD (PECVD), and Pulsed Laser Deposition (PLD), integrating features like sputtering magnetrons, RF and microwave plasma sources, organic and metallic thermal evaporators, and versatile substrate mounting assemblies.

Whether you're pioneering new materials or refining existing processes, Plasmionique is your partner in innovation—delivering precision, adaptability, and next-generation technology to elevate your research and production.",Nanotechnology Research,11-50 employees,Privately Held,"Sainte-Julie, Quebec, Canada",Canada,plasmionique.com,https://www.linkedin.com/company/plasmionique-inc
Plasmagear Inc,PlasmaGear is a nanofiber roll material manufacturer.  Our patented technologies allow us to make scalable surface engineered nanofiber membranes.  Our company sell or process nonwoven membranes or develop formulations through contract manufacturing for different organizations.  We're proud to offer products that contribute to both individual well-being and environmental responsibility.,Nanotechnology Research,11-50 employees,Privately Held,"Montreal, Quebec, Canada",Canada,plasmagear.ca,https://www.linkedin.com/company/plasmagear-inc
Bio Graphene Solutions,"Bio Graphene Solutions (BGS) is a manufacturer and supplier of graphene from non-graphite based, organic renewable resources. Graphene’s applications are wide-ranging with the potential to disrupt numerous verticals; however, traditional graphite-based production methods are hugely cost prohibitive and environmentally taxing. This is where we come in. BGS has a unique and proprietary approach in providing a real nanotechnology solution (green graphene) with a focus on improving the environmental impact in the concrete and asphalt markets. As a performance additive, our biographene product provides real measurable performance results across the multiple applications that we support. Our graphene production technology is easily scalable, ensuring we are able to provide a consistent and high-quality graphene product while being able to support large markets that require commodity volumes – minimalizing the environmental impact for industrial applications while ensuring that our value proposition of our product is cost-conscious in the markets we serve.",Nanotechnology Research,2-10 employees,Privately Held,"Toronto, Ontario, Canada",Canada,biographenesolutions.com,https://www.linkedin.com/company/bio-graphene-solutions
Carbon to Metal Coating Institute (C2MCI),"The Carbon to Metal Coating Institute (C2MCI) at Queen’s University is an international research, innovation, and education institute focused on developing cutting edge solutions to prevent the corrosion of metals and enable their manipulation and stabilization on nanometer scales. 

Our innovations improve the stability of metal-based transportation, construction and green energy infrastructure. On the micrometer and nanometer scale, they enable new manufacturing methods for microelectronics and improve the precision, safety, & effectiveness of nanomedicines in oncology.",Nanotechnology Research,11-50 employees,Public Company,"Kingston, Ontario, Canada",Canada,queensu.ca,https://www.linkedin.com/company/carbon-2-metal-coating-institute
Nanode Battery Technologies,"We need high performance batteries for electric vehicles, portable electronics, and to provide energy storage for intermittent renewable energy resources. Graphite as conventional anode material can’t satisfy those needs. At Nanode, we are focused on the design and production of high performance anodes for lithium and sodium ion batteries that can meet those needs and beyond.
We produce metal alloy anode which has higher energy storage capacity, simpler one-step preparation method, and shorter manufacturing time than traditional anodes.",Nanotechnology Research,2-10 employees,Privately Held,"Edmonton, Alberta, Canada",Canada,nanodetech.com,https://www.linkedin.com/company/nanode-battery-technologies
Ekidna,"If you’re a large producer with your own lab, centralized testing means production bottlenecks and idle resources. For smaller producers who have to mail samples to a lab service, delays to market and lower quality products can be the result. 

Ekidna’s cannabis testing kit accurately provides the cannabinoid information you need to fine-tune your production methods anywhere in your process or on your facility.

No matter the size of your operation, Ekidna can help you streamline testing, get products to market faster, and maximize operational efficiency.",Nanotechnology Research,2-10 employees,Privately Held,"Ottawa, Ontario, Canada",Canada,ekidna.ca,https://www.linkedin.com/company/ekidnasensing
nanoFAB,"An open access centre for researchers and industry develop new technologies through building and seeing at the smallest scales. The nanoFAB focuses on providing training, fee for service and collaboration opportunities in micro and nano scale fabrication and characterization. With over $100M in fabrication and characterization capabilities, the nanoFAB supports over 700 unique users from 120 academic research groups and 50 companies annually in their research, development, prototyping and manufacturing needs.",Nanotechnology Research,11-50 employees,Educational,"Edmonton, Alberta, Canada",Canada,ualberta.ca,https://www.linkedin.com/company/nanofab
Laboratoire Nanotechnologies Nanosystèmes - LN2,"Le LN2, Laboratoire Nanotechnologies Nanosystèmes, est un organisme de recherche associant l'Université de Sherbrooke (Canada) et le Centre National de la Recherche Scientifique, CNRS (France) ainsi que  l'INSA de Lyon, l'École Centrale de Lyon (ECL) et l'université Grenoble Alpes (UGA) sous le statut d’IRL (International Research Laboratory / IRL 3463).",Nanotechnology Research,51-200 employees,Government Agency,"Sherbrooke, Quebec, Canada",Canada,usherbrooke.ca,https://www.linkedin.com/company/laboratoire-nanotechnologies-et-nanosystèmes-irl3463
CASL Surface Technologies / Kymera International,"CASL’s purpose is to continuously improve the performance of high value, mission critical parts through the application of wear resistant metallic or ceramic alloy coatings.  How do we do that?  We collaborate to determine your desired component performance and assess the operating environment, from there selecting the alloy, preparation process, application technology and finishing operation needed to achieve the expected result.  Once we’ve defined the outcome, our focus shifts to getting your critical parts back on time and per specification.  CASL’s unique combination of design collaboration, technical capability and vertically integrated, quick response manufacturing helps minimize owning and operating costs to get more performance out of your high value component parts.",Nanotechnology Research,201-500 employees,Privately Held,"Nisku, Alberta, Canada",Canada,caslsurftech.com,https://www.linkedin.com/company/kymerainternational
Black Swan Graphene Inc,"Black Swan Graphene is at the forefront of the graphene revolution, delivering cutting-edge solutions to transform industries like plastics, concrete, and advanced materials. With a commitment to innovation and scalability, we’re shaping the future of material science.",Nanotechnology Research,11-50 employees,Partnership,"Toronto, Ontario, Canada",Canada,blackswangraphene.com,https://www.linkedin.com/company/black-swan-graphene-inc
INPAQT,"Spécialistes en recherche appliquée, nous développons des matériaux et procédés de microfabrication pour concevoir des dispositifs et systèmes en microélectronique avancée. Nous favorisons la recherche collaborative entre universités et industries, permettant de créer des preuves de concept, prototypes, et procédés innovants transférables à l'industrie. Nos projets se déroulent dans des environnements technologiques de pointe, avec une approche collaborative et interdisciplinaire, préparant nos membres à relever les défis technologies des entreprises d’aujourd’hui.",Nanotechnology Research,11-50 employees,Educational,"Sherbrooke, Quebec, Canada",Canada,usherbrooke.ca,https://www.linkedin.com/company/groupe-inpaqt
Neptune Nanotechnologies Inc.,"We are an early-stage tech Startup active in the bio-nano material space. Specifically, we are commercializing a technology that can convert organic fishing waste into ultra-high value nanocrystals. These nanocrystals are stronger than steel, lighter than plastic, entirely bio-based, non-toxic, bio-compatible and biodegradable. They function as physical additives where a small quantity of nanocrystals added can drastically increase the strength, stiffness, crack resistance and barrier properties of aerospace and automotive composites, structural adhesives, films, coatings and 3D printed materials,",Nanotechnology Research,2-10 employees,Privately Held,"Markham, Ontario, Canada",Canada,neptunenano.com,https://www.linkedin.com/company/neptune-nanotechnologies-inc
icspi,"ICSPI designs and manufactures fast, powerful and easy-to-use atomic force microscopes. Our systems are trusted by scientists, engineers and educators in over thirty countries.

Pronounced ""eye see spy""",Nanotechnology Research,2-10 employees,Privately Held,"Kitchener, Ontario, Canada",Canada,icspicorp.com,https://www.linkedin.com/company/icspi-corporation
The BIG-nano Corporation,"At BIG-nano Corp, we specialize in manufacturing nanofiber meltblown materials using our own patented Canadian technology. Our mission to drive innovation has led us to become the first company to produce nanofibers on an industrial and commercial scale.

As a Canadian manufacturing company, we take pride in our diverse team consisting of professionals with several years of experience in research & development, management, and engineering.   
Not only are we committed to becoming #1 in the high-performance nonwoven market, we are also dedicated to fulfilling our social responsibilities by mentoring and supporting local entrepreneurs entering the field.",Nanotechnology Research,11-50 employees,Privately Held,"Cambridge, Ontario, Canada",Canada,big-nanocorp.com,https://www.linkedin.com/company/the-big-nano-corporation
QD Solar Inc.,"The mission of QD Solar is to develop and deliver the world1s best performance, lowest cost solar photovoltaic technology, through the use of our proprietary technology. 

We are an early stage company, stay tuned for more information in the near future.",Nanotechnology Research,2-10 employees,Privately Held,"Toronto, Ontario, Canada",Canada,qdsolarinc.com,https://www.linkedin.com/company/qd-solar-inc-
Functional Coating and Surface Engineering Laboratory (FCSEL),"The FCSEL (Functional Coating and Surface Engineering Laboratory) is an academic research laboratory that focuses on the development of innovative vacuum- and plasma-based processes and materials for coatings and thin film systems with tailored functional and multifunctional characteristics. With a long history of industrial partnerships spanning more than three decades, the FCSEL has developed a unique global (or holistic) approach to technological challenges and surface engineering solutions based on a simultaneous action, within the same laboratory, of several key elements including an in-depth understanding of the application problem and the availability of the appropriate metrology tools (testing methods) to quantitatively assess the coating system’s main functional characteristics as well as stability and durability in a working environment. Only then can an appropriate solution be sought in terms of nanostructured coating materials and their integration into specific coating architectures, while applying suitable fabrication processes, modeling approaches, and life cycle analysis.

Targeted functional coating characteristics include optical, optoelectronic, micro- and nano-mechanical, tribological, and protective properties for their application in various areas, such as optics, photonics, optoelectronics, aerospace and space exploration, biomedicine, automotive industry, security, energy saving, manufacturing and many others.

This access to the most advanced fabrication and characterization equipment under the same roof renders the FCSEL an exclusive highly dynamic and stimulating environment for training the next generation of engineers and scientists who will tackle the world’s present and future challenges. It also offers a stimulating environment for university-industry collaborations and partnerships, as well as punctual services.",Nanotechnology Research,11-50 employees,Educational,"Montreal, Quebec, Canada",Canada,polymtl.ca,https://www.linkedin.com/company/larfis-fcsel
K&Y Diamond Ltd.,"K&Y Diamond Limited is a Canadian manufacturer specializing in Ultra-Precision diamond tools, whether it be single crystal diamond (natural & synthetic), polycrystalline diamond (PCD), or CVD. We also have the expertise to manufacture PCBN tools for a wide range of machining applications. Our tools have been instrumental in the production of some of the most advanced and difficult optical components in the world, as well as cutting tools used for the machining of Aerospace components (civil and military aviation).

We are constantly striving to improve and perfect our manufacturing process in order to offer tools that stand above our competitors. We have the capability to produce a controlled edge waviness of up to 0.02 microns. All of our controlled waviness tools are accompanied by a detailed measurement certificate indicating the waviness and the exact radius size.

Our ability to offer specialized tools (i.e.: diamond end mills for micro-machining applications, etc.) and tool configurations required for custom applications is second to none. K&Y Diamond can work closely with their clients to achieve their tooling design needs.

K&Y Diamond can give you the high quality tools that you expect from your precision diamond manufacturer, at a very competitive price and unsurpassed delivery lead times.

We challenge you to join us at the summit of Ultra-Precision diamond tools.",Nanotechnology Research,11-50 employees,Privately Held,"Dollard-des-Ormeaux, Quebec, Canada",Canada,kydiamond.ca,https://www.linkedin.com/company/k&y-diamond-ltd.
Applied Quantum Materials Inc.,"AQM is a world leader in the research, development and synthesis of metal-free, biocompatible silicon quantum dots and semiconductor nanoparticles for a broad range of applications in nanolithography, quantum sensing, clean energy, displays, bio-imaging, and molecular diagnostics. We specialize in producing superior nanomaterials made using our patented synthesis methods. Our quantum dots demonstrate excellent size distribution, bright emission and purity as a result of years of experience producing nanoparticles. Our production capability includes custom wavelengths, solvent compatibilities and surface chemistry to meet your specific needs.",Nanotechnology Research,11-50 employees,Privately Held,"Edmonton, Alberta, Canada",Canada,aqmaterials.com,https://www.linkedin.com/company/applied-quantum-materials-inc
GoNano,"GoNano is at the forefront of material innovation, harnessing the power of nanotechnology to extend the lifespan of building materials. We are passionate about science and dedicated to providing solutions that are both sustainable and efficient.

 Our Technology:
Utilizing cutting-edge nanotechnology, GoNano's products penetrate and act on the molecular structure of materials such as shingles, concrete, and wood. Our nanoparticles, which are 40 to 60 nanometers in size, go beyond surface-level protection by infiltrating materials and reinforcing them from the inside.

 Serving Building Owners:
Our mission is to create nanotechnology-based products that provide real added value by extending the lifespan of building materials, ultimately reducing maintenance costs and promoting sustainability.

 Partnership Opportunities:
GoNano offers opportunities for construction professionals to become certified partners. Join our network and help your clients get a return on their investment by extending the lifespan of their materials.

 North American Roots:
Proudly designed in North America, GoNano’s products meet the expectations of North American homeowners and are rigorously tested in the field and in laboratories.

 Why GoNano?:

-Extend the lifespan of building materials by up to 10-15 years
-Cost-effective, being 5 times less than a new roof
-Warranties ranging from 5 to 15 years
-Enhances the appearance of materials
-Resilient to weather conditions

Join us in our journey as we make strides in material innovation and work towards building a more sustainable future.

#GoNano #Nanotechnology #BuildingMaterials #Sustainability #Innovation",Nanotechnology Research,2-10 employees,Partnership,"Blainville, Quebec, Canada",Canada,gonano.com,https://www.linkedin.com/company/go-nano
DropLab Inc.,"At DropLab, we provide a broad range of innovative solutions to our clients in medicine, research, and pharmacology through the comprehensive design, prototyping, testing, and optimization of microfluidic devices and systems. 

Our solutions enable clients to operate at greater speed, precision, control, and productivity at a lower cost.",Nanotechnology Research,2-10 employees,Privately Held,"Toronto, Ontario, Canada",Canada,droplab.co,https://www.linkedin.com/company/droplab-inc
Integran Technologies Inc.,"Integran Technologies Inc. is the world leader in structural & functional electroformed and electro-clad technologies.  We serve leading organizations where advanced materials drive competitive advantage or where existing material solutions fall short.  Global 500 companies in Aerospace, Defense, Biomedical and Heavy Industries turn to us for product and materials innovations.  Our collaborations deliver value by enabling new products, weight savings, cost competiveness, and reduced environmental footprints.  Integran has a proven track record in R&D, Prototyping, Small Volume Production and Licensing with the largest patent portfolio in metallurgical nano-technology.",Nanotechnology Research,11-50 employees,Privately Held,"Mississauga, Ontario, Canada",Canada,integran.com,https://www.linkedin.com/company/integran-technologies-inc.
MATTER_Lab@UNBC,"MATTER (Materials Technology & Environmental Research) Team at UNBC is working on a wide range of eco-friendly materials, from Porous Materials (Zeolites, MOFs, ZIFs, Clay...) to biopolymers) for different applications including removal of pollutants from contaminated air, water and soil.",Nanotechnology Research,11-50 employees,Educational,"Prince George, British Columbia, Canada",Canada,unbc.ca,https://www.linkedin.com/company/matter-lab-unbc
NanoPhyll Inc.,"Founded in 2015, NanoPhyll Inc. develops nanocoatings for the construction & buildings, transportation, oil & gas, healthcare and performance fabrics sectors. Our hard surface and textile coatings are anti-stick, anti-microbial, highly durable and environmentally friendly offering easy-clean and self-cleaning solutions that protect coated materials and reduce cleaning and maintenance costs. 

Our AntiStickTM product solutions are as follows:

- SurReleaseTM nano950 concrete mold release
- SurFormTM nano950 construction formwork
- SurCleanTM nano950 equipment protection anti-stick coating
- EasyCleanTM nano950 anti-graffiti and anti-microbial coatings.

Our CuraPhyllTM textile coating is both a superhydrophobic and anti-microbial protective coating.

PolyPhyllTM is a powder coating solution for high temperature, high abrasion, and highly corrosive environments such as those found in the oil and gas industry. PolyPhyllTM is unique in its performance attributes, offering excellent thermal conductivity.",Nanotechnology Research,11-50 employees,Privately Held,"St-Laurent, Quebec, Canada",Canada,nanophyll.com,https://www.linkedin.com/company/nanophyll-inc-
Navachar Renewables,"Performance BioFilaments Inc., a joint venture between Mercer International Inc. and Resolute Forest Products, is focused on the development of commercial applications for cellulose filaments, one of the world’s most exciting new biomaterials. 

Cellulose filaments can be used to enhance the performance characteristics of a wide variety of products. Derived from wood fibre – a renewable and natural resource – cellulose filaments optimize the strength, stability, flexibility and longevity of a variety of materials including composites, coatings and consumer products.",Nanotechnology Research,11-50 employees,Privately Held,"Vancouver, British Columbia, Canada",Canada,performancebiofilaments.com,https://www.linkedin.com/company/performance-biofilaments
Genoptic LED,"An advanced R&D firm specializing in the development of its disruptive Nano-optoelectronic technologies, which significantly enhance performance, reliability, and energy efficiency for a wide array of products, solutions in various industries.  We have now transformed such research into various commercial ready applications as such, Genoptic is in a unique position to commercialize these disruptive technologies into various industry sectors; one of them was the development of a breakthrough technology to fully integrate a complete solar solution into a slim light weight SolarGEN Tile format.",Nanotechnology Research,11-50 employees,Self Owned,"Calgary, Alberta, Canada",Canada,genoptic.com,https://www.linkedin.com/company/genoptic
Halion,At Halion we have developed advanced colour changing nanomaterials for intelligent surfaces.,Nanotechnology Research,2-10 employees,Privately Held,"Kitchener, Ontario, Canada",Canada,halion.ca,https://www.linkedin.com/company/halion-displays
NanoRial Technologies Ltd,"Expanding horizon of what is possible: Enabling super strong materials, super long life batteries & super conductivity via super-dispersed nanomaterials.

NanoRial Technologies Ltd. is a Deep-Tech advanced material company that has developed continuous proprietary mixing process to produce masterbatches of multiwall carbon nanotubes (MWCNTs) in various resins such as epoxies, urethanes and silicones. NanoRial quality of dispersion at extremely low loadings as low as 0.01%, allows the materials to match properties of 2% to 3% MWCNT. NanoRial materials' superior dispersion, substantially improved material properties combined with cost savings transforms customers’ problems into material solutions.",Nanotechnology Research,11-50 employees,Privately Held,"Oakville, Ontario, Canada",Canada,nanorial.com,https://www.linkedin.com/company/nanorial-technologies
sp3 Diamond Technologies,"sp3 Diamond Technologies is a global leader in polycrystalline CVD diamond products and services. The company's expertise and understanding of the unique properties of diamond enables its leadership in providing  a wide variety of CVD diamond solutions for an increasing number of applications within many industries. Founded in 1993 and headquartered in Santa Clara, California, USA, the privately held company provides diamond products for advanced thermal management and cutting tool applications, diamond coating and material services, hot filament CVD reactors and deposition consulting services.",Nanotechnology Research,11-50 employees,Public Company,"Calgary, Alberta, Canada",Canada,sp3diamondtech.com,https://www.linkedin.com/company/sp3-diamond-technologies
Mesosil,"Mesosil develops and manufactures antimicrobial and bioactive additives for dental and medical materials.
Mesosil’s innovative silica-based platform enables high-capacity delivery and sustained release of bioactive agents, addressing critical challenges in infection prevention and biomaterial longevity. In dental materials, our technology reduces recurrent tooth decay by up to 80%. With applications in orthopedics, implantable devices, and other medical fields currently under evaluation, Mesosil is creating the next generation of long-term antimicrobial protection. Our platform seamlessly integrates into existing manufacturing and clinical workflows, offering a scalable, high-impact solution for the future of medical materials.",Nanotechnology Research,2-10 employees,Privately Held,"Toronto, Ontario, Canada",Canada,mesosil.com,https://www.linkedin.com/company/mesosil
Opalux Inc.,OPALUX is a global leader in photonic color technology research and development. The company’s mission is to accelerate the commercialization of new technologies and applications based on the exciting platform of photonic color. Opalux works directly with industry-leading companies in a process of open innovation to collaboratively create the next generation of photonic color technology applications.,Nanotechnology Research,2-10 employees,Privately Held,"Toronto, Ontario, Canada",Canada,opalux.com,https://www.linkedin.com/company/opalux-inc-
Nasiol Canada Coatings,Only the very best and setting world-class industry standards not only in our nanocoatings but in our supportive business practices for our worldwide enterprise partners.,Nanotechnology Research,11-50 employees,Self Owned,"St-Jean-Sur-Richelieu, Quebec, Canada",Canada,nasiol.ca,https://www.linkedin.com/company/nasiol-canada
Novacam Technologies Inc.,"Novacam Technologies designs and manufactures non-contact 3D metrology systems for industrial and scientific applications across high-precision sectors including aerospace, automotive, power, defence, medical devices, electronics, glass, and biomedical, among others. 

Novacam products include:
- OPTICAL 3D PROFILOMETERS for dimensional measurements (GD&T), roughness measurements, thickness and gap measurements, and cross-sectional imaging
- 3D metrology systems: BOREINSPECT, TUBEINSPECT, SURFACEINSPECT, and EDGEINSPECT systems
- NON-CONTACT CMMs 
- OCT systems for tissue measurement and imaging in biomedicine and life sciences
- Modular hardware components for original equipment manufacturers (OEMs) and for R&D

NOVACAM MICROCAM systems are suitable for fully-automated inspection. They are used worldwide in online high-technology manufacturing processes,  QA/QC laboratories, R&D laboratories, and bio-medical research institutes. Clients value NOVACAM systems for their high precision, high speed, versatility of installation, the ability to inspect hard-to-reach surfaces and the ability to operate in hostile environments. 

Novacam also partners with system integrators and OEMs who wish to incorporate Novacam advanced LCI platform components into custom assemblies for vertical markets.",Nanotechnology Research,11-50 employees,Privately Held,"Dollard-des-Ormeaux, Quebec, Canada",Canada,novacam.com,https://www.linkedin.com/company/novacam-technologies-inc.
Luna Nanotech,"Luna Nanotech is a nanotechnology manufacturing company that offers a range of products and solutions for nanomedicine and biomedical research. Our product lines includes biocompatible nanoparticles, molecular biology tools and equipment for DNA and RNA purification, and diagnostic solutions for detection of infectious pathogens. We also offer custom services in nanoparticle synthesis and characterization, and analytical services to quantify nanomaterial distribution in environmental and biological samples.

Luna Nanotech is also actively developing diagnostic products that range from simple and highly cost effective point-of-care assays that can be used by research labs and for clinical screening in resource-poor settings, to more sophisticated portable all-in-one devices capable of simultaneous detection of multiple pathogens geared towards centralized and field laboratories. These technologies are expected to improve patient outcomes by facilitating earlier disease detection to help guide informed treatment choices.

Our core team of founders and scientists have more than 20 years of experience in the fields of nanomaterial development and biomedical research. We use our extensive expertise to ensure the quality and reproducibility of nanomaterial and molecular biology products offered by Luna Nanotech. Our client base include North American and international research laboratories in such academic institutions as Harvard University, Stanford University, and Berkley National Labs.",Nanotechnology Research,2-10 employees,Privately Held,"Toronto, Ontario, Canada",Canada,lunanano.com,https://www.linkedin.com/company/luna-nanotech
Raymor Industries Inc.,"Raymor Industries Inc. comprises Raymor Nanotech and  Nanointegris, a subsidiary now located in Boisbriand, Québec.

Raymor Nanotech produces very pure and highly graphitized single-wall carbon nanotubes (C-SWNT). Raymor Nanotech uses a patented plasma technology to synthesize C-SWNT at low price and with an industrial capacity of 1 kg per day. Raymor Nanotech C-SWNT can be used in many applications such as conductive polymers and transparent conductive films and coatings for electro-static charge dissipation, anti-corrosion, EM shielding or capacitive touch screens. 

NanoIntegris is the world's leading supplier of high mobility semiconducting inks. These inks contain high-purity, sorted metallic and semiconducting single-walled carbon nanotubes (SWNTs), graphene or HiPco nanotubes. They are formulated for inkjet and aerosol printers and used in the development of the next generation of high-mobility transistors, transparent conductors and photovoltaics, as shown by over 250 published scientific studies using these advanced materials.",Nanotechnology Research,11-50 employees,Privately Held,"Boisbriand, Quebec, Canada",Canada,raymor.com,https://www.linkedin.com/company/raymor-nanotech-inc.
Quantum Silicon Inc.,"Quantum Silicon is reinventing silicon for energy efficient, fast electronics. We make all-silicon, all-electronic, fully compatible quantum-enabled devices that use less than 1% of today's best in class transistor devices.  Taking the world from the transistor to quantum age of computing.",Nanotechnology Research,11-50 employees,Privately Held,"Edmonton, Alberta, Canada",Canada,quantumsilicon.com,https://www.linkedin.com/company/quantum-silicon-inc
Psigryph,"Psigryph Inc. is redefining the way we deliver bioactive molecules across the cell membrane. Our patent-pending NanopectTM nanodelivery system can transport large numbers of molecules across cell membranes of plants, animals and humans increasing bioavailability many fold. Psigryph was founded in 2018 and identified product opportunities in many industries such as Food and Beverage, Agriculture, Pharmaceutical and Cannabis. Our plant-derived nanostructures and food powders have been researched extensively in the lab and are ready to enter the market. We seek collaborations with innovative and industry leading companies to provide technology to improve the health of Humans, Animals and the Environment.",Nanotechnology Research,2-10 employees,Privately Held,"Guelph, Ontario, Canada",Canada,psigryph.com,https://www.linkedin.com/company/psigryph-inc
Nova Graphene,"Nova Graphene is a global advanced materials company with a focus on research, production and marketing of proprietary CarbonEraTM graphenes, as well as graphene-enhanced materials and products for the manufacturing sector. Our novel graphenes and graphene-enhanced formulations are intended to be integrated into the production process of other products to make them stronger, harder, lighter, and more fire resistant & energy efficient. 

Our R&D strength lies in creating proprietary graphene blends and formulations that target specific product enhancements sought by manufacturers, while achieving competitive price/performance ratios. We devote our R&D efforts to graphene applications that bring high performance, best economic value and reduced carbon footprint to a variety of industry sectors.",Nanotechnology Research,2-10 employees,Privately Held,"Dartmouth, Nova Scotia, Canada",Canada,novagraphene.com,https://www.linkedin.com/company/novagraphene
Meaglow Ltd,"Meaglow Ltd. supplies hollow cathode plasma sources to the semiconductor equipment market, in particular to the atomic layer deposition (ALD) community. These plasma sources are a proven solution to the problem of oxygen contamination in plasma deposited nitride layers. Meaglow also provides market differentiated plasma assisted ALD/CVD equipment with it's hollow cathode plasma sources.

On the side, we are quietly developing a new means of carbon capture.",Nanotechnology Research,2-10 employees,Privately Held,"Thunder Bay, Ontario, Canada",Canada,meaglow.com,https://www.linkedin.com/company/meaglow-ltd
NanoBrand,"NanoBrand, a leader in providing high-quality Gold and Silver Nanoparticles tailored for Life Science applications. Our nanoparticles are engineered with exceptional monodispersity and purity, free of stabilizing agents, ensuring optimal performance in your research and development projects. With a commitment to precision, we deliver highly repeatable production lots, empowering scientists and innovators with reliable, cutting-edge materials to advance breakthroughs in biotechnology, diagnostics, and beyond. Trust NanoBrand to elevate your life science solutions with unparalleled nanoparticle excellence.",Nanotechnology Research,2-10 employees,Privately Held,"St-Laurent, Quebec, Canada",Canada,nanobrand.com,https://www.linkedin.com/company/nanobrand
ExactBlue Technologies Inc,"Exact Blue’s Technology develops and commercializes cost-effective, simple, and fast solution for testing and monitoring the microbiological and chemical contamination of water. The platform technology that we have developed has allowed us to create rapid test kits as a portable solution i.e. a quick and simple qualitative test for the water quality, or as a quantitative detection system i.e. part of a monitoring or treatment system, and can provide fast and reliable information on water quality. 
Our ExactBlue Mobile Lab Platform allows users to perform quantitative testing in field conditions, without sending samples to a lab and waiting for days for results, at a faction of the price.",Nanotechnology Research,11-50 employees,Privately Held,"Ontario County, Ontario, Canada",Canada,exactblue.com,https://www.linkedin.com/company/exactblue-technologies
NanoOntario,"Nano Ontario is a not-for-profit organization that represents the interests of academic, government, industrial, and finance community members in the development of nanotechnologies in Ontario. Nano Ontario's members work together to raise the profile, increase the research, build the investment and drive economic returns from nanotechnology in the province and across Canada.",Nanotechnology Research,11-50 employees,Non Profit,"London, Ontario, Canada",Canada,nanoontario.ca,https://www.linkedin.com/company/nanoontario
Nanogrande,"Nanogrande is the first company in the world to offer additive manufacturing with molecular scale definition. The unique competitive advantage is to make nanofabrication at hand`s reach.

Nanogrande was founded to revolutionize additive manufacturing and the use of nanotechnology. In addition to nanoscale 3D printers, the company develops coating tools, manufacturing processes and functional surfaces at the nano scale. We focus our energies on developing high-end products and help you design and manufacture products of the future. Our ultimate goal is to make the most efficient products possible and thus reduce the human footprint on the environment.",Nanotechnology Research,2-10 employees,Privately Held,"Montreal, Quebec, Canada",Canada,nanogrande.com,https://www.linkedin.com/company/nanogrande
FendX Technologies Inc.,"FendX Technologies Inc. is a nanotechnology company focused on developing products that reduce the transmission of pathogens, with a wide range of applications in healthcare and other industries.",Nanotechnology Research,2-10 employees,Public Company,"Vancouver, British Columbia, Canada",Canada,fendxtech.com,https://www.linkedin.com/company/fendx-technologies-inc
Sputtek Advanced Metallurgical Coatings,"We are a specialized PVD, DLC and Thermal Spray Coatings Company, providing surface technology services for various manufacturing industries including Automotive, Plastic, Oil & Gas, Aerospace, Mechanical Engineering, Consumer Goods and much more. Additionally, we design and build coating equipment for all types of industrial and commercial applications.
Our continuous inhouse R&D and decades of experience enables us to provide advanced industry leading coating technologies to improve the performance and life cycle of manufacturing, machinery and tooling. Our coatings significantly reduce downtime from process issues, tooling change overs and breakages by improving the substrate properties such as hardness, adhesion, lubricity, resistivity to chemicals, abrasive wear, corrosion, and extreme working temperatures. 
Cutting, Machining, Stamping, Punching, Die-Casting, Extruding, Embossing, Welding Fixtures, Injection Moulds and Spray Nozzles are some of the typical applications for manufacturing tooling.
Typical functional and decorative component type coating applications include bearing housings, camshafts, valves, piston rings, conveyor shafts, gears, rotors, saw blades, knives, golf clubs, skates, firearms, marine hardware, utensils, and anti-microbial hardware for industrial and consumer goods.
As an ISO 9001:2015 certified company we have a diversified portfolio of coating solutions. This includes customized new-generation coatings for specific metallurgical application requirements, along with a full spectrum of generic and decorative coatings.
Our large capacity facility in Woodbridge Ontario, provides for significant volume throughput offering short turnaround services of 12-48 hours. We are proud to be Canadian Owned and Operated since 1994.",Nanotechnology Research,11-50 employees,Privately Held,"Woodbridge, Ontario, Canada",Canada,sputtek.com,https://www.linkedin.com/company/sputtek
NTP R&D Services,"NTP Research is a Canadian advanced materials company specializing in electrospun nanofiber technologies for healthcare, personal care, filtration, packaging, and biomedical applications.

We develop and commercialize scalable nanofiber-based platforms that transform active ingredients and functional materials into high-performance delivery systems and engineered products. Our expertise spans formulation development, electrospinning process optimization, prototype development, pilot-scale manufacturing, and technology commercialization.

Our current innovation portfolio includes dissolvable nanofiber skincare patches, oral thin film delivery systems, advanced air filtration materials, antimicrobial and biodegradable packaging solutions, and tissue engineering scaffolds.

With more than 15 years of experience translating nanofiber research into real-world products, NTP Research works with brands, manufacturers, ingredient suppliers, researchers, and innovation partners to accelerate the development of next-generation nanofiber solutions.

Based in British Columbia, Canada.

Areas of Expertise:
• Electrospinning & Nanofiber Manufacturing
• Advanced Delivery Systems
• Oral Thin Films (OTF)
• Dissolvable Skincare Patches
• Air Filtration Materials
• Sustainable Packaging
• Biomedical & Tissue Engineering Materials
• Product Development & Scale-Up
• OEM/ODM Innovation Partnerships",Nanotechnology Research,2-10 employees,Partnership,"Penticton, British Columbia, Canada",Canada,ntpresearches.com,https://www.linkedin.com/company/ntp-research
kb,[No longer active],Nanotechnology Research,Self-employed,Privately Held,"Montreal, Quebec, Canada",Canada,kruger.com,https://www.linkedin.com/company/krbio
NanoIntegris Technologies Inc.,"NanoIntegris is the world's leading supplier of electronically pure semiconducting and metallic single-walled carbon nanotubes (SWNTs). Our parent company- Raymor Industries- is one of the world's largest suppliers of high-purity, unseparated carbon nanotubes. 

Our materials are used by leading electronics companies as well as universities from around the world to develop transistors, transparent conductive films, chemical sensors, biological sensors, composite materials, and a broad range of electronic devices.",Nanotechnology Research,2-10 employees,Privately Held,"Boisbriand, Quebec, Canada",Canada,nanointegris.com,https://www.linkedin.com/company/nanointegris
SannTek Labs,"At SannTek, we pride ourselves on our innovative, nanotechnology approach that results in unique, unparalleled functionality. SannTek is at the leading edge of the rapid drug detection market. SannTek is an early-stage start-up company, incubating at the Velocity Garage in Kitchener, Ontario.",Nanotechnology Research,2-10 employees,Privately Held,"Kitchener, Ontario, Canada",Canada,sannteklabs.com,https://www.linkedin.com/company/sanntek
Dasog Research Lab,"Our interdisciplinary team is dedicated to advancing sustainable and functional materials for applications in energy conversion and water treatment. Under the leadership of Dr. Mita Dasog, our research encompasses the design, synthesis, and characterization of novel materials, with a focus on creating scalable solutions that can have a real-world impact. We are dedicated to breaking down barriers in science and promoting a collaborative spirit where all ideas are heard and valued.",Nanotechnology Research,2-10 employees,Educational,"Halifax, Nova Scotia, Canada",Canada,dasoglab.ca,https://www.linkedin.com/company/dasog-research-lab
Panoval (Asia) Ltd,"Panoval is an industrial process manufacturing company. With emphasis on R&D. Providing solutions to the Medical, electro technical and the  packaging industry.",Nanotechnology Research,11-50 employees,Privately Held,"Cambridge, Ontario, Canada",Canada,panoval.com,https://www.linkedin.com/company/panoval
Waterloo Nanotechnology Conference,"WNC is a student-organized conference that provides an opportunity for students, employers, and entrepreneurs to learn from one another, strengthening our mutual understanding about how nanotechnology is taught and how it is used in industry, in innovative research, and how it is powering new ventures.
We will educate and inspire our participants with exciting speakers, an informative industry panel discussion, and other interactive activities.

After having started in 2015 with an event organized by 6 Nanotechnology Engineering students, the annual conference has attracted everyone – ranging from high-school students to seasoned senior undergraduates to graduate students –  who seeks an exclusive opportunity to learn about different career paths and the opportunities and resources available to them. The conference now takes place annually in November, attracting over 200 students from Waterloo and elsewhere, as well as renown speakers who use nanotechnology to make an impact in their work.

The conference is supported by the University of Waterloo Office of Research, Faculties of Science and Engineering, Waterloo Institute for Nanotechnology, Nanotechnology Engineering Program, and Materials and Nanosciences Program at UW.",Nanotechnology Research,11-50 employees,Non Profit,"Waterloo, Ontario, Canada",Canada,uwaterloo.ca,https://www.linkedin.com/company/waterloonc
"Canada International Conference on Business, Entrepreneurship and Technology","ICAPMOT is an international conference on Science and Engineering, Entrepreneurship, Innovation, and Nanotechnology, which will be held in Canada, in May 2024. This international conference is for youth, teachers, researchers in schools, colleges and universities, public servants in government organizations, and industry practitioners to share new ideas.",Nanotechnology Research,2-10 employees,Privately Held,"Brampton, Ontario, Canada",Canada,icapmot.ca,https://www.linkedin.com/company/international-conference-on-yopeseit
Anasens,"Anasens is a highly disruptive start-up (deep tech) developing an innovative quantitative and connected molecular detection platform for blood or saliva analysis, at home or at a point of service, in less than 5 minutes. This new technology from the lab of Prof Vallée-Bélisle, Chair of Research from Canada in Bioengineering and Bio-nanotechnology, has been developed at UdeM for more than 10 years and for more than 6 years in collaboration with international industry leaders.",Nanotechnology Research,2-10 employees,Privately Held,"Montreal, Quebec, Canada",Canada,anasens.com,https://www.linkedin.com/company/anasens
De France Lab,"Driving cellulose and protein research toward a sustainable future | At Queen's University

Our research program explores the design of sustainable bio-based materials and their application in fields spanning the biomedical, coatings & packaging, and environmental sectors. Specifically, we focus on cellulose- and protein-based nanomaterial ‘building blocks’ such as cellulose nanocrystals (CNCs), cellulose nanofibers (CNFs), and protein nanofibers to make structures including hydrogels, aerogels, emulsions, and films. We aim to understand and leverage structure-function relationships to precisely tailor material performance for targeted applications. The work in our lab is interdisciplinary, spanning materials chemistry, engineering, and biotechnology, with the end goal of replacing petroleum-based products with high-performance renewable materials for a greener future.",Nanotechnology Research,11-50 employees,Educational,"Kingston, Ontario, Canada",Canada,defrancelab.ca,https://www.linkedin.com/company/de-france-lab
Soquelec Ltd.,"Soquelec is the exclusive Canadian representative of several world renowned Scientific Equipment Manufacturers. For the past 36 years, Soquelec has been supplying the Canadian research and industrial community with state of the art equipment for Materials Sciences, Life Sciences and Telecommunication.",Nanotechnology Research,11-50 employees,Privately Held,"Montreal, Quebec, Canada",Canada,soquelec.com,https://www.linkedin.com/company/soquelec-ltd
Direct-C Limited,"Direct-C leverages a proprietary, nano-composite polymer platform technology that can be used for two main applications, sensing a variety of chemical species or measuring strain. The first products focus on the direct detection of hydrocarbon leaks in the upstream oil & gas (O&G) and midstream pipeline sectors.",Nanotechnology Research,2-10 employees,Privately Held,"Edmonton, Alberta, Canada",Canada,direct-c.ca,https://www.linkedin.com/company/directc-limited
nFluids Inc.,"Based in Alberta, Canada, nFluids was incorporated in 2012 to solve oil and gas drilling fluid challenges using leading edge nanotechnology.

Today, nFluids Inc. is an innovative nanotechnology company that manufactures cost-effective nanoparticle additives.  The team’s focus forms the basis of four filed patent applications that defines nFluids’ technology platform.  Using similar processes and materials, nFluids plans to use the technology to solve related challenges in other industries.

By using controlled chemical reactions we are able to control the size, shape, functionality, and final concentration of the nanoparticles. This mechanism allows us to offer unique solutions to our clients for high-volume bulk processes or bespoke applications.

nForcerTM, the first commercial product, is a high-performing, multi-functional drilling fluid additive compatible with all mud types. nForcerTM is a true platform technology in that this product can be used in applications beyond oil and gas.",Nanotechnology Research,2-10 employees,Privately Held,"Calgary, Alberta, Canada",Canada,nfluids.com,https://www.linkedin.com/company/nfluids-inc-
Scope Photonics Inc,"Typical glass and plastic lenses use digital cropping or physical movement to zoom - a ridiculous limitation for the twenty first century. We’re building lenses capable of lossless zoom without any movement, using our novel liquid crystal technology. They can instantly adjust their optical behaviour to take the perfect photo, no matter the situation. 

This presents enormous benefits for smartphone photography, which normally relies on digital cropping or multiple apertures to zoom and take great photos. Our lenses can quickly adjust their zoom without pixelation, correct for optical aberrations, and adapt for any condition to take the best photo possible. No need for multiple apertures - one of our lens systems built into a smartphone can do it all.

It's not just smartphones that need better lenses. Numerous industries, from virtual reality to LiDAR sensing to microscopy, all suffer from fixed lens limitations. Our technology is transferable across applications; a paradigm shift for optics.",Nanotechnology Research,2-10 employees,Privately Held,"Waterloo, Ontario, Canada",Canada,scopephotonics.com,https://www.linkedin.com/company/scopephotonics
Nanotechnology Solutions,"We provide services for the nanotech industry. Our expertise spans the following fields: Nanochemistry, Nanostructures & Nanomaterials, Photonics, Photovoltaics & Nanobiotechnology.

Feel free to email us for any inquiries which will be kept strictly confidential.",Nanotechnology Research,2-10 employees,Privately Held,"Toronto, Ontario, Canada",Canada,nanotech-solutions.com,https://www.linkedin.com/company/nanotechnology-solutions
SPECTRAL DEVICES INC.,"SPECTRAL DEVICES INC. specializes in compact, real-time, and cost-effective multispectral imaging cameras and sensors. SPECTRAL DEVICES INC. provides custom multispectral imaging solutions to customers for various multispectral imaging applications including biomedical imaging, remote sensing, defense, automotive,machine vision, and security.",Nanotechnology Research,2-10 employees,Privately Held,"London, Ontario, Canada",Canada,spectraldevices.com,https://www.linkedin.com/company/spectral-devices-inc-
Nanobubble Control Systems,"There's more to disinfecting than just killing pathogens! Balancing efficiency, time, safety, cost and sustainability is a winning strategy. Nanobubble Control Systems NanOz delivers on all fronts!

Food Management: Extending shelf life of meat, fish, poultry, fruits and vegetables and eliminating food born pathogens. 

Healthcare: Saving up to 90% on disinfection and sanitizing costs.

Public Health: Keeping people and their environments safer.",Nanotechnology Research,2-10 employees,Privately Held,"Ottawa, Ontario, Canada",Canada,nanobubblecontrol.com,https://www.linkedin.com/company/nanobubble-control-systems
Finetex EnE,"With focus on people and environment, Finetex EnE strives to create the best environmentally friendly energy equipment and to incorporate nanofiber applications to our everyday lives. 
This is deeply rooted in Finetex EnE’s strong belief in SURVIVAL and CONTINUOUS IMPROVEMENT to maintain the leading position in our ever changing environment and market. Through our cutting edge proprietary technology, we will propel the company to earn international role, respect and recognition.

CREATING THE SMALLEST, CHANGING THE BIGGEST!
Finetex EnE is the only company in the world to truly mass produce nanofibers using electrospinning technology. With our leading technology, Finetex EnE produces the highest quality of nanofiber incorporated filter medias for numerous applications such as engine filter, liquid filter, industrial air filter, waterproof and breathable technical textiles, face mask and more. We are pioneering the world as a global leader in textile and filtration industry for nanofibers. 
We are dedicated to improving the quality of life with our nanofiber products.

ENVIRONMENT-FRIENDLY BUSINESS
Finetex EnE continues to grow and lead the domestic renewable energy industry as the need for environment protection and alternative energy spreads worldwide. By utilizing more economical night time electricity in our systems such as Ice Thermal Energy Storage System and Chilled Water Thermal Energy Storage, Photovoltaic System, we are contributing to the national interest of protecting the environment and cutting down on electricity demands. 

Our business reflects our care for people and environment which is deeply rooted in Finetex EnE’s values.
The choice is Finetex because we are the global leader in nanofiber technology, consistently delivering exceptional products across a broad-based range of applications in textile and filtration industries.",Nanotechnology Research,201-500 employees,Public Company,"Brantford, Ontario, Canada",Canada,ftene.com,https://www.linkedin.com/company/finetex-ene-inc-
CERC interactions lumière-matière/light-matter interactions,"La vision haut niveau de la Chaire d'excellence en recherche du Canada (CERC) sur les interactions lumière-matière est d'apporter de nouvelles connaissances sur les propriétés des systèmes microscopiques constitués de nombreuses particules en interaction à l'état solide, ce qui permettra de découvrir et de mettre en œuvre de nouveaux matériaux pour la photonique et les technologies quantiques. 
***
The high-level vision of the Canada Excellence Research Chair (CERC) in Light-Matter Interactions is to deliver new knowledge of the properties of microscopic systems made of many interacting particles in the solid state, which will empower the discovery and implementation of new materials for photonics and quantum technologies.",Nanotechnology Research,11-50 employees,Educational,"Montreal, Quebec, Canada",Canada,silvascience.org,https://www.linkedin.com/company/cerc-interactions-lumière-matière-light-matter-interactions
Sketch Nanotechnologies Inc,"Seal. Protect. Prolong. 
Sketch Nanotechnologies offers distribution and application services promoting green refurbishment possibilities which encourage actions in line with a circular economy; extending the lifespan of existing infrastructure, while reducing energy over-use.

OUR MISSION
To provide high-performance nanotechnology solutions that protect and extend the life of real estate assets.

OUR VISION
To be the world reference in innovative nanotechnology solutions dedicated to the protection, sustainability and energy saving of real estate assets.

OUR VALUES
Respect for the Environment, Innovation, Partnership, Excellence, and Sustainability",Nanotechnology Research,2-10 employees,Privately Held,"Montreal, Quebec, Canada",Canada,sketchnano.com,https://www.linkedin.com/company/sketch-nanotechnologies
Lumiant Corporation,"Established in 2011, Lumiant Corporation was a market-driven materials science company working to discover, develop and produce breakthrough materials for next generation products. Developed TitanMade metallic ceramic composite - a unique material with properties that bridged the gap between high performance alloys and advanced technical ceramics.  Developed the PlasmaForge process - a patent-pending method of producing full-density Self-propagating High-temperature Synthesis (SHS) materials.  

Developed the theory-based Rational Material Design and the Xaedra (www.xaedra.com) high-performance computing platform for materials discovery.
  
Ceased operations and wound up in 2019.",Nanotechnology Research,11-50 employees,Privately Held,"Kelowna, British Columbia, Canada",Canada,lumiantcorp.com,https://www.linkedin.com/company/lumiant-corporation
MARS Bio-Med Processes Inc.,"At MARS Bio-Med, innovation and sustainability are at the heart of everything we do. We respond to change creatively, generating new ideas, conducting R&D, revamping processes, and improving our products and services with a focus on minimizing our environmental impact. This mindset is ingrained in our business and our amazing people. Our staff, regardless of their position, are always focused on constant improvement, thinking outside the box, and making a positive difference every day.

We pride ourselves on following our corporate vision and values to ensure we are industry leaders. We are intensifying our efforts to exceed our customers’ expectations, uncovering their unmet needs, and translating their data into actions. Additionally, we are dedicated to developing eco-friendly solutions that contribute to a healthier planet.

Our customers expect us to continuously innovate with more relevant, sustainable products that adapt to their needs. We are investing in our loyal customers with products that will exceed their expectations while also prioritizing environmental responsibility.",Nanotechnology Research,11-50 employees,Privately Held,"Whitby, Ontario, Canada",Canada,marsbiomed.com,https://www.linkedin.com/company/mars-bio-med
Quartz Imaging Corporation,"Quartz Imaging has more than 2,500 customers in 42 countries who utilize our industry leading solutions for Digital Image Acquisition and Processing.

It is used on most image producing instruments including SEMs, TEMs, STEMs, Tabletop SEMs, Cameras, PC Based Instruments and Scanners.

The product range include:
PCI Lab and PCI Office; 
21 CFR Part 11 Compliance PCI/CFR; 
Laboratory Information Management Systems (LIMS); 
Failure Analysis Laboratory Information Management Systems (FA-LIMS); 
Web-based Instrument Booking and Instrument Access Control (Gatekeeper);
Instrument Remote Control; Automated Inspection Systems for Nanotechnology; 
X-ray Microanalysis (EDX/EDS) Systems (XOne and ON-X) and more.",Nanotechnology Research,11-50 employees,Privately Held,"Vancouver, British Columbia, Canada",Canada,quartzimaging.com,https://www.linkedin.com/company/quartz-imaging-corporation
NanoQuan Inc.,www.nanoquan.com,Nanotechnology Research,2-10 employees,Privately Held,"Waterloo, Ontario, Canada",Canada,nanoquan.com,https://www.linkedin.com/company/nanoquan-inc-
Biomaterials for medical imaging laboratory - BIM,"Research group of Prof. Marc-André Fortin PhD, ing. at the research center CHU de Québec - université laval. Working in the field of nanotechnology for medical imaging and cancer treatment.",Nanotechnology Research,11-50 employees,Self Employed,"Québec, Quebec, Canada",Canada,bim-ulaval.com,https://www.linkedin.com/company/laboratoire-de-biomatérieaux-pour-l-imagerie-médicale-bim
NanoCnet,"NanoCnet has developed Nano Silver Strands, a state of the art cost effective nanomaterial and a game-changer for conductive thin films. 

The unique properties of Nano Silver Strands, such as higher flexibility, conductivity, and stability, make it a suitable option for next-generation device applications including conductive ink, flexible electronics, touch panels, solar cells, displays, smart windows, transparent heaters and more.",Nanotechnology Research,2-10 employees,Privately Held,"Kitchener, Ontario, Canada",Canada,nanocnet.com,https://www.linkedin.com/company/nanocnet
Lamda Guard Inc.,"Lamda Guard Inc. is a division of MTI (Metamaterial Technologies Inc.), focused on commercializing the use of thin film metamaterials to defend against laser incidents by blocking multiple dangerous wavelengths of light. The Company has exclusive access to patent pending technology and is concentrating on products that will protect personnel in; the aviation, law enforcement, security & defence industries.",Nanotechnology Research,11-50 employees,Privately Held,"Halifax, Nova Scotia, Canada",Canada,metamaterial.com,https://www.linkedin.com/company/lamdaguard---advanced-systems-engineering
Nanovista Inc.,Nanovista is developing novel imaging agents for surgical oncology enabling the intraoperative visualization of solid tumors and tumor margins,Nanotechnology Research,2-10 employees,Privately Held,"Toronto, Ontario, Canada",Canada,nanovista.com,https://www.linkedin.com/company/nanovista
Elizion Tech,"Elizion Tech is a groundbreaking company leading the way in cutting-edge materials and product development to address 21st century challenges. We leverage research-driven technology to make the world a better place — if it isn’t innovative, scalable, scientifically-validated, and green, it isn’t an Elizion product.",Nanotechnology Research,2-10 employees,Privately Held,"Toronto, Ontario, Canada",Canada,elizion.tech,https://www.linkedin.com/company/eliziontech
ArcticEdge Technologies,"PFAS bans are creating a major gap in the textile industry: the world still needs materials that are breathable, waterproof, durable, and safe.

ArcticEdge Technologies is building a new class of PFAS-free breathable waterproof fabric for high-performance applications, from rainwear and PPE to firefighting gear. Unlike traditional moisture barriers that rely on multiple laminated layers, our material is designed as a single functional fabric that can deliver protection, comfort, and manufacturability in one layer.

We’re starting with firefighting because the problem is urgent, the standards are demanding, and the need for safer protective gear is impossible to ignore. But the vision is bigger: a PFAS-free future for breathable waterproof textiles.",Nanotechnology Research,2-10 employees,Privately Held,"Waterloo, Ontario, Canada",Canada,arcticedgetech.com,https://www.linkedin.com/company/arcticedgetechnologies
"MicroNano Tools:Coating, Powder, Fiber, and Battery RnD.","Tools for Coating, Powder, Fiber, and Battery RnD. 
MicroNano Tools (https://www.micronanotools.com/) is committed to provide reliable and affordable laboratory equipment for both research and industries when concerning micro and nano technology. Top sellers include Planetary ball mill PBM-04, KW-4A spin coater, plasma sputtering coater MNT-JS1600, Nanofiber electrospinning machine NFES-100, plasma cleaner MNT-PC-2, and equipment for battery preparation and testing. 

Micromolding Solutions (MMS: http://www.micromolding.ca/) specializes in design, prototyping, and production of precision plastic components and plastic-based devices. Our products have been applied in fields of medicine, electronics, microfluidics, MEMS, photonics, in vitro diagnostics, laboratory research, automotive, telecommunication, and aerospace. Quality guarantee is provided for all of our products and services.",Nanotechnology Research,2-10 employees,Privately Held,"Niagara Falls, Ontario, Canada",Canada,micronanotools.com,https://www.linkedin.com/company/micromolding-solutions-inc-
Integrative Nanotech Ltd.,Integrative Nanotech is a Halifax-based startup company focused on developing the next generation of sensing by leveraging novel scalable nanomaterials. A central focus is being made on the development of hydrogen sensors for early leak detection systems.,Nanotechnology Research,2-10 employees,Public Company,"Halifax, Nova Scotia, Canada",Canada,integrativenanotech.com,https://www.linkedin.com/company/integrative-nanotech
Resolve Nanotherapeutics Corp.,"Resolve Nanotherapeutics (RNTx) is developing completely novel drugs for severe infections such as pneumonia, abdominal infections and others. These types of infections kill millions of people every year and our current frontline treatments – antibiotics – are rapidly losing their effectiveness due to the rise in antibiotic resistance. RNTx is taking a host-directed approach to address this problem and using cutting-edge lipid nanoparticle (LNP) RNA technology to activate the body’s natural toxin clearance systems, ultimately overcoming the devastating clinical complications and vital organ dysfunction that accompany these types of severe infections. RNTx is the product of a collaboration between the UBC labs of Dr. Pieter Cullis (LNP expert) and Dr. James Russell (critical care physician and researcher) developing de-risked technology packages in pre-clinical models of severe infection. Studies to date have demonstrated remarkable efficacy in an in vivo model of pneumonia caused by antibiotic resistant bacteria. The key strengths of the technology are: (1) that the approach is organism and antibiotic resistance agnostic, (2) it does not create a selective pressure for new resistance development, ensuring a sustained market once approved and, (3) it uses clinically validated components (LNPs and RNA) that can readily be scaled for manufacturing and widespread distribution.",Nanotechnology Research,2-10 employees,Privately Held,"Vancouver, British Columbia, Canada",Canada,resolventx.com,https://www.linkedin.com/company/resolve-nanotherapeutics-corp
Microbonds Inc.,"Incorporated in 1996, Microbonds Inc. is a pioneer in advanced material science and nanotechnology coatings, initially for the semiconductor packaging and microchip industries. Microbonds proprietary chemistry invention was a key to their breakthrough in creating X-WireTM Technology, a first in the semiconductor industry. Microbonds has expanded its applied materials research to develop unique surface coating technologies including organometallic conductive and antimicrobial treatments to address the emerging manufacturing and health challenges for a broad range of global industries and applications.",Nanotechnology Research,11-50 employees,Privately Held,"Markham, Ontario, Canada",Canada,microbonds.com,https://www.linkedin.com/company/microbonds-inc.
WeckLab,"We are a group of researchers whose interests lie at the intersection of photonics, materials science, chemistry, and surface engineering. We use ultrafast lasers to texture the surface of materials to control properties such as colours, wettability, chemical reactions, and biocompatibility. We also use these lasers for high speed micro-machining, fundamental laser-matter interaction studies, and to induce artificial defects (crack and voids) to investigate fracture mechanisms",Nanotechnology Research,2-10 employees,Educational,"Ottawa, Ontario, Canada",Canada,weck.ca,https://www.linkedin.com/company/wecklab
Carbosphere Inc,"Carbosphere as developed a sustainable and cost-efficient decarbonisation solution for industrial and municipal waste which enables us to optimize the recycling process of all hydrocarbons base materials. Deployed on a large scale, this technology would make a significant contribution towards the 2050 net zero target.

While 95% of the global hydrogen is gray, it releases nine to 12 tonnes of CO2 for every tonne of hydrogen produced. At Carbosphere, we produce low-emission hydrogen and a solid carbon co-products rather than releasing CO2, we strive to solve the high-emission challenges of gray hydrogen and the economic and intrant challenges of green hydrogen.

We support industries in their decarbonisation journey to reduce pollution, reach sustainable development and become leaders in the circular economy, all while providing opportunities to reach both the solid nanostructure carbon and the hydrogen market.",Nanotechnology Research,2-10 employees,Privately Held,"Laval, Quebec, Canada",Canada,carbosphere.com,https://www.linkedin.com/company/carbosphere
Nano Imaging and Spectroscopy Laboratory,"The Nano-Imaging and Spectroscopy Laboratory (NISL) at Ontario Tech University is a cutting-edge interdisciplinary research group focused on advancing fundamental and applied science at the nanoscale. Led by Dr. Nisha Agarwal, NISL integrates expertise from materials chemistry, physics, biophysics, and spectroscopy to explore the interactions of light and matter in complex systems.

Our research spans a broad spectrum—from plasmonic nanostructures and surface-enhanced Raman scattering (SERS) to radiation-sensitive biosensors, laser-deposited materials, and vibrational spectroscopy for medical diagnostics. We are committed to innovation at the intersection of nanotechnology, photonics, and life sciences.

At NISL, we combine state-of-the-art instrumentation with hands-on training for undergraduate and graduate students, fostering the next generation of interdisciplinary researchers. We welcome collaborations and new team members passionate about solving real-world challenges using nanoscience.

 Key Areas:
• Nano- and bio-materials characterization
• Surface-enhanced spectroscopy (SERS, SEF)
• Radiation effects on biomolecules
• Optical and energy sensor development
• Medical and environmental diagnostics",Nanotechnology Research,2-10 employees,Public Company,"Oshawa, Ontario, Canada",Canada,nisl.ca,https://www.linkedin.com/company/nis-lab
Nanomedicine Canada,Nanomedicine Canada aims to advance nanomedicine innovations and capabilities through a well-networked nanomedicine industry focused cluster and support the growth of advanced manufacturing capacity in Canada,Nanotechnology Research,2-10 employees,Non Profit,"Edmonton, Alberta, Canada",Canada,nanomedicinecanada.ca,https://www.linkedin.com/company/nanomedicine-canada
