Name,Description,Primary Industry,Size,Type,Location,Country,Domain,LinkedIn URL
Informa,"Informa champions specialists working in academic and business-to-business markets, connecting people with knowledge to help them learn more, know more and do more. 

We’re a leading international events, digital services and academic knowledge business, headquartered in the UK and a member of the UK’s FTSE 100 group of public companies. 

We’re also home to a fantastic, inclusive community of over 14,000 colleagues across 30 countries, and a place where our colleagues have the freedom and flexibility to bring ideas to life, do work that makes a real impact and discover opportunities to grow.

Our businesses include Informa Markets, Informa TechTarget, Informa Connect, Informa Festivals and Taylor & Francis, but if you work in one of the specialist markets we serve, you might also know us through our brands. 

In Pharma, Medical and Biotech, that includes WHX Dubai, CPHI and EBD; in Tech, Enterprise Connect, AI Summit, Black Hat and GDC; in Natural Products, New Hope Network, Vitafoods and Natural Products Expo; in Beauty & Aesthetics, China Beauty Expo and Premier Beauty; in Finance, SuperReturn International, Money20/20, Finovate and IGM; in Research and Advanced Learning, Routledge and F1000; and many more brands in more markets too.",Information Services,"10,001+ employees",Public Company,"Auckland, Auckland, New Zealand",New Zealand,informa.com,https://www.linkedin.com/company/informa
dannsbay.37southnz.com,"Dannsbay @37southnz.com is used to help as many people as possible, to earn extra dollars online, whether they be Pensioners, like myself, or others who may be technically challenged.
We have made every possible turn a positive way to truly help our fellow man in eaning online.",Information Services,Self-employed,Self Employed,New Zealand,New Zealand,37southnz.com,https://www.linkedin.com/company/dannsbay.37southnz.com
B2C,"Focus on the human impact of change, developing strategies for communication, training, and stakeholder engagement to facilitate adaptation, effectively implement AI technology in practice.",Information Services,2-10 employees,Self Employed,"Auckland, Auckland, New Zealand",New Zealand,b2c.nz,https://www.linkedin.com/company/b2cnz
Three Idiots Talk Aquariums Podcast,Three Passionate fishkeepers talk about everything related to aquariums.,Information Services,2-10 employees,Privately Held,"Auckland, Auckland, New Zealand",New Zealand,,https://www.linkedin.com/company/three-idiots-talk-aquariums-podcast
Littlies,"Picking the right childcare for your little one can be a daunting task. Here at Littlies, we want to make this process as easy as possible, giving you all the information you need to choose the best option for your child.

When looking for a childcare option for our son, we were overwhelmed by the various choices available – childcare centres, kindergartens, home based care, nannies – and the questions just grew from there:

- How is a childcare centre different from a kindergarten?
- What sort of ratios are good anyway?
- Why call it 20 hours free childcare if you don’t actually give me 20 hours free?
- Should all the staff be qualified or is 80% okay?
- It took us a while to understand all our options and what would work best for us as a family.

We decided to put all our research into an easily-accessible place to make the process of choosing childcare easier for other parents. Check out our resources section to find out more about different childcare options, what to look for in your childcare options and what questions to ask.",Information Services,2-10 employees,Privately Held,"Auckland, Auckland, New Zealand",New Zealand,littlies.nz,https://www.linkedin.com/company/littlies
The Lymphie Sanctuary,"The Lymphie Sanctuary is a calm, curated home for people living with lymphoedema — built by someone who lives it too.
Most lymphies are handed a diagnosis and then left to navigate the rest alone. This space exists to change that. The Sanctuary offers gentle, peer‐led resources that focus on the other 23 hours of the day — the moments between appointments, when daily life still needs to be lived.
We don’t provide medical advice.
We provide clarity, comfort, and connection.
What you’ll find here:
• Clarity: Understand your own patterns, triggers, and what helps — on your terms
• Comfort: Gentle tools and resources for heavy days
• Connection: A community shaped by lived experience, where you don’t have to explain yourself
What’s coming:
• The Lymphie Library — plain‐language articles grounded in real life
• The Lymphie Planner — optional tools to help you notice patterns and understand your body
• The Marketplace — a curated collection of supportive items, shared for awareness and convenience
Everything here is designed to be calm, transparent, and non‐medical.
This is the home we wish existed when we were diagnosed — so we’re building it together.",Information Services,Self-employed,Self Employed,"Paekakariki, Wellington, New Zealand",New Zealand,thelymphiesanctuary.com,https://www.linkedin.com/company/the-lymphie-sanctuary
Mohios,"Custom-built systems for NZ service businesses: Run your business through Whatsapp, agentic websites & marketing engines.",Information Services,Self-employed,Self Owned,"Auckland, Auckland, New Zealand",New Zealand,mohios.com,https://www.linkedin.com/company/mohios
LoganAI - Software & Electronic solutions,"LoganAI builds custom software, AI integrations, and embedded systems for businesses that need practical technical solutions.

We focus on delivering working systems rather than experimental prototypes — from web platforms and automation tools to hardware-integrated applications.

Our work includes:
• AI integrations and intelligent automation
• Custom web and mobile applications
• SaaS platforms and internal business tools
• Embedded systems and IoT solutions (ESP32, Raspberry Pi)
• Software systems that connect hardware, cloud services, and user applications

Based in Tauranga, New Zealand, LoganAI works with companies looking to build reliable digital products without the overhead of large development agencies.",Information Services,Self-employed,Self Employed,"Tauranga, Bay of Plenty, New Zealand",New Zealand,loganai.dev,https://www.linkedin.com/company/loganai-software-electronic-solutions
hublle,"Most enterprises are running 10, 20, sometimes 50+ projects simultaneously — and nobody has a clear picture of what's actually happening across the portfolio.

Risks are buried in spreadsheets. Status reports are out of date before they're presented. PMO teams spend more time chasing updates than delivering insight.

Hublle fixes that.

We're an AI-powered project portfolio management platform built for enterprises that need real-time visibility across their programme portfolio — risks, budgets, resources and delivery health, all in one place.

Our AI agents surface the things that need attention before they become problems — so portfolio leads, PMO teams and executives can spend less time reporting and more time delivering.

Built for: Programme Directors · PMO Leads · CTOs · COOs · Consulting Delivery Teams

Currently working with enterprise customers across New Zealand.

 hublle.co | gus@hublle.co",Information Services,2-10 employees,Privately Held,"Auckland, Auckland, New Zealand",New Zealand,hublle.co,https://www.linkedin.com/company/hublle
Six Pine Trees Limited,Six Pine Trees Limited creates software and digital services for people to use.,Information Services,Self-employed,Privately Held,"Auckland, Auckland, New Zealand",New Zealand,sixpinetrees.com,https://www.linkedin.com/company/sixpinetrees
Syntralyn Group,"At Syntralyn Group, we see technology not as a barrier, but as an enabler—something that empowers people and organisations to achieve more with confidence.

As the parent company of the Syntralyn brand, we bring together businesses that specialise in delivering complete solutions across technology, security, and media:

Syntralyn – a next-generation MSP and MSSP, providing managed IT services, advanced cybersecurity operations, and strategic protection for modern businesses.

Syntralyn Technologies – a premium technology retail and solutions provider, offering access to leading products, platforms, and support.

Syntralyn Media Group – creative content, digital media, and engagement strategies designed to amplify brand presence in a connected world.

This ecosystem is built to help organisations stay agile, secure, and future-ready. Whether it’s managing critical IT systems, defending against evolving cyber threats, or building powerful digital connections, Syntralyn Group brings the expertise, innovation, and resilience needed to meet today’s challenges and tomorrow’s possibilities.

With foundations in New Zealand and a global outlook, our mission is clear: to deliver trusted, future-focused solutions that empower growth, resilience, and innovation.

Syntralyn Group – where technology, security, and creativity converge.",Information Services,2-10 employees,Privately Held,"Wellington, Wellington, New Zealand",New Zealand,syntralyngroup.nz,https://www.linkedin.com/company/syntralyngroup
Zefford,We help people,Information Services,2-10 employees,Public Company,"Auckland, Auckland, New Zealand",New Zealand,zefford.com,https://www.linkedin.com/company/zefford
IT2027 LIMITED,"IT2027 Limited:
Our Mission, Your Future
The Global Creation of Wealth
To Give Hope
To Fulfill Dreams
To Bring About Prosperity and Happiness
Through People Helping People",Information Services,11-50 employees,Public Company,"Havelock North, Hawke's Bay, New Zealand",New Zealand,it2027.world,https://www.linkedin.com/company/it2027limited
Jdata Services,"Jdata is here to serve others through its knowledge of Assets, (3 water, Parks, cycle trail and Maritime to name some), using GIS and other data storage facilities.
I've also develop MS Access databases to add to enhance the Jdata skill sets",Information Services,2-10 employees,Partnership,"Whangarei, Northland, New Zealand",New Zealand,jdata.co.nz,https://www.linkedin.com/company/jdata-services
Race Form Ltd,,Information Services,Self-employed,Public Company,"Paraparaumu, Wellington, New Zealand",New Zealand,raceform.co.nz,https://www.linkedin.com/company/race-form-nz
TopItsolutions,"We specialize in providing top-notch web development and ICT support services tailored to meet the needs of businesses of all sizes. Whether you need a stunning website, seamless IT infrastructure, or reliable technical support, we’ve got you covered.",Information Services,Self-employed,Self Owned,"Auckland, Auckland, New Zealand",New Zealand,topitsolutions.co.nz,https://www.linkedin.com/company/topitsolutionsnz
Freelife Ventures,"Navigating Pathways, Connecting Talent, Building Futures – Together
Welcome to Freelife Ventures — a family-owned business based in New Zealand, dedicated to immigration  and temporary stay services. We know that choosing New Zealand as your home, whether for a short time or  permanently, is a major milestone for your family’s future. Whether you need assistance with residency,  temporary visas, or starting a family business, our experienced team offers personalized, professional  support. Our goal is to help your family successfully navigate immigration processes, develop sustainable  ventures, and build a lasting legacy for years to come.",Information Services,2-10 employees,Partnership,"Rolleston, Canterbury, New Zealand",New Zealand,freelifeventures.co.nz,https://www.linkedin.com/company/freelife-ventures
Trainerbrite,We help businesses automate the boring stuff,Information Services,2-10 employees,Privately Held,"Wellington, Wellington, New Zealand",New Zealand,trainerbrite.com,https://www.linkedin.com/company/trainerbrite
Deep Thinking Ltd,"Large Language Models (LLMs) lead the generative AI revolution. Unlike traditional AI narrowly trained on specific tasks, LLMs are powerful generative models that distill patterns and context from massive natural language datasets. This allows them to dynamically understand open-ended inputs and generate strikingly relevant, coherent responses that seem to flow from human-level reasoning.

Beyond just working with proprietary cloud-based LLMs like GPT, Deep Thinking leverages a range of specialized LLMs to supercharge your AI capabilities by providing optimized and cost-effective solutions tailored to your unique needs. We use the latest techniques to efficiently fine-tune LLMs for specialized applications in a fraction of the time and data required by conventional approaches. While proprietary cloud LLMs offer powerful one-size-fits-all models for fast deployment, fine-tuning delivers optimized, cost-effective solutions matched to your unique requirements.

We at Deep Thinking are thrilled beyond words at the transformational potential of AI to augment and amplify human intelligence rather than replace it. Combining human intelligence with AI will drive innovation, spark creativity, and unlock solutions to our greatest challenges. At Deep Thinking, we're committed to building that future together!",Information Services,2-10 employees,Privately Held,"Kerikeri, Northland, New Zealand",New Zealand,deepthinking.co.nz,https://www.linkedin.com/company/deep-thinking-nz
Self Employed (Auckland),Agile Coach | Lean Analytics Leader | Visual Facilitator | Enterprise Business Analyst,Information Services,Self-employed,Self Employed,"Auckland, Auckland, New Zealand",New Zealand,,https://www.linkedin.com/company/self-employed-waiheke
CreativeTech Ltd,Publishing creative electronic books,Information Services,2-10 employees,Self Owned,"Auckland, Auckland, New Zealand",New Zealand,creativetech.net.nz,https://www.linkedin.com/company/creativetech-ltd
TechCertain Group Limited,"Insurance marketplace web services.
Scheme or direct to market mono or multi-line, multi-insurer solutions.
For up to date specifications visit Techcertain.com and click on DealEngine",Information Services,2-10 employees,Privately Held,"Auckland, Auckland, New Zealand",New Zealand,techcertain.com,https://www.linkedin.com/company/techcertain-group-limited
Howard Follas - Senior Business Process Consultant,,Information Services,Self-employed,Self Employed,"Auckland, Auckland, New Zealand",New Zealand,,https://www.linkedin.com/company/howard-follas-senior-business-process-consultant
InfoCapsule Limited,"InfoCapsule is a simple-to-use electronic device on which you can safely store almost any personal and financial information you want. It helps you get organised, record the important details of your life, and keep the information secure and up to date. 

Just as importantly, InfoCapsule provides your family and those responsible for your affairs with quick and easy access to essential information should something unexpected happen to you.",Information Services,Self-employed,Privately Held,New Zealand,New Zealand,infocapsule.co.nz,https://www.linkedin.com/company/infocapsule-limited
DELTA ELEKTROMEC CORPORATION,,Information Services,,,New Zealand,New Zealand,delta-delta.com,https://www.linkedin.com/company/delta-elektromec-corporation
findabusinessadvisor.com,"Most Small to Medium Business Owners suffer some form of time stress in Business. They are pulled in all directions by Clients, Staff, Professionals and often they find it difficult to find a suitable business advisor or coach to help them grow or make their business more efficient.
www.findabusinessadvisor.com aims to make it easy for business owners to be able to select and retain a Professional Advisor or Coach they can work with.
We will match each business with up to three potential Advisors and provide the business owner with the tools to ensure they select the right one for their business.",Information Services,2-10 employees,Privately Held,"Motueka, Tasman, New Zealand",New Zealand,findabusinessadvisor.com,https://www.linkedin.com/company/findabusinessadvisor-com
The 2 Hour Circle,"The 2 Hour Circle is an information services company based out of Woodend, Australia.",Information Services,,,"Woodend, Canterbury, New Zealand",New Zealand,the2hourcircle.com.au,https://www.linkedin.com/company/the-2-hour-circle
Positive Paeroa,"Positive Paeroa is an information services company based out of 101 Normanby Road, Paeroa, New Zealand.",Information Services,,,"Paeroa, Waikato, New Zealand",New Zealand,paeroa.org.nz,https://www.linkedin.com/company/positive-paeroa
Correda Limited,Extranet and Knowledge Base/Business Toolkit,Information Services,Self-employed,Privately Held,New Zealand,New Zealand,mykit.co.nz,https://www.linkedin.com/company/correda-limited
Qbook - Queenstown Visitor Information Centre,,Information Services,,,"Queenstown, Otago, New Zealand",New Zealand,qbooknz.com,https://www.linkedin.com/company/qbook---queenstown-visitor-information-centre
AQP LIMITED,,Information Services,,,"Christchurch, Canterbury, New Zealand",New Zealand,,https://www.linkedin.com/company/aqp-limited
Thompson Technical Solutions,We welcome the most challenging of projects.,Information Services,2-10 employees,Privately Held,"Auckland, Auckland, New Zealand",New Zealand,,https://www.linkedin.com/company/tts-nz
Wairarapa,,Information Services,,,"Carterton, Wellington, New Zealand",New Zealand,wairarapachamber.co.nz,https://www.linkedin.com/company/wairarapa
URSO LTD,,Information Services,,,"Wellington, Wellington, New Zealand",New Zealand,urso-ltd.com,https://www.linkedin.com/company/urso-ltd
Info Safe Group Ltd,Check out our Company;s website for Awesome business deals for Broadband and encrypted Online Back up solutions.,Information Services,2-10 employees,Privately Held,New Zealand,New Zealand,infosafe.co.nz,https://www.linkedin.com/company/info-safe-group-ltd
Tertiary Insight,"Dave Guerin is the main analyst and writer for Tertiary Insight. He loves the way tertiary education touches so many people, groups, and cogs of the economy. Tertiary Insight gives him an excuse to satisfy his curiosity about the tertiary education sector, and get paid for it. He has worked as a consultant, policy adviser and lobbyist for over 20 years across all parts of tertiary education and government. He now provides an independent view through Tertiary Insight, and is a member of the Parliamentary Press Gallery.",Information Services,,,"Wellington, Wellington, New Zealand",New Zealand,tertiaryinsight.nz,https://www.linkedin.com/company/tertiary-insight
NZ House Sitters,"Find & Connect With Home Owners & House Sitters in New Zealand!
Welcome to NZ House Sitters!
We are a recently launched site dedicated to connecting home owners with house sitters available in New Zealand.
FREE for owners
Home owners can and always will have access to our site for FREE! Plus, save money on boarding fees.
House Sitters New Zealand: Join the NZ House Sitters Community!
Being a House Sitter offers a world of opportunity, not only to save money on rent, but also to get to know other people and new places.
nzhousesitters.co.nz",Information Services,Self-employed,Self Employed,"Auckland, Auckland, New Zealand",New Zealand,nzhousesitters.co.nz,https://www.linkedin.com/company/nz-house-sitters
CREDIT IMPROVER LIMITED,,Information Services,,,"Wellington, Wellington, New Zealand",New Zealand,,https://www.linkedin.com/company/credit-improver-limited
STEEPED IN BEAUTEA LIMITED,,Information Services,2-10 employees,,"Wellington, Wellington, New Zealand",New Zealand,steepedinbeautea.co.nz,https://www.linkedin.com/company/steeped-in-beautea-limited
SHOCK MITIGATION SOLUTIONS LIMITED,,Information Services,,,"Christchurch, Canterbury, New Zealand",New Zealand,shockmitigationsolutions.com,https://www.linkedin.com/company/shock-mitigation-solutions-limited
Hana Konnect,"Hana is a Japanese native with a Management degree from the US. She is bi-lingual and multi-cultural.  She has worked in Japan as a Qual/Quant researcher before coming to NZ on a secondment in 2005, and has worked with a myriad of clients across various types of projects as a Research Consultant.  She is passionate about decoding human truths through various cultural lenses.",Information Services,Self-employed,Self Employed,"Auckland, Auckland, New Zealand",New Zealand,,https://www.linkedin.com/company/hana-konnect
da[r]ta,,Information Services,Self-employed,Privately Held,"Wellington, Wellington, New Zealand",New Zealand,,https://www.linkedin.com/company/da-r-ta
BESURE SCREENING LTD,,Information Services,,,"Wellington, Wellington, New Zealand",New Zealand,besurescreening.co.uk,https://www.linkedin.com/company/besure-screening-ltd
DJ-NOW (Northland),"DJ Now is your premier DJ hire service based in Whangarei, New Zealand, offering top-notch entertainment for weddings, private functions, corporate events, and nightlife. With over 20 years of experience, our award-winning DJs are experts at reading crowds and curating the perfect playlist to keep your guests dancing all night long. We pride ourselves on our professionalism, attention to detail, and a proven formula that takes the risk out of booking venues. Founded by Wiremu Kapa, DJ Now has built a strong reputation through more than 200 successful weddings and countless events. Let us elevate your next celebration with our exceptional DJ services!",Information Services,2-10 employees,Self Owned,"Whangarei, Northland, New Zealand",New Zealand,dj-now.com,https://www.linkedin.com/company/dj-now-northland
Coffee Snob,More to come soon...,Information Services,2-10 employees,Self Employed,"Hamilton, Waikato, New Zealand",New Zealand,,https://www.linkedin.com/company/coffee-snob
LighthouseData,"LighthouseData integrates your company’s business channels to develop reports and analysis that drive informed business decisions. Our business intelligence platform offers efficient knowledge management and allows users to perform their own analysis to gain relevant insights

As well as our unique user friendly platform we also offer the following services;

•	Predictive Modelling
•	Forecasting
•	Segmentation
•	Lifetime Value Analysis
•	KPI Analysis
•	Performance Analysis",Information Services,2-10 employees,Privately Held,"Auckland, Auckland, New Zealand",New Zealand,,https://www.linkedin.com/company/lighthousedata
El Centrokiwi NZ,En El Centrokiwi NZ estamos convencidos de que la educación de calidad y el intercambio cultural son la base del desarrollo social y económico de cualquier país. Buscamos contribuir a ese desarrollo potenciando la internacionalización de profesionales de todo el mundo a través del diseño de planes educativos y profesionales de alto nivel.,Information Services,2-10 employees,Self Owned,"Auckland, Auckland, New Zealand",New Zealand,elcentro.co.nz,https://www.linkedin.com/company/elcentrokiwi-internacional
Ready Crypto,"It can be very daunting and confusing for people to enter into the cryptocurrency market and understand blockchain technology. Whilst there is more than enough information on the internet, there are plenty of situations where clarity will bring peace of mind to people entering this market. Examples (not limited to) include:

- Understanding blockchain fundamentals
- Knowing which exchanges / avenues to purchase cryptocurrencies
- Knowing public key vs private key and what can be shared or not
- Why Bitcoin takes so long to travel between digital wallets and exchanges
- Supplying personal data to exchanges
- The NZ environment with blockchain and cryptocurrencies
- Other terminologies and jargons 

At Ready Crypto, we believe that having a humanistic interaction will provide security and peace of mind. People who take Ready Crypto courses can be assured that whatever information they have learnt is correct and can be applied with confidence.",Information Services,2-10 employees,Self Employed,"Auckland, Auckland, New Zealand",New Zealand,readycrypto.co.nz,https://www.linkedin.com/company/ready-crypto
Profound Impacts New Zealand ~ unintentional death support,"At Profound Impacts New Zealand we support those who have accidentally, unintentionally caused the death of another person by providing resources, personal experience, a support group and a safe haven. The site also provides resources and information for people supporting someone who finds themselves in this horrifying position. 

We are deeply sorry that the tragedy of an accidental death brings such excruciating pain for the loved ones of the person who died. For some they will find the work of Profound Impacts New Zealand disrespectful and inappropriate and those who have lost a loved one may well feel the person whose actions caused the death deserves no compassion or empathy. We understand this completely. 

It is our belief, however, that our world is better off when there is less suffering, and more compassion and forgiveness, and the work of Profound Impacts New Zealand seeks to provide that.",Information Services,Self-employed,Non Profit,"Christchurch, Canterbury, New Zealand",New Zealand,profoundimpacts.org.nz,https://www.linkedin.com/company/profound-impacts-new-zealand
Digital Consultants,"Small firm specialising in site surveying, site auditing, data capture, data analysis, CAD draughting and 3d modelling",Information Services,2-10 employees,Privately Held,"Auckland, Auckland, New Zealand",New Zealand,,https://www.linkedin.com/company/digital-consultants
The Zero Waste Way,"The Zero Waste Way provides information to assist people in reducing their household waste.  We offer simple and practical solutions, designed to educate others and raise awareness about zero waste.  We are on a mission to inspire others to make a change.",Information Services,Self-employed,Self Employed,"Whangarei, Northland, New Zealand",New Zealand,thezerowasteway.co.nz,https://www.linkedin.com/company/thezerowasteway
VH Systems Limited,"VH Systems Limited is a Wellington and Christchurch New Zealand based consultancy that through its principals Lucy and Len provide a range of services to public, private and not-for-profit organisations. 

Lucy provides senior test analytical solutions to corporate information services groups. 

Len provides strategic advice and operational support in financial and change management specialising in financial modelling and analytical services. 

With a focus on operational support they each deliver unique solutions in their respective fields. Together they have built strong reputations based on solid skill sets and measurable results.",Information Services,2-10 employees,Privately Held,"Christchurch, Canterbury, New Zealand",New Zealand,vhsystems.co,https://www.linkedin.com/company/vh-systems-limited
BAP Enterprises Limited (NZ),"BAP Enterprises Limited (NZ) provide SQL Database Services IT Solutions, Azure Cloud Solutions Architectures, Microsoft 365 plus Azure Administration, Cybersecurity and IT Consulting, from Hamilton to New Zealand, optimising the secure and effective use of IT resources.",Information Services,Self-employed,Privately Held,"Hamilton, Waikato, New Zealand",New Zealand,bapenterprises.co.nz,https://www.linkedin.com/company/bapenterpriseslimited
Content Compass — Turn Content into Conversations,"Content Compass is an Assist + Automate platform for small and mid-sized teams. We help you deliver on-brand answers with transparent citations and turn conversations into action — grounded in your own content.

What we do

Grounded answers with citations: trustworthy responses linked to your website, documents, and knowledge base.
Website chat + assistants: embed in minutes; guide visitors, capture leads, and hand off with full context.
Lead inbox + follow-up: every captured enquiry lands in your inbox with transcript and sources, so nothing slips through.
AI agents for research and content: search your knowledge base, analyse uploaded documents, draft social posts, and answer support questions — with transparent steps you can audit.
Per-assistant knowledge control: assign specific documents to each assistant so answers stay precise and on-brand.
Instant answers with Warm Up: pre-cache responses to common questions so visitors get answers immediately, even under load.
Keep knowledge fresh: crawl your website and upload PDFs so answers stay current.
Privacy & control: your data stays in your environment, with guardrails and per-page exclusions.
Actionable portal: manage assistants, review leads, and monitor content freshness in one place.
Why it matters Customers and teams want fast, accurate, on-brand answers. Content Compass turns your existing content into a dependable assistant and simple automations — without heavy integration work or per-seat cloud costs.

Get started Drop a single script on your site to deploy chat. Configure sources, tone, and guardrails in the portal. Add integrations as you grow.

Use cases

Support: instant answers from your docs, with clear escalation when human help is needed.
Sales/Marketing: lead capture, qualification, and warm hand-offs to your team.
Operations: consistent, approved responses to common enquiries.
Content: research across your knowledge base and draft social posts ready for review.
Built in the Wairarapa New Zealand",Information Services,2-10 employees,Privately Held,"Wellington, Wellington, New Zealand",New Zealand,contentcompass.io,https://www.linkedin.com/company/content-compass-ai
West Auckland,"Discover West Auckland
We love West Auckland and the Westie community so have decided to give something back just for Auckland. Find out all you need to know if you are new to the area. Get recommendations for travel, accommodation, tourist spots, business info, food, and much more here at West Auckland.
Our website for West Auckland aims to be a great place for locals to find new businesses, as well as give feedback on any business you have dealt with here or events you have attended in the area. Reviews and feedback help others to make the best decisions and are even more valued coming from local Westie residents.",Information Services,2-10 employees,Self Employed,"Auckland, Auckland, New Zealand",New Zealand,westauckland.co.nz,https://www.linkedin.com/company/west-auckland-nz
Wairarapa Archive,Te Pūranga Kōrero o Wairarapa / Wairarapa Archive,Information Services,2-10 employees,Government Agency,"Masterton, Wellington, New Zealand",New Zealand,mstn.govt.nz,https://www.linkedin.com/company/wairarapa-archive
Ruka Te Moana Blockchain Bro,"Ruka Te Moana, inspirational, evolving, transformative. Blockchain professional, Breaking down the Barriers to Blockchain.",Information Services,Self-employed,Self Employed,"New Plymouth, Taranaki, New Zealand",New Zealand,,https://www.linkedin.com/company/ruka-te-moana-blockchain-brother
LocoPro,"LocoPro is the future of home services. We use cutting-edge technologies to connect you with local professionals, tradies, and service providers.
You can get free quotations from a vast network of verified, trained tradies from across New Zealand, and use our transparent customer rating and review system to find the best professionals.

Our mission
LocoPro is on a mission to create 200,000 jobs in New Zealand by 2022.
We believe there is an abundance of untapped skill and talent that just needs to be connected with its customers.
You can help LocoPro achieve this goal by using LocoPro to hire local talent, professionals or service providers whenever you need a helping hand.
So the next time you need something done, get LocoPro!",Information Services,2-10 employees,Public Company,"Auckland, Auckland, New Zealand",New Zealand,locopro.co.nz,https://www.linkedin.com/company/locoproapp
Sensibel Geo Mapping,"Sensibel is a platform that enables the geolocation of information people need to plan, design and understand public spaces.",Information Services,"10,001+ employees",Privately Held,"Christchurch, Canterbury, New Zealand",New Zealand,sensibel.org,https://www.linkedin.com/company/sensibel-mapping
antoris consulting limited,"We provide accessibility and management tools for information workers. 
We focus on usability to provide secure, instant and structured access to your data.
While you are on the go, doing what you do best.
Web Applications
Mobile Applications
Database Applications
Cloud Services
Software as Service
Social Media
Digital Marketing
Web Design",Information Services,2-10 employees,Privately Held,"Waimauku, Auckland, New Zealand",New Zealand,antoris.co.nz,https://www.linkedin.com/company/antoris-consulting-limited
3D Image Vu Ltd,"Aerial Survey in NZ
3D Reconstruction
Aerial Processing",Information Services,2-10 employees,Privately Held,"Drury, Auckland, New Zealand",New Zealand,3divu.xyz,https://www.linkedin.com/company/3d-image-vu-ltd
Discrimen Limited,"We help the owners of privately owned companies solve problems and protect their business from a destruction in value often caused by the predatory behaviour of other shareholders, employees, lenders, customers, and suppliers plus the problems that often arise from spousal and family disputes.

We provide one-to-one, specialist, strategic counsel. We cut to the heart of the hard stuff, the stuff that is getting in the way of realising the full potential of your business, the stuff that can (or has the potential) to destroy the value of your business. With a wide range of business skills, and a depth of experience, our prime objective is to assist you to make the best possible decision, given the nature of the problem, de-risk your decision to avoid (as far as possible) any negative “fall-out”, elucidate clearly all the options available to you, plan the implementation of your decisions and thwart the destruction of business value and possibly, your reputation.",Information Services,2-10 employees,Privately Held,"Auckland, Auckland, New Zealand",New Zealand,,https://www.linkedin.com/company/discrimen-limited
Haddock Consulting,"Digital transformation for the people.

I’m a proven leader with a history of creating and delivering successful digital strategy across complex organisations through great user experiences.  One of my key strengths is my ability to bring together the needs of diverse groups and meet those needs in a simple and coherent way.    

I’m passionate about doing great work with teams and wider stakeholders, to make lasting change that we can all be proud of. 

I’ve led delivery of digital technologies that innovate, delivering great performance in the immediate, while creating opportunities for the future.",Information Services,Self-employed,Self Employed,"Christchurch, Canterbury, New Zealand",New Zealand,,https://www.linkedin.com/company/haddock-consulting-nz
GMAPSNZ,"Geospatial-intelligence, map design, and data science – know where your data came from with GMAPSNZ.

Geospatial technologies are increasing rapidly. Complexity and risk means uncertainty that others take advantage of. Working together with GMAPSNZ you’ll obtain a geospatial-intelligence advantage that only GMAPSNZ can offer.",Information Services,Self-employed,Privately Held,"Wellington, Wellington, New Zealand",New Zealand,gmapsnz.com,https://www.linkedin.com/company/gmapsnz
Spotpark,"Spotpark is a community based mobile app where everyone helps one another find street parking in real time. Spotpark utilises anonymous data from the sensors on your smartphone and data analytics to identify vacant spots where cars have recently left, or are about to leave, and makes this information available to other Spotparkers circling for a parking spot.

We are an Auckland-based technology startup. Our mission is to make circling for a parking spot a thing of the past by using crowdsourced real time data and advanced analytics. We will be test trialling our technology in Auckland City in the coming months.",Information Services,2-10 employees,Privately Held,"Auckland, Auckland, New Zealand",New Zealand,,https://www.linkedin.com/company/spotparkco
New Zealand Business Directory,"Be visible! Obtain new customers and generate more traffic. Improve social media shares. Get reviews and grow business reputation online. Your company profile can include contacts and description, products, photo gallery and your business location on the map.",Information Services,2-10 employees,Self Owned,"Auckland, New Zealand",New Zealand,businesslist.nz,https://www.linkedin.com/company/new-zealand-business-directory
Chainport Labs Limited,"This base serves as a start point of the initiatives in the cooperation with various universities, academic organizations, blockchain technology associations, government agencies, immigration departments, and investors. It is also the proposer of the Digital Country concept where the Blockchain technology powered society components such as education, medical, retail, energy, property systems are designed in a unitary plan.",Information Services,2-10 employees,Privately Held,"Auckland, Auckland, New Zealand",New Zealand,blockchainport.org,https://www.linkedin.com/company/blockchain-port-foundation
LawFlow,"LawFlow is the only e-discovery software designed, developed and hosted in New Zealand, for NZ lawyers. LawFlow also provides training and consulting to law firms on how to carry out discovery under the High Court Rules. For information, please visit www.lawflow.co.nz",Information Services,2-10 employees,Privately Held,"Auckland, Auckland, New Zealand",New Zealand,lawflow.co.nz,https://www.linkedin.com/company/lawflow-ediscovery
Nexify Limited,"Most websites don’t need a redesign.
They need better decisions behind them.

I help experienced online entrepreneurs turn vague pages into clear offers — and browsers into buyers.

Not by adding more.
By cutting what’s in the way.

What I bring?
Conversion strategy, sharp copy, and a mind that spots leaks before others notice they’re sinking.

I don’t do shiny. I do smart.
If you’re ready to fix what matters: let’s talk.",Information Services,Self-employed,Self Owned,"Paraparaumu, Wellington, New Zealand",New Zealand,nexify.me,https://www.linkedin.com/company/nexify-me
JDS Ltd,"JDS LTD is a professional consulting and services company specializing in information security, compliance, and digital solutions. We support organizations with ISO 27001, ISO 37001, ISO 22301, ISO 42001, ISO 9001, PCI DSS, Cyber Essentials, GDPR, and related certification readiness, helping businesses build stronger governance, resilience, and trust.
Alongside certification support, we also provide network development, IT support, web development, and digital marketing services. In addition, JDS LTD delivers practical cybersecurity training, including awareness and capability-building sessions on topics such as phishing, Bismillah-based awareness messaging, CISCR/CIS controls, and other security best practices",Information Services,2-10 employees,Privately Held,"Auckland, Auckland, New Zealand",New Zealand,jdsltd.co,https://www.linkedin.com/company/jds-ltd
CHECKA VEHICLE REPORTS,"Get  free  vehicle  information and a history  report  about your car,  truck,  bike, van or  one you  are  thinking of buying. Don’t risk your hard earned cash  –  check if a vehicle is stolen,  has money owing,  or has had the odometer  wound  back.",Information Services,2-10 employees,Privately Held,"Auckland, Auckland, New Zealand",New Zealand,checka.co.nz,https://www.linkedin.com/company/checka
1440 Consulting,"1440 Consulting is a US and NZ based AI, data science, machine learning and natural language processing services organization that is passionate about using advanced analytics to reveal insights and make better decisions decisions using data",Information Services,2-10 employees,Partnership,"Auckland, Auckland, New Zealand",New Zealand,1440consulting.com,https://www.linkedin.com/company/1440consulting
BusinessBuilders NZ,"At BusinessBuilders NZ we are helping clients engaged in professional services to achieve better business opportunities through generating ideas for improvement to their customer relationship cycle.  For example :-

Targeting and Marketing – capture / review current client information, create client segments and associated prospecting plans.

Development of offering – gather competitive intelligence and research, identify buyer motivations and establish value propositions. 

Sales – lead management. Pipeline management, sales forecasting, 

Retention and Loyalty – loyalty programmes, voice of customer rankings, net promoter scoring.

I have over 25 years business experience, including 13 years building my own successful consultancy services business.  I learnt over time that good client knowledge is a key business resource. Could my learning and experience bring fresh insights to your business? 

CONTACT    021-252-5990",Information Services,2-10 employees,Self Owned,"Auckland, Auckland, New Zealand",New Zealand,businessbuildersnz.co.nz,https://www.linkedin.com/company/business-builders-nz
Brown Spark Digital,"Every idea begins with a spark. Ours is to help businesses unlock their digital potential through innovation, design, and technology that truly makes a difference. We believe digital solutions should do more than just work — they should inspire creativity, drive growth, and open doors to new possibilities. Our culture values collaboration, curiosity, and integrity. Each day we show up ready to listen, to learn, and to push boundaries. We celebrate our clients’ successes as our own, knowing that shared progress creates lasting impact. Because building the future isn’t a solo journey — it’s a partnership.

Brown Spark Digital is proudly rooted in New Zealand and powered by a team of developers and designers who blend fresh ideas with proven expertise. We’re a young company with big ambition, delivering tailored digital services that transform brands and empower organizations worldwide.",Information Services,11-50 employees,Privately Held,"Papakura, Auckland, New Zealand",New Zealand,brownsparkdigital.com,https://www.linkedin.com/company/brown-spark-digital
Pexcel Solutions NZ,"Pexcel Solutions is a New Zealand-based consultancy and AI product company specialising in smarter, data-driven project delivery. Our flagship product, AIRisk, helps organisations identify, assess, and respond to IT project risks with greater clarity, confidence, and speed.

We combine deep public sector experience with modern AI capabilities to deliver outcomes that are practical, transparent, and aligned with enterprise governance.
 Our Offerings

AIRisk — AI-Assisted Project Risk Management
     AI-powered risk identification across scope, teams, and user groups
     Proactive risk suggestions tailored to your organisation’s delivery patterns
     Explainable AI with human decision control
     Portfolio-wide risk visibility and executive reporting
     Secure, locally hosted or cloud-deployable with full data ownership

 Project & Delivery Consulting

   End-to-end IT project management across the full delivery lifecycle
   Agile, hybrid, and waterfall project leadership
   Stakeholder engagement, change management, go-live readiness

 Business Analysis & Strategy
   Requirements gathering, solution evaluation, and business case development
   Data modelling and insight generation to support decision-making
   Alignment with compliance, risk frameworks, and organisational goals

 Architecture & Technical Design
   Solution architecture for cloud, integration, and AI systems
   System design that scales and aligns with enterprise ecosystems
   Support for SaaS adoption, migration, and technology roadmap planning",Information Services,2-10 employees,Privately Held,"Upper Hutt, Wellington, New Zealand",New Zealand,pexcel.co.nz,https://www.linkedin.com/company/pexcel-solutions-nz
Oceania Technology,"Oceania Technology is an IT Consultancy Company
Providing corporate and every day Information Technology & Energy Industry skills
Waterfall and Agile
Software development
ITIL/ITSM certified
BABOK (version 3) trained
Maritime Clean Energy Development (PADI Master Scuba Diver)",Information Services,2-10 employees,Self Employed,"Auckland, Auckland, New Zealand",New Zealand,oceania.technology,https://www.linkedin.com/company/oceania-technology
Tranzpayments Consulting,"We are a team of consultants with specialist expertise in Automated Fares and Collections (AFC) solutions utilised in Public Transport and Mobility as a Service.
We bring a wide range of specialist expertise covering the end to end solution from definition through selection to deployment. Collectively, TranzPayments Directors have delivered more than a dozen significant AFC engagements, plus a great many more comparable engagements deploying the range of skills and expertise required for the design, implementation and operation of modern AFC solutions.",Information Services,2-10 employees,Privately Held,"Wellington, Wellington, New Zealand",New Zealand,tranzpayments.com,https://www.linkedin.com/company/tranzpayments-consulting
International Information Services,Soon to be developed,Information Services,11-50 employees,Privately Held,"Auckland, Auckland, New Zealand",New Zealand,iiservices.com.au,https://www.linkedin.com/company/internationalinformationservices
Chong Newztel - Media Watch,"Chong Newztel is a B2B company that supplies business intelligence to organisations that need to be kept aware of their public ""media"" profile. Chong Newztel aggregates the media on behalf of these clients to harvest targeted media that is relevant to them. 
Chong Newztel is a labour intensive company that is heavily reliant on the expertise of its staff and a robust IT platform to supply and maintain this vital service.",Information Services,51-200 employees,Privately Held,New Zealand,New Zealand,chong.co.nz,https://www.linkedin.com/company/chong-newztel---media-watch
4Mooi,"4Mooi is a digital marketplace, that facilitates connecting floral industry B2B customers.  Our website allows Growers, Sellers and Ancillary Suppliers to trade with Flower Re-Sellers across New Zealand.",Information Services,2-10 employees,Privately Held,"Auckland, Auckland, New Zealand",New Zealand,4mooi.co.nz,https://www.linkedin.com/company/4mooi
Terrace Consulting Limited,"I am using my previous work experiences to help small business owners to grow their business by providing strategic advice, support and mentoring in a pragmatic way that meets their needs.",Information Services,Self-employed,Self Employed,"Hamilton, Waikato, New Zealand",New Zealand,terrace.co.nz,https://www.linkedin.com/company/terrace-consulting-limited
Counsel One Immigration Services NZ,"At Counsel One, we hear you before saying a word and tailor our services specifically to serve your needs above all else. With a plethora of advisors out there, here are just a few reasons why Counsel One will serve you best:
#We bring the expertise of the inner workings of Immigration New Zealand, not just the legislation but also INZ’s internal processes which help ease your journey.
#We never sell you a bill of goods. If there are factors that make you ineligible for a specific visa, we will work with you to find the visa type that best suits you.
#We specialize in providing you with comprehensive immigration and visa solutions so that your needs are always met.
#We are with you every step of the way to ensure your well being and peace of mind because we believe only your success is our success.",Information Services,2-10 employees,Privately Held,"Auckland, Auckland, New Zealand",New Zealand,counselone.co.nz,https://www.linkedin.com/company/counsel-one-immigration-services-nz
LIMO CABS LIMITED,,Information Services,,,"Christchurch, Canterbury, New Zealand",New Zealand,limocabs.in,https://www.linkedin.com/company/limo-cabs-limited
Career Pathways NZ Ltd,Vocational Consultancy Services including Occupational Assessments,Information Services,Self-employed,Self Employed,"Christchurch, Canterbury, New Zealand",New Zealand,careerpathways.co.nz,https://www.linkedin.com/company/career-pathways-nz-ltd
Surface | Cyber | Space,"Surface | Cyber | Space was founded to support enhanced stability and prosperity for New Zealand, Australasia, and the Indo-Pacific. We can support you with strategy, policy and systems design, bespoke research projects, and capability development... so you can continue to excel in everything you do.

We provide tailored services for:
-	collating and fusing information,
-	generating a shared team understanding on small projects where you can’t scale to more FTE staff,
-	augment ongoing project teams, or
-	support executive leadership teams establishing new lines of effort while balancing their existing demands.

Tailored project assessments, and data collection based on sound systems engineering, operational planning, and open-source intelligence techniques mean we offer a valuable partnership to commercial and government clients to better understand and quantify risk, security and privacy in our complex Geo-political world, whether it be on the surface, online or above.

Drawing on a background in defence, academia, commercial operations, leadership and risk management; ranging from strategic governance and operations to frontline health and safety impacts; Surface | Cyber | Space can assist with a wide scope of information and open-source intelligence requirements.

We partner and collaborate with operational and strategic decision makers to take the workload off your in-house specialists and experts, so they can focus more on what they do best.

Contact surfacecyberspace@outlook.com",Information Services,Self-employed,Self Owned,"Auckland, Servicing The Greater Auckland And Northland Region, Northland, New Zealand",New Zealand,,https://www.linkedin.com/company/surfacecyberspace
PODAYBAGA!,,Information Services,2-10 employees,,"Auckland, Auckland, New Zealand",New Zealand,podayba.ga,https://www.linkedin.com/company/podaybaga
Smart Chats,,Information Services,2-10 employees,Privately Held,"Auckland, Auckland, New Zealand",New Zealand,smartchats.co,https://www.linkedin.com/company/smart-chats
Legal-e Software Limited,Legal Office Software,Information Services,2-10 employees,Privately Held,"Wellington, Wellington, New Zealand",New Zealand,legaloffice.co.nz,https://www.linkedin.com/company/legal-e-software-limited
CampaignHub,"CampaignHub is the social media team of Mobilize Mail Limited. We specialise in custom designed solutions that reduce the work effort and maximize the return from marketing on social media. Businesses, Associations and non profit organisations throughout New Zealand are currently benefitting from using CampaignHub’s services.",Information Services,2-10 employees,Privately Held,"Wellington, Wellington, New Zealand",New Zealand,campaignhub.co.nz,https://www.linkedin.com/company/campaignhub
GEMACD Ltd,"GEMACD Ltd is a specialist in the career development, business & provides a one shop window from study to residence in New Zealand.

We are Licensed Immigration Advisors & NZAMI members; we direct or represent you for Visitor, Study, Work, Residence, Business visa applications & Migration, Settlement.",Information Services,2-10 employees,Public Company,"Auckland, Auckland, New Zealand",New Zealand,gemacd.com,https://www.linkedin.com/company/gemacd-ltd
Lilburne Enterprises,"Reliability and Asset Management Consultancy.

Specializing in Dairy Processing Lilburne Enterprises is active around New Zealand Some Key Projects have included:


•Leading a three-year project to establish an asset management system for a Dairy Site's Facilities Department, including: 
    o	Collaborated with the client to identify equipment to be recorded as assets.
    o	Led the team in collecting asset information to enhance maintenance planning.
    o	Created an Excel-based application for asset location search and display on a 2D site map.
    o	Developed maintenance plans in EAM for newly established assets.
    o	Facilitated communication with stakeholders, preparing presentations and liaising with business counterparts to streamline asset setup procedures.

•Reviewed a Clients Site Maintenance Plans and presented a report recommending changes to eliminate duplicate work and prevent missed maintenance requirements to meet their company's national requirements.

•Led Early Equipment Management roles handling data management tasks for multiple projects and new process equipment installations.

•Mapped a client's Boiler assets into a preventative maintenance software to facilitate a software trial.

•Conducted a comprehensive review of a dairy client's Energy and Utilities Department Asset Management, involving: 
    o	Redrawing outdated and incorrect Process and Instrument Drawings.
    o	Updating assets recorded in maintenance software to match physically installed assets.
    o	Recording asset make and model information to enhance critical spare parts inventory.",Information Services,2-10 employees,Privately Held,"Leithfield, Canterbury, New Zealand",New Zealand,,https://www.linkedin.com/company/lilburne-enterprises
AA House Checks Ltd,"AA House Checks have been serving Canterbury property owners since 2006. 

AA House Checks doesn’t employ your standard boilerplate type house inspection report of checklist of ticks and crosses. AA House Checks provides a detailed description of the dwelling and reports on the positives of the dwelling as well listing minor to significant defects in our report. 

Wherever possible and for peace of mind, we will provide a practical repair strategy for minor defects, so the client can fix the defect themselves, thus reducing the expense after purchasing their most valued asset.

Please contact us for a House Check for your peace of mind today!",Information Services,2-10 employees,Public Company,"Christchurch, Canterbury, New Zealand",New Zealand,aahousechecks.co.nz,https://www.linkedin.com/company/aa-house-and-property-checks-ltd
The Q Factor,"""Investment research platform analysing companies across NZX, ASX, and SGX. We track management credibility through Say vs Do analysis — what companies promise versus what they deliver.""",Information Services,2-10 employees,Self Owned,"Auckland, Auckland, New Zealand",New Zealand,theqfactor.io,https://www.linkedin.com/company/theqfactor
Comparesies Group AB,Comparesies is primarily an insurance comparison site for pet owners around the world who are lacking unbiased and well-researched information.,Information Services,2-10 employees,Privately Held,"Auckland, Auckland, New Zealand",New Zealand,comparesies.com,https://www.linkedin.com/company/comparesies
"AHA ""Aotearoa Hispanic Association""","AHA Asociacion Hispanica Aotearoa or Aotearoa Hispanic Association is an incorporated society that promotes Latin American and Spanish culture through offering activities and services in Canterbury. Established on 15th May 2014 the goal of the Aotearoa Hispanic Association /Asociacion Hispanica Aotearoa is to share the spirit and culture of Spanish-speaking countries through language courses, social activities and community outreach.",Information Services,,Partnership,"Christchurch, Canterbury, New Zealand",New Zealand,ahacanterbury.com,https://www.linkedin.com/company/aha-aotearoa-hispanic-association
Nectar NZ,,Information Services,2-10 employees,Privately Held,"Wellington, Wellington, New Zealand",New Zealand,nectarnz.com,https://www.linkedin.com/company/nectar-nz
Trade Kiwi,"WHO WE ARE
 
Incorporated to the Vision Times media group as an online trading company, TRADEKIWI excels in its unique vision to construct a FREE commercial promotion platform for kiwi businesses. 
 
 
WHY CHOOSE US?
 
We guarantee the most cost-efficient means of promoting your business across a variety of online and offline channels.  
As a component of The Vision Times Media Group, we share the multimedia strength of global coverage and multi-channel integration.  
 
Here are some facts of what we can:
 
•         27 regional branches to cover 190 cities around the world;
 
•         Multi-media platform with 9 years of achievement in New Zealand, the channels we established includes newspaper, magazine, online portals and social media;
 
•         Strong partnership with local and international medias,  such as www.onesiteworld.com in New York, www.watchines.com in Tai Wan, www.colorfultoronto.com in Toronto, just name a few;
 
•         Highly regarded media among the Chinese communities all over the world, whose purchasing potential should never be ignored. 
 
Once you have registered on our online service, your information will be broadcasted across different platforms to different parts of the world. Our highly dedicated team members, both onshore and offshore based will take care of you and make sure your promotion campaign is well tailored to the need of different channels. 
 
After more than 10 years of in-depth study of local and international markets, we are keen on building up long term relationship with kiwi businesses and helping them to prosper on a larger scale.",Information Services,11-50 employees,Partnership,"Auckland, Auckland, New Zealand",New Zealand,tradekiwi.co.nz,https://www.linkedin.com/company/trade-kiwi
Entouch International Ltd,"Entouch International is formed with the best intent. An offering designed to service Research Houses and smaller companies providing Business Information Services, Research and Market Entry advice and consultation. 

Onesource - Business Information Database
Acting as New Zealand Representative Reseller for Onesource we have a Global market leading product for Business Information here in New Zealand. Focusing on Legal, High Education and Recruitment Consultancies our offering is simple and attractive.

Entouch - Market Entry
Enabling you with insight, information and data we carry out some of the heavy lifting in finding new business partners, clients and markets for business to business organisations. With Global data reach we can develop information on companies in just about any market providing you with a target list of who you should be dealing with and even providing the introduction by way of appointments in your diary.

Executive Search Research
Our Executive Search Research function supports the development of short list and long lists of candidates. With access to different tools we identify top talent and help you to build the initial target lists. Supporting the Executive Search research function.",Information Services,2-10 employees,Privately Held,"Wellington, Wellington, New Zealand",New Zealand,,https://www.linkedin.com/company/entouch-international-ltd
Bolda Group,"Our brands:

Protect Me 
INSPECTIONS | CONSTRUCTION | MAINTENANCE

Bolda Media
CREATE | DEVELOP | SHARE

Bolda Group has achieved substantial growth again this year, Jerri's leadership and dedication in the Protect Me division has been substantial. This year we also invested heavily into a securities division that is headed by Logan who continues to display his unique ability to analyse and invest. This will help us to further diversify our revenue stream. Our property portfolio continues to grow steadily with two medium sized projects under way in Auckland....",Information Services,2-10 employees,Privately Held,"Auckland, Auckland, New Zealand",New Zealand,bolda.co.nz,https://www.linkedin.com/company/vision-counsel
PRIME IT,"Welcome to PRIME IT, We are a team of tech experts located in Invercargill, serving customers in Southland and throughout New Zealand.

Our mission is to provide safe and hassle-free IT Solution at affordable prices. Whether you need help with a Software, Hardware or any other tech device, we have in-house engineers with 15+ years of experience to assist you. We pride ourselves on providing fast, reliable services that you can trust.

Experience worry-free computing with our Products and Services, backed by a comprehensive warranty. Your satisfaction and peace of mind are our top priorities. Our team is equipped to solve both hardware and software problems, and we have earned the trust of over 1000 customers in Aotearoa and Australia.

Our range of services is extensive, and we can assist you with any tech-related needs you may have. We offer CCTV system installation, Computer Networking, Web Development, Web Hosting Services, HDD to SSD Replacement, Custom PC Build, Custom Gaming PC, Laptop Repairing, Desktop Repairing, Virus & Spyware Removal, Television Setup, Apple Computer Support, Hardware and Software Installation IT Consultation for Small to Medium Size Business and more.

We believe in delivering excellent customer service, and we strive to make your experience with us as smooth as possible. Get in touch with us today to see how we can assist you with your tech needs.",Information Services,2-10 employees,Self Owned,"Invercargill, Southland, New Zealand",New Zealand,primeit.co.nz,https://www.linkedin.com/company/primeit-nz
Qualia Partners,"Data is only valuable when it is understood,
trusted, and usable.
We help organisations design and build governed, scalable data platforms that enable advanced analytics, machine learning, and AI.

Our work focuses on establishing clean architecture, reliable pipelines, and durable data models that support long-term intelligence.",Information Services,2-10 employees,Privately Held,"Auckland, Auckland, New Zealand",New Zealand,qualiapartners.com.au,https://www.linkedin.com/company/qualia-partners
The Karo Group,"The Karo Group is a private practice that assists organisations with commercial and strategic advice and management in markets involving carbon, energy and international development as well as providing governance services to private and public companies.",Information Services,Self-employed,Privately Held,"Auckland, Auckland, New Zealand",New Zealand,thekarogroup.net,https://www.linkedin.com/company/the-karo-group
Wellington Now,"Wellington Now is a mobile app, created by three Hutt Valley High School Students in February 2015, for a Year 13 Business Studies Project. Wellington Now was part of the Lion Foundation Young Enterprise Scheme in 2015.

We began Wellington Now with the aim of streamlining multiple sources of information into one, easy to use app. We successfully launched our iPhone app in July and to this day we have had over 5,000 downloads. We plan on releasing an Android version soon and we intend to expand into other regions of New Zealand in the future.",Information Services,Self-employed,Self Owned,"Wellington, New Zealand",New Zealand,wellingtonnow.nz,https://www.linkedin.com/company/wellington-now
Smart Software,,Information Services,2-10 employees,Self Employed,"Auckland, Auckland, New Zealand",New Zealand,smartsoftware.co.nz,https://www.linkedin.com/company/smart-software-nz
Striatum Analytics,"An advanced data science practice in Auckland, New Zealand. We understand how to take your quantitative data and turn it into actionable insight to add value to your business.",Information Services,Self-employed,Self Employed,"Auckland, Auckland, New Zealand",New Zealand,striatum.co.nz,https://www.linkedin.com/company/striatum-analytics
On Farm View,Farm Monitoring Tools.,Information Services,Self-employed,Self Employed,"Christchurch, Canterbury, New Zealand",New Zealand,onfarmview.com,https://www.linkedin.com/company/on-farm-view
Spatial Paralysis,"Do you need some geospatial data analysis or visualisation, but are caught up in analysis paralysis? I will work flexibly and quickly to create or augment any of your web applications that depend on a map-heavy user interface, especially for Mapbox/MapLibre GL JS.

I'm listed on the Mapbox Developer Network but I'm in no way limited to working with Mapbox. I'm also not limited to working on the front end and can happily work across your tech stack to help you make a product that will really put you on the map.",Information Services,Self-employed,Self Employed,"Pahiatua, Manawatū-Whanganui, New Zealand",New Zealand,spatialparalysis.xyz,https://www.linkedin.com/company/spatial-paralysis
Copyspark,"Copyspark is an AI-powered tool that lets your write advertisements for your properties in minutes, not hours.

Whether you're a sales consultant, property developer, or investor, we can help you stand out from the competition and attract more qualified leads.",Information Services,2-10 employees,Self Employed,"Auckland, Auckland, New Zealand",New Zealand,copyspark.co,https://www.linkedin.com/company/copyspark
DocIQ Limited (NZ),Transforming workplace records management,Information Services,2-10 employees,Public Company,"Auckland, Auckland, New Zealand",New Zealand,dociq.co.nz,https://www.linkedin.com/company/dociqnz
Working Assets Group,Consulting  and Investment,Information Services,2-10 employees,Privately Held,"Auckland, Auckland, New Zealand",New Zealand,,https://www.linkedin.com/company/working-assets-nz-limited
SIJ - Consulting Limtied,"We endeavour to established COE for ERP training, support and Implementations to our corporate clients. Our global experienced team shares Industry wide best practises to assist client in their business transformation and to leverage the existing system landscape . Our motto is we strive together and we will prosper, ensure our clients will get quality and better value for money service.
We successfully  delivered  specialised consulting services i.e. ERP implementations (S/4 and ECC), Business, and Testing services to our clients in Saudi Arab and NZ",Information Services,2-10 employees,Self Employed,"Auckland, Auckland, New Zealand",New Zealand,sijsapsolution.com,https://www.linkedin.com/company/sij-recruitment-and-consulting-limtied
Rightrend Italia,"Rightrend Italia

Photo by Ryoji Iwata on Unsplash",Information Services,Self-employed,Privately Held,"Auckland, Auckland, New Zealand",New Zealand,rightrend.it,https://www.linkedin.com/company/rightrend
IT Stream Consultancy,"Stop fighting your technology and start scaling your business.

At IT Stream Consultancy, we believe IT should be your greatest asset, not your biggest headache. We don’t just ""fix computers"", we build and maintain the digital infrastructure that allows your team to perform at their peak, 24/7.

Based in Sydney, we partner with growing businesses to provide enterprise-grade technology solutions without the enterprise-grade price tag.

How we help you win:
Proactive Managed IT: We fix issues before they crash your workflow.
Cybersecurity Defense: Professional protection for your most sensitive data.
Cloud & Infrastructure: Scalable solutions for modern, mobile teams.
Strategic Consulting: Aligning your tech budget with your 5-year goals.

The Result?
Zero downtime. Total security. A technology roadmap that actually drives profit.

Ready for IT that just works?
Let’s build your roadmap.
www.itstream.com.au",Information Services,2-10 employees,Public Company,"Auckland, Auckland, New Zealand",New Zealand,coom.au,https://www.linkedin.com/company/it-stream-solution
SkillSplore,"Skillsplore is a platform for discovering, sharing, and learning practical skills from real people.",Information Services,Self-employed,Privately Held,"Auckland, Auckland, New Zealand",New Zealand,skillsplore.org,https://www.linkedin.com/company/skillsplore
HighQ Aerial Intelligence,"WE DO MORE THAN TAKE PICTURES FROM ABOVE

At HighQ Aerial Intelligence we give you more than just a picture. We produce highly accurate, data rich artefacts to help your business make better informed decisions.

We work with forest and farm owners and managers, insurance assessors, environmental scientists and engineers, as well as site managers in construction. Let us work with you to gather the intelligence you need.",Information Services,2-10 employees,Self Owned,"Whanganui, Manawatū-Whanganui, New Zealand",New Zealand,highq.co.nz,https://www.linkedin.com/company/highq-aerial-intelligence
Information Services Otago Ltd.,,Information Services,,,"Dunedin, Otago, New Zealand",New Zealand,isotago.co.nz,https://www.linkedin.com/company/information-services-otago-ltd.
Blue Skies Weather & Climate Services Ltd,"We specialise in regional long range and seasonal forecasts for the next six weeks and coming seasons up to a year ahead. We also help our clients with detailed, skilful, bespoke weather forecasts in agriculture, viticulture, retail, utilities, film production and many other industries.",Information Services,2-10 employees,Public Company,"Amberley, Canterbury, New Zealand",New Zealand,blueskies.co.nz,https://www.linkedin.com/company/blue-skies-weather
MA Solutions - MnM Consulting Ltd,"Providing solutions in:
* Event Management
* Digital Content- including website maintenance and social media
* Project Management
* Communications
* Database Management
* Funding and Fundraising",Information Services,Self-employed,Self Employed,"Auckland, Auckland, New Zealand",New Zealand,,https://www.linkedin.com/company/mnm-consulting-ltd
Backhaus Consulting Ltd,,Information Services,2-10 employees,Public Company,"Papamoa, Bay of Plenty, New Zealand",New Zealand,,https://www.linkedin.com/company/backhaus-consulting-ltd
Real Exchange NZ,"Real Exchange is a 100% Free to use, Local, Odd jobs website.

List jobs- receive offers from skilled locals
Complete jobs - for Cash at times and locations that suit.",Information Services,2-10 employees,Public Company,"Napier, Hawke's Bay, New Zealand",New Zealand,realexchange.co.nz,https://www.linkedin.com/company/real-exchange-nz
eQueue Limited,"eQueue Limited offers you comprehensive, secure and easy-to-use fully integrated software applications to help maximise your organisation's health and wellness service delivery and information management, thereby increasing the organisation's productivity.",Information Services,2-10 employees,Privately Held,"Palmerston North, Manawatū-Whanganui, New Zealand",New Zealand,equeue.co.nz,https://www.linkedin.com/company/equeue-limited
Piki Tech Ltd,"Web Development, Analytics, Adult Education",Information Services,2-10 employees,Public Company,"Hamilton, Waikato, New Zealand",New Zealand,,https://www.linkedin.com/company/piki-tech
Warren Olson Consultancy,"Work mainly for New Zealanders [ Govt. Agencies] who have case loads, queries, profiling, mediation, assesments, reports or Interviews they need to carry out with people of Asian Ethnicity.",Information Services,2-10 employees,Self Employed,New Zealand,New Zealand,warrenolson.com,https://www.linkedin.com/company/warren-olson-consultancy
Future Dawn,"Helping businesses to simplify the connection between their ability to effectively deliver their products and services and their capability to achieve it.

We untangle the complexities of digital landscapes, demystify the barriers between Operating models, capabilities and the supporting digital architectures and data practices that allows your business to make an impact that matters.",Information Services,2-10 employees,Privately Held,"Wellington, Wellington, New Zealand",New Zealand,futuredawn.co.nz,https://www.linkedin.com/company/future-dawn
Landhill Capital,We are angle capital for website/SaaS businesses specifically.,Information Services,11-50 employees,Public Company,"Auckland, Auckland, New Zealand",New Zealand,landhillcap.com,https://www.linkedin.com/company/landhillcapital
Quantum Effect Consulting (QEC) Ltd,"Adapt, Endure, Be Well. We help you and your business be and feel well. From investment, employment and trade advice, to information on engaging with government and big business to natural health, lifestyle counseling and guidance on embracing a balanced life, our business is to help you and your business adapt, endure and be well.

I write, edit and publish books that people and organisations can use to understand and explore what’s possible. This journey can lead them to greater wealth, abundance, health, and fulfilment.

My company also operates retreats in the beautiful South Island of New Zealand, letting people and organisations disconnect from the world and reset their ways of thinking and feeling, opening up unlimited opportunities for them.

Our clients include people from all over the world who are seeking health, prosperity, happiness, and purpose. Our business clients include some of the biggest names in cannabis cultivation and development, public transportation, aerospace and defence, medicine and medical technologies, and information technology.",Information Services,2-10 employees,Privately Held,"Auckland, Auckland, New Zealand",New Zealand,,https://www.linkedin.com/company/quantum-effect-consulting-qec-ltd
Market Technology and Innovation Ltd,"matai marketing support their customers

    * getting value from internet technology
    * integrate technology with their marketing
    * using the internet as a business tool",Information Services,2-10 employees,Privately Held,"Waikanae, Wellington, New Zealand",New Zealand,,https://www.linkedin.com/company/market-technology-and-innovation-ltd
Blue Honey NZ,"We are providing a safe platform for our voices to be heard, and to raise awareness and understanding for a medicine that has been long misunderstood. 
We look forward to sharing our journeys with you.",Information Services,2-10 employees,Self Employed,"Lower Hutt, Wellington, New Zealand",New Zealand,bluehoney.co.nz,https://www.linkedin.com/company/bluehoneynz
mooGroup,"Experienced Collaborative Business Intelligence Consulting.

Stepping out on a data and analytics journey?  mooGroup provides consulting expertise to explore the next best step for your organisation, and help you get the foundations right to move forward with confidence",Information Services,2-10 employees,Privately Held,"Christchurch, Canterbury, New Zealand",New Zealand,moogroup.nz,https://www.linkedin.com/company/moogroup
Collexion | INaaS - Innovation as a Service,"I’m an innovative and results-driven Product & Platform Manager with over 20 years of experience delivering transformative digital solutions across SaaS, fintech, e-commerce, and cloud infrastructure.

I specialise in turning complex challenges into consistent, repeatable, and scalable outcomes, aligning strategy, culture, and delivery to build products and organisations that thrive. My work blends human leadership, technology, and structured processes, supported by AI augmentation to enhance productivity, accelerate outcomes, and sustain innovation at scale.

Throughout my career, I’ve led programs that turned ambition into measurable value:

 Hamilton City Council - delivered 7 automation initiatives in 8 weeks, saving 800+ hours annually.
 Datacom Cloud - modernised an IaaS platform, retaining key customers and securing long-term revenue.
 iOPASS - launched a mobile payment solution in 6 months, generating revenue from day 1.
 Brasfama - transformed a traditional retailer into a digital-first e-commerce business.

I believe innovation isn’t a privilege, it’s a capability every organisation can build. My role is to make innovation structured, measurable, and profitable, whether through embedded product leadership or fractional innovation engagements.

As the Founder of Collexion, I bring Collective Innovation in Action, embedding within organisations to align culture, leadership, and delivery so that strategy becomes outcomes and ideas become revenue.

Core Strengths: Product Strategy | Agile Delivery | Innovation Management | Automation & AI Integration | Cross-functional Leadership | Culture & Change Enablement

Marcelo Lane
Founder & Fractional Innovation Leader, Collexion
INaaS | Innovation-as-a-Service for repeatable, measurable, and scalable outcomes.",Information Services,Self-employed,Self Employed,"Auckland, Auckland, New Zealand",New Zealand,,https://www.linkedin.com/company/collexion-inaas
Automate Mate,"At Automate Mate, we help busy teams work smarter, not harder.

Whether it's fixing a sluggish website, eliminating manual spreadsheet chaos, or automating repetitive business processes, we deliver practical, no-fluff solutions that save you time and win you leads.

 Website audits & optimisation
 Business process automation (RPA)
 Excel scripting, dashboards & data cleanup

We serve businesses across the globe, from tradies and clinics to professional firms.

Not sure where to start? → automatemate.co.nz",Information Services,2-10 employees,Privately Held,"Hamilton, Waikato, New Zealand",New Zealand,automatemate.co.nz,https://www.linkedin.com/company/automate-mate
Rensen Information Services Limited,"Rensen Information Services Limited is a New Zealand software company focused on industrial data processing and real‐time data integration. Founded in 1999, we help organizations connect operational technology with modern cloud and analytics platforms through reliable, high‐performance software.

Our flagship product, Dataristix, is a visual data integration platform that moves, transforms, and orchestrates industrial and enterprise data across MQTT, OPC, databases, and a wide range of cloud and on‐premises systems. It runs on Windows and containerized environments – on‐premises, offline, at the edge, or in the cloud, from Raspberry Pi to Kubernetes. Dataristix enables manufacturers and industrial organizations to build secure, scalable data pipelines that link factory‐floor systems with cloud services, including Dataristix cloud instances, Azure offerings such as Event Hubs, IoT Hub, and Azure SQL, as well as other major platforms.

As a long‐standing corporate member of the OPC Foundation, we work extensively with industrial interoperability and open communication standards. We support customers worldwide from our headquarters in Auckland, delivering robust engineering, long‐term maintainability, and responsive remote support.",Information Services,2-10 employees,Privately Held,"Auckland 0751, Auckland, New Zealand",New Zealand,rensen.io,https://www.linkedin.com/company/rensen-information-services-limited
Amazing Alpaca Productions,"A dynamic content creation and publishing company specializing in producing engaging and impactful content for diverse audiences. We create, design, and distribute content across multiple social media platforms, leveraging creativity and strategic insights to drive engagement and deliver measurable results. At Amazing Alpaca Productions, our mission is to connect, inspire, and make a lasting impact through innovative storytelling.",Information Services,2-10 employees,Privately Held,"Christchurch, Canterbury, New Zealand",New Zealand,amazingalpaca.co.nz,https://www.linkedin.com/company/amazing-alpaca-productions
Em Rule,"Boutique editing and business writing company based in Kapiti, Wellington, providing services in business and non-fiction editing, and business, report, and technical writing.",Information Services,Self-employed,Self Employed,"Paraparaumu, Wellington, New Zealand",New Zealand,emrule.co.nz,https://www.linkedin.com/company/em-rule
joinGreenly,The place to launch and discover new clean energy products.,Information Services,11-50 employees,Privately Held,"Auckland, Auckland, New Zealand",New Zealand,joingreenly.com,https://www.linkedin.com/company/joingreenly
Aventurine Projects (Aventurine Education),"Waikato, NZ
 Wordsmith: copywriting, editing, content creation
 Presenting, training, workshop facilitation
 #womeninbusiness",Information Services,Self-employed,Self Employed,"Hamilton, Waikato, New Zealand",New Zealand,,https://www.linkedin.com/company/aventurine-projects-aventurine-education
Hamptice Limited,Hamptice Limited is a professional services and investment vehicle engaged in information technology and content management domains.,Information Services,2-10 employees,Privately Held,"Wellington, Wellington, New Zealand",New Zealand,,https://www.linkedin.com/company/hamptice
Handover,"Handover is a remote support service, allowing you to Handover the tasks you keep putting aside  We’re your Virtual Assistant, at a flat rate cost, specializing in many admin areas - so you don’t have to.",Information Services,Self-employed,Public Company,New Zealand,New Zealand,handover.nz,https://www.linkedin.com/company/handover-ltd
orgRight Limited,"Orgwright is an online support service that makes the task of key committee members, such as the President (or Chair), Secretary, Treasurer, and Membership Co-ordinator, easier by managing the information that is essential for administering a modern organisation.",Information Services,Self-employed,Privately Held,New Zealand,New Zealand,,https://www.linkedin.com/company/orgright-limited
Tempus Quorum Ltd,"Innovative business resources and solutions for small businesses.

Customised CRM/ Sales Management tools.

Fully customised database solutions.

Affordable, Professional Website Design, hosting and support.

Logo and Business Card Design and printing.

Microsoft Excel Design, Training and Consulting.",Information Services,2-10 employees,Self Owned,"Auckland, Auckland, New Zealand",New Zealand,,https://www.linkedin.com/company/tempus-quorum-ltd
BSL Market Analytics,Business Intelligence,Information Services,Self-employed,Self Employed,"Red Beach, Auckland, New Zealand",New Zealand,,https://www.linkedin.com/company/bsl-market-analytics
JIST International,"Our goal is to enable better outcomes from national to international businesses.

We introduce new capabilities, and we employ the power of your people to create performance multipliers and an engaged culture. Recognized for our speed and the magnitude of benefits we generate for our clients, individuals, organizations and companies.",Information Services,11-50 employees,Privately Held,"Auckland, Auckland, New Zealand",New Zealand,jistmc.com,https://www.linkedin.com/company/jist-international
I-Text Limited,"I-Text is the new way to get information when you are shopping and want to compare prices.
When you want a great deal at a restaurant, if you need a tradesmen to do some work around the house, or looking for the cheapest petrol prices in your area, then I-Text is for YOU!",Information Services,2-10 employees,Public Company,"Mount Maunganui, Bay of Plenty, New Zealand",New Zealand,,https://www.linkedin.com/company/i-text-limited
Equip Insights,"Welcome to Equip Insights, your premier destination for insights into the world of forklifts and material handling. Founded with a passion for industry knowledge, we are dedicated to providing our readers with the latest news, trends, and innovations in the realm of material handling.

Our Products & Services:

News & Analysis: Stay updated with the latest happenings in the forklift and material handling sector. Our team of experts dives deep to bring you comprehensive news articles and in-depth analyses.

Educational Content: Whether you're new to the industry or a seasoned professional, our educational resources are designed to enhance your knowledge and skills. From basic forklift operations to advanced material handling techniques, we've got you covered.

Industry Spotlights: We regularly feature interviews with industry leaders, reviews of cutting-edge technologies, and spotlight articles on companies making waves in the material handling world.

At Equip Insights, we believe in empowering our readers with knowledge. Whether you're making a business decision, seeking to upgrade your equipment, or simply curious about the industry, Equip Insights is your trusted guide.",Information Services,2-10 employees,Self Employed,"Auckland, Auckland, New Zealand",New Zealand,equipinsights.com,https://www.linkedin.com/company/equip-insights
RADHI SERVICES UK LTD,,Information Services,,,"Christchurch, Canterbury, New Zealand",New Zealand,,https://www.linkedin.com/company/radhi-services-uk-ltd
Final Farewell NZ,"We have developed a comprehensive My Final Farewell guide and other resources to support people through planning their own funerals, helping them capture their own thoughts and wishes on every aspect.
We also have the Grief Support Hub which is the one stop shop for all grief support resources from community support, counsellors/coaches, holistic and spiritual support, self help tools, people's stories and tips on how to support someone through grieiving.",Information Services,Self-employed,Self Employed,"Wellington, Wellington, New Zealand",New Zealand,finalfarewell.nz,https://www.linkedin.com/company/final-farewell-nz
The Policy Place,"Elite | Governance Aligned | NZ Established | Expanding to Australia

Established in New Zealand in 2018, we support organisations working under complex regulatory frameworks including the HDC Code of Rights and Ngā Paerewa Health and Disability Services Standards. We are now expanding into Australia to support providers operating under Frameworks like the Human Services Quality Framework and NDIS.

Strong governance is not achieved through generic templates. It requires a structured policy management system, disciplined legislative monitoring and audit ready documentation control that stands up to regulatory scrutiny.

Our approach is calm, methodical and legally grounded.

We design customised policy frameworks supported by scheduled review cycles, version control and monthly compliance monitoring, informed by legislative updates, regulator findings, case law developments and sector guidance.

This is compliance architecture built for defensibility.

For leaders, compliance pressure is carried quietly in board meetings, before accreditation reviews and when preparing for audit.

Our role is to bring clarity to that pressure.

We support governance assurance through:

• Structured compliance frameworks aligned with NZ and Australian standards like the HSQF, NDIS and SSAS
• Ongoing legislative monitoring and regulatory alignment
• Audit ready policies and accreditation readiness preparation
• Documentation control and version management systems
• Governance level reporting clarity

We work alongside directors, executives and compliance managers who want systems that are current, defensible and structured, not reactive.

Because in regulated sectors, confidence does not come from hope. It comes from disciplined systems.

To support early risk identification, we offer the Policy Confidence Scorecard, a structured diagnostic tool designed to identify compliance exposure and governance gaps before audit forces the issue.",Information Services,2-10 employees,Privately Held,"Christchurch, Canterbury, New Zealand",New Zealand,policy-place.com,https://www.linkedin.com/company/the-policy-place
Topaz Solutions,"Topaz Solutions is recognised by Microsoft as one of the top 5 companies in New Zealand to implement its Dynamics 365 Business Central cloud-based ERP solution. We provide expertise in scoping your requirements, implementing your solutions and then delivering on-going support. With Topaz, you’re in safe hands.

With offices in Auckland and Wellington we have been delivering business solutions using the Dynamics NAV and more recently the Dynamics Business Central product suite since 2000. Over that period, we have implemented and supported a multitude of ERP solutions for the private, public, and not for profit sectors.

Supporting this core business we offer a range of unique Microsoft Dynamics NAV and Business Central  extensions, both from third parties and also our own custom built solutions.

Through our solutions we  deliver clients deeper business intelligence, planning, budgeting, and forecasting solutions by partnering with industry leaders such as Solver Inc (BI360), Jet Reports, Continia for document capture as well as Microsoft’s PowerBI.

Our service delivery team adapts Microsoft’s Sure Step implementation methodology to provide a tailored, fit for purpose implementation process, either ‘on premise’ or in the ‘cloud’ that balances the productivity of agile with the predictability of outcome from the more prescriptive waterfall approach.

With a relaxed but professional work environment delivering low staff turnover we have built deep Dynamics NAV and Business Central knowledge which makes us a partner of choice for organisations ranging from small private companies, through to large government and corporate clients.",Information Services,11-50 employees,Privately Held,"Wellington, Wellington, New Zealand",New Zealand,topaz.nz,https://www.linkedin.com/company/topaz-solutions
JoyFindsHope,"Sharing great ideas to limit climate change. We need more solutions and action, so I'm here to find some for you so you don't get overwhelmed by the congressing, conferencing and deteriorating statistics filling our feeds. Thanks for supporting my very nascent page!",Information Services,Self-employed,Privately Held,"Wellington, Wellington, New Zealand",New Zealand,,https://www.linkedin.com/company/joyfindshope
GameChanging.ai,"Game-Changing.ai is a data science-driven company that presents AI/ML/BI products and services to clients. We are an experienced team with excellent academic and industry background. Our vision is to enable the SME’s and big companies with the latest disruptive, game-changing technologies. 

Game-Changing.ai provides quality products such as algorithmic forecasting tools for SMEs to take advantage of cost effective AI. Also, there are a couple of training and consulting packages for big businesses to advance the functionality of their current data science team. If you like to switch your business model to data-driven decision-making, and if you seek a cost-effective digital transformation pathway, get in touch with us on GameChanging.ai",Information Services,2-10 employees,Privately Held,"Auckland, Auckland, New Zealand",New Zealand,gamechanging.ai,https://www.linkedin.com/company/gamechanging
Uniworks Value Add,"Uniworks Value-Add: Smarter Processing for Food Manufacturing.

Our Value-Add software solution offers a complete, all-in-one system for any food manufacturing plant, streamlining processes from inwards goods to final dispatch and everything in between.

Whether your plant currently relies on a paper-based system or you're looking to upgrade your existing software, we can provide a customised solution that delivers less cost, more efficiency, and smarter decisions.

Ready to upgrade your production line? Contact us today to arrange a free onsite visit anywhere in Australia or New Zealand, so we can fully understand your unique business and processing needs.",Information Services,11-50 employees,Privately Held,"Havelock North, Hawke's Bay, New Zealand",New Zealand,uniworks.net.au,https://www.linkedin.com/company/uniworks-value-add
Sentinel: When you need to be sure,"Sentinel empowers building owners, tenants, city authorities, first responders and the general public to manage their response to earthquakes based on measured data. It increases the availability of information about the physical state of buildings and the city in real time. Sentinel draws information from a dense network of scientific quality earthquake sensors in a closely-spaced grid across a city.

Sentinel records shaking variability street by street and building by building. Sentinel’s cloud-based processing system instantly compares recorded shaking to the building’s design intent and in NZ, the NZ Building Code Limit States, and communicates the outcome to those managing the response. 

Sentinel action messages are sent immediately to building decision-makers via the Sentinel NZ App. Email and text alerts are available. City-wide summary data helps emergency management teams. A free Public Service lets every individual manage their own response and receive reports of measured shaking at friends and family or work locations.

Sentinel is a direct result of our experiences of living through the Christchurch, Seddon and Kaikoura earthquakes. Our “earthquake decade” showed evidence-based decisions improve safety, reduce business interruption and accelerate economic recovery. A key learning was the high value of precise and targeted information.",Information Services,2-10 employees,Privately Held,"Christchurch, Canterbury, New Zealand",New Zealand,sentinel.net.nz,https://www.linkedin.com/company/sentinel-nz
theHealthSource,"theHealthSource (tHS) offers locally hosted cloud Tools/Systems for Safety, Community, Health, Risk, Environment and Quality (SCHREQ). The core product is a Single Worker/Patient Record System (SPRS), with SCHREQ elements increasingly augmenting value. In the work environment the SPRS is ideal for integrated Occupational Health (Occupational Medicine and Hygiene) and Primary Health Care (including Wellness and Fatigue management).

We believe that it is possible for people to have Single Health (“Patient”) Records within/between organisations, industries, regions, across all sectors of health care, which would improve efficiency and effectiveness of health care services delivery and improve health outcomes for individuals and populations. We believe that the Single Health Record is core to Safety, Community, Health, Risk, Environment and Quality Systems (SCHREQ) in Business and in Society.

Our Vision is to play a key role in the delivery of SCHREQ Systems, with Single Health Records Systems as the main core, so that each person shall have one secure and confidential longitudinal health record, towards which all health care providers across all sectors will continually contribute health care transactions, with the aim of improving the health status and outcomes of that person in cost effective and evidence based way.

theHealthSource offers Business Integrated Electronic Health Record and SCHREQ Management Tools and Systems, scalable to enterprise and national levels, which can be implemented as a Single Patient/Person/Worker Health Record System. Modularity and Functionality can be customised to Customer’s requirements.

We believe in innovation and achieving the impossible. In the words of the memorable Nelson Mandela:

“It always seems impossible until it’s done.”",Information Services,11-50 employees,Privately Held,"Papakura, Auckland, New Zealand",New Zealand,ehealthsource.co.za,https://www.linkedin.com/company/thehealthsource
Universal Emigration Consultants,"Emigrating to New Zealand or Australia? Talk to us for Professional Advice.  We are a specialist immigration firm that assists people from all over the world to migrate to either Australia or New Zealand.  

Any enquiry will be replied.  Please contact us today  at info@universalemigration.com  or call +64 3355 2820 for visa assistance.",Information Services,2-10 employees,Privately Held,"Christchurch, Canterbury, New Zealand",New Zealand,universalemigration.co.nz,https://www.linkedin.com/company/universal-emigration-consultants
Property Pages,"Property Pages is New Zealand's fastest-growing property hub and quickly becoming the most trusted source of advice, information, and links to trades and services. 
-Speak to building, architectural, and mortgage professionals, for free, no-obligation advice. 
-Organise a project for your property by using our Property Pages Connect lead generation service. 
-Find recommended trades and services where you live.
-Find vetted Real Estate Agents in your neighbourhood.
-Find rental properties and flats with a free private profile. Upload documents once and share them privately to multiple properties with a single click.
-Find articles from property experts nationwide.
-Find information about council rules, school zones, property reports and more.",Information Services,2-10 employees,Public Company,"Auckland, Auckland, New Zealand",New Zealand,propertypages.co.nz,https://www.linkedin.com/company/property-pages
Brightminds Insights for Projects,Using a combination of project data and team survey information our dashboard driven analytics empowers organisations to make the right decisions at the right time. The Brightminds team is constantly refining our technology platform to provide you with insights that you can't get from standard project reporting,Information Services,2-10 employees,Privately Held,"Auckland, Auckland, New Zealand",New Zealand,brightminds.co.nz,https://www.linkedin.com/company/brightminds-insights-for-projects
Electronic Identification Technologies Limited,"Mark Powell is the CEO of Electronic Identification Technologies Limited, a single person organisation based in New Zealand with world wide contacts and project contracts. 
Electronic Identification Technologies is a consulting company specialising in Identification technologies and with a focus on RFID.
Starting in 1999, Mark and a team of engineers successfully developed and marketed world leading RFID Reader technologies aimed at the Livestock sector, industrial identification sector and the LPG (Propane) gas cylinder sector.
The Reader technologies were sold into 35 countries before the company was acquired by an agri-tech organisation in 2010. 
Mark Powell now concentrates on RFID consulting projects by assisting organisations understand how and why RFID may assist their organisation, assist them to procure the best RFID solution to meet their specific needs, as well as providing a service to organisations who may have installed an RFID system that is not working as well as anticipated.
Mark is on the Technical Expert Group committee of the RFID Livestock ISO standard, the instigator of the UHF in Livestock forum and serves on the National Committee of the NZ Pathfinder Group.",Information Services,Self-employed,Self Owned,"Auckland, Auckland, New Zealand",New Zealand,nzrfid.com,https://www.linkedin.com/company/electronic-identification-technologies-limited
Wolfera,Design. Develop. Dominate.,Information Services,2-10 employees,Privately Held,"Hamilton, Waikato, New Zealand",New Zealand,wolfera.co.nz,https://www.linkedin.com/company/wolfera
New Zealand Business Tools - NZBT,"Many businesses struggle to recover when clients fail to pay on time, but most financial setbacks can be avoided by establishing an effective Credit Management System and Process. These include Terms of Trade, Credit Checks and ongoing monitoring of accounts. 
Working with specialists like NZBT is a simple, cost-effective way to ensure your Terms & Conditions are well-suited to your business. With experience across 90+ industries, we can help you incorporate specific protections tailored to your needs.
Our consultants specialize in all aspects of Credit Management and Privacy Compliance and will work closely with you to ensure you have the tools and knowledge needed to safeguard your business.
Core areas of expertise include:
1.	Credit Control / Credit Management: Secure timely payments and maintain positive client relationships with our expert credit management solutions such as credit policy development, credit reporting, P.P.S.R guidance, ledger management, and training.
2.	Terms & Conditions of Business: Build a strong foundation for client relationships by customizing Terms of Trade, mitigating bad debts and disputes. We provide tailored processes/documentation based on your unique needs, surpassing generic templates.
3.	Privacy Compliance: Safeguard your business by staying compliant with NZ's Privacy Act 2020. We assist in drafting up-to-date privacy policies and training privacy officers/staff for effective implementation.
4.	Debt Resolution: Our team offers Ledger Management services to follow up on overdue accounts on your behalf. Delegate the challenging process of debt collection to experts, saving you stress, time, and confrontation.
Partner with NZBT to protect your business, maintain strong client relationships, and free yourself from financial stress! NZBT provides remote and in-person services throughout the country, offering support whenever you need it. Let us alleviate your financial worries and help you focus on your business.",Information Services,2-10 employees,Privately Held,"Christchurch, Canterbury, New Zealand",New Zealand,nzbt.co.nz,https://www.linkedin.com/company/nzbt
Waiwhai Technologies,"E ngā mana, e ngā reo, e rau rangatira mā. Tēnā koutou, tēnā koutou, tēnā koutou katoa

 Ko Jason Hori te Kaiarataki o Waiwhai Technologies.

Ko Taranaki te maunga
Ko Tangahoe te awa
Ko Aotea te waka
Ko Taiporohēnui te marae
No Ngāti Ruanui āhau

I’m the proud Director of Waiwhai Technologies, a start-up I founded four years ago. With experience in both the public and private sectors, I reached a point where I craved a fresh challenge. I wanted to channel my passion for innovation and create something of my own.
 
Starting my own company allowed me to step away from the traditional and embrace the entrepreneurial spirit. Now, as a dedicated leader and whānau-oriented professional, I’m driven to make a meaningful impact through technology and collaboration.
 
Background
Waiwhai Technologies are proud to be Māori owned and operated, and have a strong background in delivering information technology services to Central Government, Health and Iwi lead organisations.

Whānau, Kaitiakitanga, Mohiotanga and Rangatiratanga govern the way we do business and guide us in providing better technology outcomes for Whānau, Hapū, Iwi and future generations.

Let’s connect and explore how innovation can drive success!",Information Services,2-10 employees,Privately Held,"Palmerston North, Manawatū-Whanganui, New Zealand",New Zealand,waiwhai.co.nz,https://www.linkedin.com/company/waiwhai-technologies
Matakana Coast App,"The Matakana Coast App features local news, sport, information, events, and much more. We are all  about the Matakana community, Rodney and the Mahurangi from Puhoi to Mangawhai. Get all the info you need in one place, whenever and wherever you are, all delivered straight to your smartphone.",Information Services,2-10 employees,Self Owned,"Wellsford, Auckland, New Zealand",New Zealand,matakanacoastapp.com,https://www.linkedin.com/company/matakana-coast-app
Symmatix,"Symmatix is built to help you track performance, manage your priorities and understand what's going on with your business. It connects your cloud-based financial services, CRM and other custom integrations to organise your business.

 Dashboards
 Reporting
 Strategy planning
 Company calendar
 Document management",Information Services,2-10 employees,Privately Held,"Auckland, Auckland, New Zealand",New Zealand,symmatix.com,https://www.linkedin.com/company/symmatix
Mint Studies & Mint Immigration,"En Mint Studies & Immigration ayudamos a personas, familias y empresas a lograr sus objetivos migratorios en Nueva Zelanda de forma clara, legal y estratégica.

Contamos con más de 12 años de experiencia asesorando a estudiantes, profesionales y empleadores, guiándolos en todo el proceso para estudiar, trabajar o establecerse de manera permanente en Nueva Zelanda.

 Ofrecemos asesoría integral en:

Visas de estudio, trabajo y residencia permanente

Selección de programas educativos (Inglés, Diplomas, Postgrados, Maestrías)

Procesos migratorios para empresas y trabajadores internacionales

Educación en Nueva Zelanda y Australia

Nuestro compromiso es simplificar cada paso del proceso, entregando información clara, asesoría confiable y acompañamiento real para que cada decisión esté alineada con tus metas.

 Nuestra directora, Natalia Cardona, es asesora de inmigración registrada oficialmente ante el Gobierno de Nueva Zelanda (Licensed Immigration Adviser), lo que garantiza que trabajamos bajo los más altos estándares legales y éticos.

Si tú, tu familia o tu empresa están considerando Nueva Zelanda como destino, estamos listos para ayudarte a construir un camino migratorio sólido y exitoso.",Information Services,2-10 employees,Self Owned,"Auckland, Auckland, New Zealand",New Zealand,mintstudies.com,https://www.linkedin.com/company/mint-studies-ltd
AGILE Sales Support,"Helping Rural Business & Sales People Achieve Their Goals.

In-field Training, Gap Analysis, One on One Mentoring, Performance Management, Sales Strategy Planning,  Journey Planning, Priority Evaluation, Sales Campaigns, Event & Show Planning, Online Tutoring",Information Services,Self-employed,Self Employed,"Leeston, Canterbury, New Zealand",New Zealand,,https://www.linkedin.com/company/agile-sales-support
The David Awards,"The David Awards recognise the unsung heroes in home and small businesses throughout New Zealand, whose tenacity, courage and ingenuity place them firmly at the forefront of entrepreneurship in this country.

In the same way that David, an ordinary, unassuming young man, conquered the giant Goliath using only his shrewdness and a simple slingshot, these entrepreneurial Davids often punch well above their weight. The aim of The David Awards is to acknowledge the ""Davids"" who contribute so much to this country, their communities, their families and the Kiwi business landscape, and who are seldom recognised for it.  

The entry process for The David Awards is one of the easiest and simplest of any business award in New Zealand. Entries are completed online and can be edited right up till submission deadline. There are NO entry fees for this award.",Information Services,2-10 employees,Self Owned,"Auckland, Auckland, New Zealand",New Zealand,thedavidawards.co.nz,https://www.linkedin.com/company/the-david-awards-heroes-in-small-business
Datanow,"At Datanow, we believe that great decisions are made using great data and that’s exactly what we provide. 

Since 2007 we have developed and honed a simple yet powerful solution to extract data from machines across any site. We then couple that data with narrative from your operators to deliver to you deep and meaningful insights into your operation. 

So, if you want to drive performance improvements, monitor remote sites or just prove compliance, we have the solution for you.

We work with clients in the following industries;
Manufacturing
Quarries
Bottling
FMCG",Information Services,2-10 employees,Privately Held,"Napier, Hawke's Bay, New Zealand",New Zealand,datanow.co.nz,https://www.linkedin.com/company/datanow
Tech Tree House,"Tech Tree House brings 30+ years of enterprise engineering experience to every engagement. We've architected systems at scale for brands like AllBlacks.com, Pizza Hut, and Downer NZ. Platforms that process millions of transactions, integrate with complex legacy environments, and meet stringent security and compliance requirements.
Today, modern AI-assisted development means we deliver that same calibre of work at a speed and cost that was previously impossible. We specialise in custom software development, intelligent automation with enterprise-grade safety rails, and data analytics that turn your existing information into a competitive advantage.
We don't experiment with your business. We partner with your team to understand the real problem, architect the right solution, and execute with the rigour of decades of delivery, accelerated by the best tools available.
The power of a Tier-1 consultancy. The agility of a specialised squad. The cost efficiency of modern development.",Information Services,11-50 employees,Privately Held,"Hamilton, Waikato, New Zealand",New Zealand,techtreehouse.nz,https://www.linkedin.com/company/techtreehouse
Anyhow Ventures,"Anyhow is a powerful mobile video app that simplifies the creation of high-quality, video-driven learning experiences. Anyhow makes it easy for businesses to document workflows and break down complex processes into simple, step-by-step videos that are engaging, searchable, and easy to digest.

With Anyhow, you can quickly and cost-effectively produce scalable training content that educates your teams and customers. Effortlessly capture every step of your process, and share it with your teams through private channels to ensure consistent and efficient training across your entire business. Whether you’re training employees or educating customers, Anyhow empowers you to create impactful, video-based learning that drives results.",Information Services,2-10 employees,Privately Held,"Wellington, Wellington, New Zealand",New Zealand,,https://www.linkedin.com/company/anyhow-ventures
Private Box Limited,"Private Box provides outsourced, digital mail solutions to organisations of any size. We'll clear your business mail, receipt it, scan it and deliver it to you digitally thereby enabling your business to go paperless without the need to invest in costly digital mail hardware and processes. Our processing ramps up or down to fit your business requirements whilst maintaining agreed SLA's to ensure consistent customer responsiveness.",Information Services,2-10 employees,Privately Held,"Auckland, Auckland, New Zealand",New Zealand,privatebox.co.nz,https://www.linkedin.com/company/private-box-limited
Namecheck NewZealand,"Namecheck is trusted to provide online tenant checks, employment check, credit checks and licence checks with instant results. 
$$$Saving money by doing good tenant checks.",Information Services,2-10 employees,Privately Held,"Auckland, Auckland, New Zealand",New Zealand,namecheck.co.nz,https://www.linkedin.com/company/namecheck-newzealand
everymedia.co,"Helping you navigate the digital highway, consolidating brand awareness by amplifying consistency of purpose.",Information Services,2-10 employees,Self Employed,"Christchurch, Canterbury, New Zealand",New Zealand,everymedia.co,https://www.linkedin.com/company/everymedia-co
14th Street,"14th Street brings 30+ years of enterprise engineering experience to every engagement. We've architected systems at scale for brands like AllBlacks.com, Pizza Hut, and Downer NZ. Platforms that process millions of transactions, integrate with complex legacy environments, and meet stringent security and compliance requirements.
Today, modern AI-assisted development means we deliver that same calibre of work at a speed and cost that was previously impossible. We specialise in custom software development, intelligent automation with enterprise-grade safety rails, and data analytics that turn your existing information into a competitive advantage.
We don't experiment with your business. We partner with your team to understand the real problem, architect the right solution, and execute with the rigour of decades of delivery, accelerated by the best tools available.
The power of a Tier-1 consultancy. The agility of a specialised squad. The cost efficiency of modern development.",Information Services,11-50 employees,Privately Held,"Hamilton, Waikato, New Zealand",New Zealand,14thstreet.co.nz,https://www.linkedin.com/company/14th-street
InfuseAI.co.nz,"At InfuseAI, we empower businesses with custom-built AI, ML, and Deep Learning solutions designed to unlock the full potential of data. Our expertise covers business intelligence, advanced data analytics, and computer vision, enabling prediction, forecasting, and classification across images, tabular, and structured/unstructured data.

Beyond AI development, we also provide end-to-end software consultancy, helping organisations integrate intelligent systems seamlessly into their existing infrastructure. From model design and deployment to optimisation and scalability, we deliver solutions that are tailor-made, efficient, and future-ready.

With a focus on performance, innovation, and sustainability, InfuseAI helps businesses make data-driven decisions with confidence.",Information Services,2-10 employees,Privately Held,"Auckland, Auckland, New Zealand",New Zealand,infuseai.co.nz,https://www.linkedin.com/company/infuseai-co-nz
NSPIRE Technologies,"We’re now Advantage Connect! 

NSPIRE Technologies is now part of Advantage Ltd. under the Advantage Connect brand. Same great team, now with even more expertise and support.

 Follow us here: https://www.linkedin.com/company/advantagenz/
 Visit us here: https://advantage.nz/",Information Services,51-200 employees,Privately Held,"Wellington, Wellington, New Zealand",New Zealand,advantage.co.nz,https://www.linkedin.com/company/nzpire-nz
Just In Tech Ltd,"Let Just In Tech manage your technology, we will make sure that all of your devices are running smoothly by proactively monitoring your technology and ensuring that all computers and servers are running optimally with minimal impact to end users.",Information Services,2-10 employees,Privately Held,"Napier, Hawke's Bay, New Zealand",New Zealand,justintech.co.nz,https://www.linkedin.com/company/just-in-tech
Mount Business Association,"Mount Mainstreet (looked after by Mount Business Association) offers an outstanding mix of retail, hospitality and professional services.",Information Services,2-10 employees,Non Profit,"Mount Maunganui, Bay of Plenty, New Zealand",New Zealand,mountmaunganui.org.nz,https://www.linkedin.com/company/mount-business-association
Pacific Business Network,"Pacific Business Network is a social enterprise focused on growing communities through business. 

It is a collective of entrepreneurs with extensive business and consumer networks who aim to provide products and services to promote businesses that are wholly or part owned (50%) by Pacific People.

We started in 2009 and were formerly  known as (Taropages). We changed our name because every day, we would get a phone call, consumers wanting to buy Taro he he) if you want Taro check out www.buypacificmade.com 

We invite you to be part of the PBN vision. Help us promote Pacific Innovation, its people, its ideas and its businesses to the world.",Information Services,2-10 employees,Partnership,"Auckland, Auckland, New Zealand",New Zealand,pacificbusinessnetwork.org,https://www.linkedin.com/company/pacific-business-network
Gans Consulting,"We provide personalized database reliability engineering and database administration on the Microsoft Data Platform including health checks, performance tuning, troubleshooting, strategic advice, monitoring and guidance.",Information Services,2-10 employees,Privately Held,"Auckland, Auckland, New Zealand",New Zealand,gans.co.nz,https://www.linkedin.com/company/gans-consulting
Platform Engineering NZ,"Welcome to Platform Engineering NZ

We’re a growing community for engineers, architects, and platform builders passionate about creating better developer experiences and scalable software delivery platforms; right here in Aotearoa.

Born in January 2025, our mission is to make New Zealand a global thought leader in Platform Engineering through community-driven knowledge sharing, storytelling, and collaboration.

 What We Care About
	•	Internal Developer Platforms (IDPs)
	•	Developer Experience (DevEx)
	•	Developer Portals
	•	Golden Paths & Guardrails
	•	CI/CD, Infrastructure as Product, Cloud Enablement
	•	Platform as a Product mindset

 What We Do
	•	Host in-person and virtual meetups
	•	Feature lightning talks, panels, and real-world case studies
	•	Build space for open conversations—from wins to war stories
	•	Connect platform engineers, SREs, DevOps leaders, and curious minds

 Who It’s For

If you’re building the foundation that helps others build—you belong here.
Whether you’re just starting with platform thinking or scaling a mature internal platform, this is your place to learn, share, and grow.

 Founded By

Darshit Pandya (https://www.linkedin.com/in/darshitpandya/) – Senior Principal Engineer, Serko | AWS Community Builder (Serverless) | Global Speaker

Myles Henaghan (https://www.linkedin.com/in/myles-henaghan/) – Co-founder, Wires Uncrossed | ex-GM of Engineering, Xero | Creator of HoEN

Follow us, attend a meetup, or reach out to speak at an upcoming event.

Let’s shape the future of platform engineering in NZ together.",Information Services,2-10 employees,Non Profit,"Auckland, Auckland, New Zealand",New Zealand,,https://www.linkedin.com/company/platform-engineering-nz
PIM - Personal Information Management Ltd,"Personal Information Management Ltd (PIM) is based in Wellington, New Zealand. 
PIM is led by Ross Hughson.
PIM exists to make people's personal information more manageable, private, and convenient.",Information Services,2-10 employees,Privately Held,"Wellington, Wellington, New Zealand",New Zealand,mytrove.co.nz,https://www.linkedin.com/company/pim---personal-information-management-ltd
Hawkes Bay Born... And Proud <3,"Hawkes Bay Born... And Proud <3 began from a Facebook Like page in 2008 and has  an astonishing amount of likes of 10,194. The Facebook page was developed to positively promote Hawkes Bay to tourists coming to Hawkes Bay, ex locals and residents and also current locals and residents.

Hawkes Bay Born... And Proud <3 posts many things on their Facebook Page such as developments to Hawkes Bay, to date the William Nelson Park, Hastings, MTG Hawkes Bay, Napier, Napier Hospital, Napier; upcoming event information (Hawkes Bay Born... And Proud <3 receives an estimated of 20 event advertisements per week); photographs from well-known events such as Art Deco Weekend; Breaking News; Press Releases, things of interest such as tourist blogs to Hawkes Bay or well-designed YouTube videos and the list goes on. 

Hawkes Bay Born... And Proud <3 aims to cater for all age groups of their audience and have began the developments of a Website and YouTube channel.",Information Services,Self-employed,Self Employed,"Havelock North, Hawke's Bay, New Zealand",New Zealand,,https://www.linkedin.com/company/hbbornandproud
ISQA,ISQA specialises in strategic and tactical testing services. We are an independent organisation with an international clientele and a range of services to assist companies to take testing to the next level - whatever that may be.,Information Services,2-10 employees,Privately Held,New Zealand,New Zealand,isqa.com,https://www.linkedin.com/company/isqa
Passform,"Passform makes it easy to create and distribute digital passes for Apple and Google Wallet — no coding required.
Whether you're running events, offering memberships, or sending out digital rewards, Passform helps you deliver beautifully branded passes that live right on your customer's phone. Add geolocation, expiry, check-in, and real-time updates — all from one simple dashboard.

Trusted by event organisers, clubs, and creators around the world.

 passform.io",Information Services,2-10 employees,Partnership,"Auckland, Auckland, New Zealand",New Zealand,passform.io,https://www.linkedin.com/company/passform-io
Lemonade Labs,"Risk based, evidence informed, quality assured",Information Services,2-10 employees,Privately Held,"Wellington, Wellington, New Zealand",New Zealand,,https://www.linkedin.com/company/lemonade-labs-nz
Tactics Ltd,"We are technical writing, training and business process mapping experts. 

We support system change and improve productivity with clear and consistent policies, processes, procedures and training. 

We can help you by:

- Developing policies, standard operating procedures, user guides, training or knowledge bases that are based on the needs of the users.

- Quickly upskilling and supporting your people during and after new system implementations.

- Capturing and documenting knowledge, mapping business processes, identifying gaps and streamlining workflows.

- Training your people in Structured Writing and process mapping.

- Supporting programmes of change and business transformation with customised training delivery.

Talk to us on +64 4 913 9310 | 0800 50 50 56
or visit www.tactics.co.nz.",Information Services,11-50 employees,Privately Held,"Wellington, Wellington, New Zealand",New Zealand,tactics.co.nz,https://www.linkedin.com/company/tactics-ltd
Goshen Consulting,"We offer you a wide range of quality professional services for individuals and companies at affordable prices. 
As for products have a selection of great New Zealand health products, software and referral services to our selected partners. 

Our products and services are backed by Quality, Experience and Integrity. 

Our services include:

GATE-ID RFID Farm Animal Tracking System

New Zealand made Health products
- Health Supplements, Manuka Honey, Propolis, Lanolin, Noni Juice etc 
See http://www.goshenconsulting.co.nz/?page_id=148 

Online English (eLearning), Private English Tuition, IELTS Test Coaching

Small Business Consulting (SMEs)

Advice & Planning – Business and Personal, Internet

Social Media Management (Facebook, Twitter)

Content writing for websites & eModeration

Career Coaching, Review Employment Contracts

CV writing and review CV & Cover Letters

Essay review, Pronunciation & Accent improvement

Document Writing – User, Policy, Help, Flyers

Website and Software Development services",Information Services,2-10 employees,Public Company,"Auckland, Auckland, New Zealand",New Zealand,goshenconsulting.co.nz,https://www.linkedin.com/company/goshen-consulting
Geosocial Technologies,"Geosocial Technologies is a research consultancy providing social and spatial research solutions that are data-driven, visual and interactive.

Our processes provide evidence for the social and environmental pillars of the triple bottom line. We work with private and public sector organisations in Australia and New Zealand.

Our unique software, Influentia, is designed to support decision makers to address strategic questions. 

Influentia is a responsive web application which collects and visualises social and geographic complexity in near real time to provide insight and solutions for dynamic communities and environments.",Information Services,2-10 employees,Privately Held,"Kinloch, Waikato, New Zealand",New Zealand,geosocialtechnologies.com,https://www.linkedin.com/company/geosocial-technologies
SAS Users of New Zealand Incorporated,"SAS Users of New Zealand (SUNZ) is a national SAS user society established in 1980 with support from SAS New Zealand. The SUNZ brings SAS users and other analytical communities together to share knowledge and experience, promote best practices and encourage interactions between users from different industries in New Zealand.
SUNZ engages with users and with communities effectively by organising annual conferences, workshops and other events every year. In recent years, SUNZ also actively engages with academic institutions by providing scholarship to support analytical research by university students.
The purposes of the society are to:
•	Promote, in connection with the SAS software system and in the context of helping New Zealand build a world class analytics capability, the development and exchange between interested persons and groups of analytics knowledge, ideas, applications and techniques.
•	Do anything necessary or helpful to the above purposes
SUNZ annual conference is the most significant event of the society. The past year conferences have been very well accepted by society members. SUNZ conference provide an excellent platform to society members for professional networking and learn about latest SAS software and trends in analytics from international speakers",Information Services,11-50 employees,Non Profit,"Wellington, Wellington, New Zealand",New Zealand,,https://www.linkedin.com/company/sas-users-of-new-zealand-incorporated
Analysis Paralysis,"An NZ-based company passionate about using analytics, machine learning and humor to solve problems both big and small.",Information Services,2-10 employees,Privately Held,"New Plymouth, Taranaki, New Zealand",New Zealand,analysisparalysis.co.nz,https://www.linkedin.com/company/analysisparalysis
Reynolds Group Limited,"If you’re looking for coding and labelling solutions that always hit the mark, you’re better off talking with Reynolds Group. Since 1990 we’ve been providing New Zealand industry with super reliable, innovative systems that keep your production high and running costs low.
 
How? Well, at Reynolds Group we don’t just provide you with the best kit on the market, we also work with you to develop the best possible integrated solution for your business. By fully customising in this way, we can also anticipate your future needs and help ensure you continue to get the results
 you want as your business grows.
 
Partner this with our unparalleled service and support programs available all around the country, and you’ll see just why Reynolds Group is the team you can depend on for your coding and labelling – time and time and time again.",Information Services,11-50 employees,Privately Held,"Auckland, Auckland, New Zealand",New Zealand,rgl.co.nz,https://www.linkedin.com/company/reynolds-group-limited
Auckland Immigration Services,"Auckland Immigration Services provides information to those seeking to work or live in New Zealand. We assess your individual situation regarding eligibility for work or residence class visas and provide assistance throughout the process. 

Auckland Immigration Services comprise a team of professional, dedicated, energetic and enthusiastic Licensed Immigration Advisers, recently qualified with fresh knowledge of the NZ Immigration law and policy. 

We are passionate about the Immigration industry and helping our clients to achieve the best outcome for them and their families.",Information Services,2-10 employees,Privately Held,"Auckland, Auckland, New Zealand",New Zealand,aklimmigration.co.nz,https://www.linkedin.com/company/auckland-immigration-services
SQUILLIONS,,Information Services,2-10 employees,Privately Held,"Wellington, Wellington, New Zealand",New Zealand,squillions.co.nz,https://www.linkedin.com/company/squillions
Katalyst Ishirnz,Outsource your IT Services- save cost and focus on your core business,Information Services,11-50 employees,Privately Held,"Auckland, Auckland, New Zealand",New Zealand,ishirnz.com,https://www.linkedin.com/company/katalystishirnz
Farming Mums NZ,"Farming Mums NZ was set up as an online support group for Farming women and because of a need for friendship and understanding that can survive the barriers of rural isolation.

Since it’s inception in 2013 FMNZ has grown to over 11,000 members (June 2018) and is continuing to grow by approx 30-50 members per week. We have a very active membership; it’s not unusual to have 50-80 individual posts per day and over 75,000 engagements per 28 days  

The group covers rural women from all age groups, from the top of the North Island to the bottom of the South.",Information Services,2-10 employees,Non Profit,"Waitohi, Canterbury, New Zealand",New Zealand,farmingmumsnz.com,https://www.linkedin.com/company/farming-mums-nz
Whats On Report,"Whats On Report is the leading source of ‘on demand’ construction intelligence for the commercial, residential and civil building industry sectors across New Zealand and the South Pacific.
As the authoritative source of timely and accurate information on construction activity from early planning and planning stages to tender and under construction, consent and statistics. Empowering management and sales teams to work smarter not harder, Whats On Report provides the right intelligence at the right time to make more informed decisions to deliver focused sales opportunities leading to better growth and profitability. 

•Get commercial and residential construction sales leads >
•Get lists of building consents issued and use them in your marketing >
•Get daily email lists of current construction tenders and use them in your marketing >
•Get construction reports, information and statistics",Information Services,11-50 employees,Public Company,"Auckland, Auckland, New Zealand",New Zealand,whatson.co.nz,https://www.linkedin.com/company/whats-on-report
BWARE Ltd,"Let's face it: health and safety can be a real hassle. For most small and medium-sized businesses, staying on top of all the compliance obligations and regulations can be time-consuming and frustrating, to say the least. But it doesn't have to be that way.

Introducing BWARE (Business and Workplace Activity Reporting Engine) the “Go-To” health and safety resource for NZ SMEs.

By combining a managed service with easy-to-use health and safety management software, BWARE takes the hassle and frustration out of health and safety compliance. It empowers NZ SMEs of all types to quickly meet their health and safety requirements systematically and efficiently.

But BWARE is so much more than that. 

At BWARE, we’re passionate about NZ SMEs and their success. We see ourselves as your trusted partner, committed to providing a saner, different, simpler path to health and safety success—one that makes your business life more pleasant, lucrative, and fun.

It doesn't matter what sort of business you have or the kind of work you do, either. 

Our mission is to support NZ SMEs to be successful by helping them get safe, get compliant, and get control over their health and safetyTM quickly, easily, and without hassle.

If you're an NZ SME of any kind and you're ready to get your health and safety sorted, take the first step now, by scheduling a no-obligation Zoom chat here: 

https://bware.co.nz/get-started/",Information Services,2-10 employees,Privately Held,"Dunedin, New Zealand",New Zealand,bware.co.nz,https://www.linkedin.com/company/bware-ltd
Salon Owner Solutions,"At Salon Owner Solutions (SOS), we are dedicated to unveiling the insider secrets to confident and empowered salon leadership through the transformative A.S.C.E.N.D. Salon Method. Our founder, Kirsten Kennish, is not just an industry expert; she's a current salon owner with an impressive 35+ years of experience in the hair and beauty industry. With Kirsten's guidance, you'll embark on a journey towards achieving your dream salon owner life. We provide you with the tools, strategies, and unwavering support you need to acquire essential business and marketing skills that often go untaught in traditional Hair & Beauty School settings.

Why Choose SOS?

Real-World Experience: Our founder, Kirsten Kennish, isn't just an industry consultant; she's a current salon owner with a deep understanding of the challenges you face daily. Her 35+ years of experience make her uniquely qualified to guide you toward success.

A.S.C.E.N.D. Salon Method: Our proprietary A.S.C.E.N.D. Salon Method is a tried-and-tested framework that addresses the six key pillars of salon success. It provides a structured approach to transform your salon into a thriving and fulfilling business.

Unlock Insider Secrets: At SOS, we believe in sharing the insider secrets that traditional education often leaves out. We equip you with the knowledge and skills needed to excel in salon leadership, ensuring you are well-prepared for the challenges and opportunities that arise.

Community and Support: SOS is more than just a consulting service; it's a community of passionate salon owners like yourself. We provide ongoing support and a network of like-minded individuals who understand your journey and are there to help you succeed.

Our mission at SOS is to empower salon owners to break free from the limitations of traditional education and unlock their full potential. We are committed to guiding you on the path to confident and empowered salon leadership.",Information Services,2-10 employees,Public Company,"Wellington, Wellington, New Zealand",New Zealand,salonownersolutions.com,https://www.linkedin.com/company/salon-owner-solutions
BoundFor,"Our mission at BoundFor is to help every family find the right school by making data accessible, comparable, and actionable.",Information Services,2-10 employees,Privately Held,"Whangarei, Northland, New Zealand",New Zealand,boundfor.co.nz,https://www.linkedin.com/company/boundfor-ltd
Flying Filing Squad,"We help you save lots of money and reduce your off site storage bill. We will
•	review your current retention and disposal work programme 
•	check to see if you have retention and disposal schedules to cover your records
•	help you identify the records you have that are over 25 years old
•	check to ensure that the records are listed to Archives NZ Standards
•	help you to apply the General Disposal Authorities (GDAs) 
•	quantify off site storage costs savings that may be achievable
•	work with you to develop a work plan so that you can manage your inactive records in a cost effective way

We can also help you design a system that is readily usable by all people. This includes
•	Records classification structure
•	Policies and Procedures
•	User guidelines
•	Training modules
•	One on one coaching
•	System implementation
•	Retention and Disposal Schedule
•	Appraisal reports

We Are Famous For
•	Listing 27,500 files in 1400 hours over a nine week period
•	Implementing a transfer to Archives NZ of 99,500 files in 2730 hours over 15 weeks
•	Editing open and closed dates into 47,500 files in 810 hours over three weeks
•	Supplying high level consultancy on project teams.
•	Analysing off site storage needs.
•	Sorting 30,000 client files into alphabetical order and shelving them in a logical manner.
•	Creating 12,500 files and matching the paper to the file for an employment consultancy over a weekend.
•	Re labelling 5,000 files and sorting them from alpha to file reference order over a weekend",Information Services,2-10 employees,Privately Held,"Wellington, Wellington, New Zealand",New Zealand,filing.co.nz,https://www.linkedin.com/company/flying-filing-squad
Sust,"Inspired to build sustainably? Sust shares lessons from leading sustainable buildings - and connections to the people behind them - to help you achieve your own sustainability goals.

Our mission is to inspire and empower people to create a sustainable built environment.

We’re reaching for a future where anyone can freely and easily understand how sustainable places and spaces are created. We believe this is key to accelerating the transition to a human-made environment that inspires current and future generations and cares for the world we live in.",Information Services,2-10 employees,Privately Held,"Auckland, Auckland, New Zealand",New Zealand,sust.io,https://www.linkedin.com/company/sustio
Landing Share,"Landing Share is a digital growth company that helps businesses acquire customers, unlock the full economic value of their existing audience, and build the products that drive long-term expansion.

Our model is built around three integrated capabilities: Acquire. Commercialize. Build. — spanning search marketing, revenue model optimization, and web, mobile, and SaaS development.

These services work independently or together as a connected growth system, giving businesses the flexibility to start where they need and scale as they grow.",Information Services,11-50 employees,Privately Held,"Auckland, Auckland, New Zealand",New Zealand,landingshare.net,https://www.linkedin.com/company/landing-share-limited
DataFrame,"DataFrame is a data quality software solution enabling infrastructure organisations to monitor and enhance data the fitness for purpose of critical asset management data and information. 

It enables asset managers to ensure that critical business functions are supported by data and information that consistently meets required standards, and that data defects are identified in real-time.",Information Services,2-10 employees,Privately Held,"Napier, Hawke's Bay, New Zealand",New Zealand,assetdynamics.co.nz,https://www.linkedin.com/company/dataframenz
SilverLining,"SilverLining aims to accelerate a right-sized and environmental responsible IT transition by offering tools and services to cloud service integrators and leaders, leading to a new era of sustainable ICT.",Information Services,2-10 employees,Privately Held,"Wellington, Wellington, New Zealand",New Zealand,silverlining.eco,https://www.linkedin.com/company/silverlining-eco
TerraAnalytica,"TerraAnalytica offers geospatial solutions to empower informed decision-making. With expertise in spatial analysis, cartography, remote sensing, and data exploration, we transform complex spatial data into actionable insights. From bespoke mapping services to ML labelling and remote sensing analysis, our team combines advanced technologies with a deep understanding of geospatial sciences to deliver accurate, visually captivating, and scientifically sound solutions. Trust TerraAnalytica for reliable and impactful geospatial services that unlock the full potential of your data.",Information Services,2-10 employees,Privately Held,"Auckland, Auckland, New Zealand",New Zealand,terraanalytica.co.nz,https://www.linkedin.com/company/terraanalytica
CUiK - Outdoor Media,"CUIK – Cutting-edge Urban Impact & Kinetics – is Nelson Tasman’s premier platform for high-visibility, high-impact outdoor advertising. From dynamic bus-back campaigns travelling the region’s busiest routes to interactive digital kiosks in key visitor hubs like Nelson Airport and Kaiteriteri, CUIK puts your brand in motion and in front of the right eyes. 

The interactive kiosk experience is an avant-garde public engagement platform that is completely developed by a team in Nelson. CUIK aims to help councils, non-profit organisations, local businesses and tourism operators communicate with the public, encourage a pedestrian-oriented environment, and showcase what the region has to offer. CUIK also features, local artists and local legends.",Information Services,2-10 employees,Privately Held,"Nelson, Nelson, New Zealand",New Zealand,cuik.nz,https://www.linkedin.com/company/cuik-nz
Helix Investigations,"We are New Zealand's leading Private Investigators offering services in surveillance, criminal defence assistance, background integrity, workplace investigations, insurance, cybercrime, skip tracing and document service.",Information Services,2-10 employees,Public Company,"Hastings, Hawke's Bay, New Zealand",New Zealand,helixinvestigations.co.nz,https://www.linkedin.com/company/helixinvestigations
Need a Nerd Wellington,"Founded in 2011, Need a Nerd Wellington is an IT service provider to homes and businesses throughout Wellington.  We provide everything you need in computer & laptop repairs, wifi networks, data backups, anti-virus software, networking and connecting to the internet.",Information Services,2-10 employees,Privately Held,"Wellington, Wellington, New Zealand",New Zealand,needanerdwellington.co.nz,https://www.linkedin.com/company/need-a-nerd-wellington
Now AI Solutions,"I believe AI can get rid of all bullshit jobs, every one will survive and be better yourself.",Information Services,2-10 employees,Public Company,"Auckland, Auckland, New Zealand",New Zealand,nowaisolutions.com,https://www.linkedin.com/company/gemini-ai-solutions
Checkbase,"Checkbase is an AI-powered builder background check platform helping homeowners, lawyers, lenders, and tradespeople verify construction credibility.

In seconds, we detect hidden red flags — including insolvency, director fraud, complaints, media mentions, and poor history — by scanning official records and public sources across New Zealand.

Built with purpose. Built to protect.",Information Services,2-10 employees,Privately Held,"Auckland, Auckland, New Zealand",New Zealand,checkbase.co.nz,https://www.linkedin.com/company/checkbase
LaiChi Analytics,"From basic data clean-up and analysis through to live automated dashboards suitable for managerial reporting. With a post-graduate qualification in Criminology and more than 3 years of working experience in the Analysis and Insurance industry, I've got what it takes to bring your data to life.",Information Services,Self-employed,Self Employed,"Hawera, Taranaki, New Zealand",New Zealand,,https://www.linkedin.com/company/laichi-analytics
Gold by the gram,"Financial independence 
Freedom for your future?, Your children's education,? Your retirement?.
The list is endless.
What does Freedom mean to you? everyone has a different meaning of Freedom
Be your own Bank
Buying Gold by the gram will insure all of the above will achieve that for you.",Information Services,2-10 employees,Self Employed,"Lincoln, Canterbury, New Zealand",New Zealand,,https://www.linkedin.com/company/goldbythegram
Koru International,"Koru Consultants is a multinational professional services network headquartered in Auckland, New Zealand. Built with a gene of kiwi, Koru Consultants is motivated to help clients to turn the wildest dream into a true story with assistance in technologies, talents and marketing.
Having a strong connecting with leading academic and capital resources both in the eastern and western world, Koru Consultants creates a unique bridge to boost the flowing of information, innovation and products in bidirectional.",Information Services,2-10 employees,Partnership,"Auckland, Auckland, New Zealand",New Zealand,koru.kiwi,https://www.linkedin.com/company/koru-consultants-nz
Living Hawke's Bay Magazine,,Information Services,2-10 employees,Public Company,"Napier, Hawke's Bay, New Zealand",New Zealand,livinghawkesbay.co.nz,https://www.linkedin.com/company/livinghbmagazine
Excel in YOUR Business,"Excel templates, database management and establishment, project support.",Information Services,Self-employed,Self Employed,"Whanganui, Manawatū-Whanganui, New Zealand",New Zealand,,https://www.linkedin.com/company/excel-in-your-business
Project Life Changer,"Project Life Changer is a new initiative to help kiwis explore pathways into franchise business ownership, so you can take control of your future and live life on your terms.",Information Services,2-10 employees,Privately Held,"Auckland, Auckland, New Zealand",New Zealand,plc.nz,https://www.linkedin.com/company/project-life-changer
Katalyst Business,"Katalyst is New Zealand's premium Business Database search engine that provides business users with comprehensive information about companies, people, products and services. 

You can use Katalyst Database to
•Research companies, markets and industries 
•Find sales leads & make new contacts
•Identify and target key areas
•Produce lists for direct mail campaigns
•Find new suppliers of products and services
•Put your products in front of B2B purchasers

Katalyst Business has comprehensive profiles on 17,000 New Zealand business to business head offices and their people, brands, products and services. It does not cover retail outlets like dairies or petrol stations but does have one entry each for the large chains such as BP or The Warehouse. 
Katalyst is focused exclusively on the 14% of NZ businesses that account for 80% of the economy's output, the same 8% that account for 60% of all employees.
Katalyst Business has more extensive information and more search fields than any other NZ business database.

Katalyst Business data is an excellent information resource for businesses with a high value Business-To-Business proposition. Extensive search criteria allow you to carefully define vertical markets and quickly profile businesses and industries.

For 14 days free trial, visit our website.",Information Services,2-10 employees,Self Owned,"Auckland, Auckland, New Zealand",New Zealand,katalystbusiness.co.nz,https://www.linkedin.com/company/katalyst-business
TimeFixed Limited,"Get your every minute fixed with TimeFixed!

Leading a lifestyle where you are engaged with your career, family, academic activities, reaching out to your friends, contact your client, reaching your business goals are overwhelming. Here we go with the best time management app, “TimeFixed” which creates the best space to shoot your personal and professional life goals. 

Explore the best user-friendly appointments search with TimeFixed and save your time to focus on your business today. Keep tracking your productive hours with the best time management app today and TimeFixed is going to be your real-time, the most accurate appointment generator for efficient time management from now onwards!",Information Services,2-10 employees,Privately Held,"Auckland, Auckland, New Zealand",New Zealand,timefixed.com,https://www.linkedin.com/company/timefixed-limited
ExoMake,"ExoMake is designed for small to large multiline production environments and is fully integrated into MYOB Exo.

Our software helps manifactures introduce a fully integrated Product costing, Production planning, and Dispatch system without the complexity of other competitors products.",Information Services,2-10 employees,Privately Held,"Invercargill, Southland, New Zealand",New Zealand,exomake.co.nz,https://www.linkedin.com/company/exomake
Mapt,"Mapt is a professional development and consulting company that specialises in helping organisations build and share clear, single page visual narratives. 

At Mapt, we believe change happens best when we understand better together. We know that the path to strategic success begins with clarity - a shared understanding across teams that enables faster, more confident action. 

Our approach simplifies complex change, transforming diverse perspectives into one cohesive vision.

From aligning on key priorities to structuring the conversations that will matter down the road, we help teams focus on what drives real results. Our outcome-driven frameworks make it easy to identify, organise, and communicate strategic goals, ensuring that everyone - not just those in the room - stays aligned.

By fostering open communication, we ensure that every question and perspective contributes to a clearer, stronger strategic path forward. With Mapt, teams are empowered to move from idea to action—together, with purpose.

We’re wired for visuals, which is why we use powerful, single-page narratives to capture the big picture. These clear, well-structured visuals make complex ideas instantly understandable, uniting teams around actionable insights and shared goals.

Whether you're leading a major transformation, helping navigate a strategic shift or positioning for opportunity, the Mapt system simplifies the process of building and sharing your change narrative on a single page.",Information Services,2-10 employees,Partnership,"Wellington, Wellington, New Zealand",New Zealand,mapt.co.nz,https://www.linkedin.com/company/mapt-nz
NZ Visa Application,"Never make haste while you apply for an NZ visa. Instead, you should contact New Zealand immigration for assistance. Reach NZ  Immigration Advisers now!",Information Services,Self-employed,Public Company,"Auckland, Auckland, New Zealand",New Zealand,nzimmigration.info,https://www.linkedin.com/company/nz-visa-application
RME Solutions Technology,"RME Solutions Technology: Empowering Business with World-Class Microsoft Cloud Solutions

At RME Solutions Technology, we stand at the intersection of expertise and excellence. As a collective of seasoned professionals, we draw inspiration from globally recognized leaders who have shaped the technological landscape. Our unwavering commitment to delivering world-class solutions is what defines us.

As an authorized Microsoft Surface Partner, we are excited to offer tailored solutions that meet your business needs. Our strength lies in our partnerships, collaborating with industry leaders to deliver exceptional solutions that transcend boundaries.

Whether it’s high rises or rural and remote schools, businesses, properties, or research labs, we are your APAC-focused partner delivering transformative solutions that change lives and elevate businesses.

Specializing in Meraki Vision solutions, we provide a suite of services designed to streamline your physical IoT, network and Security posture.

Join us on our Prometheus Expedition, as we embark on a voyage akin to the legendary journey of Prometheus. Just as Prometheus brought fire to humanity, we seek to ignite innovation and illuminate the path forward with our cutting-edge technology solutions.

As an Australian owned managed service and solutions provider, we stand shoulder-to-shoulder with industry giants to secure and optimize your operations.

RME Solutions Technology: Where Technology Meets Excellence.",Information Services,2-10 employees,Partnership,"Gisborne, New Zealand",New Zealand,rmesolutions.com.au,https://www.linkedin.com/company/rme-solutions-technology
Conexus Consulting Limited,"Experience. Connect. Design. Solve. Simple.

We recognise the exponential growth and diversification of analysis. 

We look at things from every angle.

We find X.",Information Services,2-10 employees,Self Owned,"Auckland, Auckland, New Zealand",New Zealand,conexus.consulting,https://www.linkedin.com/company/conexus-consulting-limited
Citizens Advice Bureau Tauranga,"We are a nationwide, but locally based, community organisation serving people in Aotearoa New Zealand. We help people to know and understand their rights and obligations, and how to use this information to get the best outcomes. We provide people with the confidence and support they need to take action.",Information Services,11-50 employees,Non Profit,"Tauranga, Bay of Plenty, New Zealand",New Zealand,cab.org.nz,https://www.linkedin.com/company/citizens-advice-bureau-tauranga
Lighthouse Team,,Information Services,51-200 employees,Privately Held,"Wellington, Wellington, New Zealand",New Zealand,lighthouse-team.com,https://www.linkedin.com/company/lighthouse-team-nz
Mōhio Services,"Mōhio is a business unit of the National Hauora Coalition building products such as MōhioExpress, MōhioForms, RocketM, Mōhio Social CRM and providing services such as Primary Care Health Data Analytics and Outcomes Measurement technology.",Information Services,2-10 employees,Non Profit,"Auckland, Auckland, New Zealand",New Zealand,mohio.nz,https://www.linkedin.com/company/mohioservices
Waka For Africans,"Waka for Africans was created to make the journey easier for Africans finding their feet in New Zealand and for organisations seeking to understand African markets.

We are a specialist information and market insights organisation connecting Africans and New Zealand.

We provide trusted information and early-stage settlement support to help Africans navigate life in New Zealand with confidence: from local services to community networks and travel guidance for diaspora planning their move.

For businesses, we deliver market research services that unlock opportunities between New Zealand and African markets. Whether you are a New Zealand firm looking to expand into Africa or an African enterprise exploring New Zealand, we provide culturally grounded analysis, consumer insights, and market entry intelligence.

At our core, we believe in connection, belonging, and building bridges between Africa and New Zealand. 

Waka for Africans...bringing people, knowledge, and markets together.",Information Services,2-10 employees,Self Owned,"Auckland, Auckland, New Zealand",New Zealand,wakaforafricans.com,https://www.linkedin.com/company/wakaforafricans
Complect.io,Solutions to provide versatility when integrating with CargoWise's eAdaptor.,Information Services,Self-employed,Self Owned,"Christchurch, Canterbury, New Zealand",New Zealand,complect.io,https://www.linkedin.com/company/complect-io
EndorseMe,"We connect Consumers with Exceptional Insurance, Mortgage, Real Estate, Accounting, Financial and Law Professionals by providing a transparent platform for Professionals to promote themselves.",Information Services,2-10 employees,Privately Held,"Whanganui, Manawatū-Whanganui, New Zealand",New Zealand,endorseme.co.nz,https://www.linkedin.com/company/endorseme
NSQR,"Over the last twelve months, NSQR has been harnessing a new generation of software engineering capabilities. This enables us to bring to market enterprise-grade systems that were once reserved for the largest organisations.

We believe AI is a democratising force. It seems as if every week brings a new surprise in AI capabilities.  Consequently, starting in 2026, we’ll begin scaling back our large corporate system development projects, to concentrate on smaller Agentic Systems that provide high value information services.

Happy holidays to everyone from the team at NSQR.",Information Services,2-10 employees,Privately Held,"Auckland, Auckland, New Zealand",New Zealand,nsqr.io,https://www.linkedin.com/company/nsqr
Asky International,"Established in 1996, Asky International Ltd is a professional immigration consulting firm based in Hamilton, New Zealand. We provide to our clients superior immigration and education services. Meggie Wang, our immigration adviser is fully licensed under the the recent Immigration Advisers Licensing Act 2007.
 
Asky offers a wide range of immigration services including Student, Visitor, Work and Residence visa applications.

Asky is an official representative of many New Zealand institutions including the University of Waikato, Waikato Institute of Technology, Unitec, UCOL and we also have indirect contact with all other major institutions in New Zealand.  Asky has built up a strong working relationship with these institutions and assisted many students with their enrolments.

Meggie Wang is also a Specialist Agent recognised by Education New Zealand.

Our services include:
Visa Services:  
                         Student Visa
                         Residence Visa
                         Work Visa
                         Visitor Visa
 
Free online assessment: Complete our online assessment form to find out if you are eligible to study or migrate to NZ.
 
Student Enrolment: We can apply for an Offer of Place from language schools, universities, polytechnics and high schools for free with conditions apply.
 
Insurance: We are an authorised agent of Southern Cross insurance. Various insurance policies and competitive premiums are available for international students, visitors, working holiday makers.
 
Company registration: We can assist you to register your own New Zealand company if you are interested in starting a business in NZ or just having an overseas company.",Information Services,2-10 employees,Government Agency,"Hamilton, Waikato, New Zealand",New Zealand,asky.co.nz,https://www.linkedin.com/company/asky-international
ProjectIQ,"Project-IQ: Your Partner for Project Excellence 

Overview:
At Project-IQ, we understand that a project's success heavily relies on a robust and well-structured foundation. Our specialized service, ""Setting Up a Project for Success,"" is meticulously designed to guide your project toward excellence right from the start. Recognizing the critical nature of the inception phase, we collaborate closely with your team to define objectives, scope, deliverables, and success criteria. Our comprehensive approach includes crafting a detailed project plan, establishing clear communication channels, and implementing robust governance structures. Leveraging our extensive expertise in project management methodologies and best practices, we pave the way for an efficient, collaborative, and ultimately successful project journey.

 Key Features:

Objective Definition: Collaboratively crystallize project objectives for a unified goal.
Scope Clarity: Clearly define project boundaries to avoid scope creep and budget overruns.
Deliverable Identification: Articulate the project's roadmap by defining achievable outcomes.
Success Criteria Establishment: Set measurable benchmarks to evaluate project progress and success.
Comprehensive Project Plan: Craft a dynamic guide encompassing tasks, timelines, dependencies, and resource allocation.
Effective Communication Channels: Establish transparent communication channels and protocols for smooth information flow.
Robust Governance Structures: Define roles, responsibilities, and escalation procedures for effective project control.
Methodology and Best Practices: Utilize deep knowledge of project management methodologies and industry best practices.
 Benefits:

Minimized Risks: Address critical project elements upfront to mitigate potential risks and uncertainties.
Efficiency: Streamline project processes to optimize resource utilization and enhance overall efficiency.
Enhanced Collaboration: Foster collaboration among team members and stak",Information Services,2-10 employees,Privately Held,"Wellington, Wellington, New Zealand",New Zealand,project-iq.co.nz,https://www.linkedin.com/company/projectiq
Simply Learn Training,"Participate in our Excel course to maximise your business efficiency and increase your career potential.
Excel is the most widely used application in business today, but very few people maximise its potential.",Information Services,Self-employed,Self Owned,"Gisborne, Gisborne, New Zealand",New Zealand,simplylearn.co.nz,https://www.linkedin.com/company/simply-learn-training
Editmode,"Our Principal Editor, Lee Miller, has a lifetime of writing and editing documents in widely varying styles.

He has an Artium Magister (Masters degree) in Classical Philology and Ancient History from Harvard University, First Class Masters in Classical Languages from the University of Auckland, a Master of Business Administration (MBA) from RMIT University in Melbourne and has held a postgraduate scholarship to the Universität zu Köln in Germany. On top of this he has recent studies in subjects as varied as sociology, museum studies and computer science.

As well as academic essays and theses, Lee has written and edited a wide range of business documents -

• Annual Reports for publication
• business cases and project plans
• tenders and proposals,
• legal documents
• marketing copy for print and websites
• technical documentation including the Operations Manual for an airline
• reports and consultation documents.

His work and writing experience includes healthcare and pharmaceuticals, information technology, finance and accounting, government, international recruitment - and hot-air balloons.

Lee has lived and worked in Australia, New Zealand, the United Kingdom and the USA, so he is comfortable working in a range of different English dialects. A special skill is localising documents written for UK or US audiences for readers in Australia and New Zealand.",Information Services,Self-employed,Self Owned,"Wellington, Wellington, New Zealand",New Zealand,editmode.co.nz,https://www.linkedin.com/company/editmode
Candidpay,"Use real-time market data and your team’s unique context to make fair, confident pay decisions.",Information Services,2-10 employees,Privately Held,"Auckland, Auckland, New Zealand",New Zealand,candidpay.ai,https://www.linkedin.com/company/candidpay
CDL Records Management,"CDL Document Solutions is a leading records management and storage company, helping New Zealand businesses meet their legal obligation to securely store documents, by providing effective data storage solutions.

Providing a personalised document management service, CDL Document Solutions takes the time to learn about a business, identifying an optimum records management system. Priding ourselves on being able to fulfil client needs,

CDL Document Solutions top-level customer service attracts a diverse range of customers, including: surveyors, solicitors, insurance brokers, Trusts, Councils and more.

Understanding that most offices lack the resources on-site to be able to ensure secure document management and records storage, CDL Records Management is the answer to any data storage problem. Highly specialised, we make the process of document archiving seamless and stress-free with our structured process.",Information Services,2-10 employees,Privately Held,"Whangarei, Northland, New Zealand",New Zealand,cdlrecordsmanagement.co.nz,https://www.linkedin.com/company/cdl-records-management
eBreez Limited,IT Service organisation specialising in better understanding and integration of IT Services within Business.,Information Services,2-10 employees,Privately Held,New Zealand,New Zealand,,https://www.linkedin.com/company/ebreez-limited
Uneo Limited,"Protect your team, customers, and community through technology and innovation that proactively looks for risk, alerting you to events that need attention.

Our quality on-premise solution augments your existing CCTV infrastructure and is full-service  - including support, planning,  installation, maintenance, and training.",Information Services,2-10 employees,Privately Held,"Auckland, Auckland, New Zealand",New Zealand,uneo.co.nz,https://www.linkedin.com/company/uneo-limited
Affatar - Digital Trust,"Trust as a Service

ChainProof is secured, smart, digital trust at your fingertips. 
Affatar has built the infrastructure to create verifiable proof (aka ChainProof) on almost anything, whether it is digital or physical. Ensuring authentication, traceability, and security, simply and easily, Affatar enables everyday people to see the truth behind what’s portrayed to them.

Our first use case is Affatar’s ChainCamera – the world's first blockchain enabled camera. ChainCamera empowers users to produce media in an authentic and verifiable way. Media and marketing agencies can source and secure media for stories and campaigns in a streamlined way that enables them to be sure of the provenance of the information and the security of the exchange.

Affatar is here to restore trust to a digital world.",Information Services,11-50 employees,Privately Held,"Auckland, Auckland, New Zealand",New Zealand,affatar.com,https://www.linkedin.com/company/affatar
SCL NZ,"At SCL New Zealand we focus on data capture and RFID technology for meat processing plants. Our systems collect information at every step of production and link it together, giving plants full product traceability, compliance, and yield improvement.

Who we are -
Over 20 years’ experience in RFID and automation.
Trusted by major processors in Australasia, with 30+ sites running in New Zealand.
Specialists in designing and installing solutions that are reliable and easy to support.

What our system does -
Tracks product from knock box through to load-out.
Chiller automation: loading, weigh capture (hot and cold), and RFID-driven sorting.
Yield management: accurate, RFID-based monitoring to maximise plant performance.
Delivered as a “solution in a box”: equipment arrives pre-configured, quick to install, and ready to go live.

Benefits -
Compliance: provides a clear, auditable record.
Efficiency: reduces manual work and errors.
Yield: captures precise data to improve results.",Information Services,2-10 employees,Privately Held,"Auckland, Auckland, New Zealand",New Zealand,scl.co.nz,https://www.linkedin.com/company/scl-nz
Tiedocs,"TIEDOCS ES LA FORMA MÁS FÁCIL Y SEGURA DE VERIFICAR, ALMACENAR, GENERAR E INTERCAMBIAR INFORMACIÓN CERTIFICADA ENTRE PERSONAS Y EMPRESAS
La gran idea de Tiedocs es que todo documento generado por la plataforma o que halla sido verificado por nuestro equipo se le asigna un código único. Una vez realizado este paso, ese código puede ser compartido ante cualquier persona u organización el cualquier parte del mundo.",Information Services,2-10 employees,Self Owned,"Dunedin, Otago, New Zealand",New Zealand,tiedocs.com,https://www.linkedin.com/company/tiedocs
Citizens Advice Bureau Pakuranga/Eastern Manukau,"We are a nationwide, but locally based, community organization. We help people to know and understand their rights and obligations, and how to use this information to get the best outcomes. We provide people with the confidence and support they need to take action. We use insights from our clients’ experiences to work for positive social change. 

The aims of Citizens Advice Bureau are to:

ensure that individuals do not suffer through ignorance of their rights and responsibilities, or of the services available, or through an inability to express their needs effectively; and exert a responsible influence on the development of social policies and services, both locally and nationally.",Information Services,2-10 employees,Non Profit,"Auckland, Auckland, New Zealand",New Zealand,cab.org.nz,https://www.linkedin.com/company/citizens-advice-bureau-pakuranga-eastern-manukau
Statistical Consultants Ltd,"Statistical Consultants Ltd is a New Zealand based company that provides a wide range of statistical services to the private and public sectors.

The services we provide include (but are not limited to) the following:
- modelling and forecasting
- survey design
- statistical programming, databases and simulations
- econometrics and financial analysis
- data-mining and marketing statistics 
- training and software support 
- report writing and graphics",Information Services,Self-employed,Privately Held,"Auckland, New Zealand",New Zealand,statisticalconsultants.co.nz,https://www.linkedin.com/company/statistical-consultants-ltd
SustainableElements3,SustainableElements3 is all about being able to maintain a certain level of living consistently.  Built around the Ecosystem idea and being able to be fully sustainable and independent in today’s world.  Even being able to continue a standard of living in a temporary crisis.,Information Services,2-10 employees,Privately Held,"Levin, Manawatū-Whanganui, New Zealand",New Zealand,sustainableelements3.com,https://www.linkedin.com/company/sustainableelements3
Women Empowerment New Zealand,,Information Services,2-10 employees,Privately Held,"Auckland, Auckland, New Zealand",New Zealand,,https://www.linkedin.com/company/women-empowerment-new-zealand
Immiplanet,"Immiplanet is a community of people and businesses united by the word ""immigration"".

If you are an immigration consultant you are welcome to publish information about your company on our website. Share your experience, write articles, answer on visitor's questions. Build your reputation as a reliable company.

If you are looking for immigration help, you will find your answer across articles or you may choose an immigration consultant to help you.

http://immiplanet.com/",Information Services,2-10 employees,Public Company,"Auckland, Auckland, New Zealand",New Zealand,immiplanet.com,https://www.linkedin.com/company/immiplanet
Stats NZ,"Stats NZ Tatauranga Aotearoa supplies some of New Zealand’s most important statistics, data and insights to allow decision makers to make informed decisions to improve social, economic and environmental growth for New Zealanders. We are the source of official statistics and the leader of the Official Statistics System and of New Zealand’s public sector data and analytics system. 

Stats NZ collects and releases information on a wide range of subjects including population, businesses, the economy, people and communities, and industry.

Contact our Information Centre for help finding information and data on our website, or for guidance on how to use our online tools. Call toll-free on 0508 525 525 or email info@stats.govt.nz.

You can also follow us on Twitter @Stats_NZ. 

Terms of use for Stats NZ LinkedIn accounts: http://ow.ly/ACop309OZy7",Information Services,"501-1,000 employees",Government Agency,"Wellington, Wellington, New Zealand",New Zealand,stats.govt.nz,https://www.linkedin.com/company/statistics-new-zealand
Till Payments,"Till is the fast-moving, Aussie-born, global fintech disruptor opening up a world of possibilities for businesses seeking simple, seamless, all-in-one payments, we take the complexity out of getting paid with single-source solutions that ensure merchants can accept any payment wherever and whenever their customers shop, be it online, in-store, or a combination of both.",Information Services,51-200 employees,Privately Held,"Wellington, Wellington, New Zealand",New Zealand,tillpayments.com,https://www.linkedin.com/company/tillpayments
Te Uru Tāngata Centre for Workplace Inclusion,"Previously known as Diversity Works New Zealand, Te Uru Tāngata Centre for Workplace Inclusion is the only national entity giving trusted workplace inclusion advice across all diversity dimensions.

We help Kiwi organisations on their diversity and inclusion journey and we are a part of the solution to a more diverse and inclusive Aotearoa.

-We provide a range of training, advice, member resources, research, networking events and case studies
-We are the leaders in diversity and inclusion
-We celebrate successful workplace diversity and inclusion initiatives with our annual Diversity Awards NZ(TM)

We help organisations do diversity and inclusion well, and do well because of it.",Information Services,11-50 employees,Non Profit,"Auckland, Auckland, New Zealand",New Zealand,workplaceinclusion.org.nz,https://www.linkedin.com/company/teurutangata
Valocity,"Valocity powers banks, lenders, and valuation ecosystems across over 4,000 cities through a secure, AI-enabled platform that embeds trusted data, compliance, and policy-aligned workflows directly into property and mortgage decisions.

For more than a decade, we’ve been building the digital infrastructure behind some of the world’s most important financial decisions, helping institutions move faster while operating with confidence in highly regulated environments.

Our trusted digital infrastructure connects valuers, brokers, insurers, lenders, governments, real estate agents and consumers into a single, trusted ecosystem. The result is less friction, better decisions, and greater transparency across the entire property lifecycle.

In India, we’re particularly proud of the role we play in supporting housing access at scale, enabling robust, auditable valuation processes that help lenders responsibly extend credit, including to previously underserved and unbanked communities.

To date, Valocity has supported more than USD $2.6 trillion in property-related lending decisions across both established and emerging markets. Alongside this, our data and workflows are helping institutions meet evolving ESG expectations while delivering clearer, more consistent customer experiences.

We’re building the infrastructure that makes property decisions work, securely, sustainably, and at scale.",Information Services,51-200 employees,Privately Held,"Auckland, Auckland, New Zealand",New Zealand,valocityglobal.com,https://www.linkedin.com/company/valocityglobal
MetService,"MetService is New Zealand's national weather authority and the Government-approved sole provider of severe weather warnings. We are recognised for these roles by the United Nations’ World Meteorological Organization (WMO).

We help people stay safe and make informed decisions based on the weather. We are a trusted organisation whose reputation has built over more than 160 years.

Our National Forecasting Centre is the base for over 60 meteorologists, all trained to WMO standards. The team are permanently on watch over Aotearoa 24 hours a day, 365 days of the year. Not only do we provide land-based forecasting, we are also responsible for over 12 million square nautical miles of ocean.

MetService is a Kiwi organisation with a local and global view. We contribute beyond our own shores as part of the WMO, working with our Pacific neighbours in regard to severe weather, the monitoring of tropical cyclones, volcanic ash and the southern ice shelf, as well as inputting observations into global models.",Information Services,201-500 employees,Government Agency,"Wellington, Wellington, New Zealand",New Zealand,metservice.com,https://www.linkedin.com/company/metservice
Intopia,"Intopia is a leading digital accessibility and equitable design agency, celebrating diversity and inclusion. We’re a proudly disability-led and female-led social enterprise passionate about creating an inclusive digital world.

We work with national and global organisations of all sizes and types across government, not-for-profits, and the private sector. No matter where you are in your accessibility journey, our friendly and skilled team will help you address accessibility issues with confidence.",Information Services,11-50 employees,Privately Held,"Wellington, Wellington, New Zealand",New Zealand,intopia.com.au,https://www.linkedin.com/company/intopia-digital
Data Insight,"Data Insight helps New Zealand organisations turn data and AI into real-world impact. Since 2013, we’ve partnered with public and private sector organisations to make sense of complex data, build confidence in decision-making, and unlock opportunities for sustainable growth.

We work with organisations operating in complex, enterprise-scale environments to design, build, and embed modern data capabilities that deliver real business value. Our work spans the full data lifecycle, from data strategy and governance through to cloud data platforms, analytics engineering, AI enablement, and capability uplift.

What sets Data Insight apart is our focus on strong foundations. We help organisations get the basics right, including data quality, architecture, governance, and operating models, so analytics and AI initiatives are scalable, responsible, and sustainable. This reduces risk, improves adoption, and ensures insight can be trusted at every level of the organisation.

Our team combines their technical expertise with practical business understanding. We work closely with leaders, delivery teams, and frontline users to align data initiatives with organisational goals, regulatory obligations, and real-world constraints. Whether supporting enterprise transformation programmes, lifting data and AI literacy, or enabling better decision-making through analytics, we prioritise clarity, collaboration, and outcomes.

Data Insight is trusted by organisations operating in regulated and high-complexity environments who need more than dashboards or tools. We help build the capability, confidence, and culture required to make data work in practice, today and into the future.",Information Services,11-50 employees,Privately Held,"Auckland, Auckland, New Zealand",New Zealand,datainsight.co.nz,https://www.linkedin.com/company/data-insight-ltd
Tauranga Business Chamber,"Our role is to support and champion local business, giving our business owners a helping hand where they need it most – and, if we can’t help them, we’ll connect them to someone who can.  

As an independent organisation, with a long-standing history in the region, we also have an important role to play – and it’s a position we don’t take lightly.

As the voice of the business community, we take a stand where it counts, and use our connections and influence to advocate for change that will make our business environment better for locals.

It’s about putting our people are the centre of our business community and asking them, ‘How can we help you?’",Information Services,2-10 employees,Non Profit,"Tauranga, Bay of Plenty, New Zealand",New Zealand,tauranga.org.nz,https://www.linkedin.com/company/taurangabusinesschamber
Voco Consulting,"Trusted by government and enterprise across New Zealand and Australia to deliver transformation. For 25 years, we've helped organisations move faster and smarter. Solving complex challenges across strategy, systems and software, delivering clarity, momentum and results that stick.
Simplifying Complexity. Delivering Impact.
We deliver transformation side-by-side with your team, whether working within your organisation to drive outcomes or designing the solutions that bring strategy to life.
Different by design, we're practical, embedded, and focused on what works, not what looks good in a slide deck. You get senior consultants who align to your goals and build capability as they go. No handoffs. No filler. Just people who bring energy, clarity, and commitment to your transformation.
Our teams have deep experience across Microsoft, SAP, Oracle, and Workday. We build and deliver on Microsoft. For SAP, Oracle, and Workday, we work client-side to shape scope, navigate complexity, and keep programmes on track.
Our Process
Clear. Embedded. Actionable.
We don’t work at arm’s length. We embed with your team, ask smart questions early, and focus on what matters. The result? Momentum, buy-in, and solutions that actually stick.
•	We shape change around your people, systems, and culture
•	We bring structure without red tape
•	We move fast, build capability, and deliver what we promise
 
Services

Consulting & Advisory
Business Tranformation
Digital Transformation
Project & Programme Management
AI
Technology Architecture
Custom Applications & Software
Application Support
Strategic Sourcing & Procurement
M&A and Divestments",Information Services,11-50 employees,Privately Held,"Auckland, Auckland, New Zealand",New Zealand,voco.digital,https://www.linkedin.com/company/voco
Efficiency Leaders,"The team at Efficiency Leaders are finance process transformation specialists. We entered the market in 2009 with a strong focus on helping organisations become highly efficient and, ultimately, leaders in this field. With our strong team, passionate focus, clear vision and loyal customers, we've now taken a leading position in all things relating to finance automation.

We command an envious position in our chosen field, having won the following awards on a global stage; Best Accounts Payable Automation, Best System Integration, Most Innovative Use of Technologies and Best Leading Capture Use Case and runner-up in many other categories.

Our customers are our greatest advocates and testify to the quality of our solutions and our ability to deliver the desired business outcomes. 

We don’t view ourselves as a supplier who only delivers products and services. We don’t view the organisations we work with as targets from which to only drive revenue. We see our customers as individuals, we focus on building long-term sustainable relationships and we love to be seen as a partner to the organisations we work with. We’re also extremely proud of the fact that we have been recognised at a global level, on numerous occasions, for our innovation and intellectual property.

-	Accounts Payable Automation
-	Accounts Payable Reconciliation
-	Purchase Order Requisitioning 
-	Expense Claim Management
-	Vendor Onboarding",Information Services,11-50 employees,Privately Held,"Christchurch, Canterbury, New Zealand",New Zealand,efficiencyleaders.com.au,https://www.linkedin.com/company/efficiencyleaders
Orikan,"Technology underpins the way our communities live, work and play. 

Orikan is a world-class provider of a complete range of parking technology solutions that support real communities. From meters, maintenance and sensors to infringement management, digital permits, smart payment applications, compliance and analytics: we provide a one-of-a-kind, industry-leading suite of services. 

Supported by the passion and dedication of our outstanding and experienced team, our focus is on delivering our comprehensive solutions in way that prioritises our community-first ethos. 

Orikan: solutions for a smarter future.",Information Services,201-500 employees,Privately Held,"Auckland, Auckland, New Zealand",New Zealand,orikan.com,https://www.linkedin.com/company/orikan
Relativ Impact,"Our integrated approach towards impact management, resource mobilisation and strategic communications combines tested processes, proprietary tools and global expertise. We place highest value on developing relationships and partner with our clients to co-create solutions to engage stakeholders, measure outcomes and mobilise resources.",Information Services,11-50 employees,Privately Held,"Havelock North, Hawke's Bay, New Zealand",New Zealand,relativimpact.com,https://www.linkedin.com/company/relativ-group
CreditWorks,"Since 1998, CreditWorks built one of the most comprehensive real-time credit databases in New Zealand, covering over 3.5 million matched debtor records across 35+ industry sectors.
Our flagship system, CRISworks (Credit Referencing Industry Solution), delivers live internet-based trade debtor reports that help businesses assess new or existing customers with clarity and confidence. We provide unmatched visibility into debtor payment histories, trading behaviour and overall exposure. Our tools, including FINZscore, CheckMate, PPSRPlus and ApplyPlus, turn financial statements, court actions and public notices into clear, actionable credit-risk profiles. Whether you need one-off credit checks, ongoing monitoring or a fully outsourced credit-management team, we tailor our services so you can stay focused on running your business.
CreditWorks is 100% New Zealand-owned and ISO 27001 certified, giving confidence to ensure all data is managed securely, ethically and in full compliance with privacy requirements. 
Our mission? To help Kiwi businesses minimise bad debt, improve cashflow and trade with confidence by providing the data, tools and advisory expertise to make informed credit decisions every time.
Get in touch to discuss the right solution - creditworks.co.nz/contact/",Information Services,11-50 employees,Privately Held,"Auckland, Auckland, New Zealand",New Zealand,creditworks.co.nz,https://www.linkedin.com/company/creditworks-group-limited
Quotable Value Ltd,"Quotable Value (QV) is New Zealand's largest valuation and property services company. We are a market-driven, commercially focused business, offering innovative professional valuation and related property information services.

As a solutions focused business that is proudly New Zealand owned QV offers you independent and extensive services across the residential, rural, government and commercial sectors in New Zealand and Australia.

Our culture is driven by our customers. They are at the heart of everything we do. By understanding their aspirations, challenges and needs we can do more than deliver services, QV becomes a true partner in our customers’ success and a better business for the future. 

Our vision is to be the one place people go when they think about property.  

Go to our website: https://www.qv.co.nz/",Information Services,201-500 employees,Government Agency,"Lower Hutt, Wellington, New Zealand",New Zealand,qv.co.nz,https://www.linkedin.com/company/quota
Information Leadership,"Build trust, clarity, and control into Microsoft 365. From untangling legacy content to enabling AI, we help you move faster with solutions that fit your people and your risk profile. Our work is anchored in one idea. Confidence, by Design. We make information your most durable advantage.

Founded in 2004, Information Leadership has helped hundreds of organisations bring clarity and control to their content environments. Our solutions, including iWorkplaceTM AI, iWorkplaceTM ECM, and iWorkplaceTM Business solutions are trusted, proven, and flexible. And every engagement is backed by expert guidance and a people-first approach.

Our proven frameworks simplify compliance, automate governance, and make information management usable. You gain visible, measurable improvements in security, collaboration, and compliance.

Ready to partner with a team that puts your confidence first? DM us!",Information Services,51-200 employees,Privately Held,"Wellington, Wellington, New Zealand",New Zealand,informationleadership.com,https://www.linkedin.com/company/information-leadership-consulting
InPhySec Security,"InPhySec was acquired by Fujitsu. This page is no longer updated and monitored.  

Visit Fujitsu’s global LinkedIn page to get access to global innovations, case studies and news.",Information Services,51-200 employees,Privately Held,"Wellington, Wellington, New Zealand",New Zealand,inphysec.co.nz,https://www.linkedin.com/company/inphysec
Te Waka: Waikato's Regional Economic Development Agency,"Waikato's regional economic development agency, Te Waka, exists to make a difference for people in the Waikato region through action and impact-focused economic development. 

We do this by providing insight, advocating for the Waikato region, connecting opportunities, and facilitating projects that develop the local economy. We help people make smarter decisions, attract investment and talent to the region, and help great businesses grow.",Information Services,2-10 employees,Partnership,"Hamilton, Waikato, New Zealand",New Zealand,tewaka.nz,https://www.linkedin.com/company/waikato-regional-economic-development-agency
ALGIM,"The Association of Local Government Information Management (ALGIM) represents the national and international interests of the information, communication and technology (ICT) sector within New Zealand’s city, district and regional councils. We provide best practice in the local government ICT sector by enhancing professional development through scholarships, training, events, awards and networking, and offer leadership through toolkits, advocacy, research and shared services.",Information Services,2-10 employees,Non Profit,"Palmerston North, Manawatū-Whanganui, New Zealand",New Zealand,algim.org.nz,https://www.linkedin.com/company/algim
Pacifecon (NZ) Limited,"Pacifecon is a New Zealand business with unrivalled knowledge of planned building and construction project information across New Zealand and the Pacific islands. For over 30 years we have provided researched information on upcoming residential, commercial, industrial and infrastructure projects.
We offer:
•	Construction project data online 
•	Customised project integration
•	Construction market analysis
•	New Zealand Building Consents 
•	Databases for Marketing 

The benefits to our clients:
•	Improved profitability
•	Maximised sales efficiencies
•	Optimised key relationships

Over 30 researchers, across New Zealand, use their local knowledge in each of the regions and sectors to deliver thorough, timely and accurate information on construction projects from the earliest planning stages across ALL sectors: 
•	RESIDENTIAL: detached, medium density, apartments, retirement villages 
•	NON-RESIDENTIAL: commercial, industrial, education, health, sport 
•	INFRASTRUCTURE: civil, heavy engineering and energy.

Our researchers have long-term relationships with key decision makers. They have a strong focus on identifying new projects at early planning stages and are committed to providing timely updates. 

Great customer service is a priority for us - the team are passionate about construction and strive to ensure you make the very most of our data. Our friendly and enthusiastic sales and support team work with you to provide a customised solution for your business needs.

In 2012 we established a strategic alliance with Cordell (a subsidiary of CoreLogic). Cordell are the leading provider of data to the Australian construction industry. 

Since 2013 we have worked with MBIE and BRANZ to produce the National Construction Pipeline report. This annual report provides a forward view of national construction activity for the coming six years. The report includes graphs, tables and commentary of actual and future building and construction work.",Information Services,51-200 employees,Privately Held,"Auckland, Auckland, New Zealand",New Zealand,pacifecon.co.nz,https://www.linkedin.com/company/pacifecon-nz-limited
Forest Economic Advisors (FEA),"FEA is the best source for independent analysis and third-party forecasts for the wood products and timber sectors. Our wide-ranging network of contacts in the producer, supplier, financial, government and academic communities assures that we provide our clients with a balanced and comprehensive assessment of the sectors we cover.  

We are an owner-operated company comprised of engaged, experienced and informed analysts. Our team comes from a variety of backgrounds, but each of us has established a solid reputation of excellence in the forest products industry.

FEA's team of professionals shares a common goal: to provide top-notch analysis without compromising our independence or integrity. We are enthusiastic economists and sales professionals with a passion for discovering, forecasting, and communicating about trends in the forest products industry.",Information Services,11-50 employees,Privately Held,"Auckland, Auckland, New Zealand",New Zealand,getfea.com,https://www.linkedin.com/company/forest-economic-advisors
Women in Data Science New Zealand,"WiDS New Zealand is an independent event that is organized by the School of Engineering and Computer Science at Victoria University of Wellington as part of the annual WiDS Worldwide conference organized by Stanford University and an estimated 200+ locations worldwide, which features outstanding women doing outstanding work in the field of data science. All genders are invited to attend all WiDS Worldwide conference events.
The WiDS NZ 2025 event provides an opportunity to hear about the latest data science related research and applications in a number of domains, and connect with others in the field.
All genders are invited to attend all WiDS Worldwide conference events.",Information Services,2-10 employees,Non Profit,"Wellington, Wellington, New Zealand",New Zealand,wgtn.ac.nz,https://www.linkedin.com/company/women-in-data-science-new-zealand
Flock Consulting,"We Build the Data Foundation That Makes AI Work.
Clean data in. Intelligent decisions out. Flock is a New Zealand data foundation and AI consultancy, from strategy to delivery, under one roof.
Most organisations have spent years investing in data. The challenge now is not collecting more of it; it is making it work for AI which is only as good as the data beneath it. Without clean, governed, connected data infrastructure, AI initiatives fail to deliver. This is exactly the problem Flock is built to solve.

Our Capabilities:
* Your Data & AI Journey
* Intelligent Cloud Foundations
* Data for Decisions

Ready to unlock your data’s full potential?
Let’s talk. Get in touch to see how Flock can help you turn data into impact – we’re ready to be your partner in data excellence.",Information Services,11-50 employees,Privately Held,"Dunedin, Otago, New Zealand",New Zealand,flockconsulting.co.nz,https://www.linkedin.com/company/flockconsulting
Book Sprints,"From zero to book in five days.

A book written by the right people at the right time establishes authority on a topic. Book Sprints facilitates your experts to aggregate knowledge, turn it into clear information and publish it fast.

Your team’s knowledge in your clients’ hands
Whether your company wants to produce quality software documentation or a book that aims to influence governmental policy, a Book Sprint can bring the right minds into the room, focus the discussion and generate true productivity.

Make the book your readers want
Fast production does not mean compromising on quality. At the end of the week you receive an edited, illustrated and uniquely-designed PDF or EPUB to print or distribute online. Our clients’ books get published, translated into multiple languages and shipped around the world.

Rapid book production is our craft
Our team of content facilitators, illustrators, editors and HTML book designers has produced well over 100 books using the Book Sprint method. Once you’ve seen what’s possible in five days, it might be difficult to tackle a writing project in any other way again.",Information Services,11-50 employees,Privately Held,"Auckland, Auckland, New Zealand",New Zealand,booksprints.net,https://www.linkedin.com/company/book-sprints
BPIR.com (Best Practice Improvement Resource),"With thousands of benchmarks, best practices, tools, networking and more the BPIR is the complete resource for improvement and business excellence.

The BPIR is built around a primary goal - Don't reinvent the wheel. With such a wealth of information available to members you don't have to start from scratch. For any given process there are performance measures, benchmarks, best practices, self-assessment tools, expert opinions, articles, case studies and more available to guide you through any improvement project. Plus, if you want further information, new contacts, benchmarking partners or assistance then Network with 1000's of other members - read their profiles, the improvement tools they use, their best practices and contact them.",Information Services,2-10 employees,Privately Held,"Palmerston North, Manawatū-Whanganui, New Zealand",New Zealand,bpir.com,https://www.linkedin.com/company/bpir-com-limited
LOCUS,"Locus is Australia and New Zealand’s trusted FME partner.

We lead in FME licensing, deployment, training and support, helping government, utilities, energy providers and enterprise organisations integrate data and automate workflows for smarter decision-making.

With unmatched local expertise and the backing of a global network, our team of FME Certified Professionals empowers organisations to:

• Streamline complex data integration
• Connect GIS and enterprise IT systems
• Improve data quality and efficiency
• Accelerate innovation and growth with FME

From strategy through to implementation, Locus helps businesses unlock the full potential of their data. 

Learn more: www.locusglobal.com",Information Services,11-50 employees,Privately Held,"Auckland, Auckland, New Zealand",New Zealand,locusglobal.com,https://www.linkedin.com/company/locusfme
New Zealand Papua New Guinea Business Council,"The New Zealand Papua New Guinea Business Council was established in 1993 with the underlying objective to heighten awareness of the business environment and market opportunities in Papua New Guinea.

The New Zealand Papua New Guinea Business Council exists to promote and facilitate economic and trade relations between New Zealand and Papua New Guinea. We provide the environment where knowledge is shared and business connections are made.

We organise regular events where you have the opportunity to meet with visiting dignitaries and New Zealand government officials and gain valuable insight into the business and cultural environment of the Papua New Guinea market.

We assist Members with their trade enquiries and act as the voice of business between New Zealand and Papua New Guinea companies.",Information Services,Self-employed,Non Profit,"Auckland, Auckland, New Zealand",New Zealand,nzpngbc.org.nz,https://www.linkedin.com/company/new-zealand-papua-new-guinea-business-council
Centrix,"We help businesses minimise risk

As New Zealand’s national credit bureau, we know New Zealand better than anyone. We’ve been helping Kiwi businesses minimise risk since 2009 by providing comprehensive account payment data and credit information.

We collect and analyse credit information on over 4 million Kiwi consumers, giving you a clear picture of most people’s credit records through consumer credit reports. 

We also have a Commercial Bureau producing comprehensive business credit reports. These reports can help you assess the risk of doing business with your customers, protect your cashflow, and monitor the strength of your supply chain network. 

These reports contain up-to-date information about the payment history of most people and businesses actively using credit New Zealand, as well as a straightforward credit score, to help you determine the level of risk at a glance.
You can access credit reports for New Zealand consumers and companies simply and affordably through the Centrix simple self-serve portal. 

To find out more visit https://www.centrix.co.nz/get-reports/",Information Services,11-50 employees,Privately Held,"Auckland, Auckland, New Zealand",New Zealand,centrix.co.nz,https://www.linkedin.com/company/centrixgroupltd
Thomson Reuters New Zealand,"Thomson Reuters New Zealand is a leading information provider to legal, tax & accounting and HR & OSH businesses and professionals, under the Thomson Reuters, Brookers, Employment Today and Safeguard brands.

Thomson Reuters clarifies today’s complex landscape with AI and technology, deep subject-matter expertise, and content the world has trusted for over 150 years — giving professionals the confidence to know today, navigate tomorrow, and lead a fast-evolving world.

We empower professionals to reduce inefficiencies so they can do more of the work that matters, act decisively to add greater value for critical stakeholders, and anticipate future challenges to face the unexpected.

As the future arrives faster than ever, we’re standing alongside professionals, ready to inform the way forward.",Information Services,51-200 employees,Public Company,"Wellington, Wellington, New Zealand",New Zealand,thomsonreuters.co.nz,https://www.linkedin.com/company/thomson-reuters-new-zealand
Desktop Imaging NZ,"Delivering sustainable business process solutions. By partnering with leading technology companies, we are able to introduce solutions that enable you to embrace a digital workplace.

Founded in 1997, Desktop Imaging now has three locations and more than 50 employees. We pride ourselves on providing solutions that can help organisations achieve their goals at any stage in their business. For our customers, we focus on innovation and high performance thanks to our experienced management, project teams, technical staff and business partners. It's our passion to help organisations automate, digitise, collaborate, and grow.

Changes continue to happen at a rapid pace. We make it easy for Aotearoa organisations to access the best technology and set a clear path for a digital future through our partnerships with Nintex, OPEX, Psigen, Peppol, Kodak, Link4 and Brother.

Our goal is to help organisations ditch the paper and old software in favour of new, innovative technologies as things like full-time remote working and flexible productive workflows become more in need for teams in-house and remotely.",Information Services,11-50 employees,Privately Held,"Wellington, Wellington, New Zealand",New Zealand,desktopimaging.co.nz,https://www.linkedin.com/company/desktop-imaging-nz
Navigate,"Alternative protein is not dead. And for New Zealand, it's not about oat milk or veggie burgers. New Zealand dairy is uniquely exposed to disruption from emerging alternatives due to the proportion of our milk that is used to make generic dairy ingredients.

New Zealand produces just 3% of all the dairy in the world, yet we are 53% of world whole milk powder exports. Whole milk powder 

Hi, I’m Anna, a dairy farmer’s wife. We live on a dairy farm in New Zealand with nearly 1,000 cows. I studied Food Science and Nutrition at uni, and until recently worked inside NZ dairy processing plants.  I know what New Zealand’s dairy industry looks like, from farm to 25kg bag of whole milk powder heading offshore.

I think milk is an awesome product, and am by no means anti-farming. I am, however, convinced that New Zealand’s dairy industry is extremely exposed to disruption and I don't think we're having the right conversations as an industry.",Information Services,Self-employed,Privately Held,"Otago, Otago, New Zealand",New Zealand,,https://www.linkedin.com/company/navigatethefuture
TIMG (New Zealand),"Your partner in secure information management, digitisation, and destruction.

Whether you require document storage, digital archiving, cloud backup, eWaste disposal, scanning, or destruction of documents, we have the solutions you need to digitise, manage, and secure your business information.",Information Services,201-500 employees,Public Company,"Auckland, Auckland, New Zealand",New Zealand,timg.co.nz,https://www.linkedin.com/company/timg-nz-
Simply Privacy,"We’re NZ’s leading privacy and responsible AI consultancy. Our approach reflects global best practice – we apply risk-based, privacy and trust by design thinking to all the work we do. We know that our clients need enablers, not barriers. We aim to empower you to achieve your goals in a way that respects people and their data.",Information Services,2-10 employees,Privately Held,"Auckland, Auckland, New Zealand",New Zealand,simplyprivacy.co.nz,https://www.linkedin.com/company/simply-privacy-ltd
Vrax,Vrax’s long-term mission is to protect organisations by creating measurable friction for threat actors. We exist to make cyber attacks economically and operationally unviable against the organisations we protect.,Information Services,2-10 employees,Privately Held,"Wellington, Wellington, New Zealand",New Zealand,vrax.io,https://www.linkedin.com/company/vrax
Diversity of Thought Insights - DOT Scorecard,"Leverage your cognitive diversity and improve your decision-making practices and culture. When facing complexity, you can harness diversity of thought to improve your group decision-making.

Team & Board Development
- develop your team into a unified decision-making group that can share what they are really thinking

Board Evaluations
- ensure your board has the diversity of thought required to address complexity

Strategy Sessions
- set the scene for participants to think more broadly and actively contribute

Recruitment for Diverse Thinking
- consider candidates potential to contribute to your diversity of thought",Information Services,2-10 employees,Privately Held,"Christchurch, Canterbury, New Zealand",New Zealand,dotscorecard.com,https://www.linkedin.com/company/diversity-of-thought-dot-scorecard
Freeman,"Freeman is an experienced and savvy information services provider to the New Zealand corporate community.

It specialises in online subscription news and information services for specific business sectors. It also publishes a range of reports and maps, and runs industry events including large format conferences.

Publications include Energy News, Inside Resources and Capital Letter, serving the energy, resources and legal sectors. 

Events it owns and runs include the New Zealand Energy Excellence Awards, Downstream, Energy Trader Forum, Oceania Renewable Power Summit, and Future Roads.

Freeman also publishes detailed industry infomaps, which provide an in-depth picture of the different sectors the company works with.",Information Services,11-50 employees,Privately Held,"Wellington, Wellington, New Zealand",New Zealand,freemanmedia.co.nz,https://www.linkedin.com/company/freeman-media
The New Zealand Wine Directory,"The New Zealand Wine Directory - New Zealand's Most Comprehensive Wine Resource: 1000s of links to NZ Wine Industry Related Businesses.

An Online Directory of website links to wine industry related companies and businesses. The Website provides visitors with free access to the online resource covering all aspects of the New Zealand Wine industry.",Information Services,Self-employed,Self Owned,"Waitara, Taranaki, New Zealand",New Zealand,nzwinedirectory.co.nz,https://www.linkedin.com/company/nzwinedirectory
New Zealand Services,"Established in 2009, New Zealand Services is an Auckland based agency specialised in delivering high quality tailored solutions to clients who want to invest, immigrate or study in New Zealand.

Our team is made of experienced bilingual professionals and consultants approved by the New Zealand government who have all made the choice to immigrate to New Zealand for various projects. We will help you with all your requirements by creating a plan suited to your needs and put at your disposal our expertise, our network of carefully selected partners and our commitment to guarantee the success of your project!

We love happy endings and leave nothing to chance in order to meet your expectations in the time and conditions that you have set.",Information Services,2-10 employees,Privately Held,"Auckland, Auckland, New Zealand",New Zealand,nouvellezelandeservices.com,https://www.linkedin.com/company/nz-services
CONTEXT Türkiye,"CONTEXT tahminleri, analitikleri ve veri yönetimi çözümleri Dünyanın önde gelen lider teknoloji şirketlerinin bilgi sistemlerine entegre halindedir. Her yıl küresel BT kanalı için 200 milyar doların üzerinde satış işlemini izliyoruz ve işliyoruz. 400'den fazla çalışanımız ile Londra, Berlin, Paris, Madrid, Milano, Varşova, Johannesburg, İstanbul, Dubai, Chicago, Buenos Aires, São Paulo, Mumbai, Auckland, Singapur, Seul, Taipei ve Tokyo gibi birçok şehirde faaliyet göstermekteyiz.",Information Services,201-500 employees,Privately Held,"Auckland, Auckland, New Zealand",New Zealand,contextworld.com,https://www.linkedin.com/company/contextturkiye
Resourcefully.io,"Creating a community and supporting IT contractors both in NZ and globally. Having a great supported community enables organisations to tap into that group to hire IT contractors faster, cheaper, without the frustrations and stress. Find your next team and hire directly from both local and global talent pools. 

For remote IT contractors and those willing to relocate, bypass the 'gatekeepers' and keep more of your hourly pay in YOUR pocket. 

Resourcefully levels the playing field for contract IT jobs.",Information Services,2-10 employees,Privately Held,"Auckland, Auckland, New Zealand",New Zealand,resourcefully.io,https://www.linkedin.com/company/resourcefully-io
Energy Market Services,"Energy Market Services (EMS) provided a multi-faceted range of products and services, focusing on the provision of efficient data management and market solutions for private and public sector clients in New Zealand.

EMS' flagship em6 service is New Zealand’s electricity data hub - an essential information exchange that provides flexible access to electricity market data. https://app.em6.co.nz/

Our portfolio of managed services includes data administration, meter data management and supporting demand response products and services.  EMS is the FTR Manager Service Provider and operates the FTR market for New Zealand.  EMS is also the accredited issuer of I-REC certificates for renewable generation in New Zealand.

Energy Market Services (EMS) is commercial business group within Transpower NZ Ltd. Transpower is a State Owned Enterprise, tasked with owning and operating New Zealand’s National Grid - the network of high voltage transmission lines and substations that connect areas of generation with towns and cities across the country. Transpower is the System Operator and manages the real-time operation of New Zealand's power system.",Information Services,11-50 employees,Government Agency,"Wellington, Wellington, New Zealand",New Zealand,ems.co.nz,https://www.linkedin.com/company/energy-market-services
The Eldernet Group,"The Eldernet Group are New Zealand's leading providers of information about services for older people. We cover home based support services, retirement villages, aged residential care and many other services that offer support to older people. 

We offer older people, their family/whanau and those who support them access to this information on our website (www.eldernet.co.nz) and in our five regionalised handbooks ""Where From Here"" (https://www.eldernet.co.nz/where-from-here).",Information Services,11-50 employees,Privately Held,"Christchurch, Canterbury, New Zealand",New Zealand,eldernet.co.nz,https://www.linkedin.com/company/eldernet-and-care-publications
Faraday,"Faraday is the privacy foundry based in Auckland, New Zealand.

Faraday is a privacy advisory practice providing digital exposure assessments and OSINT investigations for high-risk individuals. We help clients in financial services, politics, law, venture capital, startups, and entertainment understand and reduce what's discoverable about them online before that exposure becomes a liability.

Our work combines open-source intelligence methodology with a practical understanding of the risks facing public-facing and high-profile individuals: reputational threats, physical security concerns, doxxing, targeted harassment, and social engineering.

We map a client's digital footprint the way an adversary would, then help close the gaps. Faraday was founded to bring institutional-grade privacy and threat assessment to individuals who need it most, but rarely have access to it.",Information Services,Self-employed,Privately Held,"Auckland, Auckland, New Zealand",New Zealand,faradayhq.com,https://www.linkedin.com/company/faradayhq
Customer Radar,"Unlock Your Business's True Potential with Customer Radar!

In today’s competitive landscape, your reputation can be your greatest asset or your biggest challenge. We enable businesses to automatically capture, manage and amplify their reputation, so they can focvus on delivering great customer experiences.

Our reputation management technology helps you:
- Capture Private Feedback: Know what your customers like, what you can improve and resolve issues before they escalate.
- Amplify your Online Reputation: continuously get more Google reviews and testimonials to provide current social proof and make it easy to choose your business over your competitors.
- Engage Your Team: Foster a customer-centric culture that drives exceptional service and customer satisfaction.",Information Services,11-50 employees,Privately Held,"Auckland, Auckland, New Zealand",New Zealand,customerradar.com,https://www.linkedin.com/company/customer-radar
CyberFern,"At CyberFern, we guide startups to build strong, secure, and resilient foundations without breaking the bank. Our practical, straightforward approach helps you to understand and address your security needs, so you can focus on growing your business.",Information Services,2-10 employees,Self Owned,"Wellington, Wellington, New Zealand",New Zealand,cyberfern.com,https://www.linkedin.com/company/cyberfern
Agile Career Accelerator,Increase your income and influence as an agilist.,Information Services,2-10 employees,Privately Held,"East Coast, Gisborne, New Zealand",New Zealand,agilecareeraccelerator.com,https://www.linkedin.com/company/agile-career-accelerator
ViewPoint,"Turn feedback into action with one powerful platform.

ViewPoint is a real-time feedback platform designed to help organisations capture, understand, and improve experiences at scale.

We bring together every feedback channel — from touchscreen kiosks and tablets to QR codes, online surveys, and SMS — into one connected ecosystem. This means you can capture feedback in the moment, wherever your audience is, and see the full picture in real time.

Our intuitive smiley face surveys make it easy for people to respond, increasing engagement, accuracy, and response rates. Behind every response, our platform works harder — using intelligent analytics and AI-powered tools to uncover trends, highlight risks, and surface opportunities for improvement.

Capture. Analyse. Improve. All in one place.

With ViewPoint, you can:
	•	Capture real-time feedback at the point of experience
	•	Understand sentiment instantly with smart dashboards and reporting
	•	Receive live alerts when standards fall
	•	Use AI-driven insights to identify trends and prioritise action
	•	Create fully customised surveys tailored to your organisation

Trusted by global organisations including Amazon, Microsoft, P&G, Aldi, the NHS, and Network Rail, we help teams turn everyday feedback into meaningful change.

Whether you’re improving customer experience, employee engagement, or service delivery, ViewPoint gives you the clarity and confidence to act.

Founded in the UK, with a global presence and local support, we’re a team passionate about helping organisations listen better, act faster, and continuously improve.

One platform. Every voice. Real-time insight that drives performance.

#RealTimeFeedback #CustomerExperience #EmployeeEngagement #CXPlatform #FeedbackTechnology #AIInsights #SmileyFaceSurveys #ActionableInsights",Information Services,11-50 employees,Privately Held,"Auckland, Auckland, New Zealand",New Zealand,viewpointfeedback.com,https://www.linkedin.com/company/viewpoint-feedback
EPIC Innovation,"The EPIC Innovation building was an early disaster recovery project, established to house local Canterbury businesses displaced by the crippling 2011 Christchurch earthquake.

The first commercial venture back into the red zone following the Restart Mall, EPIC now has 16 ICT / high-tech focused companies under its roof, between 250 and 300 FTEs engaging in active collaboration with each other around the building every day.

Since the building first opened in October 2012, EPIC has played host to hundreds of functions. Public events take place every week, collaborative projects between tenants have leapt from the woodwork in all directions, and we have tenants who’ve reported revenue 100% ahead of years prior to moving into EPIC, some even experiencing as much as 400% growth.

Visitors have arrived from all corners of the globe – Google, The World Bank, Silicon Valley Investors, the US and Japanese embassy, the UK Prime Ministers office to name but a few.

With the help of both our partners and tenants EPIC has transformed from a creative post-earthquake shelter to a buzzing hive of collaborative energy and innovation.",Information Services,2-10 employees,Partnership,"Christchurch, Canterbury, New Zealand",New Zealand,epicinnovation.co.nz,https://www.linkedin.com/company/epic-innovation-chch
Independent Information Security Rating Institute,"IISRI brings the Moody’s approach from finance into the cyber sector, providing ratings that assess the effectiveness of security and privacy controls. 

They evaluate performance, conduct audits, and develop solutions to provide the most accurate ratings.

Their new automated vendor assessment tool monitors and rates security and privacy controls of vendors. It gives further actionable recommendations to enhance overall risk posture, making a significant impact on the international stage.",Information Services,11-50 employees,Privately Held,"Auckland, Auckland, New Zealand",New Zealand,iisri.com,https://www.linkedin.com/company/iisri
Anadyne IQ,"Anadyne IQ is a New Zealand-based AI consultancy focused on helping organisations get real, practical value from AI. From setting strategy through to building solutions and upskilling your team, we work alongside you so your organisation has a clear direction, the right tools, and the confidence to use AI responsibly.
 
How we help: 
→ AI Strategy and Governance - We work with you to build a clear plan for how your organisation uses AI, including the policies and guardrails that match your goals and risk appetite.
 
→ Use Case Mapping and Tool Selection - We help you to identify where AI can add the most value in your business and make sure the tools you adopt are the right fit for how you work.
 
→ AI Solutions and Implementation - We build fit-for-purpose AI solutions, from decision support tools through to custom AI applications, designed around how your organisation actually operates.
 
→ Training and E-learning - We upskill your team through workshops, hands-on training, and e-learning so they can use AI effectively, safely, and with confidence.
 
→ Keynotes and Executive Presentations - We bring AI to life for boards and leadership teams in a way that is engaging and practical, so they leave with a shared understanding and the confidence to make informed decisions.
 
Who we are:
Anadyne IQ was founded by sisters Dr Sarah Mitchell and Dr Steph Mitchell. With backgrounds in engineering, data science, and AI strategy, we've worked with organisations of all sizes across New Zealand. We have a knack for making complex AI concepts easy to understand and turning them into practical solutions that work for your business.
 
If you are exploring how AI could work in your organisation, we'd love to talk.
 hello@anadyneiq.com
 www.anadyneiq.com",Information Services,2-10 employees,Privately Held,"Auckland, Auckland, New Zealand",New Zealand,anadyneiq.com,https://www.linkedin.com/company/anadyneiq
ZenCompliance,"An AI powered revolutionary SaaS tool that empowers you to understand the privacy practices of the websites you visit for just browsing or making an online purchase. Experience the power of ZenCompliance and unlock the secrets of the web's privacy, refund, return policies, and terms of services/conditions today. Your digital security is our top priority.",Information Services,2-10 employees,Privately Held,"Christchurch, Canterbury, New Zealand",New Zealand,zencompliance.cloud,https://www.linkedin.com/company/zncompliance
Kiwi Connect,"Please note, Kiwi Connect is currently in hibernation mode. 

Our team are currently focusing 100% of our energy towards delivering the Edmund Hillary Fellowship (EHF), a new 3-year fellowship programme for visionary entrepreneurs and investors to build solutions to global challenges, from New Zealand. EHF operates in partnership with New Zealand's new Global Impact Visa. 

Please follow our EHF LinkedIn page to stay up to date: https://www.linkedin.com/company-beta/15196417/

Please also see:

EHF Website: https://www.ehf.org
EHF Blog on Medium: https://stories.ehf.org
EHF Facebook: https://www.facebook.com/edmundhillaryfellowship
EHF Twitter: https://www.twitter.com/EHFNewZealand

*** 

Kiwi Connect brings  together global impact ventures in New Zealand. We are a group of passionate entrepreneurs and change-makers with experience founding, funding, and scaling technology companies. 

Our mission is to advance projects and nurture pioneering communities in New Zealand that contribute to a more beautiful world. We work with a range of people and partnership organisations, whom are passionate about using their talents to help realise this vision.

Our core work is delivered through the Edmund Hillary Fellowship, a platform for impact-driven entreprenuers, investors and startup teams to build global impact ventures from New Zealand, the incubation nation.",Information Services,2-10 employees,Privately Held,"Wellington, Wellington, New Zealand",New Zealand,kiwiconnect.nz,https://www.linkedin.com/company/kiwiconnect
Picsell Media,"With a rich heritage in the image syndication business, Picsell Media has the expertise and experience to deliver a wide range of outsourcing services for the image industry – from keywording to sales promotion, even AI search. A 24/7 picture desk operates from offices in Auckland and Cape Town.  
Our single-minded goal is to help image companies, and those who use images, to make the most of the world of digital imagery by standing out from the crowd in terms of performance and meeting customer needs.

Often that involves improving quality and efficiency. We also help our clients develop new revenue streams and ways to beat the competition in a crowded marketplace through more focused marketing and accurate research. Whether it’s because your company no longer has the staff, you can’t cover the 24/7 sales day, or you need new ways of making money – we can help.

With a background in image syndication and journalism, we have a unique insight into the problems faced by all concerned.  And with a reputation for innovation, quality and integrity, it’s no accident that we work for some of the biggest names in the business.",Information Services,2-10 employees,Privately Held,"Auckland, Auckland, New Zealand",New Zealand,picsellmedia.com,https://www.linkedin.com/company/picsell-media
Mathiesons,"Mathiesons Chartered Accountants & Mathiesons Employment Relations

Based in the picturesque town of Ashburton the team at Mathiesons supports businesses throughout New Zealand. Using the knowledge we have built up over many years of experience you can feel confident that your business is in safe hands.

Dave Mathieson formed Mathiesons Chartered Accountants in 2011 with an objective of being able to gain a thorough overview of his clients businesses and provide insightful and proactive financial solutions.

His goal was to provide assistance and advice to an array of industries and to be ‘more than just numbers’  – and as the reputation of the business grew, so did the team and the services on offer.

A need for an Employment Relations service was quickly identified and Dave’s wife, Lynda Mathieson joined the business as an employment relations expert. With a background in all things employment, Lynda can work with you to ensure you not only meet legislative requirements, but have a team of engaged people within your business.

Together - Better - Success",Information Services,2-10 employees,Privately Held,"Ashburton, Canterbury, New Zealand",New Zealand,mathiesons.co.nz,https://www.linkedin.com/company/mathieson-chartered-accountants-ltd
SAP Global Network Ltd,"SAP Global Networks Ltd is a privately held Consultancy that specialises in but is not limited to SAP ABAP and Workflow Implementations and Upgrades. 

We do both on-shore and off-shore development and are based in Auckland, New Zealand.

If you want to hear more please email us on sap@vandeven.co.nz

Kind Regards,
Corné van de Ven
Founder - SAP Global Networks Limited
+64 21 848-602",Information Services,Self-employed,Self Owned,"Auckland, Auckland, New Zealand",New Zealand,,https://www.linkedin.com/company/sap-global-network-ltd
Praxxis Group,"Praxxis Group is the team behind www.opal3.com, based out of Auckland,  New Zealand.",Information Services,2-10 employees,Privately Held,"Auckland, Auckland, New Zealand",New Zealand,opal3.com,https://www.linkedin.com/company/praxxis-group
Davanti Consulting,"Change is constant. Staying ahead takes more than technology. At Davanti, we help organisations solve bigger problems than technology alone can fix.

We combine strategic thinking, human-centred design, AI innovation and technology delivery to help organisations navigate change with clarity and confidence. From shaping transformation strategies to designing better customer and employee experiences, implementing enterprise platforms and building long-term capability, we work alongside our clients from idea to impact.

Our approach is simple: Think Ahead. Design Ahead. Build Ahead. Stay Ahead.

Meaningful transformation doesn't begin with technology. It begins with understanding the problem behind the problem.

With more than 140 specialists across Australia and Aotearoa New Zealand, we're trusted by public and private sector organisations to deliver practical outcomes - not just presentations.

The business maintains strong partnerships with leading technology providers including Salesforce, enabling clients to access world-class platforms supported by local consulting expertise.

Technology enables change. People create it. We're here to help organisations stay ahead.",Information Services,51-200 employees,Privately Held,"Auckland, Auckland, New Zealand",New Zealand,davanti.consulting,https://www.linkedin.com/company/davanticonsulting
Samoa Business Network,"Samoa Business Network (SBN) is a non-governmental and non-profitable organisation that was formally established as an Incorporated Society on April 23rd, 2013 in Auckland, NZ.

However, the movement & work leading up to the formal establishment began years earlier, and with it’s official launch on September of 2012, thanks to the shared vision and direction of its current leader Laura Keil-Hall, a  Business Manager at the Bank of New Zealand at the time now working for the Ministry for Pacific Peoples as a Business Partnerships & Development Manager & Rasmus Pereira, an entrepreneur and businessman.

In November 2012, a branch was established in the Waikato region under the leadership of Meleane Burgess & was officially launched as Samoa Business Network Waikato in 2015. It has since rebranded to Waikato Pacific Business Network in 2016.

In November 2016, Samoa branch was launched. It was an honour & a privilege to have the Hon. Prime Minister of Samoa, Tuilaepa Sailele Malielegoai deliver the keynote address & officially launch the Network in Samoa. The Samoa branch is currently under the leadership of Afamasaga Jackie Curry.

In 2018, we are hoping to establish a connection with Wellington & Australia.

Our VISION is simply “to enable a successful worldwide network of Samoan Businesses, Entrepreneurs & Professionals”.

To do this, our MISSION is “to provide a platform for Samoan Businesses, Entrepreneurs & Professionals to network, collaborate & also make a positive difference in our community”.

We believe success is working together, supporting & uplifting each other. Our focus is connecting, sharing, promoting & celebrating our Samoan Businesses, Entrepreneurs & Professionals globally.

It is our strong sense of pride and patriotism for Samoa that drives us to do this work.

Membership; if you wish to join - https://goo.gl/forms/Y9fPMg6OumtToaKq1 or contact us & we shall send you the application form.",Information Services,Self-employed,Privately Held,"Auckland, Auckland, New Zealand",New Zealand,thepacificbizhub.com,https://www.linkedin.com/company/samoabusinessnetwork
Lighthouse,"Lighthouse is a digital conveyancing platform; a secure, integrated SaaS platform for lawyers and their clients to complete property transactions.

We’re on a mission to improve the experience of every person involved in the process of buying and selling property.",Information Services,2-10 employees,Privately Held,"Auckland, Auckland, New Zealand",New Zealand,light-house.co.nz,https://www.linkedin.com/company/lighthouse-nz
Porirua Chamber of Commerce,"The Porirua Chamber of Commerce was established to help strengthen the local business voice in the Porirua region - at both national and regional levels. Originally called the Porirua Business Development Council (PBDC) - the Chamber has been helping the Porirua region since 1983. 

We offer a wide range of services to support the local Porirua business community to keep you connected, informed and actively involved in the future of Porirua.",Information Services,2-10 employees,Privately Held,"Porirua, Wellington, New Zealand",New Zealand,poriruachamber.co.nz,https://www.linkedin.com/company/porirua-chamber-of-commerce
Road Engineering Assn NZ Chapter - REAAA,"The Road Engineering Association Of Asia And Australasia (REAAA) NZ Chapter is an association of people and organisations with a common interest in the science and advancement of road engineering. 
Objectives:
To promote and advance the science and practice of road engineering and related professions.
To encourage communication between persons charged with the technical responsibility for the planning, design, construction and maintenance of roads and allied structures.
To obtain and diffuse among the members, information on road engineering and related matters affecting the profession, and to print, sell, publish, issue and circulate the records of transactions of the Association or any papers, periodicals, books, circulars and other literary undertakings or any extracts there from as may seem conducive to any of these objects.
To educate and seek to improve, extend and elevate the technical and general knowledge of members and persons concerned with road engineering.
To serve as a focal point for exchange of ideas related to road engineering.
To conduct, encourage and collate research in road engineering.
To establish, form and maintain an index of available or existing literature and articles of interest in connection with road engineering.
To co-operate, as may seem conducive to any of these objects, with national and international organisations and to support and supplement their work.
Cooperating with national and international organisations to support and supplement their work.
Providing a catalyst for future developments and activities.
Establishing better inter-functional links between people involved in planning, designing, constructing, technology, manufacturing and various other services and trades associated with road engineering.
Being a regional focal point permitting the cross fertilisation of ideas thus creating better understanding amongst member countries.
Being a regional information service centre.",Information Services,2-10 employees,Non Profit,"Wellington, Wellington, New Zealand",New Zealand,reaaa.co.nz,https://www.linkedin.com/company/road-engineering-assn-nz-chapter
Doggone,Doggone is on a mission reunite lost pets with their owners through the power of everyday technology.,Information Services,2-10 employees,Public Company,"Christchurch, Canterbury, New Zealand",New Zealand,doggone.co.nz,https://www.linkedin.com/company/doggone
ARANZ,"ARANZ is an incorporated society, established in 1976, with the aim of promoting the understanding and importance of records and archives in New Zealand. ARANZ is administered nationally by a Council of elected members. Branches are established in Auckland, Canterbury, Central Districts, Otago/Southland, Waikato/Bay of Plenty, and Wellington.",Information Services,Self-employed,Non Profit,"Wellington, Wellington, New Zealand",New Zealand,aranz.org.nz,https://www.linkedin.com/company/aranz-archives-and-records-association-of-new-zealand
The Better Business Analysis Institute (BBAI),"The Better Business Analysis Institute (BBAI) is an industry body focused on the progressive growth and capability of quality business analysts. 

Our difference is that we teach and promote the specific skills needed to complete quality business analysis work.",Information Services,2-10 employees,Educational,"Lower Hutt, Wellington, New Zealand",New Zealand,bba.institute,https://www.linkedin.com/company/the-better-business-analysis-institute
Arben Consulting,"Arben is about business. It's about understanding. It's about outcomes. We help put your challenges and opportunities in a strategic context, offering independent advice on the right level of technology investment to achieve success.

We don't just walk away. Our team can stand in to make the changes we recommend happen while growing your future leaders.

Our teams's business experience includes private and government organisations. We have work in the Health Sector, Education, Construction, Banking and Retail.

Contact us to talk through your technology-related business problems.

www.arben.co.nz | +64 021 938 688 | info@arben.co.nz",Information Services,2-10 employees,Privately Held,"Wellington, Wellington, New Zealand",New Zealand,arben.co.nz,https://www.linkedin.com/company/arbennz
airie,"Airie connects fragmented immigration policy, education pathways, and labour market data to help migrants make clearer decisions about studying and building a future in New Zealand.

Immigration decisions often require understanding information spread across multiple systems such as immigration policy, education providers, qualification frameworks, and labour market demand.

Airie brings these pieces together and translates them into clear insights that help people navigate the study journey and long-term migration pathways.",Information Services,2-10 employees,Privately Held,"Wellington, Wellington, New Zealand",New Zealand,airie.world,https://www.linkedin.com/company/airieworld
Home Inspectors,"Maintaining rental properties and homes to ensure they are safe, warm, and meet all required standards:

- Heat Pump Servicing 
- Electrical Inspection
- Water Filter Replacement
- Rangehood Servicing
- Smoke Alarm Testing
- Gutter & Drainage Inspection 
- Ventilation Fan Servicing 
- Kitchen Hardware Maintenance 
- Door and Window Hardware Maintenance 
- Ceiling and Under House Inspections 
- Garage Door Servicing",Information Services,2-10 employees,Self Employed,"Auckland, Auckland, New Zealand",New Zealand,homeinspectors.co.nz,https://www.linkedin.com/company/home-inspectors
MoovMe Ltd,"Moving home? Need to tell everyone? MoovMe let's you update all your services providers online, for free, in a few minutes. Too easy! 
 
Simply create an account with MoovMe, select the logos of the companies you wish to tell, enter your new address and the date you move and hey presto - you're done!

You can also take advantage of special offers and discounts from some of New Zealand's best businesses to make the actual move easier and cheaper! How good is that.....?!",Information Services,11-50 employees,Privately Held,"Auckland, Auckland, New Zealand",New Zealand,moovme.co.nz,https://www.linkedin.com/company/moovme-ltd
Plant Pass,Plant Pass is a voluntary certification scheme that promotes and supports good biosecurity practice in the nursery and its supply chain. Get certified with Plant Pass today!,Information Services,2-10 employees,Partnership,"Wellington, Wellington, New Zealand",New Zealand,plantpass.org.nz,https://www.linkedin.com/company/plant-pass
NorthAble Matapuna Hauora,"At NorthAble Matapuna Hauora, our journey began in 1989 with a small group of individuals who, with lived experience of disability, identified the lack of readily available information about disability services in Northland. From our humble beginnings as a Disability Information and Advisory Service (DIAS), we have evolved into a comprehensive organization at the forefront of the disability sector in Te Taitokerau.

Our commitment to fostering well-being and independence is reflected in the diverse services we offer:

   NASC Service: Free assistance for eligible individuals with disabilities.
   VHN Service: Ongoing support for those with Very High Needs.
   Transition Service: Guiding students through post-education plans.
   LYNKZ Programme: Empowering individuals aged 16-64 with disabilities.
   Āhei Internship Programme: Providing meaningful work opportunities for 
      youth with disabilities.
   Whangarei Budgeting Services: Confidential financial support for effective 
      money management.
   EQ+: Northland’s largest supplier of equipment for impairments, including 
      rentals.
   DIAS: Offering relevant information for individuals, caregivers, and the public.
   Total Mobility Programme: Aiding enhanced mobility for people with 
      disabilities.

In 2005, we officially embraced the name NorthAble Matapuna Hauora, symbolizing our commitment to a holistic approach to well-being. Under this banner, we continue to grow, incorporating new services to meet the ever-changing needs of our diverse population throughout Te Taitokerau and Aotearoa New Zealand. As an organization, we take pride in our dedication to fostering inclusivity, independence, and well-being for all.",Information Services,11-50 employees,Non Profit,"Whangarei, Northland, New Zealand",New Zealand,northable.org.nz,https://www.linkedin.com/company/northable-matapuna-hauora
Freelancing Web,"Freelancing Web connects you with local businesses connecting millions of freelancers offering digital services in 500+ categories: Web Designers, Developers, Programmers, Writers & many more! 

Save time and money. Full-service freelance provides the highest quality at the lowest price, starting at $5 / hour. Local professional advice tailored for your needs.",Information Services,11-50 employees,Privately Held,"Auckland, Auckland, New Zealand",New Zealand,freelancingweb.com,https://www.linkedin.com/company/freelancingweb
Cairn,"Cairn partners with Kiwi businesses to navigate digital transformation with confidence. As your technology and AI coach, we bring enterprise-grade expertise scaled to your actual needs and pace.

Our approach is simple: balance people, process and technology to deliver measurable outcomes. Whether you're exploring AI opportunities, developing technology strategy, or modernising your infrastructure, we meet you where you are and guide you forward with practical solutions.

Through our AIR methodology (Align, Innovate, Reimagine), we provide everything from strategic IT leadership to cloud modernisation. Our EDGE approach (Evaluate, Design, Generate, Expand) transforms AI potential into business value through readiness assessments, roadmapping, hands-on training, and custom solution development.

We understand not every business needs a full-time CIO or has mature technology plans. That's where we excel, offering flexible virtual leadership, expert guidance, and proven methodologies tailored to your goals and budget.

From Otago to Northland, we're helping New Zealand businesses forge ahead with purpose, turning technology challenges into competitive advantages.

Ready to accelerate your digital journey? Let's connect.",Information Services,2-10 employees,Privately Held,"Dunedin, Otago, New Zealand",New Zealand,cairn.nz,https://www.linkedin.com/company/cairnnz
ThreeBlackCats,"ThreeBlackCats provides specialist privacy consultancy services to organisations both in New Zealand and internationally. Our range of services importantly focus on the delivery (i.e. ‘the how’) of privacy solutions within an organisation as well as ongoing privacy operations, governance and risk management.",Information Services,2-10 employees,Privately Held,"Hamilton, Waikato, New Zealand",New Zealand,threeblackcats.co.nz,https://www.linkedin.com/company/threeblackcats
Forensic Insight Ltd,"Forensic Insight Ltd is a leading provider of forensic science services across New Zealand. Based in Rosedale, Auckland, and led by Thomas Coyle MNZM, a former Scotland Yard and NZ Police expert. We specialise in forensic education, certified fingerprint services, and independent expert support for legal proceedings.

What We Do:
Expert Forensic Opinion
We provide impartial assessments, peer reviews, and expert witness reports for fingerprints and crime scenes in both civil and criminal matters—supporting defence, prosecution, or the court directly.

Fingerprint & Palmprint Services
Police-certified expert with a 100% success rate for immigration, visa, employment, and international clearance requirements. Services are offered from Auckland and Hawke’s Bay in professional, private, and clean environments.

Forensic Science Workshops
We deliver interactive, hands-on forensic workshops to schools nationwide. Our programmes align with the NZ Curriculum and include fingerprinting, trace evidence, crime scene analysis, and more—designed to inspire curiosity and logical thinking from Year 2 through to tertiary level.

Thomas Coyle MNZM – Director

Former Scotland Yard fingerprint expert
NZ Police senior fingerprint and crime scene examiner
Disaster Victim Identification specialist (Thai tsunami, Christchurch quake)
Awarded MNZM in 2024 for service to forensic science

Contact:
027 774 5888
info@forensicinsight.co.nz
www.forensicinsight.co.nz",Information Services,2-10 employees,Partnership,"Auckland, Auckland, New Zealand",New Zealand,forensicinsight.co.nz,https://www.linkedin.com/company/forensic-insight-ltd
AgreePro,"Formalise Gifts & Loans with Rapid Deed Generation.

Our mission is to formalise 1b+ dollars worth of loans & gifts.

Our Focus:

AgreePro Members:

- Easily document gifts and loans with confidence and legal clarity.
- Simplify financial transactions and avoid potential conflicts.

AgreePro is committed to fostering trust, ensuring legal compliance, and making the formalisation of gifts and loans accessible to people and the professionals who support them.",Information Services,Self-employed,Self Employed,"Queenstown, Otago, New Zealand",New Zealand,agreepro.com,https://www.linkedin.com/company/agreepro
Marketview Ltd,"Marketview analyses consumer spending patterns from reliable sources across all categories, allowing our clients to gain a deeper understanding of how consumers behave. We help clients across a range of industries to understand what is driving their sales growth or decline. We help our customers understand how consumers respond to marketing campaigns, promotional offers, market changes and new offerings. We can also monitor macro-economic factors and infrastructure changes to provide a wider context for decision making and analysis.",Information Services,11-50 employees,Privately Held,"Wellington, Wellington, New Zealand",New Zealand,marketview.co.nz,https://www.linkedin.com/company/marketview-ltd
Kiwi Muslim Directory,"The Kiwi Muslim Directory is the only Muslim media in New Zealand which published its first edition in 2009, to become a common platform to reach Muslims from more than 42 ethnicities. The directory is acknowledged by the Federation of Islamic Associations of New Zealand, and other national organizations as a useful resource for the community [1]. Every year 7000 copies are printed and distributed nationwide, free of charge [2]",Information Services,2-10 employees,Privately Held,"Auckland, Auckland, New Zealand",New Zealand,muslimdirectory.co.nz,https://www.linkedin.com/company/kiwi-muslim-directory
Seascape,"Our purpose is to enhance the world's understanding of marine environments through continuous research, development, and commercialisation of leading-edge scientific and technological advances.",Information Services,2-10 employees,Privately Held,"Auckland, Auckland, New Zealand",New Zealand,seascapeint.com,https://www.linkedin.com/company/seascape-intelligence
Rogue Penguin,"Rogue Penguin helps businesses write and tell their data stories, bridging the gap between analytics and business.",Information Services,Self-employed,Self Owned,"Wellington, Wellington, New Zealand",New Zealand,roguepenguin.co.nz,https://www.linkedin.com/company/rogue-penguin
GIA - Global Internal Audits,"Internal audits for any industry - these are a great way of monitoring all your operational processes.  Sometimes managers think they know what is happening but on closer inspection, that isn't always the case. Using GIA internal audits or adding your own internal audits into GIA means you have assurance of process implementation and no nasty surprises!  You can only control what you measure! This is the measuring tool to support you in monitoring your business functions and have automated corrective actions to ensure any gaps are found and closed quickly!",Information Services,2-10 employees,Public Company,"Christchurch, Canterbury, New Zealand",New Zealand,,https://www.linkedin.com/company/gia-global-internal-audits
Push My Button,"Push My Button has been proudly reselling HappyOrNot, the world-leading customer feedback solution, in Australia, New Zealand, and the Pacific for over 11 years. 

We are passionate about helping businesses improve customer satisfaction and employee engagement by providing real-time, actionable insights through intuitive HappyOrNot Smiley services. By enabling organisations to track and measure customer happiness effortlessly, we empower them to make informed decisions that drive meaningful change. 

With over a decade of experience, we’ve partnered with a wide range of industries—from retail and hospitality to healthcare and transportation—helping them transform customer experiences and improve operational efficiency. 

At Push My Button, we believe that great feedback is the foundation of exceptional service, and we’re here to make collecting it as simple and impactful as possible Get in touch at https://www.pushmybutton.com.au/contactus/",Information Services,2-10 employees,Privately Held,"Auckland, Auckland, New Zealand",New Zealand,pushmybutton.co.nz,https://www.linkedin.com/company/push-my-button
SafeAdvisory,"We’re people people, delivering security solutions tailored to your company, whether you’re a fully specced security outfit or just starting on your security journey.",Information Services,2-10 employees,Privately Held,"Auckland, Auckland, New Zealand",New Zealand,safeadvisory.co.nz,https://www.linkedin.com/company/safeadvisory
Spotica,"Your CISO-in-a-Box.

Drag. Drop. Secure. Build your system in hours - guided by local experts and powered by AI.
From setup to audit-readiness, Spotica makes it simple.",Information Services,51-200 employees,Privately Held,"Auckland, Auckland, New Zealand",New Zealand,spotica.io,https://www.linkedin.com/company/spotica-io
Finelly,"Finelly is designed with both personal and small business needs in mind. Whether you need to check your WOF, COF, REGO, or find the best fuel prices, you can do it all, anywhere and anytime.",Information Services,2-10 employees,Privately Held,"Auckland, Auckland, New Zealand",New Zealand,finelly.co.nz,https://www.linkedin.com/company/finelly
Professional Freelance Typing Service,"What is Professional Freelance Typing Service? 
Just like your normal Personal Assistant, I can help you get ahead of tasks and manage your day but I work virtually from my home office.
Are you:
Having trouble getting through all that audio typing?
Need an assistant to help with those emails?
Do you have letters that need answering?
Online filing building up?
Calendar dates that urgently need entering into your diary?
Letters and documents that need typing and formatting?
Does transcription work urgently need typing?
Telephone calls you don't have time to answer?
Does your website need a brush-up?
Social media posts dwindling? 
I can help you get all these needs under control. 
I offer a professional service that can reduce the number of hours you spend doing administrative jobs and tasks.",Information Services,Self-employed,Self Employed,"Whangarei, Northland, New Zealand",New Zealand,professionalfreelancetypingservice.com,https://www.linkedin.com/company/professional-freelance-typing-service
robinsight,"Helping Private Companies Turn Big Data Into Public Good

Robinsight's purpose is to demonstrate the value of addressing public sector problems by using private sector data. Our work extends across the open and private data spectrum, helping companies of all sizes to unlock the potential in their data to address society's key issues

Our current focus uses GPS-based telematics data from 200,000 vehicles to solve specific transportation problems for NZ and US road controlling authorities. This work demonstrates the value of using telematics to help governments make the roads safer, more productive, and more sustainable for us all.",Information Services,2-10 employees,Privately Held,"Auckland, Auckland, New Zealand",New Zealand,robinsight.com,https://www.linkedin.com/company/robinsight
NZ Golden Visa,"New Zealand’s Active Investor Plus (AIP) Visa,often called the NZ Golden Visa,is one of the world’s most attractive residency by investment programmes. Designed for high-net-worth individuals, it offers a direct path to New Zealand residency for those contributing to the nation’s growth.

The Two Investment Pathways
The programme is structured into two categories, allowing investors to choose the path that best aligns with their risk tolerance and lifestyle:

Growth Category (NZ$5 Million): Focuses on higher-growth assets like direct investments in NZ businesses or NZTE-approved managed funds. This is the fastest route, with a 3-year investment term and a minimal physical presence requirement of just 21 days over three years.

Balanced Category (NZ$10 Million): Offers greater flexibility, allowing for a mix of lower-risk assets like government or corporate bonds, listed equities, and property development. It features a 5-year investment term and a 105-day physical presence requirement.

Why Investors are Choosing New Zealand
Recent updates have sparked a surge in interest due to several key benefits:

Home Ownership: Golden Visa holders can now purchase or build a residential home in NZ (valued at NZ$5M+) even before becoming permanent residents.

No English Test: The English language requirement has been removed, simplifying the path for global families.

Efficiency: 80% of applications receive Approval in Principle within 4 months, with some processing times even faster.

Family Inclusion: The visa covers the primary applicant, spouse, and dependent children up to age 24.

Global Connectivity: Access to a stable, top-tier economy known for government integrity and high quality of life.

Independent Support for Your Journey
NZGoldenVisa.com serves as an independent advisory resource, providing a seamless ""one-stop-shop"" experience. They connect discerning families with a curated network of trusted partners including the country’s top immigration lawyers",Information Services,2-10 employees,Privately Held,"Auckland, Auckland, New Zealand",New Zealand,nzgoldenvisa.com,https://www.linkedin.com/company/nz-golden-visa
Selwyn Connect,"Selwyn Connect is a website showcasing local businesses. A business that joins the website receives a mini web page with links to their social media and website. They also have the opportunity to post special offers, blog articles, products, photos and more.  These features are promoted locally giving the business greater online exposure.",Information Services,Self-employed,Self Owned,"Rolleston, Canterbury, New Zealand",New Zealand,selwynconnect.co.nz,https://www.linkedin.com/company/selwynconnect
Occam Software Ltd.,"Occam is a self-generating, ontology-native data platform.
Instead of coding systems and fixing data later, Occam defines business logic once — as executable metadata — and compiles the entire operational and analytical system automatically.
This keeps data consistent, governed, and adaptable as the business changes.
The Occam proprietary Ontology Engine compiles business logic into a fully governed, self-healing software stack in seconds.
This replaces manual database design, ETL pipelines, and semantic layers with deterministic system generation.
That means:
Zero ETL: The pipeline is invisible and auto-generated from the ontology.
Zero Drift: Operational and analytical data are mathematically identical.
Zero Technical Debt: When business logic changes, the system recompiles instantly — no rewrites, no migrations.
Traditional data engineering is broken. 
Enterprises spend millions manually wiring databases, ETL pipelines, semantic layers, and APIs — only to create fragile systems, constant rework, and compounding technical debt. 
Occam's ontology-native system is the solution.
Stop coding your data stack. Generate it.",Information Services,2-10 employees,Privately Held,"Auckland, Auckland, New Zealand",New Zealand,occam.works,https://www.linkedin.com/company/occam-software-limited
Grocer,Grocer is a grocery price comparison app for Kiwis.,Information Services,Self-employed,Self Owned,"Auckland, Auckland, New Zealand",New Zealand,grocer.nz,https://www.linkedin.com/company/grocer
Tūtohi,"Tūtohi helps organisations tell powerful impact stories and unlock the metrics that matter. Tūtohi offers a range of data services for the social care sector.

As experts in people-centred data we understand that it is more than just numbers - it's people's lives. We can help you understand the needs on your community and unlock the metrics that matter. 
Let us help you shine a light on the difference you make.

Tūtohi is powered by the team at Wild Bamboo. We are a specialist charitable organisation with a passion for technology that makes a difference for people, now and in the future.",Information Services,11-50 employees,Non Profit,"Hamilton, Waikato, New Zealand",New Zealand,tutohi.nz,https://www.linkedin.com/company/tūtohi
Trudexia,"Trudexia is a software-as-a-service (SaaS) provider that offers a range of solutions to help organizations manage third-party supplier risks.
 Let us help you soar by automating your supplier due diligence and saving you resources.
We are knowledgeable in our field, and our services offer cost savings by automating supplier due diligence, reducing the time and resources required for manual collection and verification of supplier information. Our automated due diligence processes ensure improved compliance with changing regulations and requirements by checking and verifying supplier information on a continual basis.
: Get clear, actionable steps to improve your vendor risk profile with Trudexia's automated plans.
Trudexia automates remedial action plans for vendors based on risk assessments, covering areas like cybersecurity, social responsibility, environmental impact, and compliance. Plans are clear and actionable, with specific tasks and timelines for completion. 
 Streamline your supplier risk management with our AI-driven platform that offers real-time monitoring and customizable risk scoring.
Our platform offers AI-driven, automated supplier risk tracking, providing real-time monitoring and customized risk scoring to enhance third-party risk management. We offer a comprehensive range of services including vendor due diligence, compliance monitoring, and cybersecurity risk assessments to help organizations assess and monitor the compliance and security risks associated with their suppliers.
 Let Trudexia's AI-driven platform handle your supplier risk management so you can focus on what matters most.
Finally, our services provide increased operational efficiency by reducing manual data entry, increasing data accuracy, and providing a centralized repository of supplier information that can be easily accessed by different teams and departments within the organization. At Trudexia, we empower organizations to better manage their supplier risk.",Information Services,2-10 employees,Privately Held,"Auckland, Auckland, New Zealand",New Zealand,trudexia.com,https://www.linkedin.com/company/trudexia
realtor.co.nz,"We simplify the process of buying and selling property by offering clear step-by-step advice to prepare you for each stage of your property journey. 

Whether you're buying, selling, or building, we've got your back with a heap of resources and insights that fit the New Zealand property market just right. Our mission at realtor.co.nz is simple: to help you navigate the property transaction process with ease. We're here to break down complex property stuff into easy, manageable steps. Whether you're a first-timer or a seasoned pro in the property game, we're here to light the way, making sure your property journey is as smooth as possible.",Information Services,2-10 employees,Privately Held,"Christchurch, Canterbury, New Zealand",New Zealand,realtor.co.nz,https://www.linkedin.com/company/realtor-co-nz
CarJam,"CARJAM delivers trusted vehicle reports that help your business run smoothly.
- Better pricing for dealerships - designed to support dealers.
- No hidden fees - transparent pricing.
- Flexible - great value whether you're a small car yard or a nationwide operation.
- Customisable reports - tailor each report by choosing which information is included.
- Bulk checks that actually save time - because nobody wants to enter plate numbers all day.
- Less admin, more selling - your team will thank you.
- Local support - real people, quick replies.",Information Services,2-10 employees,Privately Held,"Auckland, Auckland, New Zealand",New Zealand,carjam.co.nz,https://www.linkedin.com/company/carjam-online-limited
Pi1 Productivity Intelligence One,"Pi1 - Your Virtual Productivity Intelligence Partner...
Start Your Productivity Engine

Pi1 Productivity Tools are developed to help SME’s improve productivity performance.

Pi1 connects key business data, policies, and plans and combines with survey and benchmarking data — then correlates the data into measurable insights, actionable reports, and smart strategies.

Pi1 uses a securely encrypted, AI-powered platform powered by Astro, that helps businesses, advisors, and consultants unlock productivity like never before.",Information Services,2-10 employees,Privately Held,"Hastings, Hawke's Bay, New Zealand",New Zealand,,https://www.linkedin.com/company/productivity-union
DragonsArm,"You may well ask why name a business DragonsArm? This name means power and knowledge – ""one push with the mighty dragon’s arm and you’ll go far.""  One of the biggest joys in my role is to take teams from feeling dispirited, disempowered, blaming and complaining – to be inspired, valued and highly productive.

WHAT YOU'LL WITNESS

Time and time again within a short time of working with us – we’ve seen teams that:

 Efficiently and effectively manage changing priorities
 Constantly innovate, focus on outcomes, not get fixated on process
 Deliver faster and on time with improved quality
 Actively show project visibility
 Deliver work that’s aligned to the business
 Develop greater collaboration and productivity
 Deliver products with lower risk

WHAT I BRING TO THE TABLE

There are trainers who have only ever delivered training and have no or little real experience. Even then that’s likely to be only with a single team or framework. They may advertise 10 years’ experience - but it could mean 1 year of experience 10 times.

That's not us and the training team I lead.

Our philosophy is that you cannot train what you’ve not successfully delivered yourself.

Internationally recognized as a Trainer, I bring real life context with multiple teams and frameworks. My background spans 30 + years’ success consulting to organisations on corporate change, significant experience leading teams from Senior Developer through Development Manager, Program Manager, then as on to CIO and COO for 300+ reports.

 To find out more about the results we deliver, reach us here:

 NZ : +64 4 393-2611

 info@dragonsarm.com",Information Services,2-10 employees,Privately Held,"Wellington, Wellington, New Zealand",New Zealand,dragonsarm.com,https://www.linkedin.com/company/dragonsarm-limited
Onboard Powered,A new way of playing board games.,Information Services,2-10 employees,Privately Held,"Wellington, Wellington, New Zealand",New Zealand,onboardpowered.com,https://www.linkedin.com/company/onboardpowered
The Data Embassy,"Lots of people are consultants. 

I even did an internship in management consulting once upon a time. But it isn't a satisfying title for what I want my work with people to look like. I want something that focusses on the communication and interpersonal side, not just high quality and appropriate analysis. I love to work with people who don’t have a background in statistics or analytics so they too can make evidence-driven decisions. If you aren’t confident in your ability to analyse your data, you need a go-between, you need someone who can be an ambassador for your data. 

Welcome to the Data Embassy. That's what I'm here for.

Ngā mihi,
Liza
Data Ambassador",Information Services,Self-employed,Self Owned,"Auckland, Auckland, New Zealand",New Zealand,dataembassy.co.nz,https://www.linkedin.com/company/thedataembassy
Meno Central,"Our mission is to empower women throughout every stage of their menopause journey. Meno Central offers a comprehensive platform that brings together trusted information, practical tools, and a curated directory of health providers who specialise in menopause and midlife health—all in one convenient place.

But Meno Central is more than just a resource. We’re building a community: a space where women and health providers can connect, share experiences, and support each other. Whether it’s finding the right specialist, gaining insights into symptoms, or discovering tools to make life easier, Meno Central is here to help women take control of their health and thrive during this stage of life.

If you’re a health provider passionate about menopause and midlife health, we invite you to join our growing network of health providers. Together, we can make a difference and ensure that women everywhere feel supported, informed, and empowered. 

Visit our website to learn how you can be part of the Meno Central community.",Information Services,2-10 employees,Self Owned,"Taupo, Waikato, New Zealand",New Zealand,menocentral.co.nz,https://www.linkedin.com/company/meno-central
"4E Efficient, Demand Flexible Networked Appliances Platform","The Efficient, Demand Flexible Networked Appliance Platform is part of the Energy Efficient End-use Equipment (4E) Technology Collaboration Programme of the International Energy Agency. It brings together government representatives from 14 countries and provides analysis and policy guidance on efficiency and demand side flexibility to support secure, affordable, and clean energy systems. 

The EDNA Platform focuses on 3 key workstreams:

 (1) Demand flexible networked appliances 
 (2) Energy efficiency of data centres
 (3) Energy efficiency of connected devices

EDNA has a large and growing portfolio of technical reports and policy briefs and regulary organises events and exchanges on market, technology and regulatory developments.",Information Services,2-10 employees,Non Profit,"Cambridge, Waikato, New Zealand",New Zealand,iea-4e.org,https://www.linkedin.com/company/4e-efficient-demand-flexible-networked-appliances-platform
AKiDA Consulting,"Our mission at Akida Consulting is enabling organisations to create modern, governed and sustainable information management environments.",Information Services,Self-employed,Self Owned,"Whangarei, Northland, New Zealand",New Zealand,,https://www.linkedin.com/company/akida-nz
