Name,Description,Primary Industry,Size,Type,Location,Country,Domain,LinkedIn URL
NKT,"NKT connects a greener world with high-quality power cable technology and plays a key role as the world moves towards clean energy. NKT designs, manufactures and installs low-, medium- and high-voltage power cable solutions enabling reliable transmission of energy. Since 1891, NKT has innovated the power cable technology, building the infrastructure from the first light bulbs to the megawatts created by renewable energy today. 

NKT is headquartered in Denmark, operates from more than 30 locations worldwide, and employs 6,500 people globally. NKT is listed on Nasdaq Copenhagen. 
NKT - We connect a greener world.","Appliances, Electrical, and Electronics Manufacturing","5,001-10,000 employees",Public Company,"Copenhagen, Capital Region, Denmark",Denmark,nkt.com,https://www.linkedin.com/company/nkt-cables
Din Elmand,"Din Elmand er en moderne elinstallatør virksomhed med afdelinger i Kolding og Vejen.

Din Elmand er en 12 år ”ung” virksomhed og er i konstant udvikling. Vi arbejder med en flad organisation med kort vej fra idé til handling. 
Din Elmand er økonomisk velfunderet og vi har tre gange, inden for de seneste fem år, haft fornøjelsen af, at blive udnævnt til gazelle virksomhed af Dagbladet Børsen. 
Virksomhedens kunder er private samt små og mellemstore virksomheder.","Appliances, Electrical, and Electronics Manufacturing",11-50 employees,Privately Held,"Kolding, South Denmark, Denmark",Denmark,din-elmand.dk,https://www.linkedin.com/company/din-elmand
PSQ Power ApS,"24/7/365 securing power to business critical elements in your company, that is the mission of PSQ Power. As specialists in both UPS, generators and technical switchboards, PSQ Power can deliver a full service and complete solution to all emergency power projects, largescale and small.
From counseling, analysis, planning to delivery, installation, commissioning to aftermarked operation protection and service, PSQ Power can guarantee robust and reliable units, thorough documentation and a save supply for your business critical elements, in Denmark and Scandinavia.
We have the right suppliers, the advanced equipment and the skills to give our clients the best value-for-money, and the creativity and flexibility to be able to offer the right solution for your specific project.
You can always call PSQ Power for a free sparring session on your project, so we can help you towards your goal.","Appliances, Electrical, and Electronics Manufacturing",2-10 employees,Public Company,"Dragør, Capital Region, Denmark",Denmark,psq.dk,https://www.linkedin.com/company/psqpower
el-tech.dk,"Vi dækker hele Jylland – klar til at hjælpe dig, også ved akutte el-opgaver

Vores autoriserede elinstallatører og erfarne elektrikere står klar til at løse alle typer el-tekniske og installationsopgaver i hele Jylland. Med fokus på kvalitet og mange års erfaring sikrer vi, at din opgave bliver løst hurtigt, effektivt og professionelt – uanset om det drejer sig om akutte problemer eller planlagte projekter.

Uanset hvor i Jylland du befinder dig, rykker vi hurtigt ud til både små og store opgaver.

Vores mission:

At levere pålidelig el-service til konkurrencedygtige priser.

Vi tilbyder:

 El-installationer
 Elektriker til private
 Elektriker til industrien
 Reparation og service af hvidevarer
 Dørtelefonanlæg
 IHC-anlæg
 LED-løsninger

Kontakt os i dag, og lad os hjælpe dig med dine el-opgaver – vi er kun et opkald væk!","Appliances, Electrical, and Electronics Manufacturing",11-50 employees,Public Company,"Vejle, South Denmark, Denmark",Denmark,el-tech.dk,https://www.linkedin.com/company/el-tech-dk
LED Livestock ApS,"LED Livestock develop and market welfare and productivity enhancing LED solutions for livestock productions.

Light deeply affects the well-being and physiology of all living creatures. That is why we believe the potential of light in animal production goes far beyond the traditional function of LED luminaires as just a means of providing illumination. 
As such, our focus is not only on optimizing energy use and lifetime of LED solutions.  Rather, we focus on using light as a driver for increased productivity and production yield in animal facilities. And we do this while improving animal welfare as well!

All our solutions are based on new LED Aluminum Composite Panel technology that allow us to build longer lasting and more energy efficient solutions with a high degree of design-freedom.","Appliances, Electrical, and Electronics Manufacturing",Self-employed,Privately Held,"Odense, South Denmark, Denmark",Denmark,ledlivestock.com,https://www.linkedin.com/company/ledlivestock
Hansens El-Service,"Hansens El-Service varetager alle opgaver inden for faget. Herunder industri, privat, renovering samt nybyggeri.","Appliances, Electrical, and Electronics Manufacturing",Self-employed,Self Owned,"Nakskov, Zealand, Denmark",Denmark,,https://www.linkedin.com/company/hansens-el-service
Melph El,"Velkommen til Melph EL

Melph EL er specialister i el-installationer til erhverv, f.eks. boligbyggerier, butiks-eller kontorlokaler mv. Vi er en lokal installationsvirksomhed beliggende på Amager, med 20 ansatte. Vi udfører alt i el, alarmanlæg, adgangskontrol og videoovervågning.

Vi udfører altid el-arbejde efter gældende regler og bestemmelser, på området, hvorfor du er sikret et forsvarligt resultat. Dermed slipper du for at bekymre dig om sikkerheden i el installationerne, i din ejendom.
Hos Melph EL lægger vi stor vægt på gode samarbejdsrelationer, hvorfor vi har en lang række faste samarbejdsvirksomheder, som vi løbende udfører el-arbejde for, bl.a. Københavns Kommune, Mercedes Danmark og Fisketorvet.

Har din virksomhed brug for at få udført el-arbejde, så kontakt Melph EL i dag.","Appliances, Electrical, and Electronics Manufacturing",11-50 employees,Self Employed,"Copenhagen, Capital Region, Denmark",Denmark,melph-el.dk,https://www.linkedin.com/company/melph-el
RELIAS ApS,"RELIAS helps its customers reach excellence in product quality.

RELIAS is a supplier of top-of-market testing equipment for testing, analysing, understanding, and improving quality and reliability of electronic designs.

Check our website at www.relias.eu or contact us on info@relias.eu for more information.","Appliances, Electrical, and Electronics Manufacturing",2-10 employees,Privately Held,"Viborg, Middle Jutland, Denmark",Denmark,relias.eu,https://www.linkedin.com/company/relias-engineering
FA-EL A/S,"FA-EL A/S er en moderne elektriker-virksomhed med aktiviteter indenfor industri, landbrug, kontor og private.

FA-EL A/S bestræber sig på at udføre alle opgaver til kundens tilfredshed. Vi yder en hurtig ekspedition, og prioriterer hasteopgaver højt.","Appliances, Electrical, and Electronics Manufacturing",11-50 employees,Public Company,"Randers, Middle Jutland, Denmark",Denmark,fa-el.dk,https://www.linkedin.com/company/fa-el
HandyHeat,"Floor heating systems. Industrial heat tracing systems, Ice- & Snowmelting systems, Frost protection Systems
Heating Cables, Sensors, Heating units.","Appliances, Electrical, and Electronics Manufacturing",2-10 employees,Privately Held,"Hedensted, Middle Jutland, Denmark",Denmark,handyheat.net,https://www.linkedin.com/company/dansk-varmekabel-a-s
el gruppen as,"Vores målsætning i el gruppen as er at udføre et håndværksmæssigt korrekt arbejde, i takt med branchens høje krav til den teknologiske udvikling inden for el-Installationer, data-løsninger samt energioptimering og grøn energi i form af solcelleanlæg, varmepumpeanlæg o.lign. Vores målsætning er, at det skal være nemt at være kunde hos el gruppen as. Vore kunder skal føle, at vores rådgivning, service og arbejde er professionelt og en naturlig del af et godt og konstruktivt samarbejde.","Appliances, Electrical, and Electronics Manufacturing",11-50 employees,Self Employed,"Skovlunde, Capital Region, Denmark",Denmark,el-gruppen.dk,https://www.linkedin.com/company/el-gruppen-as
Security Engineering ApS,"Security Engineering has in depth know how on specialized electronics for security solutions. With RFID card readers and Convergence between physical and logical security as the main area of expertise.

Card readers and interfacing products are available with modern communication technologies  such as TCP/IP, USB, Bluetooth & OSDP combined with classic interfaces like RS232, RS485, Wiegand and Clock/Data.

Security Engineering is offering a range of standard products targeting both access control, time & attendance and cantina payment. Customizes firmware and /or hardware versions is also available to meet special requirements.

Security Engineering was started as a company in 1993 under the name SB Research. With more the two decades of experience in security industry Security Engineering can provide in depth know how on specialized electronics for security solutions.","Appliances, Electrical, and Electronics Manufacturing",2-10 employees,Privately Held,"Kongens Lyngby, Capital Region, Denmark",Denmark,securityengineering.dk,https://www.linkedin.com/company/sb-research-aps
Instrumeter A/S,"Instrumeter har været underleverandør af elektronisk hardware til Dansk Industri i over 30 år. 

Vi er din professionelle elektronikproducent. Vi leverer driftssikre elektronik produkter til den danske industri. Vores konstante elektronik udvikling og elektronik produktion sikrer dig fremtidssikrede løsninger. Vi udvikler og producerer elektroniske produkter i samarbejde med dig, så de er skræddersyede efter dine specifikke behov. Ingen løsning er ens.

Vi tilbyder totalløsninger, hvor vi varetager hele processen gennem udvikling, prototype, produktion, levering og efterfølgende support. Vi er fleksible og rådgivende i forhold til dine ønsker – og det har sikret os glade kunder i over 30 år.

Leder du efter en dygtig leverandør, er du kommet til den helt rette elektronikproducent. Vi hører til i Birkerød, men hjælper gerne kunder i hele landet.","Appliances, Electrical, and Electronics Manufacturing",11-50 employees,Public Company,"Birkerød, Capital Region, Denmark",Denmark,instrumeter.dk,https://www.linkedin.com/company/instrumeter-a-s
B,Ttttyyyyuuu hhgvvv,"Appliances, Electrical, and Electronics Manufacturing",Self-employed,Partnership,"Kolding, South Denmark, Denmark",Denmark,,https://www.linkedin.com/company/s-ren-buchreitz-jensen-a-s
Fasetech Motion Systems,"We make motion platforms for racing and flight, both for the commercial and private market. The production, R&D and sales is handled in Denmark and we value our Scandinavian simplicity and design on our products.

Our main platform is the RacingCUBE; A 4DOF motion platform made for racing and flight. Danish designed and handcrafted, created to be modular, strong, and fast.","Appliances, Electrical, and Electronics Manufacturing",2-10 employees,Public Company,"Nøtten, North Jutland, Denmark",Denmark,fasetech.com,https://www.linkedin.com/company/fasetech-motion-systems
FynsBatteriService,"Hos FynsBatteriService er vi eksperter i batteri renovering til el-cykler, kabinescootere og lign. for private og erhverv. Vi specialisere os også i renovering af Tesla batterier, så du atter er på farten igen!","Appliances, Electrical, and Electronics Manufacturing",Self-employed,Self Owned,"Odense, South Denmark, Denmark",Denmark,fynsbatteriservice.dk,https://www.linkedin.com/company/fynsbatteriservice
NELCOM A/S,"Hos Nelcom A/S i Rødovre på Sjælland tilbyder vi en bred vifte af tjenester til vores kunder. Vi har mange års erfaring som elektriker på markedet, og derfor kan vi udføre alle tænkelige opgaver.



Alle elektrikeropgaver udføres
Almen renovering
Nye el-installationer
Fejlfinding på eksisterende installationer
Service på dørtelefoner
Etablering og service af datanetværk
Salg og service af alt belysning
Butiksrenovationer
Rådgivning","Appliances, Electrical, and Electronics Manufacturing",11-50 employees,Partnership,"Rødovre, Capital Region, Denmark",Denmark,nelcom.dk,https://www.linkedin.com/company/nelcomas
NowiTek,"NowiTek er et specialiseret automationsfirma med kompetencer samt erfaringer indenfor både el-tekniske og mekaniske systemer. Vi er elektrikere, programmører og maskinmestre. Desuden har vi flere års praktisk erfaring fra store og små automationsprojekter herhjemme og internationalt.","Appliances, Electrical, and Electronics Manufacturing",2-10 employees,Partnership,"Brønderslev, North Jutland, Denmark",Denmark,nowitek.dk,https://www.linkedin.com/company/nowitek
Noatronic,Noatronic is on a mission towards the ultimate wireless experience for guitarists. Our wireless guitar system offers both wireless audio and control for a limitless performance.,"Appliances, Electrical, and Electronics Manufacturing",Self-employed,Self Employed,"Å, Middle Jutland, Denmark",Denmark,noatronic.com,https://www.linkedin.com/company/noatronic
BCC Teknik,"Her på siden vil vi dele nyheder, opdateringer på vores hjemmesider, tips til vedligehold af dit udstyr, samt informationer om Tofistolen.","Appliances, Electrical, and Electronics Manufacturing",2-10 employees,Partnership,"Søndersø, South Denmark, Denmark",Denmark,bccteknik.dk,https://www.linkedin.com/company/bcc-teknik
MS PCB Consulting,"With more than 30 years’ experience in schematic drawing and board layout we’re your future partner within pcb design. We do all kinds of layout – single sided, double sided, multi-layer. We do high density boards, power boards, Chip-on-board design, boards with tht and press-fit components, boards with SMD components, boards with embedded components and impedance controlled and matched lengths boards as well. You name it and we do it. We’re using OrCAD and Allegro from Cadence and PADS System from Mentor Graphics. You decide where and how you want the job done. MS PCB Consulting can help you all the way through the process. From idea through schematic towards layout and finally prototype and assembly","Appliances, Electrical, and Electronics Manufacturing",Self-employed,Self Employed,"Randers, Middle Jutland, Denmark",Denmark,pcb-consulting.dk,https://www.linkedin.com/company/ms-pcb-consulting
AKJ Inventions,"AKJ Inventions (AKJI) performs product development and other engineering work in the fields of electronics and embedded software. AKJi can help in all phases. From the first idear, to the delivery of the final products from the factory. 

AKJI prefers a close cooperation with their customers. By signing a ProductPartnership aggreement customers can save huge amounts of money on the product development budget, by letting AKJI become future subcontractor of their product, taking care of manufacturing, updating and servicing of the products. AKJI uses high tech factories in Denmark, Poland and Korea, for the manufacturing. 

The main skills consists of energysaving cleantech electronics, automation, microprocessor systems, and software for almost all kind of platforms. The expertises are especially focused on computer vision systems and LED illumination.","Appliances, Electrical, and Electronics Manufacturing",2-10 employees,Privately Held,"Glostrup, Capital Region, Denmark",Denmark,akji.eu,https://www.linkedin.com/company/akj-inventions-aps
Danpol El & Klima ApS,"Danpol El & Klima ApS blev etableret i 2019 af to firmaer der slog sig sammen og tilsammen har de en solid erfaring på:

20 år med El-installation
8 år med CTS Central Tilstandskontrol & Styring
6 år med Varmepumper
6 år med Ventilationsautomatik
6 år med Indregulering af Ventilation

Patryk Sonnenfeld & Jonas Feldt slog deres virksomheder sammen så deres ide om at skabe en virksomhed med den bedste service og kvalitet kunne blive en realitet.
Ligeledes vil de håndværksmæssige fagligheder og løsninger blive leveret til konkurrence dygtige priser så er du på udgik efter elektriker der vægter det gode håndværk højt?
Hos Danpol El & Klima ApS, har vi tilsammen over 30 års brancheerfaring og kan derfor give dig den optimale hjælp og professionelle løsninger af alle installations opgaver.

Vi tilbyder totalrenoveringer indenfor el-installationer og varetager derfor alle dine el-opgaver.","Appliances, Electrical, and Electronics Manufacturing",2-10 employees,Public Company,"Vejle, South Denmark, Denmark",Denmark,danpol-el.dk,https://www.linkedin.com/company/danpol-el-klima-aps
Dental 2000 salg og reparation,"Hos Dental 2000 leverer vi udstyr, produkter og service i høj kvalitet til tandlæger i hele landet. Vores kunder er både private og offentlige klinikker, hvor vi hjælper med alt fra reparation af eksisterende udstyr til levering af den komplette løsning.","Appliances, Electrical, and Electronics Manufacturing",2-10 employees,Self Employed,"Aarhus, Middle Jutland, Denmark",Denmark,dental2000.dk,https://www.linkedin.com/company/dental-2000-salg-og-reparation
KB electrotech,"Closer to your world:
KB electrotech is a Danish company with a global mindset and activities branching all over the world.  Our employees have attained a special understanding of local conditions and intricacies involved in working in foreign cultures.  This enables us to cooperate with local personnel and deliver the best solutions.
We are electro contractors supplying turnkey solutions within six technical areas ranging from food processing to tunnel installations. 
Our project model is Project Management spreading from Idea generation to Project Design, Manufacturing and Implementation carried out by our own staff together with our strong network of strategic sub-suppliers.
KB electrotech's organisation is technically competent ensuring high quality performance on all levels and geared to offer the customer and final client a good and professional experience. Our working environment is driven by our creativity and commitment to our projects offering each employee a job at full pace.","Appliances, Electrical, and Electronics Manufacturing",51-200 employees,Public Company,"Ry, Middle Jutland, Denmark",Denmark,,https://www.linkedin.com/company/kb-electrotech
Wiese a/s,0,"Appliances, Electrical, and Electronics Manufacturing",11-50 employees,Privately Held,"Ringkøbing, Middle Jutland, Denmark",Denmark,c-wiese.dk,https://www.linkedin.com/company/wiese-a-s
Toft Automation A/S,,"Appliances, Electrical, and Electronics Manufacturing",2-10 employees,Privately Held,"Spentrup, Middle Jutland, Denmark",Denmark,toft-automation.dk,https://www.linkedin.com/company/toft-automation-a-s
HeatXperts,"We design and manufacture professional surface heating solutions – from standard drum and container heaters to fully customized systems.

With decades of hands-on experience and in-house production in Europe, we serve global customers in the chemical, pharmaceutical, food, and composite industries. Our solutions are engineered for reliability, safety, and process efficiency – including ATEX-certified options where required.

Our team combines deep technical knowledge with a problem-solving mindset. We work closely with our customers to ensure the right solution – fast, personal, and built to last.

Whether you need a single heating blanket or a custom-built heating system, we’re ready to help.","Appliances, Electrical, and Electronics Manufacturing",2-10 employees,Privately Held,"Odense, South Denmark, Denmark",Denmark,heatxperts.com,https://www.linkedin.com/company/heatxperts
Fr-Tech,"FR-Tech ApS is your partner and supplier of electronic quality products. As a dedicated partner with our manufacturers, we ensure that our customers get high quality products, short delivery times and the service they would expect from a reliable partner. Our speciality is component custom design within connection technology and we offer you services that are difficult to obtain most places today. 

We look forward to getting in touch with you.","Appliances, Electrical, and Electronics Manufacturing",,Self Employed,"Fredensborg, Capital Region, Denmark",Denmark,fr-tech.com,https://www.linkedin.com/company/fr-tech-dk
BAASTRUP A/S,"Vi leverer installationsmateriel i absolut topkvalitet. Vi kan matche de fleste behov inden for skjulte gulvinstallationer, stik og kabelkasser. Endvidere et stort program af el-tekniske produkter; joysticks, monteringskasser, klemrækker og DEUTSCH stik.","Appliances, Electrical, and Electronics Manufacturing",Self-employed,Public Company,"Frederiksberg, Capital Region, Denmark",Denmark,baastrup.com,https://www.linkedin.com/company/baastrup-a-s
Siala ApS,"Welcome to Siala!
Siala founded in the heart of Copenhagen. Created by two best friends who shares a huge passion for Danish design, amazing sound, high quality materials and last but not least: A unique costumer experience.
Siala means Soul in the old northern language. The soul is the key to our business, our strategy and our customer relations.
Create your speaker, adapt your design and enjoy the sound of Siala!

Best regards, Jonas & Patrick","Appliances, Electrical, and Electronics Manufacturing",2-10 employees,Self Employed,"Copenhagen, Capital Region, Denmark",Denmark,siala.dk,https://www.linkedin.com/company/siala-aps
RKS Energi Automatik,"Hos RKS Energi Automatik udfører vi løsninger indenfor bygningsautomatik. Vi er Specialister i BMS Systemer & CTS Anlæg. 
Vi har fokus på energioptimering, da det kan bidrage til en grønnere verden. Vi er Johnson Controls Systemhus i DK
Vi er Certificeret i Tridium Niagara","Appliances, Electrical, and Electronics Manufacturing",2-10 employees,Self Employed,"Stenløse, Capital Region, Denmark",Denmark,rksea.dk,https://www.linkedin.com/company/rks-energi-automatik
Pevino ApS,"THE PINNACLE OF WINE COOLERS
Based on years of solid experience from the wine storage trade PeVino has developed the ultimate wine cooler. All of the most desired and sought for details and functionalities have been combined in one unit. Now you will no longer have to compromise and prioritise your choices when searching for an ideal way of storing your precious bottles. You will have to look no further.

With the cabinets from PeVino you have a beautiful wine storage with a capacity range from 38 to 320 bottles. The minimalistic style of Scandinavian design is very clear. In all of the wine coolers from PeVino you will find a consistant exclusive look and high quality.","Appliances, Electrical, and Electronics Manufacturing",2-10 employees,Self Owned,"Hillerød, Capital Region, Denmark",Denmark,pevino.com,https://www.linkedin.com/company/pevino-aps
BellCon ApS,"BellCon develops and delivers reliable banknote counting, verification, and cash-handling solutions that help businesses improve efficiency, accuracy, and security.","Appliances, Electrical, and Electronics Manufacturing",2-10 employees,Privately Held,"Randers, Middle Jutland, Denmark",Denmark,bellcon.com,https://www.linkedin.com/company/bellcon-aps
Rotapure Lab Instruments,"The Rotapure rotator system allows mixing and centrifuging laboratory samples in batch. This increases capacity, improves ergonomics and saves time.

‘We have used the Rotapure rotator for many applications in my laboratory and are very pleased with the time and effort saved. It’s a simple and reliable system that really increases the amount of work done in a day. I strongly recommend it to any basic or clinical research laboratory.’","Appliances, Electrical, and Electronics Manufacturing",2-10 employees,Privately Held,"Faxe Ladeplads, Zealand, Denmark",Denmark,rotapure.dk,https://www.linkedin.com/company/rotapure-lab-instruments
Multi Afspærring ApS,"Multi Afspærring ApS udspringer af Dansk Multi Elektronik, som startede i 1979, hvor  Bjarnes store interesse for elektronik satte ham i gang med produktion af blinksignaler til vejarbejde.

Multi Afspærring er i dag en førende virksomhed inden for lyssignaler, løbelys, lyspile, afmærkningsvogne og øvrige blink til vejarbejde.

Det har altid været Bjarnes idé at producere gennemtænkte kvalitetsprodukter med lang levetid, og firmaets gode ry er forstærket via mange specialløsninger inden for området.

Der har da også været tid til et patent på snap-skiltebeslag og produktion af multikiler i gummi.
I dag er virksomheden også en handelsvirksomhed med et stort lager af færdselstavler, standere, blink til køretøjer mm.

Virksomheden udvidede i 2014 udvidet lokalerne fra 400 til 1200 m2, og i maj 2017 blev Multi Afspærring ApS en del af Systemafspærring ApS.","Appliances, Electrical, and Electronics Manufacturing",2-10 employees,Partnership,"Viborg, Middle Jutland, Denmark",Denmark,afspaerring.dk,https://www.linkedin.com/company/multi-afspærring
INELCO POLSKA SP. Z O.O.,"Established in 1981, Inelco A/S is a Danish electronics company based in Fjerritslev, situated in the middle of a beautiful, yet harsh, landscape between sea and fjord.
 
Inelco develops, produces and markets products in the following to business fields: Electric fan heaters, battery chargers / boosters.
 
Electric fan heaters:
Inelco is one of Europe’s largest producers of portable electric fan heaters for the industrial, craft and agricultural sectors.
 
DANIA Battery charger/booster:
Inelco is one of Europe’s leading producers of professional electronic battery chargers/boosters for starter batteries and electric vehicles.
 
Currently, 85% of Inelco’s sales are exported to the European market.
 
When it comes to our customers’ individual demands, Inelco places a high priority on flexibility. Our motivated and skilled staff have developed a constructive and reliable working relationship with our customers. Quality, thoroughness and sincerity are the principal hallmarks of our business.
 
Inelco’s production machinery has been certified to ISO 9001:2000 and all our products have been approved in accordance with international rules and standards.
 
We work continuously to optimise our existing products and to develop new ones, so that in the future too, we can live up to our customers’ demands.","Appliances, Electrical, and Electronics Manufacturing",51-200 employees,Privately Held,"Fjerritslev, North Jutland, Denmark",Denmark,inelco.com,https://www.linkedin.com/company/inelco-polska-sp-z-o-o-
HB Connection,"Professionelt el-arbejde til erhvervslivet og private

Kvalitet og service er nøgleord hos HB Connection. Vi taler ikke bare om det - vi gør noget ved det. Uanset om du har brug for el-installationer eller rådgivning - og om det er til et privat hjem eller til en virksomhed, kan du regne med, at du får samme gode og ansvarsfulde behandling hos os. 

Vi er specialister i at opbygge og servicere tekniske og traditionelle el-installationer. Vores kompetente medarbejdere sikrer, at dine el-installationer er driftsikre og fleksible.
Som F&P-godkendt alarmvirksomhed tilbyder vi rådgivning, salg og service i forbindelse med tyverisikring. 

HB Connection er ISO 9001 godkendt. 

Kvalitet siden 1992","Appliances, Electrical, and Electronics Manufacturing",11-50 employees,Public Company,"Aulum, Middle Jutland, Denmark",Denmark,hbconnection.dk,https://www.linkedin.com/company/hb-connection-a-s
ETHERMA Nordics,"Som specialist i elektriske varmesystemer giver ETHERMA dig en skræddersyet servicepakke med al den knowhow, du har brug for, og med perfekt implementeringsplanlægning, der sparer dig for en masse tid og penge.

ETHERMA kan trække på mere end 35 års erfaring inden for foreløbig planlægning, projektering, produktion og installation af elektriske varmeanlæg, infrarøde varmelamper, friarealer, tagrende, tagareal og gulvvarmekabler. 

ETHERMA er afhængig af konstant innovation, den højeste produktkvalitet og moderne design. Vi er en østrigsk international virksomhed, der fremstiller højkvalitets elektriske varmesystemer til vores kunders individuelle behov i vores egen produktion.

Med ETHERMA kan du få varme sikkert og ubekymret - med det højeste niveau af komfort.

Hjemmeside: www.etherma.com/dk
Instagram: www.instagram.com/etherma_nordics
YouTube: www.youtube.com/ethermagmbh","Appliances, Electrical, and Electronics Manufacturing",2-10 employees,Public Company,"Ballerup, Capital Region, Denmark",Denmark,etherma.com,https://www.linkedin.com/company/etherma-nordics
RAXON,"RAXON | Unikke lysløsninger

RAXON hjælper installatøren med Unikke lysløsninger, Sikre produkter og Hurtig Installation.
Raxon udvikler og sælger kvalitetsbelysningsløsninger til professionelle.

Raxon udfordrer den eksisterende opfattelse af udviklingen og tør gå imod strømmen. Vi gør det ved at være tættere på den professionelle installatør, sætte os i dennes sted for at finde løsninger, der skaber reel værdi. Vi fokuserer på udvikling af produkter indenfor et dedikeret produktsortiment, som leveres gennem installatører til erhverv og private.

Raxon tror på, værdien i at være tæt på vores kunder!","Appliances, Electrical, and Electronics Manufacturing",2-10 employees,Public Company,"Randers, Middle Jutland, Denmark",Denmark,raxon.dk,https://www.linkedin.com/company/raxon-as
HB EL Service v/Allan Vestergaard Bonde,"HB El Service blev grundlagt i 1983 som et traditionelt el-installations firma. Siden da har vi udviklet os til en moderne virksomhed, der løser alle former for installations opgaver for private og industrien samt opgaver inden for 
maskinbygning. ̈
HB El Service råder vi over en lang række forskellige maskiner og elektronik. Vi har kontorer og produktions hal i forstaden Kristrup ved Randers. Vi har 4 afdelinger en el afdeling, smede/maskinafdelingen, bageriservice  og en dørautomatik afdeling. læs mere på www.hbel.dk


EL afdelingen:
I dag har vi 21 elektrikere, der alle er specialister på deres område.

Overmontører sørger for maskininstallationer inklusive maskinsikkerhed, CE-mærkning og maskindirektiver.

Smede/maskinafdeling:
Er udstyret med al nødvendigt udstyr for produktion og reperation af  maskiner samt mindre smedearbejde.

2 smede er udstyret med al nødvendigt udstyr for produktion og reparation af maskiner samt mindre smedearbejde.

Bageriservice afdeling
3 tekniker/montør udfører service på bagerimaskiner samt reparationer m.m.


Dørautomatik

HB El Service blev grundlagt i 1983 som et traditionelt el-installationsfirma. Siden da har vi udviklet os til en moderne virksomhed, der løser alle former for installationsopgaver for private og industrien samt opgaver inden for maskinbygning. ̈
HB El Service råder vi over en lang række forskellige maskiner og elektronik. Vi har kontorer og produktionshal i forstaden Kristrup ved Randers. Vi har 2 afdelinger en smede/maskinafdeling og en El afdeling.


EL afdelingen:
I dag har vi 20 elektrikkere, der alle er
Hos HB EL Service løser vi alle former for installationer.
Det kan være opgaver som f.eks.:
Lys- og kraftinstallation
Industriautomatik
PLC-styring
Edb-installationer
Processtyring
Hvidevare salg og service
Teleinstallationer
Udvikling af maskiner
Alarm anlæg
Kamera overvågning

Vi har også udviklet og produceret CLEANFlex – et fuldautomatisk kliché-vaskeanlæg.
Se www.cleanflex.dk for yderligere information.","Appliances, Electrical, and Electronics Manufacturing",11-50 employees,Self Employed,"Randers, Middle Jutland, Denmark",Denmark,hbel.dk,https://www.linkedin.com/company/hb-el-service-v-allan-vestergaard-bonde
El-Dam ApS,El-Dam – Din lokale elektriker og el-installatør i Jægerspris og Slangerup i Frederikssund Kommune,"Appliances, Electrical, and Electronics Manufacturing",11-50 employees,Public Company,"Jægerspris, Capital Region, Denmark",Denmark,el-dam.dk,https://www.linkedin.com/company/el-dam-aps
4Power ApS,"Brug strømmen når den er billigst.
4Power overvåger strømpriserne, afgifter og tariffer og kan styre din varmepumpe, elradiator, elektriske varmtvandsbeholder osv.","Appliances, Electrical, and Electronics Manufacturing",2-10 employees,Partnership,"Esbjerg, South Denmark, Denmark",Denmark,4power.dk,https://www.linkedin.com/company/4power
Lightzone DK,"Lightzone designs and produce custom made LED signs (channel letters, neon and large pixel displays) and lighting mainly for the retail and restaurant business.","Appliances, Electrical, and Electronics Manufacturing",2-10 employees,Privately Held,"Copenhagen, Capital Region, Denmark",Denmark,lightzone.dk,https://www.linkedin.com/company/lightzone-dk
Lindsten El Aps,autoriseret el-installatør virksomhed.,"Appliances, Electrical, and Electronics Manufacturing",2-10 employees,Partnership,"Stege, Zealand, Denmark",Denmark,lindstenel.dk,https://www.linkedin.com/company/lindstenel
Neoline A/S,"In 2009, our founder held an LED tube in his hand for the first time and quickly discovered that the quality was lagging. The energy savings were good, but the light was too weak, too unstable and too cold.

It quickly turned out to be possible for Neoline to achieve much better quality by using the right components.

During 2010, we began to consider Danish production of LED tubes, and the first Danish-made Neoline LED tubes were unveiled in 2013 and we presented them to an energy consultant at the local power company. The consultant was sold on it. These were the first Danish LED tubes.

Things went quickly after that. The market for professional lighting for professional companies is huge. Neoline is now growing by more than 100% a year and new employees are coming onboard every month.

The selection of Neoline LED products is growing steadily and smoothly and is still setting new standards in the market.","Appliances, Electrical, and Electronics Manufacturing",11-50 employees,Privately Held,"Holstebro, Middle Jutland, Denmark",Denmark,neoline.dk,https://www.linkedin.com/company/neoline-a-s
BOSSMOW (BOSSCOM ApS),"BOSSMOW is fueled by knowledge, driven by development, and defined by dedication.

At BOSSMOW, we believe in the power of continuous learning, innovation, and unwavering commitment to excellence. Through a culture of collaboration and a relentless pursuit of growth, our team of experts spans diverse fields, united by a shared vision to create impact and drive progress forward. BOSSMOW, -don't just embrace change – we thrive on it. Together, we forge ahead – join us on our journey to make a difference.","Appliances, Electrical, and Electronics Manufacturing",2-10 employees,Public Company,"Kolding, South Denmark, Denmark",Denmark,bossmow.com,https://www.linkedin.com/company/bossmow-bosscom
Fabius Lighting ApS.,"Fabius Lighting er firmaet med kvalitet og service i fokus. Godt lys med den rette rådgivning. Det er her du kan få belysnings produkter til dit kontor, lager, produktion, klinik og skole.

Den daglige drift bliver varetaget af Morten Fagerberg og Martin Calstrup, som tilsammen har mere end 25 års erfaring, med flere forskellige roller i denne branche.","Appliances, Electrical, and Electronics Manufacturing",2-10 employees,Public Company,"Slangerup, Capital Region, Denmark",Denmark,fabius.dk,https://www.linkedin.com/company/fabius-lighting-aps
Lunds El ApS,"Firmaet beskæftiger sig med alt inden for el-installationer.
Rådgivning og udførsel indenfor flere typer installationer heriblandt:
Nybyg, Renovering, Erhverv, landbrug, butikker. Fejlfinding.
Energibesparelser, solceller, udskiftning af eltavler m.m.","Appliances, Electrical, and Electronics Manufacturing",Self-employed,Partnership,"Gørding, South Denmark, Denmark",Denmark,lundsel.dk,https://www.linkedin.com/company/lunds-el-aps
ADK Teknik,"Hos ADK Teknik beskæftiger vi os med sikring og sikkerhed af virksomheder, institutioner og private. 
Vi installerer alt fra alarmer, låse og kamera-overvågning til kaldeanlæg, GPS-sporing og IT netværk.

Hos ADK Teknik er vores motto ”no problem”, da ingen opgaver for os er for små eller for store. Vores vigtigste opgave er at gøre vores kunder tilfredse, yde Danmarks bedste service samt levere produkter i høj kvalitet.","Appliances, Electrical, and Electronics Manufacturing",2-10 employees,Self Owned,"Hadsten, Middle Jutland, Denmark",Denmark,adkteknik.dk,https://www.linkedin.com/company/adk-teknik
Holst Andersen Lighting A/S,"LEDs are without question the lighting solution of the future. At Denmark based Holst Andersen Lighting A/S, we develop, import and sell LED lamps and fixtures that offer huge money savings and superb light and design quality. Our range spans from office and shop lighting over industrial grade fixtures to street lamps. With more than 20 years of experience in manufacturing in China, we are in the forefront of the industry. Welcome to Holst Andersen Lighting A/S.","Appliances, Electrical, and Electronics Manufacturing",2-10 employees,Privately Held,"Frederikshavn, North Jutland, Denmark",Denmark,holstandersen.com,https://www.linkedin.com/company/holst-andersen-lighting-a-s
Gorrissen EL A/S,"Gorrissen El A/S er totalleverandør af fremtidssikrede el-løsninger til private og erhverv.
 
Som elektriker kommer vi overalt på Sjælland (Hele Nordsjælland og Hovedstaden)

Gorrissen EL A/S er din elektriker lokaliseret i Københavns-området (Østerbro, Frederiksberg, Nørrebro, Vesterbro, Østerbro, Nordsjælland og Hillerød) men yder service på hele Sjælland.
  
Alt inden for elektricitet og elektriske apparater er i konstant udvikling. Derfor er det en naturlig del af vores faglighed altid at være opdateret med den sidste ny viden.
 
Autoriseret og sikkert arbejde af elektriker
Skal I bygge om eller bygge til står vi til rådighed, så arbejdet med el bliver udført autoriseret og sikkert. Vi leverer effektive, brugervenlige og driftssikre løsninger til alt fra almindelige el-installationer og fibernetværk til adgangskontrol og avancerede sikringsanlæg.
 
Og vigtigst af alt:
 
VI HOLDER HVAD VI LOVER
 
Elektriker siden 2003
Siden 2003 har Gorrissen El A/S beskæftiget sig med projektering, el installation, rådgivning og servicering indenfor kommunikationsløsninger og meget andet. Vore kompetencer og omfattende erfaring kommer kunderne til gode i dagligdagen. Vi har den organisatoriske, tekniske og forretningsmæssige indsigt til at designe løsninger til alle typer behov.
  
Gorrissen El A/S tilbyder landsdækkende installation og service indenfor alle områder.
 

Har du brug for en god og billig Autoriseret elektriker?
Ring til os for et uforpligtende tilbud!

TLF: 48 242 240","Appliances, Electrical, and Electronics Manufacturing",11-50 employees,Public Company,"Hillerød, Capital Region, Denmark",Denmark,gorrissen-el.dk,https://www.linkedin.com/company/gorrissen-el-aps
Nordic Robotics,"Nordic Robotics udvikler og producerer automater til 24/7 døgnudlevering af medicin.
Den indbyggede temperaturovervågning giver mulighed for udlevering af både medicin der kræver stuetemperatur og medicin der kræver opbevaring i køleskab, f.eks. insulin.
Automaterne er godkendt af Lægemiddelstyrelsen.","Appliances, Electrical, and Electronics Manufacturing",Self-employed,Self Employed,"Lystrup, Middle Jutland, Denmark",Denmark,nordic-robotics.com,https://www.linkedin.com/company/nordic-robotics
CleanCraft Europe,"**CleanCraft: Elevating Indoor Air Quality**

CleanCraft, Europe's premier distributor of Tenshield, pioneers healthier indoor environments. Focused on offices, healthcare, education, eco-conscious consumers, architects, employee well-being, and homeowners, CleanCraft provides state-of-the-art solutions.

**Introducing CleanCraft's Innovations:**

 **ATOM Air Purifier:** Intelligent and ozone-free, it enhances workplace air quality using negative ions, ensuring a fresh, healthy atmosphere.

 **Tenshield Air Purifier:** Harnessing negative ions, it eliminates pollutants like pollen and viruses, enhancing air quality while adding elegance.

**Tenshield's Remarkable Performance:**

Tenshield reduces bacteria by up to 100% within 24 hours, crucial for sterile environments. It combats yeast, mold, and formaldehyde, ensuring a healthier space.

**Join CleanCraft for Cleaner, Healthier Spaces:**

 **Up to 100% Removal of Yeast, Mold, and Formaldehyde in 24 Hours**

Tenshield Air Purifier ensures cleaner, healthier spaces. Experience elevated indoor air quality, better health, and well-being.

*Contact us today at cleancraft.dk. Breathe pure, live better.*

#CleanCraft #Tenshield #AirPurifier #HealthySpaces #FreshAir #Innovation #CleanLiving","Appliances, Electrical, and Electronics Manufacturing",2-10 employees,Public Company,"Copenhagen, Capital Region, Denmark",Denmark,cleancraft.dk,https://www.linkedin.com/company/cleancraft-europe
Amtech ApS,Slip for genstridig kalk med en kemifri løsning fra Amtech ApS,"Appliances, Electrical, and Electronics Manufacturing",2-10 employees,Privately Held,"Copenhagen, Capital Region, Denmark",Denmark,kalkknuser.dk,https://www.linkedin.com/company/amtechaps
Vision LED World,"Vi tilbyder robuste kvalitetsprodukter,
vi altid kan stå inde for. Vi står for
dansk design, produktion og garanti
samt mulighed for service – alt
sammen til en meget fornuftig pris.
I samarbejde med vores partnere udvikler og producerer vi nogle af branchens bedste LEDstorskærmspaneler
og LED-pyloner, både faste og transportable, i forskellige formater til udendørs
såvel som indendørs brug. Vi går op i høj kvalitet og service, og så ønsker vi at at finde den helt
rigtige løsning til den helt rigtige pris – hver eneste gang.","Appliances, Electrical, and Electronics Manufacturing",51-200 employees,Partnership,"Å, Middle Jutland, Denmark",Denmark,visionledworld.dk,https://www.linkedin.com/company/vision-led-world
JVL UK Limited,"JVL has more than 25 years of motion control experience, are well known for their development and production of highly specialized integrated motors with industrial Ethernet and customised solutions. 
The close co-operation with customers and representatives results in cost-effective and technical optimized solutions for both basic and advanced motion control applications. 
JVL are a world leader within the development and production of efficient and compact integrated servo and stepper motors. MAC motor(R) is a series of integrated brushless servo motors (up to 4500 W and 13.5 kW peak) and ServoStep is a series of integrated stepper motors (up to 25 Nm). Both the servo motor and stepper motor series include motor, controller, Nano-PLC, encoder and bus system integrated into one compact unit. All industrial Ethernet protocols like Profinet, EtherNet/IP, EtherCAT, Sercos III, ModbusTCP and Powerlink are available.","Appliances, Electrical, and Electronics Manufacturing",51-200 employees,Privately Held,"Birkerød, Capital Region, Denmark",Denmark,jvl.dk,https://www.linkedin.com/company/jvl-uk-ltd
Solrød El-forretning ApS.,"Velkommen til Solrød El-forretning ApS.
En virksomhed med dybe rødder i lokalområdet, siden 1964.
Vi tilbyder de bedste løsninger af alle el opgaver, privat og erhverv.
 
Kerneværdier vi arbejder efter:
Høj standard, service, kommunikation og personlig kontakt med vores kunder.
Kvalitetsbevidste, kompetente og professionelle.
På forkant med udviklingen.
Råder over de rigtige kompetencer, og udvikler dem løbende i forhold til markedets behov.
Tager ansvar for opgavens udførelse.
Svarer telefonen hele døgnet, året rundt.
 
 
Alle servicevogne er udstyret med værktøj, materialer m.m.,  
som gør os i stand til at køre direkte til dig for at løse de fleste opgaver.","Appliances, Electrical, and Electronics Manufacturing",2-10 employees,Public Company,"Solrød Strand, Zealand, Denmark",Denmark,solrod-el.dk,https://www.linkedin.com/company/solrød-el-forretning-aps-
Theodor Christiansen,"El-firmaet theodor christiansen aut. elinstallatør ApS er en mellemstor installationsvirksomhed med 40 års erfaring som el installatør i bramming, som i dag beskæftiger ca. 20 engagerede medarbejdere. Virksomheden har gennem årene, udviklet sig fra at være en almindelig traditionel installationsforretning, til en virksomhed der i dag kan tilbyde en palette af el tekniske fagområder og specialer, som gør os til en oplagt partner for vore erhvervskunder, industri og landbrug, såvel som til den offentlige og den private sektor, uanset opgavernes karakter og omfang, både når der er tale om nye installationer, og når det gælder serviceydelser. 

Hovedkompetencer: 


  
- Traditionel installationsteknik  
- Bygningsinstallationer  
- Belysning  
- IHC intelligente hus installationer  
- Industriinstallationer og automation  
- Landbrugsinstallationer  
- Tele- og Datanetværk  
- IP telefoni  
- EDB netværksløsninger 
- Trådløst netværk  
- Alarm og sikringsanlæg, AIA og ABA godkendte  
- Adgangskontrol og overvågningsanlæg  
- Service og vedligehold  
- Hårde hvidevarer, salg og service 
- Virksomheden er opdelt i en stærkstrøms- og en svagsstrømsafdeling 


Vi har gennem alle årene sat kunden i centrum og bestræbt os på, at kunden oplever os som en pålidelig leverandør og en troværdig samarbejdspartner, der leverer kvalitetsløsninger til aftalt tid og til en fornuftig pris.","Appliances, Electrical, and Electronics Manufacturing",11-50 employees,Privately Held,"Bramming, South Denmark, Denmark",Denmark,theodor-christiansen.dk,https://www.linkedin.com/company/theodor-christiansen
Abacus Conelec A/S,"Abacus Conelec A/S is a member of the Abacus Group plc., one of Europe’s leading distributors of electronic components, and is a result of the merger of Abacus Group’s two Danish distributors: Abacus Denmark and Conelec. Abacus Conelec combines the semis, passive, emech, displays and wireless expertise from Abacus Denmark and the emech, connectors and sensors expertise from Conelec. 

With over 40 years of combined experience distributing electronic components in Denmark, Abacus Conelec are well placed to serve your complete electronics needs from simple component supply to a comprehensive design-in service.","Appliances, Electrical, and Electronics Manufacturing",11-50 employees,Privately Held,"Brøndby, Capital Region, Denmark",Denmark,abacusconelec.dk,https://www.linkedin.com/company/abacus-conelec-a-s
NT El-service ApS,"NT El-service

Vi løser alle opgaver inden for el-faget:
-Energioptimering 
-Netværks installationer
-Bolig byggeri 
-Eleftersyn
-Service i boligforeninger
-Service på skoler
-Udlejning af lifte
-Industri
-Døgnservice 




Ridemandsmøllevej 64
9230 Svenstrup J
TLF. 98381021
info@ntelservice.dk
www.nt-el-service.dk","Appliances, Electrical, and Electronics Manufacturing",11-50 employees,Partnership,"Svenstrup, North Jutland, Denmark",Denmark,nt-el-service.dk,https://www.linkedin.com/company/nt-el-service-aps
Elkodan,"- Distribution of electrical and electronics equipment in Denmark / Scandinavia, with special focus on energy effective LED lighting (street lighting, RGB lighting, reflectors, LED lamps for indoor and outdoor applications) and its customization. 
- User-oriented product development (HW/SW/Mechanics) and electronics manufacturing services, reducing bottle necks and alleviating lack of human resources by effective power-networking and active search of competences worldwide.","Appliances, Electrical, and Electronics Manufacturing",Self-employed,Privately Held,Denmark,Denmark,elkodan.dk,https://www.linkedin.com/company/elkodan
Holbech-lys,"Belysningsvirksomhed LED
 
Holbech Lys er en belysningsvirksomhed som er løsnings- og projektorienterede indenfor LED. 
Vi optimerer lysets kvalitet til det offentlige og erhverv. Via opmåling og energiberegninger rådgiver vi jer om løsninger til at skabe bedre trivsel på arbejdspladsen og opnå store energibesparelser.
 
Produktion og udvikling
 
I vores produktion- og montageafdeling tester vi konstant nyeste High End LED teknologi fra verdens førende leverandører. Vi udvikler banebrydende løsninger, skræddersyet til mange forskellige brancher og belysningsopgaver. Vort fokus er fast rettet imod opnåelse af den helt bedste belysning til opgaven.

www.holbech-lys.dk","Appliances, Electrical, and Electronics Manufacturing",2-10 employees,Self Owned,"Odense, South Denmark, Denmark",Denmark,holbech-lys.dk,https://www.linkedin.com/company/holbech-lys
ELFORM ApS,"ELFORM kan hjælpe dig med en række af services:

Energioptimering

Vil i have energioptimeret jeres hus med LED belysning, eller luft/luft varmepumper så hjælper vi meget gerne med dette

Ladeløsninger

Vi udfører installationer af ladeløsninger for private og erhverv. 
Vi installere mindre ladeparker med AC og DC løsninger
Vi kan sørge for refusionsløsninger igennem samarbejdspartnere 

El Eftersyn

Vi udfører lovpligtige el rapporter i forbindelse med hussalg. Skal du sælge din bolig og ønsker rådgivning/vejledning af el eftersyn indenfor hussalg, tilbyder vi også dette.

Belysning

Er du i tvivl om hvilken belysning du skal vælge i dit hjem, kommer vi gerne ud og rådgiver dig.


Nybyg

Mangler i elektrikeren til jeres nye hus, så kan vi både projektere og udføre el installationerne.

Renovering

Trænger jeres gamle hus til nye el installationer, står vi klar til at løse denne opgave.
Butikker og erhvervsejendomme  


Døgnvagt, ring +45 82 82 00 07","Appliances, Electrical, and Electronics Manufacturing",2-10 employees,Self Employed,"Viborg, Middle Jutland, Denmark",Denmark,elform.dk,https://www.linkedin.com/company/elform-aps
SMATE ApS,"SMATE is an independent consulting firm with our unique experience in manufacturing in China, in the field of wireless battery-powered products, we build connections between European clients and Chinese manufacturers, and we handle part or all of the process. As a team with everyone’s background in engineering, we use our knowledge and expertise to help customers bring prototypes into pilot production, we help make products affordable, reliable and provide them with  longer life-time. With office setup in both Denmark and China, we ensure that customers have full access to local resources and benefit from fast local support.","Appliances, Electrical, and Electronics Manufacturing",2-10 employees,Self Owned,"Lystrup, Middle Jutland, Denmark",Denmark,smatetech.com,https://www.linkedin.com/company/smateinnovationsourcing
2Sense Speakers Ltd.,"2 Sense Speakers is a Danish company focused on making high quality speakers that simply look stunning. Our secret recipe is a material for making speaker cabinets in almost all shapes and the beauty is that the material is easy to work with and at the same time has excellent acoustic performance.
The mission is to get good sound back in the living room, by making a speaker in a design that you want to have on display and not hide away or exchange with small speaker that simply cannot give the same performance.
The material used for the speaker has an outstanding performance compared to wood. No reason to mention plastic as an alternative, as this material should never have been used for speakers! On top of this we are able to make any speaker design you want. If you can draw it, we can build it. This gives unique opportunities in making speakers show rooms, shops, hotels and conference rooms where the speaker can then be a natural part of the interior.","Appliances, Electrical, and Electronics Manufacturing",2-10 employees,Public Company,"Brønderslev, North Jutland, Denmark",Denmark,2sensespeakers.com,https://www.linkedin.com/company/2sense-speakers
IBRUUN A/S,"IBruun A/S er et kvalitetsbevidst el-installationsfirma med kunden i centrum. Vi tilbyder alle former for el-arbejde til både private og erhverv i Esbjerg, Varde, Ribe, Bramming og omegn.
Vi er en lokal virksomhed, der har personlig kundekontakt i højsædet, da vores største fokus er tilfredse kunder.
Alle vores medarbejdere er i stand til at varetage alle former for el-installationer, og har videregående uddannelser indenfor deres kompetenceområder. Derudover samarbejder vores medarbejdere i høj grad på tværs af kompetenceområderne, hvilket giver os en stor fleksibilitet i firmaet.
Det vigtigste for os er at levere kvalitet til tiden og opnå tilfredse kunder – derfor er du også meget velkommen til at kontakte os og tage en uforpligtende samtale med os, så vi kan sikre, at du får den bedst tænkelige service.
Vi står til rådighed 24/7.","Appliances, Electrical, and Electronics Manufacturing",2-10 employees,Public Company,"Esbjerg, South Denmark, Denmark",Denmark,ibruun.dk,https://www.linkedin.com/company/ibruun-a-s
Prolon Control Systems ApS,"We provide the full range of zone control features for modern intelligent building installations in a distributed system. This includes functionally for distributed zone control of HVAC, lighting, sunblinds, energy monitoring and integration. Our products has a very flexible feature set, that is based on our long industry experience and offer fully pre-programmed devices that can save project engineering time.

Cloud based energy monitoring system with an open protocol for time series collection using a third generation edge server with flexible ports for collection of data from BACnet, Modbus, M-bus, LonWorks and more.
We offer full stack or partial development, as well as consultancy cooperation within our experience fields. We offer partnership on different levels of development, from single level software consultancy in the fields of embedded, cloud, or app dev to full stack software partnered with hardware products.

We offer full stack or partial development, as well as consultancy cooperation within our experience fields. We offer partnership on different levels of development, from single level software consultancy in the fields of embedded, cloud, or app dev to full stack software partnered with hardware products

Based on our broad experience with intelligent system technology, we also offer product development in an OEM cooperation agreement. During the years we have developed OEM product in cooperation with companies such as Danfoss, Exhausto, and Halton, among others. Our project portfolio includes modern smart devices with configuration using smartphone and Bluetooth connectivity.","Appliances, Electrical, and Electronics Manufacturing",2-10 employees,Public Company,"Albertslund, Capital Region, Denmark",Denmark,prolon.dk,https://www.linkedin.com/company/prolon-control-systems-aps
LunaStonePedals,"I DREAM OF AND LIVE FOR GREAT GUITAR TONE
My name is Steen, I live in Copenhagen, Denmark, and I am the founder of LunaStone. First of all, I am a passionate guitarist, but I am also an engineer and something of a dreamer who constantly pursues divine guitar tone.

Decades of gigging and studio sessions taught me an important lesson: Nothing takes my focus off the music like poor sound. And even more importantly, it affects how I play. Eventually, this made me obsessed with the idea of creating the perfect overdrive pedal.

I want loads of transparency and sustain when I kick in a drive pedal. I want to hear my beloved amp and the nuances of my guitar, even at various pickup settings, through the drive. From subtle crunch to high gain, I want to be able to hear me. Because that is when I play my absolute best

Therefore, I decided to start from scratch. I isolated every single component, played, listened, tuned and tweaked until I knew exactly how different transistors like JFETs, MOSFETs, BJTs, and a handful of classic op-amps and diodes, amplified and colored my guitar tone. Based on these intensive experiments and thorough listening sessions, I came up with a brand new design that I call TrueOverDriveTM.

The most fundamental finding I made was that diode-clipping is not the answer when your goal is to create the ultimate overdrive tone. Interestingly, though, the vast majority of drive pedals are based on diode-clipping, so this is truly a major leap away from traditional designs.

In essence, My TrueOverDrive approach is based strictly on cascaded gain stages all the way from input to output. This way, it sounds and feels like a real tube amp overdriving the signal. The dynamics are similar to what you get from cranked tubes, and I can control so many tonal nuances with nothing but my fingers and the volume knob on my guitar. And most important of all, I can keep my sole focus on playing the music that I love.","Appliances, Electrical, and Electronics Manufacturing",11-50 employees,Privately Held,"Randers, Middle Jutland, Denmark",Denmark,lunastonepedals.com,https://www.linkedin.com/company/lunastone
Thomsen Electronics,"Thomsen Electronics develops customized electronics and firmware for industrial machinery and devices. The developer has 20+ years of experience with development of industrial electronics.

Many industrial machines are controlled by PLCs. This is a relatively quick and versatile way to manufacture industrial machinery, but can also be quite costly. If your company makes many similar or identical machines, you might consider switching from PLCs to customized electronics. Thomsen Electronics can help you with that.

The cost of a PCB will typically be a tiny fraction of the cost of a PLC, with the same inputs and outputs. The PCB can be designed so sensors and actuators can be connected directly to dedicated connectors, thus reducing or eliminating the need for rows of terminal blocks. All I/O ports, analog and digital, are on the same PCB, instead of being divided into separate modules. Furthermore, special input and output ports, not typically found in PLCs, can be added to a customized PCB.

As a Thomsen Electronics customer, you will be part of the development process, including the choice of connectors and terminals. When the customized control PCB has been designed correctly, machine wiring should be noticeably faster and easier, further reducing cost.

Also, customer specific features can be added to the controller firmware, adding functionality that you may not have had in your PLC.

Apart from the usual industrial analog and digital inputs and outputs, the PCB can be equipped with ports for
- Photodiodes and other optical sensors
- Pressure sensors
- Oxygen sensors
- Thermo-electric coolers (TEC)
- AC current transformers
- Flame sensors
- Load cells
and the list goes on.

Please let me hear about your needs for an industrial control unit, so I can help you reduce cost and add functionality to your industrial product.","Appliances, Electrical, and Electronics Manufacturing",Self-employed,Self Employed,"Ørsted, Middle Jutland, Denmark",Denmark,thomsenelectronics.dk,https://www.linkedin.com/company/thomsen-electronics
Danish Feed Tech Solutions,"At Danish Feed Tech Solutions, we are focused on optimizing processes within the compound feed industry in order to save resources for the benefit of both the economy and the environment.

We find the best solutions in existing and future feed plants, and work both to develop new technologies and provide consultancy for companies.","Appliances, Electrical, and Electronics Manufacturing",2-10 employees,Partnership,"Otterup, South Denmark, Denmark",Denmark,danishfeedtech.com,https://www.linkedin.com/company/danish-feed-tech-solutions
Evermart ApS,"I Evermart's sortiment finder du et omfattende udvalg af elektronik og tilhørende tilbehør samt meget mere. Vores mål er konstant at tilbyde produkter af højeste kvalitet til den mest fordelagtige pris! Vi præsenterer varer fra nye, velrenommerede mærker og leverandører, som er i stand til at tilvejebringe førsteklasses varer til den mest konkurrencedygtige pris. På Evermart.dk opdager du elektroniske artikler fra mærker, der er unikke sammenlignet med andre online forhandlere. Vores leverandører er omhyggeligt valgt ud fra et ønske om at sikre, at vores kunder altid modtager de fremragende produkter til de mest attraktive priser!

10.000+ forskellige produkter, 500.000+ glade kunder siden 2014!","Appliances, Electrical, and Electronics Manufacturing",11-50 employees,Self Owned,"Aarhus, Middle Jutland, Denmark",Denmark,evermart.dk,https://www.linkedin.com/company/evermart-dk
linumdk,"Linum is manufactured by estron a/s - the market leading expert in miniature wire, cable and connector systems for high-end components.

Our products and solutions are widely used in hearing aids, in-ear-monitors, headphones and loudspeakers worldwide.

With the establishment of the Linum brand we've taken our documented in-depth expertise into a completely new field. We have created Linum based on our dedication for sound and ergonomics. We have the ambition of making the World's best audio cable and connector for people who truly appreciate genuine sound quality, premium comfort and great style - be it private or at work.

Our team truly enjoys solving complicated challenges and making them simple, as it is the case with Linum. We create maximum and genuine sound quality through the World's thinnest and lightest, tangle-less cabel and the most innovative connector type developed in years.","Appliances, Electrical, and Electronics Manufacturing",51-200 employees,Public Company,"Silkeborg, Denmark",Denmark,linum.dk,https://www.linkedin.com/company/linumdk
FJH Automatic A/S,"Styringsautomatik når det er bedst!
FJH Automatic leverer el-automatik til den danske industri, herunder medicinal-, fødevare- og sværindu-strien.

Vores stærkeste kompetencer er:
• Levering af komplet styringsautomatik af højeste kvalitet til maskin- og proces-industrien.
• Levering af nøjagtig det produkt kunden ønsker.
• Levering af kundespecificerede delydelser inden for industri-automation. Altid af højeste kvalitet.

Del-ydelser kan være:
• Projektering
• Dokumentation
• Tavlemontering
• Montage af anlæg
• Montørhjælp
• Programmering
• Test af maskineanlæg

Projektering:
I FJH kan vi planlægge, projektere og levere maskinanlæg og el-dokumentation. Erklæringer og dokumentation til brug for CE-Mærkning følger med.

FJH kan være behjælpelige med også at stå for risikovurdering af maskinanlægget.

CAD tegninger leveres i SEE Electrical (Caddy ++), E-Plan eller i PC-Schematic, alt efter kundens ønske.

PLC- og HMI–programmering:
Vores softwareafdeling er specialiseret inden for Siemens og Omron PLC og HMI, men vi kan også tilbyde programmering af andre fabrikater.

Tavlemontage:
På vort tavle- og montørværksted har vi nogle af branchens mest erfarne og dygtige montører som løbende efteruddannes.

Her samler vi de fleste af de styresystemer og el-skabe FJH Automatic har fået et godt ry for.

Installation-og idriftsættelse:
Vore montører, teknikere og programmører har lang erfaring med installation, test, indkøring og idriftsættelse.

Det gælder både i forbindelse med FJH-projekter og ved leverance af styretavler og maskiner fra tredje part.

Alle tests udføres i tæt samarbejde med kunden og slutbrugeren og dokumenteres i vort kvalitetsstyringssystem.

Service og Vedligehold:
Maksimal oppetid i produktionen.

Vi har stor erfaring med service og vedligehold og er parat til at rykke ud når behovet er der.

Vort team af montører, teknikere og programmører er hjemme-vant med at løse opgaver inden for alle brancher. Lige fra svær metalindustri til farmaceutiske produktionsanlæg i klassificerede områder.","Appliances, Electrical, and Electronics Manufacturing",11-50 employees,Public Company,"Frederiksværk, Capital Region, Denmark",Denmark,fjh.dk,https://www.linkedin.com/company/fjhautomatic
Fyns Tavle Teknik ApS,"Our specialty is the production of control- and power boards in close cooperation with our customers. 
 
Our objective is to deliver switchboard products of high quality at the right time and price. 
 
Fyns Tavle Teknik offers panel systems, either as implementing party, where we build out from finished drawn diagrams or we can take on the job ourselves, where we build the switchboard, but also prepares the drawings.
Fyns Tavle Teknik produces plate and iso-enclosed low-voltage switchboards and control equipment. We supply industries and construction companies as well as commercial and residential developments.
 Fyn Tavle Teknik's employees have many years of employment, accumulated a lot of knowledge and competence in the development and documentation of electrical panels. Also in areas such as industrial process monitoring and PLC programming can Fyns Tavle Teknik offer its expertise. Fyns Tavle Teknik delivers quality switchboards built in any modular based panel systems. We are not tied to a specific manufacturer, as we see it as a strength that could deliver just the product that meets the requirements that are tied to the job.","Appliances, Electrical, and Electronics Manufacturing",2-10 employees,Self Owned,"Odense, South Denmark, Denmark",Denmark,fynstavleteknik.dk,https://www.linkedin.com/company/fyns-tavle-teknik-aps
ATE / Advanced Technology Expressions Co.,"The founder of ATE has for thirty years been the inventor and creator of multiple world-class high-tech products and appliances within fields like:
•	ENERGY: Advanced and sustainable green energy production systems for power, heating, cooling, storage, and electrical P to X fuel generation 
•	LUMINO: Digital, programmable, and intelligent full spectrum lighting for safety, medical treatment, health, wellbeing, and comfort 
•	MEDICO: Bespoke dental and medical equipment, disinfecting cleansing devices and complex life science bio-testers and analysers
•	OPTICAL: Unique optical lens, fibre and laser systems for imaging and communication, sensors for industrial fluid or gas analysis and metering
As the holder of deep insight into multiple advanced technologies, ability to combine these into efficient commercial products, the company offers customized contracted development, specialised prototype design and creation by own workshop facilities or managed outsourced manufacturing.","Appliances, Electrical, and Electronics Manufacturing",2-10 employees,Privately Held,"Slagelse, Zealand, Denmark",Denmark,ate-group.dk,https://www.linkedin.com/company/ate-advanced-technology-expressions-co
Koheras single-frequency fiber lasers,"The Koheras single-frequency fiber lasers from NKT Photonics are longitudinally single-mode and offer extremely low phase and intensity noise levels. Available in the erbium, ytterbium, or thulium wavelength ranges and with frequency conversion to many other bands.

Reliability is our highest priority and the all-fiber DFB design ensures robust and reliable operation for thousands of hours.

Koheras lasers are extremely stable and mode-hop-free – even under changing environmental conditions. You can also get shot noise-limited solutions for applications demanding extra low-intensity noise levels.","Appliances, Electrical, and Electronics Manufacturing",201-500 employees,Privately Held,"Birkerød, Capital Region, Denmark",Denmark,nktphotonics.com,https://www.linkedin.com/company/koheras-as
ThoMa El ApS,"Supplies services for electrical installations by skilled and highly specialized employees.
Field of work; b2b, private and by service contracts  
Supplies service for all standard electrical installations and specialized i BMS (Building management systems)","Appliances, Electrical, and Electronics Manufacturing",2-10 employees,Partnership,"Hvidovre, Capital Region, Denmark",Denmark,thoma-el.dk,https://www.linkedin.com/company/thoma-el-aps
PLATFORM3 A/S,"PLATFORM3 skaber digitale hjem med grønt fokus med tilhørende besparelser og brugervenlighed for beboer og boligforeninger. De digitale grønne hjem skabes på vores åbne platform. En åben platform betyder, at den kan samarbejde med de systemer, du måtte have i forvejen. 

Platformen sørger for løbende måling og sensordata til brug for automatisk forbrugsregnskab, analyse og energioptimering. Den gør de administrative opgaver til en leg gennem digitalt forbrugsregnskab, digitalt adgangssystem og digitale navne-displays, som i fremtiden let kan ændres. 

Vores platform inkluderer bl.a.: 
 Ventilation – skab bedre indeklima 
 Temperatur – løbende dataopsamling, mulighed for billigere fjernvarmepris      
 Adgangskontrol – øg sikkerheden 
 Strøm- og vandmåling – skab forbrugsoverblik 

Energieffektivitetsdirektivet, en lovgivning fra EU, kræver at, alle forbrugsmålere skal være udskiftet til fjernlæsning i 2027. 

Lad PLATFORM3 hjælpe dig med dit projekt!","Appliances, Electrical, and Electronics Manufacturing",Self-employed,Public Company,"Odense, South Denmark, Denmark",Denmark,platform3.dk,https://www.linkedin.com/company/platform3-a-s
MBK-Automatik,"Hos MK-Automatik har vi specialiseret os inden for automatisering af produktion. Vi er din partner inden for industriautomatik i hele verden. vi har særlig erfaring indenfor forlystelsesparker og marine/offshore. Vi har den nødvendige erfaring og viden, omkring automatisering af produktion, til at kunne vejlede og implementere den mest optimale og brugervenlige løsning.","Appliances, Electrical, and Electronics Manufacturing",Self-employed,Self Owned,"Korsør, Zealand, Denmark",Denmark,mbk-automatik.dk,https://www.linkedin.com/company/mk-automatik
LED-SALG.dk,"Rådgiver virksomheder, landbrug og det offentlige marked om elbesparelser ved at skifte til LED lyskilder.
Salg af kvalitets lyskilder med høj Ra værdi (97), lang garanti og høj effektivitet.
Gratis energigennemgang med dokumenteret besparelse og tilbagebetalingstid. 
Gratis beregning af energitilskud.","Appliances, Electrical, and Electronics Manufacturing",2-10 employees,Public Company,"Værløse, Capital Region, Denmark",Denmark,led-salg.dk,https://www.linkedin.com/company/led-salg-dk
Scansupply Batteries,"Scansupply is a leader in battery design and development, and we work closely with our clients to power their dreams of a better tomorrow.","Appliances, Electrical, and Electronics Manufacturing",2-10 employees,Privately Held,"Birkerød, Capital Region, Denmark",Denmark,scansupply.dk,https://www.linkedin.com/company/scansupply
Inno Power,"Inno Power develops and sells innovative monitoring products for street lighting.

Our portfolio will make it possible for the costumers to offer improved services within improve reliability, durability and intelligent service in a very cost efficient manner.

The company was founded in 2008 and emerged from the innovation company Phi Invention as results of many years of research in the sensor and monitoring field. The team in the company has been working with control and monitoring systems for the last 10 years and our products are the result of the many years in the field.

Inno Power offers advice, planning and product development throughout most of the world in cooperation with our customers and professional partners.","Appliances, Electrical, and Electronics Manufacturing",2-10 employees,Public Company,"Lystrup, Middle Jutland, Denmark",Denmark,innopower.dk,https://www.linkedin.com/company/inno-power
HHR El-teknik APS,"HHR El-Teknik ApS udfører el-opgaver store som små, for både private og erhverv.
Siden vi startede vores virksomhed i 2007 har vi etableret os som en stabil virksomhed med sans for detaljen. Vi har stor erfaring en boliginstallationer og fejlfinding på store og mindre installationer.","Appliances, Electrical, and Electronics Manufacturing",2-10 employees,Public Company,"Copenhagen, Capital Region, Denmark",Denmark,hhrel-teknik.dk,https://www.linkedin.com/company/hhr-el-teknik-aps
Magnussen & Speiermann A/S,"Magnussen & Speiermann A/S (M&S), has more than 50 years of experience in electromechanical solutions. M&S is a Special Factory for electrical equipment and heating elements. M&S produce a span of different products for the electrostatic precipitator industry and for high-voltage installations, but also different kinds of measuring equipments are a part a our product portfolio. Our main running production consist of products adapted for the electrostatic precipitator industry, and all products which are in production is a result of many years of experience from the market. We have in the following presentation divided our products into four main categories; Heating elements, Electrodes for Electrostatic Precipitators, Parts for Electrostatic Precipitators and Measurement Equipment. For further information about each product program please select the category of interest. Product development is an important part of our company policy, therefore we often participate when new products are developed or existing products are improved, all in processes that secure a better and a cleaner environment.","Appliances, Electrical, and Electronics Manufacturing",11-50 employees,Privately Held,"Hvidovre, Capital Region, Denmark",Denmark,speiermann.dk,https://www.linkedin.com/company/magnussen-&-speiermann-a-s
Kabelsmeden ApS,"Kabelsmeden hjælper kunder med at få sammensat de helt rette kabler og stikpaneler. Vi svarer gerne på spørgsmål, og vi gør kunden i stand til at træffe den rigtige beslutning, når det gælder indkøb af kabler eller stikpaneler til eventbranchen. Når først kunden har aflagt ordre, går vi hurtigt i gang med at få fremstillet den rette løsning. For Kabelsmeden er det en mærkesag, at produkterne er fremstillet efter højeste standard. Det giver tilfredse kunder, der er drivkraften bag vores succes.","Appliances, Electrical, and Electronics Manufacturing",2-10 employees,Privately Held,"Herlev, Capital Region, Denmark",Denmark,kabelsmeden.dk,https://www.linkedin.com/company/kabelsmeden-aps
SimplyLight,"At SimplyLight we specialize in helping large European industrial enterprises with a bright management to invest in energy savings through new lighting technologies. Our costumers experience a 50-80% drop in energy consumption from day one. 

We made the process of obtaining these savings very simple (hence our name). From our customers perspective the process is both easy to understand and easy to implement as we take care of everything from A to Z so no employee work hours are occupied during the process. As a positive side effect our customers also experience far less maintenance and CO2 emissions as well as an improved work environment due to our new technologies.

Our customers typically yield between 200-500% return on their investment with a 1-3 years payback time on a 6-8 years product lifecycle. 

Taking the above specified investment and core benefits into account, what ́s not to like?","Appliances, Electrical, and Electronics Manufacturing",2-10 employees,Privately Held,"Copenhagen, Capital Region, Denmark",Denmark,,https://www.linkedin.com/company/simplylight
TL Technology ApS,"TL Technology er en dansk elektronikproducent, der siden 2005 har udviklet og produceret elektronik- og LED-print til danske virksomheder på tværs af brancher. Høj kvalitetsmæssig standard udgør virksomhedens fundamentet, mens hjørnestenene består af høj fleksibilitet og gode relationer til kunder og leverandører. 
Hos os går du ikke forgæves - Vi sidder klar til at give dig en ærlig og konstruktiv rådgivning inden du beslutter dig for det videre forløb.

Vi tilbyder:

* Diagramudvikling, printlayout og software
* SMD & THT montage på komplet produktionsapparat
* Specialiseret montage af LED-print i alle former og farver
* Teknisk rådgivning og konsulentydelser

Fra egen produktlinie tilbyder vi multifunktionelle styringer samt embedded intelligent touch display

Lad os finde den bedste løsning til dit projekt - Vi glæder os til at byde dig velkommen!","Appliances, Electrical, and Electronics Manufacturing",2-10 employees,Partnership,"Assentoft, Middle Jutland, Denmark",Denmark,tltech.dk,https://www.linkedin.com/company/tl-technology-aps
Apron Adventures,Apron Adventures is an independent and creative kitchen brand trusted by insiders.,"Appliances, Electrical, and Electronics Manufacturing",2-10 employees,Privately Held,"Kongens Lyngby, Capital Region, Denmark",Denmark,apronadventures.dk,https://www.linkedin.com/company/apronadventures
FLYES EL-SERVICE A/S,,"Appliances, Electrical, and Electronics Manufacturing",2-10 employees,Public Company,"Helsingør, Capital Region, Denmark",Denmark,flyes-el.dk,https://www.linkedin.com/company/flyes-el-service-as
Tecvision,"TecVision is a leading supplier of extraordinary technology in the areas of digital surveillance equipment, CE appliances and related equipment to the North European market place.
Tecvision provides professional sourcing and service competences to resellers and solution providers in the Nordic and European marketplace.

TecVision also have the  capability to co-develop, source and produce bespoke solutions for all electronic products in these areas – from industrial design to finished product, and undertakes specific sourcing of all electronic products, components and devices.

TecVision was founded in 2007 on the basis of the equivalent business areas in DVR TEC and Plättner electronics to focus competences and market penetration ability in the core business areas.

TecVision represents significant competence, experience and capability in its selected business areas and aspires to become your preferred sourcing partner.

All our products are supported by complete service and support framework including national service call center for each country in the region.

We are proud to represent a number of high quality technology brands and  introduce a range of leading manufactures of extraordinary electronic solutions and alternative energy into the Nordic and European market place.  We ensure brands are introduced with a proper sales, service and logistics framework which provide leading competitive edge to your business.","Appliances, Electrical, and Electronics Manufacturing",11-50 employees,Privately Held,"Odense, South Denmark, Denmark",Denmark,,https://www.linkedin.com/company/tecvision
IOILAB ApS,"IOILAB offers the strongest and most advanced energy saving solution products for fume hoods on the marked. Our solutions guarantee large savings on operation  and an Investment with fast payback.

GIS energy-saving fume cupboard sash automatism has been specifically developed to meet all future demands for fume cupboards.

The flexibility of the system’s construction ensures a continuous adaptability to new demands and comfort functions for fume cupboard control.

The system can be mounted on both new and existing fume cupboards.

Installation of the sash control system will increase the energy economy with large savings on the running costs, while increasing the safety conditions in the fume hood.

IOILAB has furnished these energy and environmentally conscious customers.

-  Haldor Topsøe A/S

-  Novo Nordisk A/S

-  DTU Danchip

-  Herlev Hospital

-  August Krogh Instituttet

-  KU Farma

-  KU LIFE

-  Panum Instituttet","Appliances, Electrical, and Electronics Manufacturing",2-10 employees,Privately Held,"Gentofte, Capital Region, Denmark",Denmark,ioilab.com,https://www.linkedin.com/company/ioilab-aps
Lotus Electronics ApS,"Development and low-volume production of customer specific analog, digital and embedded hardware as well as system firmware solutions","Appliances, Electrical, and Electronics Manufacturing",2-10 employees,Privately Held,"Nordborg, South Denmark, Denmark",Denmark,lotus-electronics.dk,https://www.linkedin.com/company/lotuselectronics
ZibraLabs ApS,,"Appliances, Electrical, and Electronics Manufacturing",11-50 employees,Privately Held,"Copenhagen, Capital Region, Denmark",Denmark,,https://www.linkedin.com/company/zibralabs
Knud Knudsen a/s,"Knud Knudsen – alle installationskompetencer under ét.

Knud Knudsen a/s er den ubetinget mest veletablerede installatør i Ikast området. Med spidskompetencer inden for elinstallationer, sikring, it og kommunikation. Knud Knudsen a/s er din lokale totalleverandør.

Firmaet blev grundlagt af Knud Knudsen i 1946 og overtaget af hans søn, John Knudsen som solgte det til teknikgruppen i 2005. Virksomheden beskæftiger ca. 30 medarbejdere.","Appliances, Electrical, and Electronics Manufacturing",Self-employed,Public Company,"Ikast, Middle Jutland, Denmark",Denmark,knud-knudsen.dk,https://www.linkedin.com/company/knud-knudsen-a-s
BLICHFELD Power & Measurements A/S,"BLICHFELD Power & Measurements A/S is a company based out of Kolding, South Denmark, Denmark.","Appliances, Electrical, and Electronics Manufacturing",2-10 employees,Privately Held,"Kolding, South Denmark, Denmark",Denmark,blichfeld.dk,https://www.linkedin.com/company/blichfeld-power-&-measurements-a-s
C. Erichsen & Søn a/s,"C. Erichsen & Søn er din regionale total-leverandør inden for el, sikring og kommunikation.

C. Erichsen & Søn a/s i Varde er en traditionsrig installatør med kolossalt fokus på kvalitet, troværdighed og innovative løsninger, der skaber nytteværdi.

Virksomheden blev stiftet den 1. maj 1914 af Erichsen og Lund i Varde og Herning. I 1942 overtog Carl Erichsen Varde afdelingen og kørte den videre på egen hånd. Siden er virksomheden gået i arv først til Knud Erichsen i 1955 og siden til Peder Erichsen i 1991, indtil den overgik til TeknikGruppen i 2007. I dag beskæftiger C. Erichsen & Søn a/s ca. 45 medarbejdere.","Appliances, Electrical, and Electronics Manufacturing",Self-employed,Public Company,"Varde, South Denmark, Denmark",Denmark,teknikgruppen.dk,https://www.linkedin.com/company/c-erichsen-&-søn-a-s
Vantinge Teknik ApS,"Vantinge Teknik ApS er en fleksible teknikleverandør der arbejder indenfor 3 hovedområder: 
Vi udfører professionelt service af tekniske installationer og teknisk rådgivning.
Kontaktoplysninger: Vantinge Teknikpartner - Tlf.: 35 142 451 - Mail: teknik@vteknik.dk
-------------------
Vi er Aut. Elinstallatør der udfører alle former for autorisations krævende el-opgaver for både private, erhverv og industri inden for elektriske installationer, solcelleanlæg, batteri til solcelleanlæg samt ladestandere udført efter nyeste standarder. (DS/HD 60364.)
Kontaktoplysninger: Vantinge El - Tlf.: 6266 1451 - Mail: el@vteknik.dk
-------------------
Vi projekterer, forhandler og monterer små og store solcelleanlæg. Vi er certificeret SolarVenti (Luftsolfanger) forhandler på Fyn. Vi projekterer og installerer anlæg til affugtning og RADON bekæmpelse i kældre. Vi er Panasonic ProPartner og LG forhandler på Fyn. Vi kan tilbyde 5 års garanti på en ny luft til luft eller en lift til vand varmepumpe. Vi har salg installation og service af Masterveil lukkesystemer, samt import af facadesystemer fra Spanske Gimenza Ganga. Masterveil danmark tilbyder lufttæpper til butikker og erhverv. Adskillelse imellem fx. frugt og grønt og butikken, eller adskillelse i en industriport imellem kulde og varme. Etablering af en usynlig port.
Kontaktoplysninger: Vantinge Klimainstallation - Tlf: 97 142 700 - Mail: klima@vteknik.dk","Appliances, Electrical, and Electronics Manufacturing",2-10 employees,Public Company,"Ringe, South Denmark, Denmark",Denmark,vteknik.dk,https://www.linkedin.com/company/vantinge-teknik
El Partner,,"Appliances, Electrical, and Electronics Manufacturing",2-10 employees,Self Employed,"Bronshoj-Husum, Capital Region, Denmark",Denmark,el-partner.dk,https://www.linkedin.com/company/elpartner
Logos Test & Measurement A/S,"Logos Test & Management is a the Danish exclusive distributor of several highly recognised manufacturers of test & measurement instruments. The product portfolio includes datalogger, datarecorders, function generators, oscillocsopes, measurement instruments, power supplies, thermo cams, calibration equipment etc. Logos represent among others HIOKI, Fourier Systems, ETI, UNI-T, MadgeTech, Veriteq, E+E Elektronik, Andeen-Hagerling, ULIRvision, Stanford Research Systems, Revue Thommen, D. Marchiori Aero & Ohm-Labs.","Appliances, Electrical, and Electronics Manufacturing",2-10 employees,Privately Held,Denmark,Denmark,,https://www.linkedin.com/company/logos-test-&-measurement-a-s
Abild El-Forretning ApS,"Abild El-forretning i Tønder har både elektriker-virksomhed og butik. Vores specialuddannede elektrikere kan hjælpe dig døgnet rundt med stor ekspertise inden for el-installationer, bl.a. varmepumper, ABA og hvidevarer. Og i vores butik på Ribelandevej 54 i Tønder findes et bredt udvalg af mærkevarer inden for belysning, hvidevarer og husholdningsmaskiner til både private, erhvervskunder og offentlige institutioner.

Kontakt os i dag på mail@abild-el.dk   eller på  74 72 33 55 – vi ser frem til at høre fra dig!","Appliances, Electrical, and Electronics Manufacturing",11-50 employees,Self Employed,"Tønder, South Denmark, Denmark",Denmark,abild-el.dk,https://www.linkedin.com/company/abild-el-forretning-aps
UNI-EL A/S,"Uni-El er en værdibaseret virksomhed. Værdibaseret på den enkle måde, at vi ikke har mange regler, til gengæld har vi mange værdier. Ordentlighed - såvel internt i huset som eksternt overfor partnere - er helt centralt for Uni-El og den måde vi driver forretning på.

Uni-El A/S: Maskinbyggerens & Elinstallatørens rådgivende tavlebygger:
-	Maskinbyggere: Du har nogle maskiner, der skal bygges; lad os stå for styringerne!
-	Elinstallatører: Du har nogle projekter der skal i mål; lad os bygge dine eltavler!

Hos Uni-El tror vi på, at samarbejde ikke er mellem firmaer, men mellem mennesker. Et samarbejde er for os meget mere end regneark, betalingsbetingelser og FAT-rapporter.
Vi tror på, at mennesker tegner firmaer og ikke omvendt. Det er denne tilgang til samarbejde, du vil møde, når du stifter bekendtskab med Uni-El’s ambassadører - medarbejderne. Man er ikke ansat i Uni-El, man er en del af Uni-El.

Mission:
”Maskinbyggerens & Elinstallatørens rådgivende tavlebygger” er for os langt mere end blot ord. Vi lever den sætning. Hver dag.

Maskinbyggeren: Vores mission er fortsat at være en integreret del af de virksomheder, vi arbejder sammen med. Det kan ikke udtrykkes mere præcist end det, én af vore gode samarbejdspartnere inden for maskinbyggeri sagde: ”Uni-El er for mig som at have min egen innovative elafdeling”.

Elinstallatøren: Vores mission er at være elinstallatørens førstevalg, når det kommer til projektering, montering og levering af gruppe-, fordelings-, styre- og ISO-tavler.

Made in Denmark:
”Hvorfor købe i øst, når vi kan lave det i vest?” siges ofte af Uni-El medarbejderne med et glimt i øjet. Vores vestjyske DNA fornægter sig ikke, og mangen aftale er nedfældet på en serviet eller bekræftet ved et håndtryk.

Vore tavler er udelukkende baseret på kvalitetskomponenter, samlet af danske faglærte tavlemontører her i Rimmerhus, mellem Herning og Vesterhavet. Prøv os næste gang du skal bruge en styre-/eltavle.","Appliances, Electrical, and Electronics Manufacturing",11-50 employees,Privately Held,"Herning, Middle Jutland, Denmark",Denmark,uni-el.dk,https://www.linkedin.com/company/uni-el-a-s
LYSEL ApS,"Mobile lighting for the professionel user. Additional to his we supply cable reels, distributionboxes, cable and transformers.
Security products based on 24V/42V and ATEX certificated production for use in area with explosion risk.
POWERMOON ballonlight for construction site, camp ligting, event and party.","Appliances, Electrical, and Electronics Manufacturing",2-10 employees,Privately Held,"Kolding, South Denmark, Denmark",Denmark,lysel.dk,https://www.linkedin.com/company/lysel-aps
Sydkystens El A/S,"Sydkystens el A/S blev grundlagt i 1954.

Vi udfører service og installationer inden for.

1. Solceller.
2. Varmepumper.
3. Energirenovering.
4. Industri.
5. Byg og anlæg.
6. Husinstallationer.
7. Tele og data.
8. Antenne og paraboler.
9. Hvidevare service.

Kontakt os på tlf. 49 13 27 73","Appliances, Electrical, and Electronics Manufacturing",11-50 employees,Public Company,"Helsingør, Capital Region, Denmark",Denmark,sydkystens-el.dk,https://www.linkedin.com/company/sydkystens-el-a-s
LAPP Denmark,"Official page of LAPP Denmark

LAPP Denmark is a sales unit which is part of LAPP Miltronic in Sweden. We combine one of the market's widest ranges of cables, special cables, cable accessories, electrical components, enclosures and automation products with high technical expertise and qualified advice. LAPP Miltronic was founded in 1965 and is today a wholly owned subsidiary of LAPP, and the group's sales company on the Swedish and Danish markets. The head office is located in Nyköping, Sweden with warehouse, logistics centers and resources for customized manufacturing. The Danish sales office is located in Greve, south of Copenhagen.","Appliances, Electrical, and Electronics Manufacturing",2-10 employees,Privately Held,"Zealand, Denmark",Denmark,lappgroup.com,https://www.linkedin.com/company/lapp-den
NEWTEK,"Det burde kunne betale sig at ’tænke anderledes’ i disse dage, da vi lever i en verden, hvor modstandskraft er en stadigt stigende væsentlig håndteringsmekanisme. Det offentlige, virksomheder og forbrugere skal være fleksible, agile og selvsikre.

NEWTEK er et innovativ virksomhed med speciale i at bringe innovative teknologier til et marked, der orienterer sig mod større miljøbevidsthed, bedre mobilitet, bedre kommunikation  og bedre sundhed.

Vi specialiserer os indenfor:

- E-Mobilitet, IoT og byrumsindretning for den smarte, bæredygtige by.
 
- Belysning til 'smarte' miljøer, herunder intelligent vej- / stibelysning på solenergi og speciel sportsbelysning, der øger oplevelsen.  

Vi holder til i Odense, meget tæt på motorvej E20.

NEWTEK står som garant for innovative løsninger, mellem på den ene side kundens ønsker, og på den anden side de installationsmæssige muligheder. Vi søger konstant at være med på nye teknologier og muligheder, og være blandt de bedste til at udnytte disse. Indenfor soldreven belysning, er vi faktisk blandt de førende i markedet!

NEWTEK tilbyder et miks af solid stor viden og erfaring med faglig styrke indenfor vores kerneområder. Vi kan udføre idéoplæg, målinger og beregninger i eksisterende bygninger eller på udendørs anlæg, og udarbejde tidsplaner og tilbud, såvel som dimensionering og projektering af selve udførelsen og tilsynet. Qua vores store kontaktflade med installatørbranchen, kan vi tilbyde fuld turn-key løsninger overalt i landet.

NEWTEK  er partner med flere stærke kendte internationale producenter, der har egen udvikling og produktion - fortrinsvis i Europa og Nordamerika.","Appliances, Electrical, and Electronics Manufacturing",2-10 employees,Privately Held,"Odense Sø, South Denmark, South Denmark, Denmark",Denmark,newtek.dk,https://www.linkedin.com/company/newtek-ecotap-danmark
Viridus,Production of battery packs for the e-mobility industry,"Appliances, Electrical, and Electronics Manufacturing",11-50 employees,Public Company,"Aarhus, Middle Jutland, Denmark",Denmark,viridus.com,https://www.linkedin.com/company/viridus
e3light Group,"e3light is a company based in Denmark which specializes in lighting solutions. We have been on the market since 2001. We are working dedicated every day to develop and deliver our products and services with the best lighting quality for our clients.

We are one of the market leaders in OEM and private label lighting business in Europe. Around 90% of our sales are energy efficient lighting products, customized for clients wanting their lumieres equipped with, or sold with bulbs with specs in the top end of lighting quality. 
For those clients not in a position to start an own OEM product, we also offer a wide selection of bulbs in our high light quality philosophy under the e3light brand.

Our slogan is “light that matters” and we put our pride in giving lumiere designers, building decorators, restaurants, hotels, private consumers etc. the possibility to get light sources that fully lives up to their choice of designer lumieres, performing in the way it was meant to. 

Our company is aiming to offer the best in sustainability, customer experience and innovation. e3light is a member of BSCI, the Business Social Compliance Initiative.
We implement standards and policies to ensure consistently high quality of production also when performing our specialty - customized low volume productions. 
As a part of our dedication to quality we carefully select manufacturing partners and suppliers based on the same strict standards. We perform regular inspections of raw materials and components and full inspection & test on ALL finished products. 

We have during the years received awards for innovation and product design and we are certain that our journeys with our many clients have just started. We make sure that our products reflect our vision that “light matters”.

Our customers can also appreciate the innovations in terms of high quality solar & intelligent lighting through the mylight.me product line.","Appliances, Electrical, and Electronics Manufacturing",11-50 employees,Privately Held,"Lystrup, Middle Jutland, Denmark",Denmark,e3light.com,https://www.linkedin.com/company/e3light-group
Michael Wulff A/S,"Velkommen til Michael Wulff A/S - her finder du: 
> 50 medarbejdere med høj anciennitet. 
> Mere end 3000 tilfredse kunder i hele Nordjylland 
> 60 års historie 
> Specialviden inden for bl.a. industriinstallationer, energioptimering, brandsikring og belysning 
> Godt håndværk højt serviceniveau og nordjysk ordentlighed.","Appliances, Electrical, and Electronics Manufacturing",51-200 employees,Public Company,"Støvring, North Jutland, Denmark",Denmark,michaelwulff.dk,https://www.linkedin.com/company/michael-wulff-a-s
TKT Electronics ApS,"TKT Electronics’ grundsten blev allerede lagt tilbage i 1988 af Kai Toft, og hed dengang KT elektronik. Med sin mangeårige erfaring fra branchen kom Tommy Korsholt til virksomheden i 2005. Kai og Tommy samarbejdede om et generationsskifte for virksomheden i 5 år, og i 2010 skiftede KT Elektronik navn til TKT Electronics Aps med Tommy, som nuværende eneejer.  

De dedikerede medarbejdere, samt Tommys store erfaring, har i de seneste mange år skabt en voksende og positiv fremgang for TKT Electronics. Virksomheden vokser løbende med flere gode medarbejdere, nye kunder og store opgaver. Vi finder jævnligt nye talenter, som kan bibringe ny viden samt lære af de dygtige og garvede ”jubilanter”, vi har i virksomheden. 

Elektronikbranchen stiller hele tiden nye krav til service og kvalitet, og vi investerer konstant i ny teknologi for at optimere og imødegå vores kunders behov. Dette både være nye maskiner, optimering af systemer, kursus til medarbejdere samt udvikling af vores interne kvalitets- og sporbarhedssystem - SafeLine.

SafeLine er udviklet for at skabe størst mulig sikkerhed i de enkelte processer. Dermed opnår vi fuld digital gennemsigtighed i alle produktionsled. Vi ønsker at have fuld sporbarhed gennem alle led fra varemodtagelse til forsendelse. Vi kan dermed tilbyde vores kunder en helt unik grad af sporbarhed, hvilket gør, at vi undgår fejl. Vi har ikke plads til fejl!   

Hos TKT Electronics har vi mange styrker og specialer. Vi har en stor forandringsvillighed, hvilket gør os i stand til at levere både små og store serier på kort tid, samt alt fra små prototype-serier til større serieproduktion. Vores speciallierede medarbejdere står klar til at hjælpe inden for SMT, THT, BoxBuild og en lang række andre elektronik-specialer.","Appliances, Electrical, and Electronics Manufacturing",51-200 employees,Privately Held,"Skive, Middle Jutland, Denmark",Denmark,tktelectronics.dk,https://www.linkedin.com/company/tktelectronics
Dania Electric A/S,Industriautomatik,"Appliances, Electrical, and Electronics Manufacturing",11-50 employees,Public Company,"Mariager, North Jutland, Denmark",Denmark,dania-electric.dk,https://www.linkedin.com/company/daniaelectricas
Stilling Køl & El,"Stilling Køl & El er et autoriseret køle- og el-firma med mange års erfaring. Vi er en sammenslutning af to håndværksspecialer og kan derfor løse en lang række opgaver inden for el-installationer, varmepumper, køle-, fryse- og klimaanlæg. Hos os vægter vi kundernes tilfredshed højest, og vi bestræber os på altid at levere skræddersyede løsninger til fornuftige priser. Vi glæder os til at høre fra dig.","Appliances, Electrical, and Electronics Manufacturing",11-50 employees,Privately Held,"Skanderborg, Middle Jutland, Denmark",Denmark,stilling-koel-el.dk,https://www.linkedin.com/company/stilling-køl-el
Lumia - Lighting for Professionals,"Lumia is a high end European brand of LED Lighting products aimed at professionals looking for quality and sustained performance.  

Lumia has its head office in Holte, Denmark and from here we work closely together with partners across all populated continents. Our sales partners are local companies who understand the local specifics, the legal structure, and have a network locally among public and private customers. In short, they make sure we deliver what the customer wants and needs. 

We work from the principle that our customers should not be hindered by investment budget constraints when selecting the best lighting choice. Because of this focus, we are able to provide a range of financing packages that converts the up front CAPEX to an immediate OPEX reduction without the initial outlay. We are approved by the Danish Export Credit Agency EKF as a Danish exporter of LED lighting technology which allows us to offer preferential financing packages for our customers. 

Please contact us if you are interested in learning more about our fully-financed model or if you want to learn more about our products and our business. 

Lumia is part of MONDA Group which has activities within LED lighting, renewable energy, logistics, IT and financial services. Our head offices are located in Denmark and subsidiaries are placed in Hong Kong and Shanghai.","Appliances, Electrical, and Electronics Manufacturing",2-10 employees,Privately Held,"Capital Region, Denmark",Denmark,lumiaonline.com,https://www.linkedin.com/company/lumia-international
Elektrogården,"Autoriseret el-installationsfirma udfører alle former for elektriske og tekniske installationer. Vi har mange års erfaring med udførelse af opgaver inden for EDB/IT installationer, fiber/lysleder, industriinstallationer - Styring PLC-PC - Klimakontrol, varmepumper - intelligente installationer IHC & KNX/EIB - El-arbejde, tyverialarm, video-overvågning, teleanlæg/centraler.

KL-Teknik servicerer både private og erhvervskunder og er en del af KL GRUPPEN, som derudover tæller autoriseret VVS-installatør og Blikkenslagermester Th. & F. Rasmussen.

Sønderup Smedie og VVS er ligeledes blevet en del af teamet og har styrket vores VVS afdeling med flere kompetente medarbejdere. 

De tre fagområder overlapper hinanden og vores kunder kan udnytte den fordel der ligger i at samarbejde med én lokal leverandør.","Appliances, Electrical, and Electronics Manufacturing",51-200 employees,Partnership,"Sorø, Zealand, Denmark",Denmark,elektrogaarden.dk,https://www.linkedin.com/company/elektrogaarden
Gylling Teknikk AS,"We are specialists in battery technology and electronics, with expertise from standard industrial batteries to advanced systems. In addition, we supply batteries, chargers, electrical materials and labelling systems to wholesalers and professional actors. 

Our corporate customers choose us for high quality and a top-class service level.","Appliances, Electrical, and Electronics Manufacturing",11-50 employees,Privately Held,"Rud, Middle Jutland, Denmark",Denmark,gylling.no,https://www.linkedin.com/company/gylling-teknikk-as
Metrohm Nordic ApS,"Metrohm Nordic, i Danmark, har eksisteret selvstændigt siden 2001 og er et datterselskab af fonden Metrohm AG, som er beliggende i Herisau, Schweitz. Metrohm blev grundlagt i 1943 af Bertold Suhner. 

Vi er totalleverandør af Metrohm-instrumenter indenfor ionanalyser såsom: 
Titrering,Thermometrisk Titrering, Karl Fischer vandanalyse, Ionkromatografi, NIR og Raman Spektroskopi, Labrobotics, pH, Elektroder, Voltammetri, At-Line analysatorer, Rancimater og Ledningsevne meter.

I Metrohm gruppen er også Metrohm-Applikon, som er On-Line instrumenter, Metrohm-Autolab, som er potentiostater til forskning, samt Metrohm Spectro, der laver NIR og Raman analysatorer.","Appliances, Electrical, and Electronics Manufacturing",2-10 employees,Privately Held,"Herlev, Capital Region, Denmark",Denmark,metrohm.com,https://www.linkedin.com/company/metrohm-nordic
EL-Service ApS,"EL-Service er en af Sjællands førende autoriserede elinstallatører, som udfører alle former for installations-, projekterings- og rådgivningsopgaver indenfor nybyggeri, om- og tilbygning samt renoveringsopgaver i bolig, kontor og industri.
 
VORES FAGLIGHED ER DIN TRYGHED
Vi har opbygget eltekniske specialistkompetencer og knowhow gennem generationer og har både viljen og evnen til at levere kundetilpassede løsninger af højeste kvalitet. Vi har specialuddannet personale og en høj faglig specialisering, der sikrer et professionelt og trygt forløb. Hos os får du den helt rigtige elløsning tilpasset dine ønsker og behov.
 
BRANCHENS BEDSTE SERVICE - OGSÅ NÅR DET HASTER
Med en stærk projektstyring og teknologisk optimerede arbejdsgange finder vi altid plads til at udføre hasteopgaver. Vi kombinerer den nyeste teknologi med gamle håndværksdyder og kan derfor hurtigt og effektivt løse både standard- og specialopgaver uden at gå på kompromis med kvaliteten. For os er det nemlig vigtigt, at alle elektriske installationer udføres korrekt og altid opfylder alle sikkerhedsmæssige krav og normer.
 
SPØRG OS
Vi tilbyder dagligt venlig og professionel rådgivning til kunder, samarbejdspartnere og ingeniører. Har du spørgsmål, er du velkommen til at kontakte os på telefon 44650240 eller mail jw@el-service.dk.
 
VELKOMMEN TIL EL-SERVICE","Appliances, Electrical, and Electronics Manufacturing",11-50 employees,Partnership,"Ballerup, Capital Region, Denmark",Denmark,el-service.dk,https://www.linkedin.com/company/el-service-aps
Bønnelykke El ApS,Vi løser alle typer elektriker opgaver og rådgiver gerne vores kunder indenfor energibesparelser og godt håndværk,"Appliances, Electrical, and Electronics Manufacturing",2-10 employees,Self Employed,"Svendborg, South Denmark, Denmark",Denmark,bonnelykke-el.dk,https://www.linkedin.com/company/bønnelykke-el-aps
nofos,nofos develops smart chargers for electric vehicles.,"Appliances, Electrical, and Electronics Manufacturing",2-10 employees,Privately Held,"Aalborg, North Jutland, Denmark",Denmark,nofos.eu,https://www.linkedin.com/company/nofoscharging
Nidec Industrial Automation Denmark A/S,"As part of Nidec Corporation we represent Control Techniques and Leroy-Somer in the Nordic countries.

Control Techniques and Leroy-Somer have operated globally as sister companies for many years, each with their individual areas of expertise and specialist technologies. Our combined business allows us to provide optimized drive and motor technology, develop perfect industry-specific and customized automation solutions, with strong local technical and sales support on a global scale.","Appliances, Electrical, and Electronics Manufacturing",11-50 employees,Public Company,"Odense, South Denmark, Denmark",Denmark,nidecautomation.com,https://www.linkedin.com/company/nidec-industrial-automation-denmark-a-s
ODU Denmark,"ODU connectors ensure a reliable transmission of power, signals, data, fiberoptics, rf/coax, fluid/air for a variety of applications including medical technology, military and security, automotive, industrial electronics, as well as test and measurement.
The ODU Group is one of the world’s leading suppliers of connector systems, employing 2,700 people around the world. In addition to its company headquarters in Mühldorf am Inn, Germany, ODU also has an international distribution network, production and product development sites in Sibiu/Romania, Shanghai/China, Tijuana/Mexico and Camarillo/USA. ODU combines all relevant areas of expertise and key technologies including design and development, machine tooling and special machine construction, injection, stamping, turning, surface technology, assembly and cable assembly. The ODU Group sells its products globally through its sales offices in Austria, China, Denmark, France, Germany, Hong Kong, Italy, Japan, Korea, Sweden, UK and the US, as well as through numerous international sales partners.","Appliances, Electrical, and Electronics Manufacturing","1,001-5,000 employees",Privately Held,"Ballerup, Capital Region, Denmark",Denmark,odu-connectors.com,https://www.linkedin.com/company/odu-denmark
Thorslev Automation,"Thorslev Automations ApS er din specialist i automatiske anlæg.
Med kernekompetencer og bred faglighed indenfor PLC/HMI, SCADA og styretavler, sikrer vi dig professionelle og automatiserede løsninger.
Derudover tilbyder vi også modulærbare løsninger indenfor effekt -og fordelingstavler.
Thorslev Automation har bred erfaring med proces / reguleringssløjfer og fremstillings industri / kontinuerlige maskiner. Vi vejleder ved indkøb af maskiner og optimering af maskinparken.","Appliances, Electrical, and Electronics Manufacturing",11-50 employees,Self Employed,"Solrød Strand, Region Zealand, Denmark",Denmark,thorslevautomation.dk,https://www.linkedin.com/company/thorslev-automation
JK+ A/S,"JK+ er en teknik-installatør med flere stærke kompetencer, alle sammen samlet under ét og samme tag.
El-installation | Alarmteknik | Bygningsautomatik | Ventilation | IT | Solceller & Varmpumper  

Vi er lokalforankrede i det fynske, med hovedsæde i Glamsbjerg og lokale afdelinger i Faaborg, Nyborg og Middelfart. Herfra udfører vi opgaver på hele Fyn og i Trekantområdet.

JK+ leverer driftssikre løsninger af høj kvalitet, gennemtestet og med et mål om altid at aflevere til den aftalte tid og pris.

JK+ er en virksomhed med lange og stolte traditioner, som rækker helt tilbage til 1952 hvor TRAP+ startede, mens Nyborg El blev etableret i 1977 af Jens Kristensen, som senere stiftede Jens Kristensen El-Anlæg (JKEL).

Vi lever i en konstant omskiftelig verden, hvor vi altid stræber os efter at udvikle os så vi kan levere tidssvarende løsninger af god kvalitet. Det kræver, at vi er i stand til at tiltrække og fastholde de rigtige medarbejdere. Derfor gør vi meget for at sikre, at vores folk har et godt arbejdsmiljø og med mulighed for faglig udvikling.

Hos JK+ tror vi på, at tilfredse medarbejdere er med til at skabe glade kunder, og vores professionelle og servicemindede tilgang er medvirkende til, at vi efter mange år stadig er at finde på markedet inden for vores kompetencer: El, Ventilation, Alarm, og IT.

Med +60 medarbejdere har vi eksperter inden for alle de felter vi arbejder med. Vi løser såvel projekter inden for de enkelte områder, men tager også gerne ansvaret for hele entreprisen. Vi udfører entrepriser med projektudvikling, rådgivning og udførelse, og vi arbejder indenfor alle former for projektering af nybyggeri, udvidelser, renoveringsopgaver, erhvervsbyggerier og private boliger.

JK + er kendetegnet ved driftssikre og gennemtestede løsninger, som er afleveret til aftalt tid og pris og med høj kvalitet. 

Følg os her på LinkedIn og få løbende opdateringer omkring jobmuligheder, spændende entrepriser eller servicekontrakter, events og meget mere.","Appliances, Electrical, and Electronics Manufacturing",51-200 employees,Public Company,"Glamsbjerg, South Denmark, Denmark",Denmark,jkplus.dk,https://www.linkedin.com/company/jkplus
Grønborg El A/S,"Hos Grønborg El A/S ved vi, at kundernes tilfredshed afhænger af 
et godt samarbejde, seriøs rådgivning, god service og levering af økonomiske samt tekniske 
fordelagtige løsninger.

Vi har mange års erfaring inden for el-branchen, og vores ekspertise kombineret med evnen 
til at se muligheder i alle opgaver, sikrer dig et individuelt og professionelt resultat.

Hos os får I lige det ekstra, der gør samarbejdet vellykket.
Vi arbejder ud fra principperne om, at en aftale er en aftale. Vi kommer til tiden, udfører opgaven 
som aftalt, og er aldrig længere væk end et telefonopkald - tlf. 96 34 37 00 svarer døgnet rundt.","Appliances, Electrical, and Electronics Manufacturing",11-50 employees,Public Company,"Aalborg, North Jutland, Denmark",Denmark,gronborg-el.dk,https://www.linkedin.com/company/grønborg-el-sondrup-&-poulsen-a-s
David Super-Light A/S,"David Super-Light A/S blev grundlagt i 1970 af Mogens Davidsen, og er i dag en af de førende danske producenter af udendørsbelysning. Firmaet er beliggende i Hedensted tæt ved motorvejen. Vores flotte udstilling ligger 2 min. fra motorvejsafkørslen – lige ud til vejen, så der er rig mulighed for at se vores udstilling udenfor, af alle vores udendørslamper. Ved aftale byder vi gerne indenfor i vores udstilling af væglamper.

Kvalitet er den røde tråd i David's produktprogram:
Vores udendørslamper er produceret i solide materialer, uanset hvilken udførelse du vælger.

Fleksibilitet er væsentlig for David Super-Light A/S:
Alle modeller bliver produceret på fabrikken i Hedensted, og vi er således fleksible overfor kundernes ønsker. Har du en forespørgsel på en speciel udførelse, vil vi meget gerne kigge på mulighederne. Vores smedeværksted er specialister når det gælder specieludførelser, tilretninger og andre lignende opgaver.

Innovation er bestemt ikke et fremmedord for os:
Vi beskæftiger os løbende med udvikling og tilpasning af nye ideer. Vi er leveringsdygtige i adskillige typer lyskilder, og kan således tilpasse vore produkter til mange forskelligartede
projekter. Der foregår hos David Super-Light A/S en intens indsats for at
tilgodese de mange ønsker vi dagligt præsenteres for.

Filosofien bag David Super-Light er nytænkning:
Vi bestræber os i høj grad på at være markedsførende hvad angår design og
fleksibilitet. Vores designere har gennem årene skabt en serie af produkter, som alle vil kunne genkende som en ægte David-lampe.

Søg ikke videre - Kom og se vore produkter:
Vi er overbeviste om at du blandt alle vore mange produkter vil kunne finde en model, som netop passer til jeres ønsker. Vi ser frem til at høre fra jer og skulle du/I have spørgsmål er I velkommen til at kontakte os.

Med venlig hilsen

David Super-Light A/S","Appliances, Electrical, and Electronics Manufacturing",11-50 employees,Public Company,"Hedensted, Middle Jutland, Denmark",Denmark,davidsuperlight.dk,https://www.linkedin.com/company/davidsuperlight
Betally A/S,"Betally A/S brings together the experience of BEAS and Tallykey in one shared company.

We develop and produce integrated hardware and software solutions for marinas, harbours and campsites - from utility pedestals, access and payment to operational overview and digital platforms.

With more than 40 years of practical experience, Danish production and solutions used in more than 50 countries, we help operators simplify daily operations, reduce manual tasks and create a more connected infrastructure.

Our solutions are built for real-life environments where stability, usability and long-term reliability matter, both for the people managing the site and for the guests using it.

Betally. Where everything adds up.","Appliances, Electrical, and Electronics Manufacturing",11-50 employees,Privately Held,"Holstebro, Middle Jutland, Denmark",Denmark,betally.dk,https://www.linkedin.com/company/betally-a-s
Midtjydsk Elektro A/S,.,"Appliances, Electrical, and Electronics Manufacturing",2-10 employees,Public Company,"Herning, Middle Jutland, Denmark",Denmark,me.dk,https://www.linkedin.com/company/midtjydsk-elektro
Startak,"Startak is a professional manufacturers of control systems for solar trackers with more than 15 years of experience in electronic design and industrial
automation.
We are agile at introducing product innovations and we cooperate with our customers to deliver successful and sustainable energy projects worldwide.

We make control systems for large  Photo Voltaic (PV) plants. 
We deliver:
- Reliability and Quality
- Efficiency through increased energy production
- Flexible configuration options
- Easy operation
- Plug & Play installation (no configuration required)
- Remote monitoring and integration
- Extensive customer support

Together with our customers we wish contributing to a brighter future for the generations to come. 

Our facilities are based in Denmark, in one of the most advanced tech hub-spots in Europe.","Appliances, Electrical, and Electronics Manufacturing",2-10 employees,Public Company,"Kongens Lyngby, Capital Region, Denmark",Denmark,startaksolar.com,https://www.linkedin.com/company/startak
Amphenol Cabelcon,"Welcome to Amphenol Cabelcon!

Amphenol Cabelcon is owned by Amphenol Corporation and is a global market leading manufacturer of communication equipment.

Amphenol Cabelcon is one of the largest manufacturers of coaxial connectors on the international market and has since the establishment in 1983 been the fastest growing manufacturer in Europe. The company designs, manufactures and markets electric, electronic and fiberoptic connectors, coaxial- and ribbon cables as well as interconnection systems.

The sales are handled by a large number of dealers and distributors in several countries all over the world. The primary markets for the company ́s products are communication- and information markets, and the export share constitutes more than 95%.

Amphenol Cabelcon is based out of Industriparken 10, Vordingborg, Sjælland, Denmark.

Feel free to follow us or contact us for more information - call us +45 55985599 or send an email CCcustomercare@Cabelcon.com.

#connectors #jumpers #cables #communication #broadband #telecommunication #engineering","Appliances, Electrical, and Electronics Manufacturing",51-200 employees,Privately Held,"Vordingborg, Zealand, Denmark",Denmark,cabelcon.com,https://www.linkedin.com/company/amphenol-cabelcon-aps
Rise & Shine Denmark ApS,"Vi udvikler bæredygtig & Co2 neutral LED belysning, der ved hjælp af bla. sol og vind kan bruges 365 dage om året. Vores produkter er lavet til at belyse veje, pladser, bygninger, camps samt genopbygning i feks. krigshærgede områder, bare for at nævne nogle få.
Vi samarbejder idag med flere kommuner nationalt, samt internationale samarbejdspartnere. 
Vi udvikler og fremstiller med stor fokus på kvalitet og bæredygtighed. Derfor kan vi idag levere et solar Hybrid produkt med op til 70% Co2 og strøm besparelse. Vores 100% co2 og strøm neutrale produkt er en kombination af solar lampe med tilhørende vindturbine, altså lige med 0% forurening.","Appliances, Electrical, and Electronics Manufacturing",2-10 employees,Partnership,"Vejle, South Denmark, Denmark",Denmark,riseshine.dk,https://www.linkedin.com/company/rise-shine-denmark-aps
Norlys/Odreco,"Norlys Udendørslamper - over 50 års historie indenfor udendørsbelysning til det professionelle og private marked.
Norlys tilbyder en bred pallette af dekorative udendørslamper, i højeste kvalitet til Hus, Have, Park, Vej og Gade.
Kontakt Henrik Qvitzau-Dreyer på tlf:+45 2040 2506 eller mail: info@odreco.dk for mere info om produkter, priser og tilbud.
- Vi glæder os til at hjælpe videre...","Appliances, Electrical, and Electronics Manufacturing",201-500 employees,Privately Held,"Copenhagen, Capital Region, Denmark",Denmark,norlys.com,https://www.linkedin.com/company/odreco-norlys
REMIC Audio,"REMIC Audio is a leading Professional designer and manufacturer of high definition condenser microphones for classical instruments, based in Denmark.

REMIC provides 'high-end instrument specific microphones for true and natural sound, easy and protective mounting and provides excellent isolation for bleed and feedback.


The products of REMIC Audio has been individually designed for each instrument group, as well as for the specific sound environments, aimed for best studio and live performance.

IMPRESSUM
Legal declaration of ownership.

The official trademark owner of this Linkedin platform named, REMIC Audio, is administered by the official REMIC Audio ApS at http://remic.dk/","Appliances, Electrical, and Electronics Manufacturing",2-10 employees,Privately Held,"Hørsholm, Capital Region, Denmark",Denmark,remic.dk,https://www.linkedin.com/company/remic-microphones
Bernstein A/S,"NÆRVÆR, KNOWHOW OG KOMPETENT SPARRING

BERNSTEIN ligger i det nordlige industriområde i Aarhus. Her finder du vores kontor og danske lager – produkter og viden samlet ét sted.

Vi er stolte af at være en af verdens førende producenter af sikkerhedsteknologi til den elektriske, kemiske og mekaniske industri. Vi har mere end 70 års erfaring i rådgivning og levering af alt fra standardkomponenter til halvfabrikata til kundetilpassede løsninger.
Derudover har vi et sortiment af agenturvarer, der supplerer BERNSTEINs ellers store produktprogram.

Alt sammen med højeste kvalitet i fokus. Vi håber, at din virksomhed vil benytte sig af vores store faglige ekspertise til at løse jeres projekter.

Bernstein er international førende udbyder af industrielle komponenter i høj kvalitet. Som pålidelig sparringspartner med specialviden om tekniske komponenter og løsninger, lytter vi til dine behov og tilpasser vores ydelser derefter. 

Der er kort vej fra beslutning til proces. Dermed kan vores udviklingsafdeling og produktionsfaciliteter i Tyskland hurtigt aktiveres. Det betyder, vi vil gøre alt for, at du får komponenter, der opfylder alle krav til kvalitet, funktion og design.

Vores medarbejdere har omfattende teknisk kompetence, hvorfor at du er sikret professionel rådgivning og optimale løsning - både økonomisk og på ydelse.

Hos BERNSTEIN er vi altid klar med professionel rådgivning og sparring, uanset om du har brug for hurtig og stabil leverance af standardvarer, eller om det drejer sig om specialdesignede komponenter til netop dit behov.

Med andre ord: Hos BERNSTEIN løser vi dit specifikke behov og garanterer, at vi leverer jeres produkter i bedste kvalitet, til rette pris, tid og sted.","Appliances, Electrical, and Electronics Manufacturing",2-10 employees,Public Company,"Aarhus, Middle Jutland, Denmark",Denmark,bernstein.dk,https://www.linkedin.com/company/bernstein-a-s
Handigood,"Dansk – English below – Deutsch unten

Hos Handigood udvikler og sælger vi velfærdsteknologi og hjælpemidler, der gør hverdagen lettere for mennesker med nedsat fysisk funktion.

Vores produkt Easy-Up er designet til brug med én hånd og er særligt relevant for personer med motoriske udfordringer eller funktionsnedsættelser i hænder og arme.

Formålet er enkelt:
Mere selvstændighed. Mindre behov for hjælp. Større livskvalitet.

Easy-Up skaber værdi for både borgere og medarbejdere. Borgere får større frihed og mulighed for at klare mere selv i hverdagen. Medarbejdere kan bruge mindre tid på manuelle opgaver og i stedet fokusere på den omsorg og støtte, hvor deres tid gør størst forskel.

English
At Handigood, we develop and sell welfare technology and assistive devices that make everyday life easier for people with reduced physical function.

Our product Easy-Up is designed for one-handed use and is especially relevant for people with motor challenges or functional limitations in hands and arms.

The purpose is simple:
More independence. Less need for assistance. Better quality of life.

Easy-Up benefits both citizens and staff. Citizens gain greater freedom in everyday life, while staff can spend less time on manual tasks and focus on care and support where their time matters most.

Deutsch
Bei Handigood entwickeln und verkaufen wir Wohlfahrtstechnologie und Hilfsmittel, die den Alltag von Menschen mit eingeschränkter körperlicher Funktion erleichtern.

Unser Produkt Easy-Up ist für die einhändige Nutzung konzipiert und besonders relevant für Menschen mit motorischen Herausforderungen oder Einschränkungen in Händen und Armen.

Das Ziel ist einfach:
Mehr Selbstständigkeit. Weniger Unterstützungsbedarf. Mehr Lebensqualität.

#Handigood #EasyUp #Velfærdsteknologi #Hjælpemidler #Thehelpinghand #DiehelfendeHand! #AssistiveTechnology","Appliances, Electrical, and Electronics Manufacturing",2-10 employees,Privately Held,"Harlev, Middle Jutland, Denmark",Denmark,handigood.com,https://www.linkedin.com/company/handigood
StepLock Denmark,"Elektriske låse og adgangssystem med verdensførende teknologi.
Vælg STEP – Når det skal fungere.
#steplockdenmark","Appliances, Electrical, and Electronics Manufacturing",2-10 employees,Public Company,"Struer, Middle Jutland, Denmark",Denmark,steplock.dk,https://www.linkedin.com/company/steplock-denmark
Fleks Tavler,"Vi er specialiserede inden for effekt- og fordelingstavler og betjener el-installatører, industri- og maskinfabrikker. 

Vi leverer skræddersyede løsninger og følger strenge kvalitetsstandarder samt gældende myndighedskrav og relevante harmoniserede standarder. Vores mål er at være fleksible, levere høj kvalitet og overholde aftalte leveringstider. 

Vores særlige kendetegn er højt kompetence- og serviceniveau, kort håndteringstid og hurtig levering af tavler.

Fleks Tavler ApS er en del af Pro-Automatic A/S som med egen projekteringsafdeling og lokal produktion, kan levere innovative løsninger til alle brancher i hele Danmark.","Appliances, Electrical, and Electronics Manufacturing",11-50 employees,Public Company,"Vejle, South Denmark, Denmark",Denmark,fleks.dk,https://www.linkedin.com/company/flekstavler
PT Teknik ApS,"Danish based company, founded in 1988. Leading developer and manufacturer of research manikin systems, including thermal manikins, sweating manikins and breathing manikins - ideal for evaluating the thermal comfort of HVAC systems, clothing & protective equipment, vehicle cabins and indoor environments in general.","Appliances, Electrical, and Electronics Manufacturing",2-10 employees,Privately Held,"Hillerød, Capital Region, Denmark",Denmark,pt-teknik.dk,https://www.linkedin.com/company/pt-teknik-dk
SL Audio A/S,"SL Audio A/S, dba Steinway Lyngdorf, was founded in Denmark by audio innovator Peter Lyngdorf in 2005 to design, develop, and manufacture sound systems and components under the umbrella of two legendary brand icons: Steinway Lyngdorf and Lyngdorf Audio. The mission of SL Audio A/S is to serve music and film connoisseurs who seek unprecedented innovations in the technology of pure sound. 

The company pushes the boundaries for audio performance with the development of proprietary new technologies including RoomPerfectTM, the world's most advanced room correction system, and true digital amplification which premiered in the ground-breaking Millennium, the first fully digital amplifier in the world. 

SL Audio A/S markets its products and licenses its technologies to selected worldwide partners and is an original equipment manufacturer for other renowned audio companies.","Appliances, Electrical, and Electronics Manufacturing",11-50 employees,Privately Held,"Skive, Middle Jutland, Denmark",Denmark,,https://www.linkedin.com/company/sl-audio-as
PROCES-DATA,"PROCES-DATA is one of the leading companies in technology and know-how in the area of process control, flow measurement and fieldbus technology.

Products
Our product range includes flow transmitters, programmable automation controllers, digital and analogue input/output modules, fieldbus management software, and SCADA software.

The products have been designed in such a way that they can be used in general in almost any industrial application within food and dairy, process and machine control, off shore, and marine industry. For example, they can be certified or classified by classification societies such as Bureau Veritas, Det Norske Veritas, Germanischer Lloyd, or Lloyd's Register of Shipping.

#procesdata #silkeborg #flowmeters #controlsystems #processautomation #procesautomation","Appliances, Electrical, and Electronics Manufacturing",51-200 employees,Public Company,"Silkeborg, Middle Jutland, Denmark",Denmark,proces-data.com,https://www.linkedin.com/company/proces-data
Vest-El A/S,"Vest-El A/S is the result of a merger between four well-established companies:
Orla Jensen A/S, Niels Jørgen Vinther A/S, HSR Skibsradio ApS, and TSR Electronic A/S.

With over 45 years of experience, Vest-El A/S delivers comprehensive electrical solutions for both private and industrial sectors, as well as advanced electrical and electronic services for the maritime industry.","Appliances, Electrical, and Electronics Manufacturing",51-200 employees,Public Company,"Hvide Sande, Middle Jutland, Denmark",Denmark,vest-el.dk,https://www.linkedin.com/company/vest-el-a-s
Conlan ApS,"Velkommen til Conlan på linkedin! Her på siden vil vi informere om vores produkter, teknologier og projekter vi arbejder med, så snart det er aktuelt. 

Hvis du har spørgsmål er du velkommen til at ringe til os på tlf. 72 40 60 03 eller sende en mail på info@conlan.dk eller til Liv Kolstad på liv@conlan.dk. Husk også at besøge os på www.conlan.eu. 

I Conlan har vi leveret digital adgangskontrol til det professionelle marked siden 1991. Vi betjener alle vores kunder ud fra følgende principper: 

- Dansk udvikling og produktion
- Smukt design og produkter der holder
- Teknikken som omdrejningspunkt
- 100% support
- Tid til at lytte og hurtige til at reagere
- Fleksibilitet og individuel tilpasning

Vi håber, du har lyst til at følge Conlan her på linkedin!","Appliances, Electrical, and Electronics Manufacturing",2-10 employees,Privately Held,"Aalborg, North Jutland, Denmark",Denmark,conlan.eu,https://www.linkedin.com/company/conlan
Wahlberg Motion Design,"It all started with a tiny robot workshop in downtown Aarhus, where electronics and mechanics fused with bare metal into art installations that brought the smiles out at concerts and theatrical events in Denmark. Today Wahlberg Motion Design is a manufacturing company that supplies solutions to the world's entertainment industry, as ever headed by entrepreneur and inventor Mads Wahlberg. Our specialty is motion design. We build cranes that can raise curtains, lamps and props to hang above fair halls and similar events. We create track systems so that the lights move fast across opera house and theater stages.
Our products are resonating around the globe. 
In our portfolio are Canadian rapper Drake world tour 2016 + 2017,
 Jean-Michel Jarre's Electronica Tour, BMW's Centenary Celebration,  and the European Song Contest 2015 and official insider events preceding Super Bowl 2017. 
Furthermore, we have worked on exciting projects with national talent over the years connected to European Capital of Culture Aarhus 2017, Aarhus Theater, Moesgaard Museum, The National Danish Girl’s choir, the Skanderborg Music Festival and others.
We are in daily contact with production companies and lighting designers worldwide, meeting their needs and demands for technical solutions in order to create magic in the tour, show or trade fair coming up.
Our entire product range is Made in Denmark.","Appliances, Electrical, and Electronics Manufacturing",11-50 employees,Privately Held,"Aarhus, Middle Jutland, Denmark",Denmark,wahlberg.dk,https://www.linkedin.com/company/wahlberg-motion-design
HS-Tec ApS,HS-Tec ApS tilbyder professionelle el-installationer og vedligeholdelse af maskin- og industriinstallationer. Vi udfører alle typer opgaver inden for elektriske installationer og automatisering i industrien og på maskinanlæg.,"Appliances, Electrical, and Electronics Manufacturing",11-50 employees,Self Employed,"Esbjerg, South Denmark, Denmark",Denmark,hs-tec.dk,https://www.linkedin.com/company/hs-tec
Lillegården El A/S,"Lillegården El er et alsidigt el-installationsfirma med hovedkontor i Hobro, og afdelinger i Vammen, Simested, Aalestrup, Nørager, Klejtrup og Århus.
Lillegården El beskæftiger ca. 90 medarbejdere, der arbejder med mange former for el-installationer, indenfor bl.a. bolig, erhverv, industri, landbrug og service. Lillegården El ejes og drives af Jan Justesen Henrik Vraa Andersen og Brian Bruun Christensen. Lillegården El er grundlagt i 1981.
Lillegården El's værdier
Kvalitet - Samarbejde - Fleksibilitet - Kompetence - Ordholdenhed - Ansvarlighed","Appliances, Electrical, and Electronics Manufacturing",51-200 employees,Public Company,"Hobro, North Jutland, Denmark",Denmark,lillegaarden.dk,https://www.linkedin.com/company/lillegården-el-a-s
Panton El & Automation ApS / Nordisk Teknik ApS,"Panton El & Automation/Nordisk Teknik ApS er Nete MAVIG distributør og installatør i samme virksomhed. , Derudover et alsidigt el-firma beliggende i Skovhuse ved Holbæk med flest kunder på Sjælland - men i perioder løser vi spændende arbejdsopgaver i hele Danmark.

Vi har forrygende travlt, er i rivende udvikling og driver en god og sund virksomhed. 
Vi løser autorisationskrævende el-opgaver primært indenfor erhverv og industri, ladestandere for el-biler, videoovervågning og Healthcare.
Vores kunder er både private, offentlige- og erhvervsvirksomheder.

Arbejdsområder:
Røntgenstrålebeskyttelse fra Mavig
EV-charging/ladestandere
Elektriske installationer indenfor offshore, pharma, industri og private
Bygningsautomation (CTS/BMS), ventilation (HVAC)
Eltavle-fremstilling op til 1000V AC - 6000A
Adgangskontrol og videoovervågning
Netværks- og bus-systemer
Softwareprogrammering
Design og rådgivning efter internationale standarder

Kontakt os på 2829 6038 eller kp@nordiskteknik.dk","Appliances, Electrical, and Electronics Manufacturing",2-10 employees,Privately Held,"Ugerløse, Zealand, Denmark",Denmark,,https://www.linkedin.com/company/panton-el-&-automation
CITY ELEKTRIKEREN A/S,"Velkommen til City Elektrikeren

City Elektrikeren håndterer alle former for el-installationer. Vi udfører udelukkende opgaver for B2B kunder, herunder erhvervsvirksomheder, institutioner, boligforeninger m.m. i København, Roskilde og Køge.

Med en serviceaftale hos City Elektrikeren, er din virksomhed sikret servicering af el-installationer, for at undgå produktionsstop og svigtende netværk.

City Elektrikeren arbejder også som underentreprenør, for flere større hovedentreprenører i Danmark. Derfor er det naturligt for os, at tage ansvar for tidsplaner og koordinering med f.eks. leverandører og øvrige samarbejdspartnere.

For at vedligeholde vores høje serviceniveau, er vi medlem af TEKNIQ, da det sikrer os opdateringer om nyheder og ændringer i branchen.

Har din virksomhed brug for hjælp med el-installationerne eller generel el-service, så kontakt City Elektrikeren i dag!","Appliances, Electrical, and Electronics Manufacturing",11-50 employees,Public Company,"Glostrup, Capital Region, Denmark",Denmark,city-elektrikeren.dk,https://www.linkedin.com/company/city-elektrikeren
Bolls Aps,"CE mærkning og typegodkendelser samlet et sted

EMC, elsikkerhed, vibration, lys og klimatest er blot nogle af de tests, som Bolls tilbyder i sit testcenter. Bolls udfører alt lige fra enkel vejledning til fuld håndtering af typegodkendelser og CE mærkning. Yderligere tilbyder vi kurser indenfor hovedsageligt CE-mærkning bl.a. omhandlende produktansvar (fabrikantansvar og importøransvar).","Appliances, Electrical, and Electronics Manufacturing",2-10 employees,Public Company,"Slagslunde, Capital Region, Denmark",Denmark,bolls.dk,https://www.linkedin.com/company/bolls
Light Group,"Lightgroup har nu i over 10 år sørget for lys til virksomheder af alle former og størrelser. Vores medarbejdere har mellem 20-30 års erfaring indenfor deres felt.

Om det er et værksted, et lager eller et kontor, så har vi ekspertisen. Ved at bruge os, behøves I ikke selv at bruge tid på det. Kontakt en af vores eksperter for at få en gratis vurdering hvordan I kan få fantastisk belysning til jeres arbejdsplads, samtidig med at I sparer en masse penge på elregningen.","Appliances, Electrical, and Electronics Manufacturing",2-10 employees,Partnership,"Albertslund, Capital Region, Denmark",Denmark,lightgroup.dk,https://www.linkedin.com/company/light-group-a-s
LED'it A/S,"LED’it A/S sælger LED belysning til el-installatører. Vi leverer gennemtestede LED produkter i høj kvalitet, til yderst konkurrencedygtige priser.

Hos LED’it A/S vægter vi service meget højt. Derfor kan du som kunde forvente at vi har dig i fokus. Hos os er en aftale en aftale og der bliver taget hånd om tingene.
Vi vil være behjælpelige med lysberegninger, projektering, beregning og indhentning af energitilskud.

Virksomheden er stiftet i april 2017 af Peter Møller og Lennart Rasmussen. Vi har siden starten af 2014 haft forhandlingen af LED produkter, fra en anden leverandør i Danmark. Denne forhandling var primært på Sjælland men også i områder i Jylland. Ønsket om selv, at træffe alle beslutninger gjorde dog, at LED’it A/S blev stiftet.
 
 
Vi byder gamle samt nye kunder velkommen til LED’it A/S.
 
Peter / Lennart.","Appliances, Electrical, and Electronics Manufacturing",2-10 employees,Public Company,"Varde, South Denmark, Denmark",Denmark,ledit.dk,https://www.linkedin.com/company/ledit
Birk TeQ,"I 1979 startede El Installatørvirksomheden Birk El Service ApS som fra starten var en helt almindelig traditionel installatørforretning. Den tekniske udvikling stormer dog frem – og firmaet har udviklet sig i takt dermed. Vi måtte erfare at vores daværende navn ikke længere dækkede over alle de ydelser vi kunne tilbyde – derfor ændrede vi navnet sådan at vores moderselskab i 2009 kom til at hedde Birk TeQ A/S. Huset er delt op i 3 selvkørende enheder, som alle arbejder ud fra samme firmapolitik om, at det skal være et godt sted at være ansat, og især at kunderne skal mærke ønsket om at yde den allerbedste service – uanset om det gælder en stor eller en lille opgave. 
 
Samarbejdet mellem de 3 afdelinger er af stor vigtighed for Birk TeQ. Det giver en fantastisk synergieffekt med muligheden for at kunne ansætte medarbejdere med så mange forskellige kompetencer. I medarbejderstaben er det med at udvikle lysten til at vide mere – og giver også chancen for helt at skifte boldbane. Men i bund og grund handler det om den mulighed der ligger i det for kunden, det er en stor fordel at el-installatøren, sikrings-leverandøren og telefoni og data-leverandøren kender hinanden, da disse områder rent teknisk er tæt forbundet. Det er lige præcis det Birk TeQ`s slogan handler om – nemlig: 
- en sikker forbindelse","Appliances, Electrical, and Electronics Manufacturing",51-200 employees,Public Company,"Herning, Middle Jutland, Denmark",Denmark,birkteq.dk,https://www.linkedin.com/company/birk-teq
Elexperten,"Velkommen til Elexperten.dk
Når det kommer til valg af elinstallatør, kan du trygt vælge El Experten. 
El Experten tror på at kvalitet og professionalisme er vigtige værdier i vores branche. Derfor bestræber vi os på at, alt hvad vi udfører, udføres i højeste kvalitet og topprofessionelt.","Appliances, Electrical, and Electronics Manufacturing",11-50 employees,Partnership,"Ikast, Middle Jutland, Denmark",Denmark,elexperten.dk,https://www.linkedin.com/company/elexperten
Techvalley,"Techvalley has been providing various kinds of industrial X-ray inspection/analysis systems for all industries including electric/ electronic, semiconductor, automobile component and secondary batteries, etc.

Manufacturing industries have been forced to develop and produce more miniaturized, more integrated and more precise components and products in this intense global competition.

Also, more strict and rigid inspection standards have been applied to inspect the final quality of finished products. As a result, demands and expectations for inspection systems have increased very significantly.

Techvalley Europe
Our European team work around the clock to provide the very best service.

Techvalley are bringing their high speed, high accuracy in-line X-ray systems to Europe. With a European HQ and demo center in Hungary and a fast-growing well-trained distribution network.

Techvalley are planning to take market share quickly and establish a lasting footprint, due to the quality, accuracy and speed of their systems and the quality of their support. Techvalley also offer a cost effective at-line/offline solution and a super accurate X-ray component counter.","Appliances, Electrical, and Electronics Manufacturing",51-200 employees,Privately Held,"Aars, North Jutland, Denmark",Denmark,techvalley.co.kr,https://www.linkedin.com/company/techvalley-europe
Captech | Septon Danmark,"God lyd er et af Septons grundlæggende værdier, og noget vi stræber efter at levere uanset applikation. Teknologien som vores producenter repræsenterer er i en rivende udvikling, og har som mål at give den ultimative lydoplevelse. Vores opgave er at samle disse produkter på en sådan måde, at de skal passe til de kvalitetskrav, kunderne måtte have – samtidig med, at der er en sund økonomi i investeringerne. 

Septons mål er at blive et kompetencecenter for lydteknik i Danmark. Vi vil udbygge med regelmæssige kurser og foredrag på forskellige tekniske plan, for at tilbyde viden til lydteknikere og installatører på alle niveauer. For at opnå dette med troværdighed vil Septons medarbejdere systematisk arbejde for at øge deres egen viden og knowhow. 

Fra vores domicil på Sindalsvej 47 i Risskov nord for Århus, vil vi tilbyde produkter og lydtekniske løsninger til store og små behov. Vores sortiment strækker sig fra de mest simple baggrundslydanlæg til det største JBL VTX live sound arena systemer.","Appliances, Electrical, and Electronics Manufacturing",2-10 employees,Public Company,"Aarhus, Middle Jutland, Denmark",Denmark,septon.dk,https://www.linkedin.com/company/captech-septon-danmark
Sinus Installation A/S,"Sinus Installation A/S er industriens tekniske partner. 
Vores tekniske niveau ligger i området mellem el-installatører og ingeniørvirksomheder. 

Vi har 3 nøgle områder, vi fokuserer på:
1. El installationer i kontor og industri
2. El installationer og netværk til datacentre 
3. Maskinautomation og bygningsautomation.   

Vi leverer selv alle led til projekterne - projektering, dokumentation, tavlebygning, installering, programmering og idriftsættelse. På den måde kan vi være profitable.

Vi har nogle virksomheder, hvor vi har overtaget el-afdelingen, På den måde råder virksomhederne over en større vidensbank, da vi jo også får erfaring fra projekter hos andre kunder.

Vi forsøger hele tiden at levere en højere kvalitet end andre i markedet, det har blandt andet udmøntet sig i at vi på netværksiden kan kalde os Gold level partner hos TE, som er villige i at give 25 års garanti på produkter opsat af os.","Appliances, Electrical, and Electronics Manufacturing",11-50 employees,Public Company,"Silkeborg, Middle Jutland, Denmark",Denmark,sinus.dk,https://www.linkedin.com/company/sinus-installation-a-s
SafeExIT A/S,"Since 1998 SafeExIT A/S has been a leading supplier to the Danish electrical industry. As our logo indicates, we operate within four product groups: 

1: Emergency Lighting
2: Electrical Equipment for Hazardous Areas (Ex-material)
3: Infrastructure Lighting for Road –, Train- and Metro Tunnels
4: Industrial Lighting

SafeExIT is an experts within the four product groups, and we provide our customers with the best counselling in order to secure a service of high quality. 
SafeExIT is a distributor of niche products. Our philosophy is to supply complete solutions within each product group from the project designing phase to the installation and mounting of the respective products. 
Our customers are end users, OEMs, wholesalers and electro installers. The markets we operate in vary from the respective product groups. 

1: 
We save lives by designing emergency lighting systems in public buildings, offices etc. In case of an emergency or power cuts our light will lower the panic amongst the attendants and guide them to the nearest escape routes and exit doors. 

2:
We supply hazardous areas with electrical equipment creating a safer environment for the attendants on site. Our customers within the oil and gas industry are working both offshore and onshore. 

3:
We equip road - and railway tunnels with emergency lighting and are thus creating a safe environment for the users of the tunnel and our light will guide the attendants to the nearest escape routes in the tunnel in case of emergencies. 

4:
Our luminaires for industrial buildings are characterised by robustness, ingress protection and excellent lighting technique. The luminaires are suitable for cold - or warm environments, environments with aggressive gasses, infrastructure etc. 

We are known for high quality and good customer service, and we will aim to remain our good reputation. Additionally, we are ISO9001:2015 certified in order to secure high quality in every part of our operations.","Appliances, Electrical, and Electronics Manufacturing",11-50 employees,Privately Held,"Glostrup, Capital Region, Denmark",Denmark,safeexit.dk,https://www.linkedin.com/company/safeexit-a-s
Fabrimex : DC/DC Converters | Power Supplies | Inverters - Standard or Customized,"Since the 1970s, the name Fabrimex has stood for power supply solutions. The customers of Fabrimex AG benefit not of a wide range of power supplies, but also of a large know-how and international trading partners. Due to the local proximity in the individual countries, the corresponding knowledge is directly shared with the customers and joint solutions are developed. In addition, we can guarantee a price guarantee for long-term projects with framework agreements and our warehouse.

In Switzerland, Fabrimex AG is strongly supported by other brands such as Glassman HighVoltage (high-voltage power supplies), Magna Power Electronics (programmable DC loads and DC sources), FSP Europe, 3Y, Protek and more. We help our customers to define the optimal solution for their application. It is also possible to create and offer customer-specific (OEM) power supplies, DC/DC converters or inverters.

    DC/DC converters and controllers (Brick converters)
    AC/DC Modules
    DIN rail power supplies
    Power supplies and desktop power supplies
    inverter
    power supplies
    high-voltage supplies
    DC loads and DC sources
    Batteries for PV systems
    grid feed inverter
    Charge controller for solar applications
    Uninterruptible power supplies (USV)
    and much more.....

Customers of Fabrimex AG are active in the following industries, among others:

    automotive
    communication
    Laboratory and Research
    medicine
    Transport (rail or commercial vehicles)
    consumer products
    road construction
    signalling
    solar
    aerospace industry

Typical applications are:

    control systems
    monitoring systems
    Portable instruments
    data processing systems
    communication applications
    test applications
    PV systems
    Signalling on motorways
    Passenger information systems
    fire alarms
    and more...","Appliances, Electrical, and Electronics Manufacturing",11-50 employees,Public Company,"Sorø, Zealand, Denmark",Denmark,exista.ch,https://www.linkedin.com/company/fabrimex-ag
Nordens Installation,"Nordens Installation er din professionelle el leverandør, som lægger stor vægt på tillid, kvalitet og god service til tiden. 

Vi beskæftiger os inden for følgende områder:

- Energioptimering
- Traditionelle el-opgaver
- Netværkskabling
- Teleinstallationer
- Porttelefoni
- AV-løsninger
- Belysningsanlæg
- Lysstyringer
- Tavle-og fordelingsanlæg
- UPS og nødstrømsanlæg
- Antenneinstallationer
- Nybygning
- Ombygning
- Renovering
- Ejendomsservice

Har du et spændende projekt eller generel forespørgsel, står vi altid til rådighed. 

Med Venlig hilsen
Nordens Installation","Appliances, Electrical, and Electronics Manufacturing",2-10 employees,Partnership,"Herlev, Capital Region, Denmark",Denmark,nordens-installation.dk,https://www.linkedin.com/company/nordens-installation
Tommerup Elektronik A/S,"Tommerup Elektronik har 1/12-2014 investeret i ny produktions line med mulighed for montage af boards op til 1500mm i længden, op til 115000 komponenter i timen
Udvikling-Produkt modning-Prototyper-Serie produktion-Testudstyr-Automatisk optisk inspektion-Funktionstest-Box Building er nogle af Tommerup Elektroniks stærke sider.
TE A/S har en produktions afdeling og en udviklingsafdeling som begge er kendetegnet ved: Fleksible, veluddannede medarbejdere med stor erfaring, samt produktions og udviklings værktøjer, der er up-to-date.
Firmaets udvikling har betydet at vi har været en stabil og troværdig leverandør gennem alle årene.
Deltager i de kreative og skabende processer omkring udvikling af nye produkter og vedligeholdelse af eksisterende løsninger.
Sørger for at holde omkostningerne, både ved udvikling og slut produkt, nede på et realistisk niveau.
At kunne foretage hurtige produkt-tilpasninger, således at vore kunder kan være fleksible og konkurrencedygtige over for deres aftagere.
Vi fungerer som underleverandør inden for de mange sektorer i industrien hvor der er brug for elektronik.
Vores produktionsanlæg er indrettet til fleksibel produktion, så vi hurtigt kan skifte mellem prototyper, små og mellemstore produktions serier.
At få udviklet elektronik til et nyt produkt er en tillidssag. Sammen med kunden analyserer vi produktets funktioner og muligheder, for at kunne udvikle en optimal løsning. Vi arbejder med både hardware og software -konstruktion.
Altium Designer er vores foretrukne ECAD-platform og på software-siden er vi vant til at programmere i sproget ""C""
Godkendelses krav til produktion af elektronik produkter er efter IPC A-610 rev. E-2010 klasse 2 eller 3.
Vi er ISO certificeret 9001:2015
Nyeste indkøb til kvalitets check er vores AOI hvor samtlige print bliver checket for montage fejl efter SMD montage.

Rene Andreassen
Salgschef
Tlf: +45  2028 7422
Email: ra@teas.dk
www.teas.dk","Appliances, Electrical, and Electronics Manufacturing",11-50 employees,Privately Held,"Tommerup, South Denmark, Denmark",Denmark,teas.dk,https://www.linkedin.com/company/tommerup-elektronik-a-s
Jada Group ApS,"Jada Group ApS blev stiftet 1. marts 2017 af Jesper Runge Eschen Clausen, som har arbejdet med professionel julebelysning, events og dekoration siden 2010.
Vi er et professionelt konsulentfirma, som sammen med vores kunder skaber den optimale oplevelsespakke, der er designet lige præcis til jeres event. Vi rådgiver vores kunder til de absolut bedste løsninger der tilbydes på markedet.
Vi har sammen med vores udvalgte samarbejdspartnere, mulighed for at tilbyde det bredeste sortiment på markedet, vi mener at et godt samarbejde er vejen frem til at skabe fantastiske projekter, Jada Group er bindeleddet imellem flere helt igennem professionelle leverandører og producenter.
Som udgangspunkt lever vi efter mantraet alt er muligt, derfor JADA... Her er et lille udpluk af vores services:
Unik juleudsmykning – julebelysning – Alt kan som udgangspunkt lade sig gøre.
Dekoration og Events - til alle begivenheder og årstider
Juletableau både med og uden mekaniske figurer - vi har alle de sjove og måske lidt skøre idéer.
Udstillinger med spændende og mystiske fænomener fra matematikkens og fysikkens verden – til de nysgerrige...
Scene, lys og lyd til alle begivenheder – vi skaber alle effekter til alle arrangementer...
Vi synes det skal være sjovt at gå på arbejde og derfor vil I altid møde os som positive mennesker, med et smittende humør, vi har de kreative og skøre idéer – Som  jeres sparringspartner er det vores mission, at være værdiskabende og få netop jeres visioner og drømme til at lykkedes.

Vi er et Full Service Company. Vi tilbyder at komme på et besøg hos jer, rådgive, designe, simulere projektet, levere, montere og opbevare. Vi kan løse alle opgaver og gøre jeres drømme til virkelighed!","Appliances, Electrical, and Electronics Manufacturing",2-10 employees,Partnership,"Rødekro, South Denmark, Denmark",Denmark,jadagroup.dk,https://www.linkedin.com/company/jada-group-aps
Skytte Installation ApS,"Aut. Elinstallatør, Skytte Installation, nybyg, Typehuse, Enfamielies huse, renovering, energioptimering med LED","Appliances, Electrical, and Electronics Manufacturing",Self-employed,Public Company,"Haslev, Zealand, Denmark",Denmark,skytteinstallation.dk,https://www.linkedin.com/company/skytte-installation-aps
Nordic Test Forum,"Nordic Test Forum, NTF, is a forum for test engineers, designers, production people and other experts active in the field of test of electronics aiming at exchanging best practices, ideas and other knowledge relevant to the electronic test community in the Nordic and Baltic states. The main emphasis is on test related to production of electronics modules, boards and systems and related issues such as verification, approval incl. EMC issues, life time, reliability, etc. 

NTF every year, normally at the end of November, arrange a 2 days event, TestForum, a conference with an associated mini exhibition. TestForum takes place in one of the Nordic and Baltic States. Venue for event is selected on a rotating basis. During a TestForum event, presentations of important solutions, methodologies, exchange of ideas and general networking take place. 

Events have taken place as can be seen below, and in 2022, the TestForum 2022 will be held in Drammen Norway, during November 29 & 30

2003	   Denmark
2004	   Sweden
2005	   Norway
2006	   Finland
2007	   Denmark
2008	   Estonia
2009	   Sweden
2010	   Norway
2011	   Finland
2012	   Denmark
2013           Estonia
2014	   Sweden
2015	   Norway
2016           Lithuania
2017	   Finland
2018	   Denmark
2019           Estonia
2021           Sweden
2022           Norway

Nordic Test Forum also from time to time arrange dedicated event in its focus areas.","Appliances, Electrical, and Electronics Manufacturing",201-500 employees,Educational,"Hørsholm, Capital Region, Denmark",Denmark,nordictestforum.org,https://www.linkedin.com/company/nordictestforum
Gridlinx,"Gridlinx unlocks the full potential of electric vehicles (EVs) as home battery systems, providing an innovative solution to Europe’s unbalanced energy grids. Our technology integrates seamlessly with existing EV chargers, enabling smart, automated energy management that reduces costs, decreases carbon emissions, and supports global sustainability goals.","Appliances, Electrical, and Electronics Manufacturing",2-10 employees,Privately Held,"Kongens Lyngby, Capital Region, Denmark",Denmark,,https://www.linkedin.com/company/gridlinx
Techmatic ApS,"Vi hjælper produktionsvirksomheder med at automatisere deres processer. Vi arbejder med både fødevareproduktion, pharma og non-food. 

Vi blev i 2025 opkøbt af NIKODAN Process Equipment. NIKODAN specialiserer sig i conveying af en lang række produkter. Opkøbet betyder, at vi nu har alt inden for conveying, automatisering og robotteknologi in-house. Det giver os en unik placering i markedet, hvor vi kan tilbyde specialiserede turnkey-løsninger. 

Kontakt os i dag for at høre hvordan vi kan hjælpe med at automatisere jeres processer.","Appliances, Electrical, and Electronics Manufacturing",51-200 employees,Public Company,"Aarhus, Middle Jutland, Denmark",Denmark,nikodan.eu,https://www.linkedin.com/company/techmaticaps
NH Jespersen A/S,Vi sørger for at din el-installation er udført korrekt og holder i mange år fremover. Vi er specialister i avancerede produktionsanlæg og almindelige el-tekniske installationer.,"Appliances, Electrical, and Electronics Manufacturing",11-50 employees,Privately Held,"Sønderborg, South Denmark, Denmark",Denmark,nhjespersen.dk,https://www.linkedin.com/company/nh-jespersen-a-s
sessions.dk,"gør møder til oplevelser med sessions
Undgå teknikproblemer og spild af værdifuld mødetid med sessions - den integrerede møderumsløsning, der spiller fra første klik! 

Uanset om dit behov er flotte præsentationer, effektive videokonferencer eller interaktive workshops med touch skærm, så tilbyder vi en komplet professionelt udstyrspakke, som passer til netop jeres behov til priser fra kun 995 kr./md.

klar fra første klik
sessions sørger for at teknikken i møderummet, fra mikrofon til højtaler, møderums PC og display, er klar fra første klik. 

Vi har samlet mødelokalets funktioner i et kontrolpanel, hvor du nemt og hurtigt kan se mødeinformation samt styre, booke og afslutte dine møder. Her kan du også vælge, om det er indhold på møderummets faste computer* eller en medbragt laptop, der skal vises på skærmen - uden brug af flere forskellige fjernbetjeninger. Mødenoter og ideer kan gemmes og sendes via touchskærmen, så mødet bliver så produktivt som muligt. Uanset om du bruger sessions til undervisning, salg eller vidensdeling i små eller store grupper, så er sessions din garanti for at dine møder forløber på den bedst mulige måde. sessions findes i en variant der passer til netop din virksomhed.

spar tid og penge
Med sessions optimerer du virksomhedens ressourcer og effektiviserer brugen af dine mødelokaler. Har du sessions i flere mødelokaler, sikrer du samtidig en ensartet mødeoplevelse og en nemmere vedligeholdelse for den møderumsansvarlige.","Appliances, Electrical, and Electronics Manufacturing",51-200 employees,Public Company,"Greve Strand, Zealand, Denmark",Denmark,sessions.dk,https://www.linkedin.com/company/sessions-dk
Holtab Danmark,"I mere end 40 år har Holtab hjulpet kunder og entreprenører i Norden og i andre dele af Europa med at konstruere, bygge og udruste transformatorstationer og teknikhuse. På vores produktionsanlæg i Tingsryd i Småland bygger vi også lavspændingstavleanlæg og vejbelysningsskabe.

Vi er vokset og har udviklet os sammen med vores kunder, og i dag er vi unikke på markedet, når det handler om produkter, kompetencer, samarbejde og servicegrad.

Vores samarbejdspartnere og kunder findes inden for forskellige virksomheder med kraftdistribution som fællesnævner. Derfor beskæftiger Holtab Danmark sig inden for nedenstående fire primære områder:

Vind- & solenergi, komplet udstyrede stationer og tavleanlæg med kundespecifikke løsninger
Netstationer og lavspændingskoblingsanlæg til nordiske el-forsyningsselskaber
 Strømforsyningen til såvel større industrielle anlæg som til store byggeprojekter
Specialtilpassede løsninger til tog- og sporvejstrafik","Appliances, Electrical, and Electronics Manufacturing",2-10 employees,Public Company,"South Denmark, Denmark",Denmark,holtab.com,https://www.linkedin.com/company/holtab-danmark
UVLaser,"At UV Laser, we're at the forefront of a technological revolution, pioneering the development of deep-UV laser technology designed to meet the demanding needs of a variety of industries, including biomedical, environmental sensing, and industrial processing. Our cutting-edge solutions leverage photonic integration and advancements in diode lasers to create compact, solid-state light sources capable of achieving deep UV wavelengths. This innovation enables a wide range of applications, from sterilization and disinfection to precise biomedical diagnostics and environmental monitoring, offering unprecedented accuracy and efficiency.

For more information, explore our contributions to scientific research, our technology's potential applications, and how we're transforming industries with innovative UV solutions. Together, we're lighting the path to a brighter, more sustainable future.","Appliances, Electrical, and Electronics Manufacturing",2-10 employees,Privately Held,"Aarhus, Middle Jutland, Denmark",Denmark,uvlaser.org,https://www.linkedin.com/company/uvlaser
DanTaet A/S,"DanTaet beskytter bygninger, inventar, produktion, vigtige funktioner og ikke mindst miljøet mod uventede rørbrud og indtrængende vand.
DanTaet systemerne er beskyttet af patenter, patentansøgninger og ophavsret i Danmark samt en række lande i og udenfor EU.","Appliances, Electrical, and Electronics Manufacturing",11-50 employees,Public Company,"Odense, South Denmark, Denmark",Denmark,dantaet.dk,https://www.linkedin.com/company/dantaet
Dansk El & Teknik A/S,Electrical service across the country,"Appliances, Electrical, and Electronics Manufacturing",11-50 employees,Privately Held,"Odense, South Denmark, Denmark",Denmark,det.dk,https://www.linkedin.com/company/danskelogteknik
Alert House ApS,"Danish company working within the fields of Development of Electronics and IT. Special competences are telecommunications and integration of webbased monitoring systems.

Our goal is to offer extremely user friendly web based solutions using complex monitoring devices and intelligent webservers.","Appliances, Electrical, and Electronics Manufacturing",11-50 employees,Public Company,"Copenhagen, Capital Region, Denmark",Denmark,alerthouse.dk,https://www.linkedin.com/company/alert-house
Contech Automatic,"Ever since its establishment in 1988, Contech has been working with automatic controls and machinery. Throughout the years, Contech has serviced water treatment plants, sewage treatment plants, district heating plants, and industrial enterprises with equal success and a never-wavering commitment and focus on quality and customer satisfaction. Our employees have vast experience in the optimisation, reconstruction, repairs, and emergency repairs of varied machinery and production facilities. We design, develop, and produce automation solutions for all imaginable purposes as OEM supplier, main contractor, or subcontractor. We provide assistance with the commissioning of production facilities in Denmark and abroad.","Appliances, Electrical, and Electronics Manufacturing",11-50 employees,Partnership,"Nykøbing F, Zealand, Denmark",Denmark,contech-automatic.dk,https://www.linkedin.com/company/contech-automatic
SAFE. by PanzerGlassTM,"Award-winning Danish screen protector brand PanzerGlassTM champions in protection of both screens and the planet. Our journey started years ago. Every screen protector is made with a commitment to prolong the lives of devices. Keeping devices in circulation offrers a more sustainable way of shopping and helps save the planet.

In 2013, the Danish start-up PanzerGlassTM launched its new and exclusive protectors for tablets as well as mobile phones. Today, PanzerGlassTM has 150 employees, is present in 70 different markets and is realizing triple-digit growth rates. In 2020, PanzerGlassTM launched its younger sister brand SAFE. by PanzerGlass to offer consumers an affordable solution to keeping their phones SAFE.

We are on a mission to keep phones SAFE. 

The original screen protector from SAFE. by PanzerGlassTM keeps your phone safe from dance floor mishaps, selfies gone wrong and your everyday fumbling, dropping and screen cracking. The tempered glass acts as a discrete airbag, protecting your phone by absorbing impact and providing a high level of scratch protection without compromising the functionality and look of your phone. It even has a smudge-free coating that reduces traces of fingerprints.","Appliances, Electrical, and Electronics Manufacturing",51-200 employees,Privately Held,"Hinnerup, Middle Jutland, Denmark",Denmark,panzerglass.com,https://www.linkedin.com/company/safebypanzerglass
E Electric ApS,"E Electric ApS er aut. elinstallatør og vore serviceområder er industri, marine, generator og offshore.

Generator i Esbjerg til udlejning pt 300kw","Appliances, Electrical, and Electronics Manufacturing",11-50 employees,Public Company,"Esbjerg, South Denmark, Denmark",Denmark,eelectric.dk,https://www.linkedin.com/company/e-electric-aps
Scandinavian Instruments,"Scandinavian Instruments ApS is a danish company, who offer a wide range of soap dispensers, paper dispensers, electronic dosing systems and electronic control units. The company is located in Harlev near Aarhus in Denmark and has Scandinavia as geographical sales area. Since 2000, Scan-in has been the exclusive distributor in Scandinavia of products from Brightwell Dispensers Ltd.

Today Scan-in is among the leading distributor of electronic dosing systems as well as soap- and paper dispensers in Scandinavia.
With experienced and committed employees, we offer our customers close and stable cooperation, where product quality and service are key words.

#Dispensers #SoapDispensers #PaperDispensers #Dosing","Appliances, Electrical, and Electronics Manufacturing",2-10 employees,Privately Held,"Harlev, Middle Jutland, Denmark",Denmark,scan-in.dk,https://www.linkedin.com/company/scandinavian-instruments-aps
Caembell El-anlæg ApS,"Caembell El-anlæg, grundlagt i 1917, har mere end 100 år på bagen og er dermed en af Københavns ældste el-installatør firmaer.

Virksomheden har, siden den blev grundlagt, haft adresse på Store Kongensgade i Københavns centrum. I 2009 voksede vi dog ud af de lejede lokaler og købte derfor vores egen ejendom i Vanløse, hvor vi har boet de sidste 12 år.

Pr. 1. august 2021 har vi valgt at rykke teltpælene til Søborg. Vi har købt en centralt beliggende ejendom med god plads til forventet vækst. Vi altid serviceret en stor del af virksomhederne i centrum af København... og det kan vi også sagtens klare fra Søborg!

Vi beskæftiger 30-35 veluddannede montører og 8-10 lærlinge. Alle vore montører har mangeårig erfaring fra branchen, og de fleste har været tilknyttet firmaet i mange år.

På kontoret har vi en sekretær- og regnskabsmedarbejder, en serviceleder, en entrepriseleder samt de to indehavere, Lars Maagaard og Kasper Eckermann, som er 6. generation af indehavere.","Appliances, Electrical, and Electronics Manufacturing",11-50 employees,Self Employed,"Søborg, Capital Region, Denmark",Denmark,caembell.dk,https://www.linkedin.com/company/caembell-el-anlæg-aps
Nordisk Elteknik,"Nordisk Elteknik udfører og servicerer alle former for elinstallationer for såvel private som erhvervsvirksomheder på Sjælland, primært Storkøbenhavn og Nord og Vestsjælland.

Vi udfører alle former for kvalitetssikrede installationer inden for el, tele, data, sikring og overvågning, renoveringsopgaver, samt nybygning.

Vore montører er gode, erfarne og fleksible medarbejdere med et højt serviceniveau, der sammen med vore kunder altid finder frem til den optimale løsning af de opgaver, vi bliver stillet over for.

Vi udfører arbejde for Entreprenørvirksomheder, Ejendomsvirke, Datea, Nordea Ejendomme, EjendomsInvest, Private, Boligforeninger mm.","Appliances, Electrical, and Electronics Manufacturing",11-50 employees,Public Company,"Rødovre, Capital Region, Denmark",Denmark,nordiskelteknik.dk,https://www.linkedin.com/company/nordisk-elteknik
SustaNorth,"At SustaNorth we develop and manufacture sustainable water solutions for consumers. We work with the idea that sustainability should not cost extra and should be something that can help both financially, socially, and environmentally. Through our smart solution we help consumers and companies worldwide to save water and money. 

Contact us at contact@sustanorth.com","Appliances, Electrical, and Electronics Manufacturing",2-10 employees,Privately Held,"Odense, South Denmark, Denmark",Denmark,sustanorth.com,https://www.linkedin.com/company/sustanorth
ODENSE EL ApS,"ODENSE  EL ApS udfører opgaver for private og erhverv.

ODENSE  EL ApS blev grundlagt i 2001 og blev i 2016 medlem af TS-gruppen, og er dermed del af et landsdækkende samarbejde med alle el-faglige kompetencer.
Vores team af elektrikere og el-installatører står altid klar til at udføre enhver form for el-opgave, du er garanteret kvalitetshåndværk til enhver el-opgave. 

ODENSE  EL ApS ønsker at fremstå som professionelle, seriøse og kvalitetsbevidste overfor alle vores kunder, hvad enten det er privatkunder eller erhvervskunder, vi står for Tryghed og Kvalitet.

Med professionel rådgivning, undgår du at træffe forkerte valg, således sikrer vi at den løsning du vælger matcher dine behov og ønsker, at den er tidssvarende og af god kvalitet.

Vi tager imod alle el-opgaver - store som små. Vi har bemanding til at håndtere store opgaver (uger eller måneder) og mindre el-opgaver der kun tager 10 min.

 Data- og netværksløsninger til private hjem og til virksomheder. Med mange års erfaring og kompetencer, kan vi tilbyde netværksløsninger til enhver type af virksomhed eller privat hjem.

Vi giver gerne et uforpligtende tilbud på en opgave - både til private og virksomheder.

ODENSE  EL ApS kontakt telefon 65905510
Martin: 20231958
Lars: 61620780

Mail: mail@odense-el.dk","Appliances, Electrical, and Electronics Manufacturing",11-50 employees,Partnership,"Odense, South Denmark, Denmark",Denmark,odense-el.dk,https://www.linkedin.com/company/odense-el-aps
SP electric,"Innovative and flexible technology solutions for energy, industry, and marine/offshore","Appliances, Electrical, and Electronics Manufacturing",2-10 employees,Public Company,"Esbjerg, South Denmark, Denmark",Denmark,sp-electric.dk,https://www.linkedin.com/company/sp-electric-tech-for-tomorrow
ELIT Scandinavia,"Test- og måleudstyr, jording og lynbeskyttelse, Transient- og overspændingsbeskyttelse, DIN-Skinne udstyr og tavlemateriel.","Appliances, Electrical, and Electronics Manufacturing",2-10 employees,Privately Held,"Roskilde, Zealand, Denmark",Denmark,elit.dk,https://www.linkedin.com/company/elitscandinavia
Orogenic,"Orogenic har samlet over 150 års batterierfaring og distribuerer nogle af branchens førende mærker, bl.a. EnerSys, Triathlon, Discover og Centiel, indenfor batteri og UPS-anlæg. Vi har en række dygtige medarbejdere fordelt på kontorer i Danmark og Norge – herunder faglærte serviceteknikere.

Vi leverer batterier og UPS-anlæg til bl.a. telebranchen, offshore faciliteter, lufthavne, forsvaret og vindindustrien, men varetager også mobility-segmentet som bl.a. omfatter gulvvaskere, kørestole, truck, scootere, osv.

Vi tager service til et nyt niveau og leverer professionel og skræddersyet rådgivning, hvor vi følger processen til dørs. Vores kunders behov er i centrum - vi spørger og lytter, for at kunne guide dem frem til den helt rigtige løsning. Vi står til rådighed, når vores kunder har brug for os.

Vores kunder kan regne med den bedst mulige kvalitet. For at sikre højkvalitetsprodukter til den rigtige pris foretager vi altid fabriksbesøg, ved både nye og eksisterende leverandører, ligesom vi gennem dagligt arbejde, dialog, nyhedsbreve, messer og lignende holder os opdateret på den nyeste udvikling i branchen.

Vores kvalitetssortiment indenfor batterier omfatter bly/syre, Ni-Cd og lithium. Vores egne serviceteknikkere leverer og opstiller UPS-anlæg med markedets højeste oppetid.","Appliances, Electrical, and Electronics Manufacturing",11-50 employees,Privately Held,"Vejle, South Denmark, Denmark",Denmark,orogenic.dk,https://www.linkedin.com/company/orogenic
Blåhøj El,"Alle former for el-service og installationer, VVS, Varmepumper eller jordvarme. 
Vores serviceafdeling er veludstyret og består af kompetente, erfarne medarbejdere, som med mange år i branchen har prøvet lidt af hvert. Vores serviceafdeling er derfor et godt valg, hvis du vil være sikker på at få den bedste løsning på dit projekt. Med kvalitet og god kundeservice for øje sørger vi for at få arbejdet gjort professionelt og efter kundens behov.","Appliances, Electrical, and Electronics Manufacturing",11-50 employees,Public Company,"Brande, Middle Jutland, Denmark",Denmark,blaahoej-el.dk,https://www.linkedin.com/company/blåhøj-el
Etcas A/S,"Etcas A/S er stiftet i 2017, som en fusion mellem det tidligere ETC Teknik A/S og SAAP Engineering A/S.

Etcas er en automations- og service- virksomhed, der udvikler og tilbyder løsninger indenfor styring, regulering og overvågning - SRO. Herunder er styringer til maskiner, maskinanlæg og procesanlæg.

Brede kompetencer 

Vi håndterer opgaver fra mindre servicejobs til større integrerede opgaver med PLC, SCADA, dataopsamling og mere komplekse løsninger som ordrebaseret produktionsstyring, industri 4.0 integrering med mere.

Etcas kan udføre alt fra projektering, dokumentation, tavlebygning, programmering og installation til indkøring, aflevering og service. 
Hvilket vi gør for vore kunder i Danmark og i den øvrige verden.

Hos Etcas har vi særlige kompetencer inden for Energi & Miljø, hvor vi typisk leverer automationsløsninger til brænder- og kedelanlæg, vandforsyninger og spildevandsanlæg - samt inden for Levnedsmiddelindustrien hvor kunderne findes blandt slagterier, mejerier og tapperier.

Derudover er vi agentur for Emerson tankradar, med speciale i projektering, installation og service af niveau-overvågning til olie/gas industrien.","Appliances, Electrical, and Electronics Manufacturing",11-50 employees,Public Company,"Fredericia, South Denmark, Denmark",Denmark,etcas.dk,https://www.linkedin.com/company/etcas-a-s
Delfi Group,"""With development and production facilities in both China and Denmark, we are able to offer our customers the best of both worlds.""

Delfi Group consists of Delfi Tech Manufacturing Ltd. (Hong Kong), Delfi Tech (China), Delfi Electronics ApS and Delfi Solutions A/S (Denmark). Our goal is to be a competent and professional partner to industry, providing organisations with the best possible conditions for creating competitive products of the highest quality.

With two decades’ experience of development, sourcing, and production in The Far East, we are uniquely placed to deliver flexible services that combine the best of Asia and Europe – a competitive advantage that underpins our strong market position in Scandinavia and Northern Europe.

Keenly aware of the importance of clear communication to cross-cultural partnerships, we employ both Europeans and Chinese, enabling us to communicate in English, German, Danish, Cantonese and Mandarin.

We employ around 200 people, spread across development, engineering, sourcing, testing, administration and manufacturing facilities in Hong Kong, China and Denmark. Our sales and service headquarter is located in Germany, providing a convenient point of contact for the majority of our customers.","Appliances, Electrical, and Electronics Manufacturing",201-500 employees,Privately Held,"Sønderborg, South Denmark, Denmark",Denmark,delfi-group.com,https://www.linkedin.com/company/delfi-group
Anker & Nygaard ApS,"Vi vil gennem vor virksomhed være med til at give installatører, sikringsfirmaer og andre med el-teknisk baggrund, mulighed for at tilbyde installation af godkendte brandsikringsanlæg (ABA/AVA/ABV) til deres kunder. Vi ønsker at tilbyde vores viden og erfaring med projektering og installation til disse firmaer, således at det er muligt for dem.

Ved at stille vores erfaring og ekspertise inden for ABA/AVA/ABV til rådighed, ønsker vi. at installatører og sikringsfirmaer kan få en god oplevelse ud af at udvide deres sortiment med denne type installationsopgaver.

Anlæggene kan installeres på vores DBI godkendelse eller gennem installatørens egen godkendelse, såfremt han er registreret som dette.

Sammen med installatøren er det vores mål at sikre, at projektering, udførelse, myndighedskontakt, idriftsættelse og aflevering bliver en god oplevelse for både installatøren og hans kunde.

Den lovpligtige service udføres i henhold til de krav, love og regelsæt, der til enhver tid er gældende indenfor for området. Servicekontrakter kan udarbejdes under Anker & Nygaards godkendelse.","Appliances, Electrical, and Electronics Manufacturing",2-10 employees,Public Company,"Viby J., Middle Jutland, Denmark",Denmark,an4.dk,https://www.linkedin.com/company/anker-&-nygaard-aps
SALUS Nordic A/S,"Welcome to SALUS Nordic A/S, your reliable partner in advanced heating control technology in the Nordic region. As an integral part of Computime Ltd and SALUS Controls Ltd, we are dedicated to supporting installers and our distributors in Sweden, Denmark, Finland, and Norway.

From our strategically located warehouse south of Aarhus, we ensure fast deliveries across the region. Our team is always available to provide first-class service and advice. We assist wholesalers and installers in optimizing and improving heating systems through reliable technical support.

At SALUS Controls, we are dedicated to the development of intelligent solutions for heating control, covering everything from radiator systems and underfloor heating to home saftety. Our parent company, Computime, has more than 40 years of experience as an OEM supplier to top brands in the industry, ensuring the highest quality in our product range.

At SALUS Nordic A/S, you are more than just a customer – you are a partner. We are committed to providing extraordinary service and technological expertise to ensure that your heating systems are efficient, reliable, and future-proof. Learn more about how we can be your preferred partner in the development towards more sustainable and effective heating solutions here.","Appliances, Electrical, and Electronics Manufacturing",2-10 employees,Public Company,"Odder, Middle Jutland, Denmark",Denmark,saluscontrols.com,https://www.linkedin.com/company/salusnordicas
Mk-el aps,"MK-EL blev etableret i 2004 af elinstallatør Michael Kristensen, som har mere end 30 års erfaring inden for faget med blandt andet grøn el, renovering, nybyggeri, alarmsystemer, hus- og butiksinstallationer, og el-service af enhver art og i ethvert omfang.


Vores kunder er fordelt over både Fyn, Sjælland og Jylland, og vi dækker derfor hele landet.

Vi ønsker at fremstå som seriøse og kvalitetsbevidste elektrikere, og vi kan udføre alle opgaver inden for vores fag. Vi leverer kvalitetsarbejde til konkurrencedygtige priser, og vi sørger altid for at overholde alle aftalte betingelser og leveringstider. Vi mener, at vores ekspertise skal komme andre mest muligt til gavn, og vi står derfor også klar med gode råd og vejledning, inden vi påbegynder arbejdet.

Vi tror på, at det er vigtigt at dygtiggøre sig inden for sit fag og holde sig opdateret på den nyeste viden, og derfor sørger vi for løbende at efteruddanne vores medarbejdere. Det er din garanti for et sikkert og godt resultat hver gang.

MK-EL er medlem af Tekniq, hvilket er din garanti for veludført arbejde.

Du er velkommen til at ringe til os på +45 40 14 89 79 eller sende en mail på post@mk-el.dk","Appliances, Electrical, and Electronics Manufacturing",2-10 employees,Self Employed,"Odense, South Denmark, Denmark",Denmark,mk-el.dk,https://www.linkedin.com/company/mk-el-aps
SJOC pro - Professional lighting solutions,"LED TIL PROFESSIONELLE:

SJOC pro leverer belysning til professionelle fagfolk. Vi samarbejder med danske el-installatører og deres profesionelle kunder.

ENERGIBEREGNINGER:

SJOC pro udarbejder godkendte energiberegninger, hvor beregnet strømbesparelser og tilbagebetalings tid fremgår. Energiberegning skal udarbejdes inden energitilskud kan søges.

FÅ ENERGITILSKUD:

SJOC pro tilbyder at lave alt papirarbejdet og ansøgning om energitilskud. Kunden får hele tilskuddet direkte fra energiselskabet. 

LEASING:

I samarbejde med danske leasingselskaber tilbyder vi leasing af belysningsprojekter. Ofte vil leasing ydelsen være mindre end energibesparelsen.

SPAR MANGE PENGE:

Der kan være rigtig mange penge at spare ved at konvertere virksomhedens belysning til energi rigtig LED belysning. Normalt er tilbagebetalingstiden på 1-3 år

TEKNISK RÅDGIVNING:

Rigtig og kompetent rådgivning er afgørende. Ring direkte til vor tekniske hotline på 31 666 200

READ MORE:  www.sjocpro.dk","Appliances, Electrical, and Electronics Manufacturing",2-10 employees,Public Company,"Middelfart, South Denmark, Denmark",Denmark,sjocpro.dk,https://www.linkedin.com/company/highlux-aps
BHE A/S,"BHE A/S is one of Denmark’s leading EMS companies. BHE was established in 1984 and offers electronics manufacturing in Denmark and the Far East – from prototype to volume production.

At BHE we possess the necessary equipment which enables us to manufacture your products, whether you wish print mounting or to have your final products assembled, tested and even configured specifically and sent direct to your customers.

BHE has in addition to the quality approval ISO 9001:2008 also numerous other approvals within areas such as medical and automotive so we can accommodate your needs in these areas too.

At BHE we have several years of experience in product and production optimization – and we are happy to participate in your design phase as a sparring partner, in order to optimize your process and component selection as well as securing optimal design for manufacturing. 

BHE is headquartered in Horsens, Denmark – and today we have in total around 100 creative and highly skilled employees.","Appliances, Electrical, and Electronics Manufacturing",51-200 employees,Privately Held,"Horsens, Middle Jutland, Denmark",Denmark,bhe.dk,https://www.linkedin.com/company/bhe-a-s
SMARTGRID - X,"With SMARTGRID-X you get the opportunity to move power consumption to your heat pump into the less expensive hours. SMARTGRID-X are always updated on time differentiated electricity price, time differentiated tariffs and weather forecast in order to have the best balance between money savings and thermal comfort in your home.","Appliances, Electrical, and Electronics Manufacturing",2-10 employees,Partnership,"Esbjerg, South Denmark, Denmark",Denmark,smartgrid-x.com,https://www.linkedin.com/company/smartgrid-x
Fonden Langelands Elforsyning,"Fonden Langelands Elforsyning er en forbrugerstyret fond. Fondens formål er at medvirke til fremskaffelse og distribution af energi til forbrugerne samt at medvirke til anden virksomhed, som på enhver måde har tilknytning til elforsyningen.
Virksomheden er i dag en koncern som ejer og driver flere selskaber.

Ø/strøm A/S 
Har siden 2012 tilbudt forskellige elprodukter.
Formålet med selskabet er at levere en konkurrencedygtig elpris, uanset valg, til fordel for kunderne i lokalområdet.

Gadelys Langeland A/S som ejes sammen med Langeland Kommune, ejer og driver gadelysanlægget på Langeland og Strynø.

rituEL – eller rettelig Fonden rituEL er et binavn til Fonden Langelands Elforsyning, og virker som serviceselskab for koncernen. Formålet er, at vores medarbejdere kan arbejde gennem dette serviceselskab for både VEKSEL A/S og Gadelys Langeland, uden at lovgivningen om netselskabers separate identitet bliver overtrådt.

LEF Vind 1 ApS og LEF Vind 2 ApS driver vindmølleproduktion på Nordlangeland – LEF Vind 1 ejer en 3 MW vindmølle ved Lejbølle og LEF Vind 2 ejer 54,5 % af anparterne i en tilsvarende vindmølle, ligeledes i Lejbølle.","Appliances, Electrical, and Electronics Manufacturing",11-50 employees,Public Company,"Brabrand, Middle Jutland, Denmark",Denmark,fonden-lef.dk,https://www.linkedin.com/company/fonden-lef
Svend Knudsen Elektrikeren Thy ApS,"Med rødder tilbage til 1976 er Svend Knudsen Elektrikeren Thy et erfarent og velrenommeret firma, med stolte traditioner og kvalitet i højsæde. 
I dag løser vi alle former for opgaver inden for elinstallationer - lige fra montering af stikkontakter, til totalløsninger, energioptimerende intelligente bygningsteknologier, arbejdet med kabler, netværksbaserede IT-systemer, varmepumper, kameraovervågning mv. Vi udfører enhver el-opgave både for erhverv og private.

Firmaet blev etableret i Hanstholm af Svend Knudsen, drives i dag af Jarl Knudsen.
I 2017 overtog vi Elektrikeren Thy i Thisted og er i dag et teknikhus med 10 erfarne og kompetente medarbejder, der altid står klar til at rådgive og sikre vores kunder de mest optimale løsning. 

Som moderne teknikhus tager vi vores ansvar i den grønne omstilling seriøst. Vi holder os opdaterede på de nyeste tekniske muligheder og viden inden for installation af energioptimerende el løsninger. Vores medarbejdere opkvalificeres løbende, så vi til enhver tid kan tilbyde vores kunder de teknisk bedste og mest energibesparende løsninger. Bæredygtighed er således i dag en grundforudsætning for vores virke. Samtidig er vi stadig dit pålidelige, kvalitetsbevidste og lokale elektriker - med elektrikere fordelt i hele lokalområdet.","Appliances, Electrical, and Electronics Manufacturing",2-10 employees,Self Owned,"Hanstholm, North Jutland, Denmark",Denmark,svendknudsen.dk,https://www.linkedin.com/company/svendknudsenelektrikerenthy
RLS Nordic,"We design, produce and supply advanced rotary and linear motion sensors to meet growing global market demands. Our experience and knowledge combined with innovative ideas enable us to offer custom product solutions to match customer's needs.","Appliances, Electrical, and Electronics Manufacturing",51-200 employees,Privately Held,"Vejle, South Denmark, Denmark",Denmark,rls.si,https://www.linkedin.com/company/rlsnordic
Lykketronic A/S,"At Lykketronic we create customized mobile control solutions that maximize efficiency and minimize environmental impact.

We add value by understanding you, your business, and your customers.   

With four decades of experience, we develop and manufacture customized solutions for:

-	Agriculture 
-	Winter service 
-	Forestry 
-	Sports turf industry 

Our robust solutions are fitted on thousands of machines all over the world, improving the efficiency of the work carried out significantly.","Appliances, Electrical, and Electronics Manufacturing",11-50 employees,Privately Held,"Løgstør, North Jutland, Denmark",Denmark,lykketronic.dk,https://www.linkedin.com/company/lykketronic
uStepper,"Say goodbye to uncertainty and hello to precision! uStepper is the game-changing solution for your stepper motors. Unlike traditional steppers, uStepper operates with feedback, continuously monitoring and compensating for any issues. With its onboard microcontroller and Arduino compatibility, it's perfect for professionals, hobbyists, and students. Upgrade your stepper motors with uStepper and experience flawless performance in your precision-critical applications!","Appliances, Electrical, and Electronics Manufacturing",2-10 employees,Public Company,"Aalborg, North Jutland, Denmark",Denmark,ustepper.com,https://www.linkedin.com/company/ustepper
PCBMotor ApS,"PCBMotor ApS | Custom Piezo Components & Simulation Specialists

PCBMotor ApS is a specialized provider of high-precision piezoelectric components, dedicated to supporting engineering teams in the sonar, sensor, and instrumentation industries.

Building on a decade of award-winning innovation in piezoelectric motor technology and PCB integration, we have evolved into a focused technical partner. We leverage our deep-rooted expertise in resonance frequency and material science to deliver custom piezo solutions with exceptionally narrow tolerances.

OUR CORE CAPABILITIES:

Precision Manufacturing: Custom-made piezo ceramic components (Hard/Soft PZT, Lead-free, and PT materials) optimized for high-performance applications.

Frequency Simulation: We assist customers in optimizing component dimensions through advanced simulation of resonance frequencies to ensure perfect application fit.

Technical Consultancy: Expert guidance on material selection and dimensional trade-offs for sonar, ultrasound, and high-resolution sensor designs.

WHAT WE OFFER:

Custom Piezo Components: Tailored for both prototyping and high-volume production.

Technical Documentation: Comprehensive datasheets and simulation-backed specifications.

B2B Partnership: We produce components strictly to customer-provided specifications, ensuring manufacturing excellence without application responsibility.

With a history of excellence—including the EE TIMES ACE Awards—PCBMotor continues to push the boundaries of piezo technology, providing the agile and innovative components required for today’s complex subsea and maritime sensor systems.

MATERIALS SPECIALIZATION:

Hard & Soft PZT: Optimized for high-power sonar and sensitive sensor applications.

Lead-Free & PT Materials: Specialized solutions for modern environmental standards and high-temperature requirements.","Appliances, Electrical, and Electronics Manufacturing",2-10 employees,Privately Held,"Frederiksværk, Capital Region, Denmark",Denmark,pcbmotor.com,https://www.linkedin.com/company/pcbmotor-aps
Arne Hald A/S,"Arne Hald A/S er en elinstallationsvirksomheder, som holder til i Midt- og Vestjylland, mere præcis Holstebro. Vi udfører elektriker arbejde i hele landet. Vi er specialister indenfor el-arbejde, A/V, høreteknik, alarmer, videoovervåning, låseteknik, IT, kirke serviceeftersyn og meget mere. Vi er din total leverandør og servicepartner indenfor teknik.  Vi har uddannet Elinstallatør, Låsesmede, Alarmtekniker, IT-Supporter, Data-tekniker, Alarm-tekniker, TVO-Tekniker, Industritekniker og maskinmester. 

Arne Hald A/S blev etableret i 1950 og udfører alle typer el-tekniske arbejder for private, industrien, detailhandelen, liberale erhverv samt offentlige institutioner. 

Arne Hald A/S ønsker at være kendt og anerkendt som en total el-teknisk leverandør, der yder høj service og har viljen til fleksibilitet. Vi løser såvel små som store opgaver, og i forbindelse med enhver opgave yder vi faglig og kompetent rådgivning.","Appliances, Electrical, and Electronics Manufacturing",51-200 employees,Public Company,"Holstebro, Middle Jutland, Denmark",Denmark,arnehald.dk,https://www.linkedin.com/company/arne-hald-a-s
EnergiElektrikeren,"Specialist i solcelleanlæg, varmepumper og billadere!

EnergiElektrikeren ApS blev grundlagt af Tim Hartmeyer og Jens Meyerdierks i sommeren 2005. Begge er uddannet elektriker og elinstallatør og bestrider begge faglige kompetencer som imødekommer det faglige høje niveau som ovennævnte specialer stiller krav til.
Siden 2009 har virksomheden beskæftiget sig med installering og servicering af solcelleanlæg og har sidenhen monteret over 1000 solcelleanlæg på de private danske hustage. Desuden har vi forestået montering af flere større solcelleanlæg på mellem 20 - 500 kW på offentlige bygninger og erhvervsbygninger. 
Vi er derfor de førende på markedet når det kommer til installering og servicering af solceller.
Vi har i 2011 erhvervet KSO certifikatet, som udstedes af Teknologisk Institut. Dette certifikat sikrer, at installerede anlæg lever op til kvalitetsmæssige krav. Derudover er vi VE godkendt installatør med certificeret uddannelse inden for vedvarende energi som udbydes af Energistyrelsen. Vi er VE godkendt i kategorierne solceller og varmepumper.
EnergiElektrikeren beskæftiger over tyve dygtige veluddannede medarbejdere som er opdateret med den nyeste viden, regler og lovgivning inden for faget herunder også kvalitetssikring. Dette er med til at eliminere fejl og mangler, både inden for kvalitet og el sikkerhed.
EnergiElektrikeren udfører og leverer arbejde i branchens bedste kvalitet, både hvad angår service, sikkerhed, kommunikation og dokumentation.
EnergiElektrikeren ApS udfører bl.a.


   Energioptimering - hos private, erhverv, ejerboligforeninger, boligselskaber samt kommuner m.m.
   Solcelleanlæg – vejledning, installering, service og reparation
   Varmepumpe – vejledning, installering, service og reparation
   Billadere med intelligent styring– vejledning, installering, service og reparation
   Eltavler - i forbindelse med solceller, varmepumper eller billadere
   Døgnvagt for service abonnenter – ved akutte fejl på solceller og varmepumper","Appliances, Electrical, and Electronics Manufacturing",11-50 employees,Privately Held,"Havdrup, Zealand, Denmark",Denmark,energiel.dk,https://www.linkedin.com/company/energielektrikeren
Bygg-El  ApS,"Den bedste løsning med dit behov i centrum. 
Vi står ikke stille, når du har brug for hjælp, så rykker vi, med en umættelig nysgerrighed søger vi mod nye mål for at tilbyde den bedste løsning med din behov i centrum. 
Mere end 40 års erfaring følger gratis med 
Vi startede for snart 40 år siden med at sælge standard stikkontakt tavler, I dag producerer vi alle vores tavler på værkstedet i Ishøj hvor vi har el-montage, maskin- og smedeværksted på samme adresse,
Produktion og serviceløsninger.
Byggepladstavler - Installation - målertavler - Styretavler - Stikkontakt stander - Gade og Teknik skabe - Service tavler og fordeler stik - Rackskabe - special kapslinger - Kabeltromler og kabelopruller - rackboks - kabelbeskyttelse - Special flanger - CU skinner og klemmer. -  Tilslutningsbokse etc.
 Kapslinger og EL-Mekanik.
Transport og opbevarings kasser til instrumentering - Rack kasser til PA-systemer - Graverede advarselsskilte - Kabelbeskyttelse - kabeltromler og kabelhåndterings grej.","Appliances, Electrical, and Electronics Manufacturing",11-50 employees,Privately Held,"Ishøj, Capital Region, Denmark",Denmark,bygg-el.dk,https://www.linkedin.com/company/bygg-el-elektroteknik-aps
Ranlev Industri Automation A/S,"Optimer din produktion med Ranlev Automation
Automatisering, robotteknologi & bæredygtige løsninger

Hos Ranlev industri Automation hjælper vi produktionsvirksomheder med at optimere deres maskinpark, reducere energiforbrug og øge effektiviteten gennem skræddersyede automation- og robotløsninger. 
Vores mål? Langsigtet værdi & fremtidssikret produktion!

 Hvad vi tilbyder:
 Automation & robotløsninger – Maksimal effektivitet i din produktion
 Procesoptimering – Reducér spild og øg produktiviteten
 Service & vedligeholdelse – Stabil drift og færre nedbrud
 Dataopsamling & CO2-reduktion – Indsigt i energiforbrug & bæredygtighed

 Nyhed: InduSolve – intelligent dataovervågning
Få indsigt i jeres energiforbrug, reducer CO2-aftryk og optimer driften – for en smartere og grønnere produktion.

Hvorfor vælge Ranlev Automation?
- Ekspertise & erfaring – Specialister i produktionsoptimering
- Innovation & kreativitet – Vi finder løsninger, hvor andre giver op
- Bæredygtighed i fokus – Smartere løsninger, mindre spild

 Er du klar til at tage din produktion til næste niveau?
Lad os tage en uforpligtende snak om, hvordan vi kan hjælpe din virksomhed.


 Telefon : 20994682
 E-mail: mail@ranlev.dk","Appliances, Electrical, and Electronics Manufacturing",2-10 employees,Public Company,"Haderslev, South Denmark, Denmark",Denmark,ranlev.dk,https://www.linkedin.com/company/ranlev-industri-automation-a-s
CloudFors,"CloudFors udvikler og producerer den bedste overvågning af fjernvarmens alarmsystemer.

Det er i konstant udvikling og vi går ikke på kompromis.
Det kræver en lynhurtig udvikling af hardware og software i konstant progression og vi er super fokuserede på, at disse 5 punkter ligger helt i top:

Kvalitet - Funktion - Pris - Brugervenlighed - Support.

Vi har samlet alle data i én platform.
CloudFors App muliggør analyse af værdier fra de data, du modtager fra dine CFDetect Detektorer.
Vi har udviklet et opgave system, som muliggør at holde styr på hele processen ved udbedring af alarmfejl. 
Du kan samle alle alarmtegninger og forbinde dem til de forskellige Detektorkredse.

CloudFors CFDetect er en dansk udviklet alarmboks til overvågning af fjernvarmerør med en tilhørende dansk udviklet webapplikation.

Vi har ekspertviden indenfor alarmsystemer samt programmering. 

Velkommen!","Appliances, Electrical, and Electronics Manufacturing",2-10 employees,Self Employed,"Ishøj, Capital Region, Denmark",Denmark,cloudfors.dk,https://www.linkedin.com/company/cloudfors
Friis Belysning,"Hos Friis Belysning skal lys give mening – ikke mindst for kunden selv. Derfor specialiserer vi os indenfor belysning som imødekommer netop dit særlige behov, omgivelserne eller arbejdssituationen. Vi udmærker os ved at besøge kunden og analysere stedet grundigt inden der installeres – og så tilbyder vi serviceaftaler, så I kan få skiftet jeres belysning straks når pærerne ophører. På den måde undgår i unødvendig administration og tidsspilde.","Appliances, Electrical, and Electronics Manufacturing",Self-employed,Self Owned,"Copenhagen, Capital Region, Denmark",Denmark,friisbelysning.dk,https://www.linkedin.com/company/friis-belysning
AK Installationer ApS Viborg/Ikast,"Hos AK Installationer ApS påtager vi os mange forskellige opgaver i forbindelse med el-installationer, solcelleanlæg og varmepumper.
Det gælder ny installationer, service, eftersyn og reparationer for både private og erhverv.
Varmepumpeløsninger, såsom en luft til vand varmepumpe er et godt alternativ, når fx gasfyret eller andre varmekilder skal udskiftes til en mere energivenlig varmekilde.
Luft til luft varmepumper kan bl.a. bruges som supplement til pillefyr, brændefyr og andre varmekilder.
Kan også benyttes som enkeltstående løsninger i fx sommerhus, værksted eller garage.","Appliances, Electrical, and Electronics Manufacturing",11-50 employees,Self Employed,"Viborg, Middle Jutland, Denmark",Denmark,ak-installationer.dk,https://www.linkedin.com/company/ak-installationer-aps
Danbridge A/S,"We provide our customers best in class expertise and solutions for high accuracy measurement of passive electronic components.

We want to continuously be known as market leader in high accuracy instruments for testing passive components.

We want to help our customers ensure component quality assurance.

Through our expertise, we will develop measurement techniques with our customers.

We provide a service and calibration concept which gives our customers maximum up-time in production.

Our programme consists of:
- DC Resistance bridges
- LCR instruments
- 3rd Harmonic Testers
- Megohmmeters
- Isolation testers","Appliances, Electrical, and Electronics Manufacturing",2-10 employees,Privately Held,"Herlev, Capital Region, Denmark",Denmark,danbridge.com,https://www.linkedin.com/company/danbridge-a-s
discount-pcb.dk,"Jeg kan hjælpe med layout og produktion af print. Har du et hobbyprojekt eller mangler du tiden i dit skoleprojekt til selv at lave dit, så kan jeg hjælpe. 

- Schematic layout
- PCB layout
- Hjælp til layout værktøjer

Det kan være uoverskueligt at påbegynde et print. Jeg kan være behjælpelig med hele processen eller dele af den. Det er op til dig.","Appliances, Electrical, and Electronics Manufacturing",Self-employed,Self Employed,"Aarhus, Middle Jutland, Denmark",Denmark,discount-pcb.dk,https://www.linkedin.com/company/discount-pcb-dk
Nasaki Electronic,"NASAK's main competencies are in electronic HW layout and software (VHDL). 
in Coperation with the comstumer we will finde the solution that fits best to your problem

With our complete solutions, We will  deliver unique solution in time.
we will with the costumer set a time schedule and a cost","Appliances, Electrical, and Electronics Manufacturing",2-10 employees,Self Owned,"Jægerspris, Capital Region, Denmark",Denmark,nasaki.dk,https://www.linkedin.com/company/nasaki-electronic
Milán Belysning ApS,"Hos Milán Belysning har vi stor ekspertise i design og indretning med lys, så der opleves det optimale lys. 

Vi har stor erfaring i lysindretning hos:
- Virksomheder
- Institutioner
- Plejehjem
- Butikker
- Restauranter
- Kirker.

Milán Belysning ApS laver lys til mange formål. Vi designer lys-løsninger, producerer lamper og installerer kvalitets-lys til alle formål. 

Se vores lampe design her: http://milan.dk/milan-eksklusive-lamper/ 

Læs om cases her: http://milan.dk/eksempler-paa-loesninger-2/

Kontakt informationer
Milán Belysning aps
Telegrafvej 8
Ballerup

Tlf: +45 44972719
Mobil: +45 40980300
e-mail: info@milan.dk","Appliances, Electrical, and Electronics Manufacturing",2-10 employees,Self Employed,"Ballerup, Capital Region, Denmark",Denmark,milan.dk,https://www.linkedin.com/company/milán-belysning-aps
Bi-Tech Aps,"Hvem er vi

Bi-Tech APS er en underleverandørvirksomhed med øje for kundens behov.  Både med den innovative tilgang til nye opgaver, samt fokus på kvaliteten, og levering til den ønsket tid. 
Vi har ved hjælp af vores ISO 9001:2015 certificering, hele tiden fokus på at den kvalitet vi levere lever op til kundens krav, og ønsker om leverings tidspunkt. 

Bi-Tech APS udføre mindre produktioner inden for;

APPARAT MONTAGE
Vi laver komplet op montering af forskellige apparater, både mekanisk og elektrisk montage.
Vi har eget værksted, til for bearbejdning af  dele, ledninger, krympe Flex etc.

BOX BUILD
Fra rå materialer til færdigt produkt.
Bestykning af PCB, klargøring af de der
til hørende komponenter. 
Vi sørger for at produktet er
færdig samlet, funktions testet, 
pakket i kasse med indlægsseddel
og klar til levering hos jeres kunder.
Alt i overensstemmelse med de gældende love omkring lodning og komponenter. 

KLARGØRING TIL PRODUKTION
Har i dele i jeres produktion der skal bearbejde før de kan bruges, så har vi værkstedet til det. Vi laver alt for bearbejdning i plast, metal, ledninger, krympe Flex, slanger og mange andre ting. 

Samt mange andre specielle opgaver. 


Bi-Tech din industri partner!","Appliances, Electrical, and Electronics Manufacturing",11-50 employees,Privately Held,"Sønderborg, South Denmark, Denmark",Denmark,bi-tech.dk,https://www.linkedin.com/company/bi-tech-aps
Midtvest El A/S,"Autoriseret elektriker og elinstallatør i Herning-Ikast området.
Vi har stor erfaring indenfor stort set alle former for elarbejde, bla. industriinstallationer, offentlige institutioner, private boliginstallationer, varmepumper, energioptimering, LED belysning samt alarm og sikring.

Vi bestræber os på at have tilfredse kunder og lever af den omtale, vores kunder bidrager med fremfor reklamer. Vi sætter derfor en stor ære i at levere god service, der altid omfatter høj faglighed i vores arbejde og leverer ikke halve projekter eller opgaver. 

Først når vores kunde er tilfreds med opgaven, er vi også.","Appliances, Electrical, and Electronics Manufacturing",2-10 employees,Partnership,"Ikast, Middle Jutland, Denmark",Denmark,midtvest-el.dk,https://www.linkedin.com/company/midtvest-el-a-s
BluetoothGateWay,"Customized LTE-M Bluetooth Gateway Solutions electronics R&D product developments with an offering of low and high volume production . Customized  LTE Bluetooth BLE Gateways - Beacon Gateways - MQTT -IP66 Waterproof Automotive Gateways.   (truck gps tracking )  www.c22.dk/info
Kundetilpasset ioT  iiot Bluetooth Mesh Gateway & Produktion

website :   www.iot-solutions.c22.dk/bluetoothgateway
facebook  :  www.facebook.com/bluegateways/


WedeCon Design
 tilbyder effektiv kundetilpasset elektronik prototype udvikling, elektonikrådgivning og elektronik produkt udvikling         
 ( plus prototype produktion og volume elektronik EMS Produktion - bl.a til til virksomheder og iværksættere
over hele landet.
    ------
Elektronikudvikling - Elektronik produkt Udvikling
Alle opgaver inden for elektronikudvikling og elektronik produktudvikling
 lige fra simple designs til avanceret microcontroller styringer og diverse ioT wireless designs
Automotive, Fjernbetjening, Bluetooth, LoRa, NFC, GPS, nRF9151,  GSM  LTE cat M1 nb-ioT,  Arduino & ESP32 - SigFox,         
    LoRa 868Mhz & LoRaWAN, ATEX elektronikudvikling
Desuden også rådgivning og sparring til projekter kan tilbydes.","Appliances, Electrical, and Electronics Manufacturing",2-10 employees,Privately Held,"Fredericia, South Denmark, Denmark",Denmark,c22.dk,https://www.linkedin.com/company/bluetoothgateway
ELEKTROKUL A/S,"Elektrokul A/S blev grundlagt i 2003 af Hans Henrik Sørensen & Flemming Sørensen. I dag har virksomheden 3 ejere, efter at Kim Lyster kom til i 2007.

Vi har tilsammen mere end 65 års erfaring indenfor kul og grafit branchen.
Vi producerer både kulbørster og bearbejdeder grafitemner mm. samt producerer og renoverer flere dele til elektriske lokomotiver.

Vi forhandler en lang række produkter så som, alt i forbrugsvarer til Gnistbearbejdning, EDM elektrodematerialer, slid- og reservedele til gnistmaskiner, Permanente magneter, Industri- og Marine sikringer mm, kundespecifikke fleksible kabelforbindelser, kulholdere og slæbe-ringe, værktøj til renovering af elmotorer, kulfiber produkter, vi har et stort lager af alle disse produkter. 

Vi er specialister, når det kommer til produktion og viden om elektrokul, det vil sige motorkul eller kulbørster af alle typer og størrelser, som I har brug for til jeres Jævnstrøms motorer i jeres produktion, eller andre former for roterende eller glidende strøm og signal overførsler, samt flere andre grafitprodukter.
Vi er de eneste i Danmark, der producerer kulbørster og har de bedste råvarer på hylderne, fra alle de største kul og grafit producenter i verden, vi kan derfor tilbyde en helt unik service med levering af lige det produkt du har brug for, til at holde jeres produktion kørende, skruen på skibet i vandet, toget drift, elforsyningen i gang, så uanset hvilken type kul du er på udkig efter, kan vi levere den rigtige vare.

Vi har dag-til-dag levering på de fleste af vores produkter, både kulbørster fra egen produktion, og en hel række andre produkter fra vores store lager.

I kan derfor altid ringe ind, hvis I har akut brug for nye reservedele eller andre varer, så producerer vi så vidt muligt omgående, eller pakker dele fra lager og sender med det samme til jer.

Vi har et stort netværk af leverandører, så vi kan levere lige det produkt du har brug for, indenfor vores produktsortiment.","Appliances, Electrical, and Electronics Manufacturing",2-10 employees,Public Company,"Køge, Zealand, Denmark",Denmark,elektrokul.dk,https://www.linkedin.com/company/elektrokul-a-s
Vandemay Premium,,"Appliances, Electrical, and Electronics Manufacturing",Self-employed,Public Company,"Copenhagen, Capital Region, Denmark",Denmark,,https://www.linkedin.com/company/vandemay-premium
Sencon A/S,"Sencon is a fast growing electro-installation company specializing in electrical installations, electro service tasks and production of switchboards for the marine-, energy- and industry sector onshore and offshore. 

Sencon is a part of the Hareid Elektriske Group which counts eight companies in Europe, each with its special competence within the electrical and electromechanical sector.","Appliances, Electrical, and Electronics Manufacturing",201-500 employees,Privately Held,"Frederikshavn, North Jutland, Denmark",Denmark,sen-con.com,https://www.linkedin.com/company/sencon-a-s
COSENO,"Vi tilbyder

Programmering, installation og idriftsættelse af SRO og PLC-systemer til fjernvarmeværker og til dampkedelanlæg i industrien

Rådgivning med udgangspunkt i vores erfaringer fra mange forskellige løsninger på problemstillinger i komplekse energianlæg

Support når anlægget driller","Appliances, Electrical, and Electronics Manufacturing",2-10 employees,Public Company,"Vejle, South Denmark, Denmark",Denmark,coseno.dk,https://www.linkedin.com/company/cosenoengineers
Dansk Skalform Holding A/S,,"Appliances, Electrical, and Electronics Manufacturing",2-10 employees,,"Aars, North Jutland, Denmark",Denmark,skalform.dk,https://www.linkedin.com/company/dansk-skalform-holding-a-s
E-Consult International ApS,"Do you develop and design Electronics hardware and challenged with:
-Device Reliability?
-EMS/PCB Supplier quality?
-Space for the electronics?
 
Are you looking for Expert support to ElectroMechanics Hardware creation:
-PCB/Flex/IMS/Thickfilm technologies and layout reviews?
-SMT component package types?
-Miniaturisation or Modularisation?

Do you wish:
-Better field reliability?
-Design for Lowest TOTAL Cost?
-Optimised DfM, DfA, DfBA, DfR?
-Smaller, thinner and lighter products?
-Sparring to concepting of new devices?
-Support to planning of HW Technology Roadmaps?

THEN E-Consult International MAY BE A PERFECT MATCH FOR COOPERATION.
E-Consult International gives professional sparring with the goal to increase manufacturability, automation, yield, environmental robustness, reliability and Lowest Total Cost.

Typical Consultancy Services offered by E-Consult International:
-review and 2nd opinion of existing electronics/electromechanics Hardware technology selection/solutions and of PCB and EMS subcontractor selection
-Technology Process and Capability Assessment of PCB / Flex suppliers and EMSs
-to arrange and conduct workshops, technology/reliability training, sparring and device DfX optimization
-to participate as a sparring partner at hardware concept development meetings (ensures, among other things, that material / hardware technology choices are challenged and discussed)
-to be included as part of concept and development teams for shorter or longer periods to ensure proper focus on DFM, DFR, DFA, DFBA and thus achieving Lowest TOTAL Cost
-to assist with miniaturization and / or modularization of electronics
-to help with the development / updating of Hardware production technology roadmaps
-to give support to material / process / technology research
-to help identifying root cause for Hardware errors in electronics devices
-to help with introduction / optimization of coating and BGA-underfilling processes
-other services within my areas of competence","Appliances, Electrical, and Electronics Manufacturing",Self-employed,Privately Held,"Birkerød, Capital Region, Denmark",Denmark,cwngroup.dk,https://www.linkedin.com/company/e-consult
Gadget Group,"Design af elektroniske moduler, primært til styringsformål.
Konstruktion af elektroniske og mekaniske prototyper.
Design af lamper, lys og LED-styringer.

Teknisk konsulentbistand og sparring i forbindelse med udvikling af nye produkter, og ændringer af eksisterende produkter.

Gadget Group har løst en række varierede og særegne opgaver. Her er et lille udvalg:

Konstruktion af fiberoptiske lamper til et stort jubilæumsmodeshow.

Opbygning af forskellige og teknisk komplekse udstillinger med video, lyd og computerbaseret signalbehandling.

Udvikling og konstruktion af udstyr til større offentlige institutter og til brug i forbindelse med forskning på flere danske universiteter.

Samarbejde med forskellige kunstnere, hvis kunstværker i deres tilblivelse kræver særlig elektronik eller mekanik.

Konstruktion af et unikt lyssystem til indbygning i montre bygget af Rasmus Fenhann – www.fenhann.com – for det danske kongehus.

I årenes løb har Gadget Group fået stor indsigt i de mange udfordringer, som design og konstruktion af elektroniske og mekaniske løsninger giver.

Design og konstruktion af mikro- computer styringer (PLC systemer m.m) 

Gadget Group tilbyder desuden Printudlægning på CAD, Laserskæring, mindre fræse og dreje opgaver.

Gadget Group tilstræber i samarbejdet med dig, at finde den enkle, elegante og teknisk tidssvarende løsning.","Appliances, Electrical, and Electronics Manufacturing",Self-employed,Self Owned,"Copenhagen, Capital Region, Denmark",Denmark,gadgetgroup.dk,https://www.linkedin.com/company/gadget-group
Flexsense,,"Appliances, Electrical, and Electronics Manufacturing",2-10 employees,Partnership,"Esbjerg, South Denmark, Denmark",Denmark,flexsense.dk,https://www.linkedin.com/company/flexsense
TR Teknik,"TR Teknik er en autoriseret elinstallatør med base i Esbjerg.
Vi udfører kompetent el-arbejde til industri og erhverv. Kvalitet og effektivitet er hjørnestenene i vores forretning
Vores erfarne teknikkere har forskellige kompetencer, som sikrer vores kunder en høj faglighed, professionel forståelse for- og håndtering af opgaven, samt den bedst mulige service. 
Vi er specialister inden for både Siemens- og Schneider PLC programmering, fejlfinding og reparation samt energioptimering. 
Vi leverer hurtige og effektive løsninger, der minimerer produktionsstop, og forbedrer din virksomheds OEE.","Appliances, Electrical, and Electronics Manufacturing",2-10 employees,Privately Held,"Esbjerg, South Denmark, Denmark",Denmark,trteknik.dk,https://www.linkedin.com/company/tr-teknik
El-Service,"Vi er en installatør virksomhed, lokaliseret på Færøerne og arbejder med totalløsninger indenfor bl.a. el-installation, PLC, SCADA, Fire & Safety, CCTV. 
Vi tilbyder også service og support, både online og på stedet.","Appliances, Electrical, and Electronics Manufacturing",11-50 employees,Privately Held,"Aarhus, Middle Jutland, Denmark",Denmark,el-service.com,https://www.linkedin.com/company/el-service
Vagn O. Electric,"Vagn O. Electric er din lokale elektriker i Kolding. Vi servicerer både privatkunder og erhvervskunder med stort set alle opgaver inden for området. Igennem årene har vi opbygget en stor og fast kundekreds, men vi står altid klar med en hjælpende hånd til nye kunder.
Teamet er altid opdateret med seneste kurser og faguddannelser, vi vedligeholder teamets kompetencer og sørger for, at de altid er opdaterer med de nyeste regler. Man er derfor som både privat- og erhvervskunde altid sikret, at det pågældende stykke arbejde bliver udført korrekt efter alle kunstens regler.
Med Vagn O. Electric som din elektriker i Kolding, Vejen, Vamdrup m.m. er du altid i trygge hænder!
Vi er klar til at hjælpe dig på telefonnummer: 75 52 47 55, eller mail: mail@vagn-o.dk","Appliances, Electrical, and Electronics Manufacturing",11-50 employees,Public Company,"Kolding, South Denmark, Denmark",Denmark,vagn-o.dk,https://www.linkedin.com/company/vagn-o-electric
El Point ApS,El Point ApS - Aut. El-installatør,"Appliances, Electrical, and Electronics Manufacturing",11-50 employees,Partnership,"Roskilde, Zealand, Denmark",Denmark,elpoint.dk,https://www.linkedin.com/company/el-point-aps
Tidemann & Enevoldsen ApS,"Tidemann & Enevoldsen - en dynamisk og innovativ virksomhed, der beskæftiger sig med el-løsninger til erhverv og industri samt privatkunder.

- Service
Tidemann & Enevoldsen ønsker at være en del af vore kunders værditilvækst via det daglige samarbejde.

- Installation
Fremtidssikrede installationer med høj kvalitet er et af Tidemann & Enevoldsens kerneområder.

- Automatik
Vores dygtige medarbejdere har kompetencerne til at håndtere markedets mest anvendte styringssystemer - både bygnings- og industriautomatik.

- God Energi
Tidemann & Enevoldsen prioriterer bæredygtige løsninger i vort arbejde - og har konstant fokus på energioptimering og de enkelte arbejdsprocesser.","Appliances, Electrical, and Electronics Manufacturing",11-50 employees,Public Company,"Hedensted, Middle Jutland, Denmark",Denmark,te-el.dk,https://www.linkedin.com/company/tidemann-&-enevoldsen-aps
Broby-el ApS,"Broby El ApS er en gammel familieejet elinstallatørvirksomhed, som med sine mange års erfaring inden for faget, kan udføre mange opgaver inden for faget. I dag beskæftiger vi ca. 10 mand i marken. 

Vi har kompetencer indenfor bl.a. 
•	Belysning
•	Alarm- og overvågningsudstyr 
•	El-automatik
•	Privat- og erhvervsbyggeri
•	Servicering af privat- og erhvervskunder. 
Endvidere er energioptimering et stadigt voksende felt i virksomheden og derfor har vi i de senere år også arbejdet med solcelleanlæg, varmepumper, LED belysning m.m. 
Vi er kendt for at levere kompetente installationsopgaver til tiden og vi lægger stor vægt på at overholde aftalte betingelser samt leveringstider. Derudover er vi konkurrencedygtige på prisen. 

Når du bygger nyt... 
Når du skal bygge ny bolig vil vi være med under hele processen fra idé til ophængning af lamper. Du får derfor en samarbejdspartner som også rådgiver dig til at vælge netop den løsning der passer til dit behov. 

Foruden at være din foretrukne lokale elinstallatør driver vi også en webshop med et stort udvalg inden for kabelrør, belysning og Lauritz Knudsen produkter. 

Ring til os i dag og hør mere om hvad vi kan gøre for dig!","Appliances, Electrical, and Electronics Manufacturing",11-50 employees,Partnership,"Brobyværk, South Denmark, Denmark",Denmark,broby-el.dk,https://www.linkedin.com/company/broby-el-dk
Ollerup El ApS,"Ollerup El er dine Elinstallatør.

Vi udvikler, leverer og servicerer troværdige, fremtidssikrede og miljømæssigt ideelle kvalitets el- og energi-løsninger til private, erhvervsvirksomheder, boligforeninger og institutioner.

Valg af El-baserede energiløsninger spiller en stadig større rolle i vores hverdag og økonomi.

I Ollerup El ser vi det som vores fornemste opgave, gennem dialog, at vejlede vore kunder og opstille alternativer, så kunden kan vælge netop den løsning, der passer bedst til den enkeltes behov og økonomi på kort og langt sigt. 

Når valget er truffet vil vi levere og servicere de valgte løsninger hurtigt og til den bedste pris.

I en tid med hastig teknisk udvikling og til stadighed øgede miljømæssige krav og offentlige energiafgifter, vil Ollerup El udvikle og levere moderne, fremadrettet El-energi-vejledning, og levere topkvalitetsløsninger, produkter og -service.

Vi leverer fremtidssikrede kvalitets-løsninger i korrekt håndværksmæssig udførelse.","Appliances, Electrical, and Electronics Manufacturing",Self-employed,Self Employed,"Vester Skerninge, South Denmark, Denmark",Denmark,ollerupel.dk,https://www.linkedin.com/company/el-partner-sydfyn-aps
Scheibel El & Sikring,"Vi løser alle el-opgaver

Som aut. el-installatører kan vi løse alle dine el-opgaver.
Det kan være lige fra opsætning af belysning, ekstra stikkontakter og over til den komplette beregning og el-installation i et helt nybyggeri.
Alle medarbejdere bliver løbende efteruddannede, så de er på forkant med de nyeste regulativer og nyeste tekniske udvikling.
Du kan altid forvente en hurtig og effektiv service, både når det brænder på, og når større opgaver planmæssigt skal udføres.","Appliances, Electrical, and Electronics Manufacturing",11-50 employees,Public Company,"Næstved, Zealand, Denmark",Denmark,nyalarm.dk,https://www.linkedin.com/company/scheibel-el-sikring
Pinholt El-installationer ApS,"Pinholt El-installationer Aps er et familieejet el-installationsfirma i Lemvig, som drives af 3. generations autoriseret El-installatør Claus Pinholt. Vi arbejder med alle typer el-installationer og løser opgaver for en bred kundekreds i og omkring Lemvig, Struer, Holstebro og Thisted.

Kontakt os for at få et uforpligtende tilbud på din el-opgave  97 83 65 00 eller info@pinholt-elinstallationer.dk  – vi kører fra Lemvig til store dele af Vest og Midtjylland.","Appliances, Electrical, and Electronics Manufacturing",2-10 employees,Self Employed,"Lemvig, Middle Jutland, Denmark",Denmark,pinholt-elinstallationer.dk,https://www.linkedin.com/company/pinholt-el-installationer-aps
Kaydi ApS,"Far too many people start their day by reaching for their phones. From the moment we wake up, we are bombarded with notifications, social media, and news – a stressful start to the day that is anything but optimal for your energy levels throughout the day. We want to change that.

KAYDI One is an alarm clock that makes your phone redundant on your bedside table. Our wake-up light simulates a natural sunrise, so your body wakes up gradually – without shock, stress or blue screen light. At the same time, it acts as a nightlight, creating the perfect atmosphere for relaxation and better sleep.","Appliances, Electrical, and Electronics Manufacturing",2-10 employees,Public Company,"Copenhagen, Capital Region, Denmark",Denmark,kaydi.dk,https://www.linkedin.com/company/kaydi
Cyncrona A/S,,"Appliances, Electrical, and Electronics Manufacturing",11-50 employees,Public Company,"Horsens, Middle Jutland, Denmark",Denmark,,https://www.linkedin.com/company/cyncrona-as
Boysen El og Teknik,"Peter Boysen og Nicolai Christensen står som professionelle elektrikere bag Boysen El & Teknik.

Vi har igennem mange år oparbejdet stor erfaring inden for el entreprise og service. Vi er engagerede i det vi laver og noget af det vi prioriterer højest er, at være der for vores kunder og skræddersy løsninger så de passer til det individuelle behov. 

Vi løser en bred vifte af opgaver både inden for det private og for erhvervslivet. Vi vægter kvalitet og service højt, og du vil altid blive mødt med et smil og en professionel tilgang til arbejdet når du hyrer os. 

For private kunder kan vi løse enhver opgave, dog er vi specialister inden for nybyg og intelligente bygningsinstallationer, som integrerer hjemmets elinstallationer og sørger for, at de kan styres med en smartphone eller tablet. 

Inden for erhvervslivet indebærer vores kernekompetencer blandt andet ejendomsservice, større el-entrepriser og installering af brandtekniske installationer (ABA). 

Alle vores installationer kan bestå af mange forskellige løsninger. Derfor er det vigtigt, at den helt rigtige løsning skræddersyes til den enkelte. Vi gør meget ud af, at uddanne vores personale så de besidder de korrekte kompetencer. 

Vi står altid klar til at rådgive gennem hele processen, fra analyse af behov til udformning af system.","Appliances, Electrical, and Electronics Manufacturing",2-10 employees,Partnership,"Helsingør, Capital Region, Denmark",Denmark,boysen-el.dk,https://www.linkedin.com/company/boysen-el-og-teknik
Trentino Systems ApS,Develop interface controllers for Thermal Printers,"Appliances, Electrical, and Electronics Manufacturing",2-10 employees,Privately Held,Denmark,Denmark,trentino.dk,https://www.linkedin.com/company/trentino-systems-aps
Theisbo El,"Theisbo El leverer de bedste løsninger indenfor el-installationer til både private, erhverv og boligselskaber i Storkøbenhavn. 
Vores dygtige montører laver både større og mindre elinstallationer, reparationer samt om- og tilbygning af høj kvalitet.
Vi håndterer både standardløsninger eller skræddersyr en løsning til netop dit projekt.","Appliances, Electrical, and Electronics Manufacturing",2-10 employees,Privately Held,"Greve, Zealand, Denmark",Denmark,theisbo-el.dk,https://www.linkedin.com/company/theisbo-el
Hinke Energi A/S,"Totalleverandør af varmepumper , Luft til vand , Jordvarme , Ve godkendt , Aut. VVS og El installatør. Egne montører , håndtering af projekter fra start til slut.","Appliances, Electrical, and Electronics Manufacturing",11-50 employees,Privately Held,"Østbirk, Middle Jutland, Denmark",Denmark,hinke.dk,https://www.linkedin.com/company/hinke-energi-a-s
Genner El A/S,Genner El er en installations virksomhed som udfører el arbejde for erhverv og private i hele Sønderjylland,"Appliances, Electrical, and Electronics Manufacturing",11-50 employees,Public Company,"Genner, Region Of Southern Denmark, Denmark",Denmark,genner-el.dk,https://www.linkedin.com/company/genner-el-a-s
MicroTec - Test & Measurement,"Since 1992, MicroTec has provided scientists, engineers and other technical professionals in industry, research and education with the best in PC-based Test & Measurement instrumentation and data acquisition (DAQ) devices.

MicoTec has always been recognised for providing innovative, high quality and cost-effective alternatives to traditional test equipment and data acquisition products.
Key features of all MicroTec measurement instruments are: 

•Easy to install 
•Easy to use 
•Compact 
•Complete 
•Low cost","Appliances, Electrical, and Electronics Manufacturing",Self-employed,Self Owned,"Struer, Middle Jutland, Denmark",Denmark,microtec.dk,https://www.linkedin.com/company/microtec---denmark
EL-Nord ApS,"EL-Nord ApS startede i 2014, og har i dag 4 medarbejdere.

Vi beskæftiger os med mange aspekter inden for el-faget, og har derfor en bred viden, når det kommer til at hjælpe dig.

Vores forskellige baggrunde har gjort, at vi har en bred faglighed, og på nogle punkter et speciale.

EL-Nord ApS bestræber sig på, at være den foretrukne elektriker i Vadum og Brovst. Det gør vi ved at skabe resultater.

Hos os er du ikke bare en kunde, du er vores levebrød og derfor gør vi altid vores bedste.","Appliances, Electrical, and Electronics Manufacturing",2-10 employees,Self Employed,"Brovst, North Jutland, Denmark",Denmark,el-nord.dk,https://www.linkedin.com/company/el-nord-aps
Sintec Automation ApS,"Hos Sintec Automation ApS kan du være sikker på en professionel løsning på dit automationsbehov. 

Hvad end din virksomhed skal bruge afregningsgodkendt vejeudstyr, opgradering af eksisterende maskiner eller design af helt nye el tavler, så er Sintec Automation ApS altid klar til opgaven. Desuden tilbyder vi også datalogning i skyen. 

Vi hjælper dig med at logge lige netop de data, der er relevante for dig. 

Du vil kunne tilgå dine data via en innovativ hjemmeside, hvor du med et login, kan tilgå fra stort set alle platforme.","Appliances, Electrical, and Electronics Manufacturing",Self-employed,Self Employed,"Vamdrup, South Denmark, Denmark",Denmark,sintec.dk,https://www.linkedin.com/company/sintec-aps
IR Focus Aps,"IR Focus has developed personal heating as an infrared LED heating system that focuses the heating on people in the buildings, rather than the buildings alone. Furthermore, our personal heating saves energy on heating the buildings. We are all different and our needs and desires for heat differs. At the same time, technological developments have given rise to new expectations of individual control. With our Personal Heating, people will be able to control their individual heat themselves according to their wishes and needs.","Appliances, Electrical, and Electronics Manufacturing",2-10 employees,Privately Held,"Skødstrup, Middle Jutland, Denmark",Denmark,irfocus.dk,https://www.linkedin.com/company/ir-focus-aps
Holmriis - Ebeltoft el-installation A/S,"Holmriis El-installationer løser alle former for el-opgaver. Vi har specialuddannede elektrikere inden for f.eks. varmepumper, hvidevarer, ABA, ABDL og belysning og løser opgaver for både private, erhvervskunder og offentlige institutioner.

Vi sikrer god kvalitet på udført arbejde, uanset om vi skal montere en lampe eller rådgive, installere eller reparere ifm. større projekter som nybygning eller tilbygning.","Appliances, Electrical, and Electronics Manufacturing",11-50 employees,Self Employed,"Ebeltoft, Middle Jutland, Denmark",Denmark,holmriis.dk,https://www.linkedin.com/company/holmriis-ebeltoft-el-installation-a-s
ZenseHome A/S,"Udviklingen af ZenseHome blev startet i Aalborg i starten af 00’erne af tre innovative elinstallatører, som manglede en løsning til deres kunders udfordringer. Efter færdiggørelse af de første prototyper blev der i 2006 etableret et samarbejde med Teknologisk Instituts innovationsselskab Teknologisk Innovation og ZenseHome ApS blev stiftet.

I 2008 blev bestyrelse og kapitalgrundlag yderligere styrket med erfarne og kapitalstærke private investorer. Efter et omfattende testarbejde samt de nødvendige patentundersøgelser gik ZenseHome i begyndelsen af 2009 på markedet i Danmark. Fra 2009 og frem til i dag er ZenseHome installeret i mere end 2500 hjem i Danmark.

ZenseHome er i dag med i en meget erfaren gruppe af selskaber, ejet af Toft Holding Esbjerg ApS, med speciale i software og hardware, der er samlet under samme tag for at skabe et så kollaborativt og produktivt miljø som muligt.

Vi ser ikke ZenseHome som et typisk smarthome system, men mere som en intelligent traditionel elinstallation, som kan give dig besparelser på installation og drift, samt give dig et nemt overblik over dit elforbrug. Samtidig vil vi udnytte systemets styrker og tilføje dit hjem nye funktioner som kan hjælpe dig i hverdagen.

Carsten Toft, ejer og direktør
Fuld ZenseHome installation siden 2011","Appliances, Electrical, and Electronics Manufacturing",2-10 employees,Public Company,"Esbjerg, South Denmark, Denmark",Denmark,zensehome.dk,https://www.linkedin.com/company/zensehome-as
El-connection ApS,"EL-Connection blev stiftet i 1997 med det ene formål at lave en arbejdsplads, hvor kvalitet i arbejdet og kundetilfredsheden er i centrum.
Firmaet blev stiftet af Autoriseret El-installatør Søren W. Rasmussen.
Vi Beskæftiger ca 21 ansatte inden for vores områder.
EL-Connection har hovedsæde i Greve og kontor i Norge og Brasilien

Hos EL-Connection udføres sparring, projektering og rådgivning indenfor vores fagområde.

EL-Connection har igennem tiden opbygget ekspertise inden for:

	Kontor
	Bolig
	Butik
	Lager
	Industri
	Togstationer og banearbejde
	Telecom
	Kabel Tv
	Antenneanlæg
	Fiberinstallationer","Appliances, Electrical, and Electronics Manufacturing",11-50 employees,Privately Held,"Greve Strand, Zealand, Denmark",Denmark,el-connection.com,https://www.linkedin.com/company/el-connection-aps
RE-SOLUTION ApS,Measuring instrument and tools for the tyre retreading industry. By means of advanced computer and sensor technology it is possible to measure the exact distance in 1/10 of mm between tyre surface and the steel belt. This information is used to control buffing profile and to control and fine tune the layer og extruded cushion gum.,"Appliances, Electrical, and Electronics Manufacturing",2-10 employees,Privately Held,"Hinnerup, Middle Jutland, Denmark",Denmark,re-solution.info,https://www.linkedin.com/company/re-solution-aps
Candela ApS,"B2B sales of lighting solutions, mainly to electricians, restaurants or manufactures of kitchens.
Sales to private via webshop (http://candela-led.dk)

The product range includes flexible lighting strips, downlights for custom installations & decorative bulbs.
All products can be managed from our iOS/Android app - providing the opportunity to dim or change light colour remotely.","Appliances, Electrical, and Electronics Manufacturing",2-10 employees,Public Company,"Horsens, Middle Jutland, Denmark",Denmark,candela-led.dk,https://www.linkedin.com/company/candela-aps
Thy Teknik & klima ApS,"Thy Teknik & Klima ApS beskæftiger udelukkendesig med Aircondition, Varmepumper, jordvarmeanlæg, køleanlæg samt El-teknik.  Vi eksperter på disse områder og vil altid kunne råde Jer til den bedste løsning.
Vi sælger og servicerer dine aircondition eller varmepumpeanlæg i Thy.
Vi sælger udelukkende Panasonic og Bosch produkter som er alle energi A-mærket, hvilket er en garanti for høj kvalitet, samt at evt. reservedele kan leveres i lang tid fremover. På alle produkterne er der 3-5 års garanti.  Altså en ekstra sikkerhed.","Appliances, Electrical, and Electronics Manufacturing",2-10 employees,Public Company,"Hurup Thy, North Jutland, Denmark",Denmark,thytk.dk,https://www.linkedin.com/company/thy-teknik-klima
LIAB ApS,LIAB combines the development of microprocessors with the Linux OS to achieve an efficient and stable platform for management purposes.,"Appliances, Electrical, and Electronics Manufacturing",,,"Støvring, Denmark",Denmark,liab.dk,https://www.linkedin.com/company/liab-aps
Lynnerup ECAD,"Lynnerup ECAD is your PCB design subcontractor for all kinds of electronics designs. Founded in 1996, we have the tools and experience to fullfill our costumers expectations of the optimal PCB layout of any kind of electronic systems. Lynnerup ECAD also develops the necessary software to optimize the connection between the layoutsoftware and our costumers schematics to make the most secure and fastest transition to the physical layout.","Appliances, Electrical, and Electronics Manufacturing",2-10 employees,Privately Held,Denmark,Denmark,lynnerup-ecad.dk,https://www.linkedin.com/company/lynnerup-ecad
Multiprint A/S,"Supply PCB ́s and Membrane Switches with Quality  
Assurance and high Delivery Performance 

Founded in 1991 by Finn Elmquist and Jan Kronholm 
Thomsen – has always been 100 % privately held

Has followed a technology in constant development

We have visited, audited and approved all our Suppliers ourselves. This is why we know the most qualified Supplier, regardless if you need a prototype, a pilot-run or looking for Mass-production.

Our Suppliers produce in accordance with REACH, RoHS, Conflict Minerals, Code of Conduct and ISO14000","Appliances, Electrical, and Electronics Manufacturing",2-10 employees,Privately Held,"Birkerød, Capital Region, Denmark",Denmark,multiprint.dk,https://www.linkedin.com/company/multiprint-a-s
AVIT ApS,"AVIT ApS leverer professionelle AV-løsninger til detail, restauranter og erhverv i hele Danmark.

Vi hjælper virksomheder med at skabe stærkere kundeoplevelser gennem lyd, skærme og digital skiltning – fra rådgivning og projektering til installation og service.

Vi ved, at AV ikke bare handler om udstyr. Det handler om stemning, synlighed og driftssikkerhed.

 Vores løsninger:
Digital skiltning og infoskærme
Pro audio og lydsystemer
Skærmløsninger til butik og hospitality
Musik- og streamingløsninger
AV-installation og integration
Service og vedligehold

Vi arbejder tæt sammen med vores kunder for at sikre en løsning, der passer til både behov, budget og hverdag.

Uanset om det gælder en enkelt butik, en restaurant eller en landsdækkende kæde, leverer vi løsninger, der fungerer – også efter installationen er afsluttet.

 Landsdækkende installation
 Rådgivning og projektering
 Driftssikre løsninger

AVIT – AV-løsninger der kan ses, høres og mærkes.","Appliances, Electrical, and Electronics Manufacturing",2-10 employees,Public Company,"Sønderborg, South Denmark, Denmark",Denmark,avit.dk,https://www.linkedin.com/company/avitdk
Scandinavian Opti Light,"Vi er en alsidig virksomhed, hos os er intet projekt for stort og ingen opgave for lille. 
Gennem dybdegående viden, forståelse og erfaring indenfor vores respektive arbejdsområder, er vi i stand til at forholde os til kompleksiteten og omfanget af store som små projekter.
Vi lever for udfordringer og problemer som, efter sigende, ikke er mulige at løse. Det at vi kan hjælpe en kunde med at komme videre og fortsætte i fuld fart, er netop det som giver os energien til at gøre et endnu bedre arbejde.","Appliances, Electrical, and Electronics Manufacturing",11-50 employees,Self Employed,"Sønderborg, South Denmark, Denmark",Denmark,s-o-l.dk,https://www.linkedin.com/company/scandinavian-opti-light
Molhøj El ApS,"Molhøj EL blev etableret i 2006 og KlimaVenti i 2017 af Peter Fisker.
Vi beskæftiger os med alle former for el og ventilationsopgaver  til private, erhverv,- og industrivirksomheder. Vi håndtere alle opgaver indenfor nybyg, renoveringsopgaver, samt større komplekse industri,- eller erhvervs-installationer

Vi støtter sporten i et bred omfang, en hvis procentdel af vores indtjening går til sportens verden hvert år. Et samarbejde med os er ensbetydende med, at man er med til at støtte vores unge mennesker i vores lokale klubliv.

Vi er sponsor til følgende klubber : 
Hadsund BoldKlub - Hadsund Hallerne - Hadsund Tennis klubben - Hadsund Badminton Klubben - Hadsund Ro-Klubben, Hadsund Motionscykelklub HMC - HIK Superligaen, Hobro - Astrup fodbold piger og Mariagerfjord Golfklub.
 
Med venlig hilsen 
Peter Fisker, Aut. Elinstallatør","Appliances, Electrical, and Electronics Manufacturing",2-10 employees,Self Employed,"Hadsund, North Jutland, Denmark",Denmark,klimaventi.dk,https://www.linkedin.com/company/molh-j-el-aps
IQ Automation,"Eksperter i automation og industriel el-installationer.
Rådgivning – PLC programmering – HMI & SCADA løsninger.

IQ Automation leverer automatiserings løsninger til industrien. Kvalitets løsninger, som er afstemt med de kundespecifikke behov.

Alle vores løsninger er driftssikre, innovative og arbejder for et bedre resultat på bundlinjen.

kontakt@iqautomation.dk","Appliances, Electrical, and Electronics Manufacturing",2-10 employees,Self Owned,"Hjørring, North Jutland, Denmark",Denmark,iqautomation.dk,https://www.linkedin.com/company/iqautomation
Dansk Maskin Vision,"Vi leverer komplette visionløsninger til robotguidens og kvalitetskontrol. Ligeledes er vi underleverandør til maskinbyggere og robotleverandører. Vi har mange års erfaringer med at dimensionere, programmere og integrere vision systemer.","Appliances, Electrical, and Electronics Manufacturing",2-10 employees,Self Employed,"Skive, Middle Jutland, Denmark",Denmark,dmvision.dk,https://www.linkedin.com/company/danskmaskinvision
AVM-TEC,"AVM-TEC operates in the High-end Audio industry with DIY, OEM and the brand Alluxity.

AVM-TEC was founded in 2010 by Alexander Vitus Mogensen (18 at the time), and started out as a subcontractor for his fathers business (AVA-Group / Vitus Audio), focusing only on SMT production.

In January 2013 AVM-TEC launched the brand Alluxity; a High-end Audio brand consisting of a Power- and a Pre-amplifier named Power One and Pre One.
The Alluxity products is made by a milled one piece chassis and has a 5"" touchdisplay, they can be connected to internet by wire and controlled with an iPad application.","Appliances, Electrical, and Electronics Manufacturing",Self-employed,Self Owned,"Herning, Middle Jutland, Denmark",Denmark,,https://www.linkedin.com/company/avm-tec
Agesen EL-Teknik,"Agesen-El teknik blev grundlagt i 1972 af el-installatør Keld Agesen

I juni 2005 overtages firmaet af dets nuværende ejere Henrik Brander og Nanna Sloth Agesen.

Firmaet har gennem årene opbygget et troværdig og pålideligt samarbejde med mange faste kunder. Samarbejdet har sin styrke gennem gensidigt tillid og kendskab til hinanden med et fælles mål – tilfredse kunder.

Agesen-El teknik projektere og udfører alle former for El-installationer, Automation, Data & IT, Alarm, Video/ADK samt Klima.

Vores dygtige montører udføre disse i høj kvalitet – med stor fleksibilitet, til konkurrencedygtige priser. Vi har fokus på medarbejdernes løbend e uddannelse, så de altid er på forkant med udviklingen.","Appliances, Electrical, and Electronics Manufacturing",2-10 employees,Public Company,"Brovst, North Jutland, Denmark",Denmark,agesen.dk,https://www.linkedin.com/company/agesen-el-teknik
Emergencylight.dk,"Vi tilbyder rådgivning indenfor UV-C ventilation, sikkerhedsbelysning, LED-belysning og nødstrømsanlæg til både inden- og udendørs brug, til f.eks. kontor, kantine, lagerhal, svømmehal, parkeringsplads og meget andet.
Vi indkøber hos nogle af Europas førende producenter af UV-C ventilation, sikkerhedsbelysning, LED-belysning og nødstrømsanlæg  – hvilket betyder at vi kan levere produkter af meget høj kvalitet, til konkurrencedygtige priser.","Appliances, Electrical, and Electronics Manufacturing",2-10 employees,Self Employed,"Grenaa, Middle Jutland, Denmark",Denmark,emergencylight.dk,https://www.linkedin.com/company/emergencylight-dk
Designerstik ApS,"Designerstik ApS står bag FORM der er en nydesignet 250V stikprop med fokus på både design og funktionalitet
Stikproppen, FORM har den fladest mulige profil efter de gældende standarder og er derfor det fladeste stik på det danske marked. FORM fylder blot 11mm ved brug i et undersænket udtag. Samtidigt er der kælet for detaljen i designet. Blandt andet er stikproppen designet uden synlige skruer, hvilket giver en fuldendt afslutning på ledningen.

Den flade udformning gør FORM praktisk anvendelig bag møbler såsom sofaer, senge eller kommoder. Derved løser FORM et klassisk funktionelt problem i den designbevidste forbrugers boligindretning.
 
FORM eftermonteres af forbrugeren og kan monteres på alle elektronikapparater i hjemmet.","Appliances, Electrical, and Electronics Manufacturing",2-10 employees,Privately Held,"Copenhagen, Capital Region, Denmark",Denmark,designerstik.dk,https://www.linkedin.com/company/designerstik-aps
HandyHeat,Management,"Appliances, Electrical, and Electronics Manufacturing",2-10 employees,Privately Held,Denmark,Denmark,handyheat.net,https://www.linkedin.com/company/handyheat
Unipro ApS,"Laptimers and timing equipment for motorsport, primary gokarts.","Appliances, Electrical, and Electronics Manufacturing",2-10 employees,Privately Held,Denmark,Denmark,uniprolaptimer.com,https://www.linkedin.com/company/unipro-aps
Caeli Technologies,"At Caeli Technologies we are finding new ways of working with biotech, chemicals, and healthcare. Our technology analyzes off-gases from breath or chemical processes, in real-time, giving vital insights for industry and medicine.
For industries, we offer detailed off-gas analysis during processes like fermentation and extraction, boosting quality and efficiency. But our technology can also help patients with respiratory conditions monitor their health quickly and non-invasively.
With our small team of experts in Engineering, Data Science, and User Experience, we're dedicated to providing reliable, affordable, and user-friendly solutions for industry and healthcare. Soon you can dive into our new website to learn more about our technology, partners, and how we're working!","Appliances, Electrical, and Electronics Manufacturing",2-10 employees,Privately Held,"Nykøbing F, Zealand, Denmark",Denmark,,https://www.linkedin.com/company/caeli-tech
Eagle Lite,"Eagle Lite is a professional lighting brand dedicated to developing high-performance fixtures for the event, rental, broadcast and installation markets.

We design and deliver lighting solutions built for real-world use — combining robust construction, intelligent control and consistent output across our product ranges. Our portfolio includes IP-rated touring fixtures, battery-powered wireless solutions and compact Fresnel systems engineered for demanding professional environments.

At Eagle Lite, product development is driven by dialogue with industry professionals. Feedback from rental companies, lighting designers and technicians plays a central role in refining our fixtures — from initial concept to final production.

Our focus is clear:
- Practical functionality
- Reliable performance
- Efficient workflows
- Professional-grade build quality

With a growing international presence and strong partnerships across Scandinavia and Europe, Eagle Lite continues to expand its portfolio with fixtures designed to perform — on stage, on tour and in fixed installations.

Built for professionals.
Powered by precision.","Appliances, Electrical, and Electronics Manufacturing",2-10 employees,Self Owned,"Holbæk, Zealand, Denmark",Denmark,eaglelite.eu,https://www.linkedin.com/company/eaglelite
Cynergy Europe,"Cynergy Europe APS have a unique advantage within the SMT service business. Now that total cost of ownership and decisions on binding precious capital to renewing equipment is more a factor now than ever, our resources and capabilities have never been more relevant than now.

Cynergy Europe provide service and spares to the SMT industry in a way which has previously only been seen in other sectors of industry. Through a network of carefully chosen partners across Europe and our ties to suppliers in Asia and the US, we are able to offer a very solid alternative to the often costly and limited resources of the OEM representative.

We always have time to discuss the individual customers specific requirements without any obligation to use our services, so do not hesitate to contact us.","Appliances, Electrical, and Electronics Manufacturing",11-50 employees,Privately Held,"Hørning, Middle Jutland, Denmark",Denmark,cynergy.dk,https://www.linkedin.com/company/cynergy-europe
Lightconstructor ApS,Design og produktion af Urban belysning. Virksomheden er dannet i 2001 og bruger udelukkende danske underleverandører.,"Appliances, Electrical, and Electronics Manufacturing",2-10 employees,Self Employed,"Copenhagen, Capital Region, Denmark",Denmark,lightconstructor.dk,https://www.linkedin.com/company/light-constructor-cph
HP Electronik A/S,"HP Electronik A/S has great experience in developing and producing control systems especially for minor companies who use these control systems as components in their daily production. At HP Electronik A/S you will not find mass-produced standard components, but individual solutions that fulfil your company’s requirements.
 
HP Electronik A/S supplies electronic solutions for washing technology, electronics for train and bus production as well as motor racing electronics.
 
Please visit our motor racing website www.hartmann-racing.dk to get information about our other activities.","Appliances, Electrical, and Electronics Manufacturing",2-10 employees,Privately Held,"Vejle, Denmark",Denmark,hpelec.dk,https://www.linkedin.com/company/hp-electronik-a-s
ENELCO ApS,"ENELCO er Lolland-Falsters førende installationsvirksomhed

Vi løser store som små opgaver for både private kunder og for såvel private og offentlige erhvervskunder.

ENELCO hjælper private med alle former for elektriske installationer lige fra ophængning af en lampe over spisebordet til nye installationer i dit nye hus eller ombygning.

Vi arbejder hver dag med mange typer af opgaver i private hjem, og har stor erfaring med at finde de bedste løsninger for vores kunder med vægt på kvalitet og service.","Appliances, Electrical, and Electronics Manufacturing",11-50 employees,Public Company,"Nykøbing F, Zealand, Denmark",Denmark,enelco.dk,https://www.linkedin.com/company/enelco-aps
Munkholm El-Teknik,"Munkholm El-teknik dækker el-arbejde og el-service på hele Sjælland. Vi håndterer selv de mest avancerede installationer, reparationer og renoveringer for erhverv og privat. Henvend dig allerede i dag og få et tilbud.","Appliances, Electrical, and Electronics Manufacturing",11-50 employees,Self Owned,"Holbæk, Zealand, Denmark",Denmark,munkholm-elteknik.dk,https://www.linkedin.com/company/munkholm-el-teknik
Hjelmslund Electronics,"Our productline is USB to RS232, RS422 and RS485 converters, and USB to USB isolators.
Beside the standard products, we also do custom versions.

Next to the converter line, we also do custom projects, mostly on ARM7 or Cotex platform.

Stay tuned - hopefully there'll come some more updates soon.","Appliances, Electrical, and Electronics Manufacturing",2-10 employees,Privately Held,"Copenhagen, Capital Region, Denmark",Denmark,hjelmslund.dk,https://www.linkedin.com/company/hjelmslund-electronics
ECOMAL Denmark A/S,,"Appliances, Electrical, and Electronics Manufacturing",11-50 employees,,"Værløse, Capital Region, Denmark",Denmark,ecomal.com,https://www.linkedin.com/company/ecomal-denmark-a-s
EasyPlug A/S,EasyPlug er et netværksstik der er væsentligt nemmere at montere end et normal netværksstik.,"Appliances, Electrical, and Electronics Manufacturing",2-10 employees,Privately Held,"Tønder, South Denmark, Denmark",Denmark,easyplug.dk,https://www.linkedin.com/company/easyplugdk
RepComp,"RepComp is a dedicated distributor of power supplies that offers a wide variety of products to the Danish market.  By colaborating with a number of serious companies in the industry, RepComp can offer a solution to almost any type of application, and the product offering includes the options of both modified standard and custom designs.","Appliances, Electrical, and Electronics Manufacturing",Self-employed,Self Employed,Denmark,Denmark,repcomp.dk,https://www.linkedin.com/company/repcomp
Consel ApS,"Firmaet beskæftiger sig udelukkende med projektering af elinstallationer, hvor der udarbejdes komplette elprojekter til udbud i hovedentreprise eller fagentreprise, men laver også funktionsudbud, optegner for elinstallatører, eller yder blot bistand vedrørende elprojekter, alt efter kundeønske. I dag råder Consel over tre ingeniører, som til sammen har næsten 30 års erfaring i projektering af elinstallationer.","Appliances, Electrical, and Electronics Manufacturing",2-10 employees,Privately Held,"Fredericia, South Denmark, Denmark",Denmark,consel.dk,https://www.linkedin.com/company/consel-aps
Dan-El A/S,"DAN-EL er en del af BLUE INSTALL, som omfatter flere end 160 autoriserede elinstallatører i hele landet. Vi arbejder alle sammen med konkrete løsninger til energibesparende installationer. Og vi har baglandet i orden. Samarbejdet med Solar sikrer produktudvikling, optimale løsninger og høj leveringssikkerhed.

Vi er medlem af TEKNIQ, som er den fjerdestørste erhvervs- og arbejdsgiver-organisation i Danmark.  

Vi er medlem af Energivejlederne, og har eget personale som yder rådgivning omkring energibesparende foranstaltninger. 

Vi kan hjælpe jer, som virksomhed, med rådgivning og konkrete løsninger til at styrke produktiviteten, trivslen og sikkerheden ved at tænke på tværs af installationstyperne og kombinere belysning, klimaanlæg, energi, sikring og kommunikation i én intelligent installation med mulighed for styring og automation.

Vi kan hjælpe dig, som privatperson, med rådgivning og konkrete løsninger til at virkeliggøre boligdrømmen ved at kombinere belysning, klimaanlæg, ventilation, sikring og kommunikation i én intelligent bygningsinstallation.","Appliances, Electrical, and Electronics Manufacturing",2-10 employees,Public Company,"Esbjerg, South Denmark, Denmark",Denmark,dan-el.dk,https://www.linkedin.com/company/dan-el-a-s
Daugaard Elektronik ApS.,"At Daugaard Elektronik ApS, we take pride in delivering high-quality electronic development and assembly solutions for both Danish and international markets. Since 1983, we have specialized in Electronics Manufacturing Services (EMS), including SMD and through-hole assembly, port control systems, and license plate recognition technology. Our expertise also extends to TMA panel carts for road safety, along with comprehensive service and maintenance to ensure long-term reliability. Committed to precision and innovation, we have earned a top industry rating with ASSA ABLOY, reflecting our dedication to quality.
As we continue to expand, we are actively working to establish a strong presence in the HVAC industry. With Hammer Electronic now under our name, we are combining our expertise in electronic control systems with innovative HVAC solutions to bring smarter, more efficient technologies to the market. This strategic growth reflects our commitment to diversification, innovation, and delivering high-quality solutions across multiple industries. Based in Ringe, Denmark, we are constantly pushing the boundaries of electronic manufacturing and access control, while paving the way for a stronger footprint in the HVAC sector.","Appliances, Electrical, and Electronics Manufacturing",2-10 employees,Privately Held,"Ringe, South Denmark, Denmark",Denmark,daugaard-elektronik.dk,https://www.linkedin.com/company/daugaard-elektronik-aps
Compliant Electronics,"We exist to bridge the gap between regulatory requirements and real-world engineering, helping clients find creative solutions that are both compliant and competitive.

By combining technical excellence with a practical, standards-driven approach, we help our clients develop electronics and machinery and bring safer, robust solutions to the market.

We provide comprehensive engineering and consultancy services for the development of electronics and safety systems in machinery and robotics. Our expertise spans the full development lifecycle of machinery development: From concept and design, to compliance and functional safety management.

Our services include risk assessment, functional safety analysis and safety system design, electronic system design for machinery, embedded software development, and general consultancy for machinery and robotics development. We specialize in electronics for functional safety applications in accordance with ISO 13849, IEC 62061, and IEC 61508, as well as functional safety management throughout the project.","Appliances, Electrical, and Electronics Manufacturing",Self-employed,Privately Held,"Vejle, South Denmark, Denmark",Denmark,compliant-electronics.dk,https://www.linkedin.com/company/compliant-electronics
Dupont & Co. Automation A/S,"Automation
- PLC Programmering
- SCADA Applikationer
- El-Engineering
- Idriftsætning","Appliances, Electrical, and Electronics Manufacturing",2-10 employees,Public Company,"Randers, Middle Jutland, Denmark",Denmark,dupontco.dk,https://www.linkedin.com/company/dupont-co-automation-a-s
El-Partner,"El-Partner blev stiftet d. 12. januar 2008 i København og er en professionel virksomhed, som varetager langt de fleste opgaver inden for elektrikerfaget. 

Vi bestræber os altid på at levere et stykke arbejde af høj kvalitet til konkurrencedygtige priser. 
Samtidig sørger vi naturligvis for at overholde aftalte betingelser og leveringstider. 

For at sikre vores fremtidige eksistens indenfor faget er løbende opdateringer via kurser en vigtig grundsten i El-Partner. Herved kan vi imødekomme vores kunders ønsker til den nyeste udvikling indenfor branchen. 

Hos El-Partner er det vores ansvar altid at indfri vores kunders forventninger i henhold til den indgåede aftale. 
Send os en mail under “Kontakt os” eller ring for spørgsmål eller et uforpligtende tilbud","Appliances, Electrical, and Electronics Manufacturing",2-10 employees,Public Company,"Bronshoj-Husum, Capital Region, Denmark",Denmark,el-partner.dk,https://www.linkedin.com/company/el-partner
Electronic Connect,,"Appliances, Electrical, and Electronics Manufacturing",Self-employed,Self Employed,"Solbjerg, Middle Jutland, Denmark",Denmark,electronic-connect.com,https://www.linkedin.com/company/electronic-connect
FLYES EL-SERVICE A/S,FLYES EL-SERVICE A/S løser alle el-opgaver  store som små,"Appliances, Electrical, and Electronics Manufacturing",2-10 employees,Public Company,"Helsingør, Capital Region, Denmark",Denmark,flyes-el.dk,https://www.linkedin.com/company/flyes-el-service-a-s
TransElectro Aps,"With more than 30 years of experience, TransElectro is a safe choice when it comes to converting AC voltages.

We are involved from the outset in advising and developing customer-specific solutions. With our own production in Poland and regular partners in the East, we ensure consistent, high quality at competitive prices.

The key words for the company's concept are that we want to be the firm, preferred partner with a complete product range and short, flexible delivery times.","Appliances, Electrical, and Electronics Manufacturing",201-500 employees,Public Company,"Hadsund, North Jutland, Denmark",Denmark,transelectro.com,https://www.linkedin.com/company/transelectro-aps
Broby El ApS,"Broby El kan udføre langt de fleste elinstallations- og reparationsopgaver. Vores kunder tæller både entreprenører, bygherrer, erhvervsvirksomheder og private.

Vi har kompetencer indenfor privat- og erhvervsbyggeri (både som hovedleverandør og underleverandør), belysning, alarm- og overvågningsudstyr, el-automatik, hvidevarer samt servicering af privat- og erhvervskunder. Endvidere har vi stort fokus på energioptimering, herunder solcelleanlæg, varmepumper, LED-belysning m.m.

Når du er kunde hos Broby El – hvad enten det er enterprise, erhverv eller privat – er det vores fornemste opgave at give dig en positiv oplevelse med el-opgaven. Det betyder bl.a., at:
Du får el-arbejde af høj faglig kvalitet.
Du får udført arbejdet til tiden.
Du får konkurrencedygtige priser.
De aftalte betingelser bliver overholdt.
Du får professionel rådgivning.
Arbejdet er omfattet af Tekniqs Garantiordning.","Appliances, Electrical, and Electronics Manufacturing",11-50 employees,Privately Held,"Brobyværk, South Denmark, Denmark",Denmark,,https://www.linkedin.com/company/brobyel
W. Johansen Havdrup A/S,"Velkommen til W. Johansen, Havdrup A/S
 
Sikre elinstallationer i mere end 90 år
 
Vi kommer og hjælper døgnet rundt.
 
 
 
Nybygning - tilbygning - ombygning
Reparation og vedligeholdelse
Solceller - energibesparelser 
EDB-installationer til fibernet
Installation og service af vandværker, foderstoffer,
renseanlæg, svømmehaller, møbelfabrikker m.m.

W. Johansen, Havdrup A/ har fulgt den traditionelle udvikling i branchen, hvor man i gamle dage spredte sig over hele spektret med detailbutik, hvidevarer og alle former for elinstallationer - til i dag, hvor elbranchens arbejdsområder er blevet så omfattende at specialisering er nødvendig.
 
Nu og her koncentrerer vi os om at passe vores store gruppe af faste kunder med 
 
lys
kraft
EDB-installationer 
 
og udbygge vores ekspertise på automatiserings- og industriområdet.
I 2012 har vi taget fat på et nyt, spændende arbejdsområde - nemlig solceller, både til privat og erhverv. 
Vi indsamler og sorterer alt affald og sørger for at det bliver miljørigtigt genbrugt eller bortskaffet.
 
I november 2000 udlejede vi en del af vores ejendom til Technical A/S som laver software og styretavler til industrikunder. Vi samarbejder med Technical A/S om totalløsninger.","Appliances, Electrical, and Electronics Manufacturing",2-10 employees,Public Company,"Havdrup, Zealand, Denmark",Denmark,wjohansen.dk,https://www.linkedin.com/company/w-johansen-havdrup-a-s
GetLight,"GetLight forhandler i hele Norden produkterne fra HydraCell og deres patenterede teknologi.
HydraCell er et innovativt og miljøvenligt alternativ til traditionelle batterier.","Appliances, Electrical, and Electronics Manufacturing",2-10 employees,Privately Held,"Næstved, Zealand, Denmark",Denmark,getlight.dk,https://www.linkedin.com/company/getlight
Common-mode ApS,Common-mode is a Power Electronics Engineering business. We provide development services and consultancy for the electronics industry.,"Appliances, Electrical, and Electronics Manufacturing",2-10 employees,Privately Held,"Støvring, North Jutland, Denmark",Denmark,common-mode.dk,https://www.linkedin.com/company/common-mode
iewoo,"iewoo har fulgt LED teknologiens udvikling siden den spæde start i 2009, og har derfor proffesionelle kompetencer at byde ind med, for en succesfuld implementeret LED-løsning.



Projektering af LED-belysning er et håndværk, hvor der skal tages hensyn til mange faktorer som eksisterende installation, lysbehov og miljø, økonomi, besparelsespotentiale, økonomi, tilskud m.v.



iewoo er en sikker forretningspartner.Vores viden og produkter indgår, som en del af en skræddersyet løsning, hvor det er en balance mellem lysbehov og energieffektivitet, der bringer de mest optimale energibesparelser og samtidig giver et godt lysmiljø, som selvfølgelig bibringer til trivsel, effektivitet og kvalitet.","Appliances, Electrical, and Electronics Manufacturing",2-10 employees,Self Employed,"Aarhus, Middle Jutland, Denmark",Denmark,iewoo.com,https://www.linkedin.com/company/iewoo
Nordic AoWei Technology Development A/S,"Aowei R&D Centre Aalborg is a subsidiary of Shanghai Aowei Technology Development Co., Ltd, which develops and produces ultracapacitors.
Our ultracapacitors are used as a primary energy source in a wide range of vehicles, such as public city buses, trams, ferries, and more. Aowei Aalborg will develop solutions to adapt the Aowei ultracapacitor technology to the Scandinavian market.","Appliances, Electrical, and Electronics Manufacturing",2-10 employees,Public Company,"Aalborg, North Jutland, Denmark",Denmark,aowei.com,https://www.linkedin.com/company/aoweiataalborg
AJ EL & Teknik ApS,"Vi leverer alle former for el-installationer og tilhørende produkter og service, både traditionelle og nye intelligente løsninger. Med vores store erfaring kan vores elektrikere fejlfinde og servicere, og vi er opdateret på ny teknologi. Vi går gerne nye veje, men altid baseret på kvalitet og lovkrav. Du får klar besked om opgavens omfang, holdbare priser, og en løsning der holder aftalerne.","Appliances, Electrical, and Electronics Manufacturing",2-10 employees,Public Company,"Kerteminde, South Denmark, Denmark",Denmark,ajelteknik.dk,https://www.linkedin.com/company/aj-el-teknik-aps
Vestjydsk Elektro ApS,"Vi er et elektroværksted i Holstebro, som servicerer, sælger, reparerer, energioptimerer, laver løbende vedligehold på motorer, gear, pumper, blæsere,","Appliances, Electrical, and Electronics Manufacturing",2-10 employees,Public Company,"Holstebro, Middle Jutland, Denmark",Denmark,me.dk,https://www.linkedin.com/company/vestjydsk-elektro
ED Service-Center,"ED Service-Center er en elektronikvirksomhed, der med egen udvikling, produktion og service især betjener universiteter, forskning og undervisningsinstitutioner, industri og landbrug, specielt inden for områderne meteorologi, oceanografi, miljø, energi og industriel procesteknik.
Derudover har ED Service-Center også en butik med direkte salg af elektronikløsdele, komponenter, stik, kabel og ledning, strømforsyninger, måleudstyr og værktøj.
ED Service-Center sælger også til private kunder. Vi modtager betaling via gængse betalingskort, MobilePay og kontant.

Officiel distributør i Danmark for Aanderaa.","Appliances, Electrical, and Electronics Manufacturing",Self-employed,Self Employed,"Roskilde, Zealand, Denmark",Denmark,edsc.dk,https://www.linkedin.com/company/ed-service-center
El compagniet Vinderup A/S,"I den store flotte butik med salg af alt fra hårde hvidevarer og belysning til belysning står elektrikeren selv klar med råd og vejledning 

Udover butikken har vi en installatør afdeling hvor vi opsætter og servicerer alle former for el installationer. Vi lægger meget vægt på lang tids sikrede og grønne løsninger, derfor arbejder vi meget i innovative løsninger som f.eks. solceller. 

Historien kort fortalt: 

El Compagniet Vinderup A/S blev grundlagt i 1988 af Hans Damgaard og Ejner Østergaard, da el-divisionen blev solgt fra det gamle firma Alfred Priess. 

Ejner Østergaard trådte i 1995 ud af El Compagniet Vinderup A/S, som derefter blev ført videre af Hans Damgaard indtil marts 2005, hvor firmaet blev solgt til Jørgen Rebbe Kjellerup. 

Med overtagelsen af El Compagniet bliver firmaet ført ind i det nye årtusind, med indførelsen af ny teknologi, nye arbejdsgange, ombygning af lokaler og indførelse af SKS-system. 

Nutid og fremtid: 

De sidste par år har El Salg butikken gennemgået en total renovering der blandt har gjort den til en af de største butikker i den lille handelsby Vinderup. Hvor der også er blevet plads til at www.de3bedste.dk i dag har landets eneste udstilling med salg fra lokalerne. 

Vi vil fremadrettet arbejde på at være helt i spidsen når det gælder nye og grønne løsninger, såvel for private som erhverv i hele Danmark.","Appliances, Electrical, and Electronics Manufacturing",2-10 employees,Public Company,"Vinderup, Middle Jutland, Denmark",Denmark,elcompagniet.dk,https://www.linkedin.com/company/el-compagniet-vinderup-a-s
Bio Lights I/S,"The first step
The initial draft of the idea came during the Innovation Week project carried by VIA University College and the Kaospilots. During this project, teams were asked to come up with an innovative idea that can be implemented in Mejlgade by 2017 when Aarhus is set to be the European Cultural Capital. The ideas were to be reviewed by Mejlgade Lab project manager, Jonatan Marcussen.

As the winning team, we decided to continue developing our concept with help and guidance offered by both Mejlgade Lab and VIA University. The project is now shaping under the name Bio Lights.

The Idea
Bio Lights came up with a light-pole concept that is completely green, can be placed anywhere, and uses one of the oldest ways to produce energy-a water mill. It is designed to work only with the help of the end user, therefore giving them the satisfaction of helping make their city cleaner and greener.

Our aim is to show how wasted energy around us can be harvested in an effective and easy way, and to help cities make a change towards using clean energy.","Appliances, Electrical, and Electronics Manufacturing",2-10 employees,Partnership,"Aarhus, Middle Jutland, Denmark",Denmark,bio-lights.dk,https://www.linkedin.com/company/bio-lights-i-s
Inelco Polska Sp. z o.o.,"Inelco founded in 1981, is a Danish electronics company with domicile in Fjerritslev in the middle of the rough but beautiful landscape between sea and fjord.
Inelco is one of Europe's largest manufacturers of portable electrical space heaters for the industry, trade and agriculture. We continuously optimize our current product range and develop new products in order to live up to our customers future requests. 85% of the company's turnover is exported not only to the european markets.","Appliances, Electrical, and Electronics Manufacturing",11-50 employees,Privately Held,"Fjerritslev, North Jutland, Denmark",Denmark,inelco-heaters.com,https://www.linkedin.com/company/inelco-polska
Seamaster ApS,"Seamaster ApS has been around since 1999. 
It is owned and operated by Søren and Marianne Mogensen.

In addition to Søren and Marianne, the company has 6 employees who do their best every day to serve customers, whether in Denmark or abroad.","Appliances, Electrical, and Electronics Manufacturing",2-10 employees,Privately Held,"Esbjerg, South Denmark, Denmark",Denmark,seamaster.dk,https://www.linkedin.com/company/seamaster-aps
HENTO Produktion ApS,"HENTO Produktion ApS er en registreret socialøkonomisk virksomhed (RSV), som samarbejder med både private virksomheder og det offentlige:

Vi samarbejder med virksomheden Fischer Lighting om udvikling af belysningsløsninger med LED teknologi. Der er tale om en cirkulær forretningsmodel, hvor der genbruges materialer fra armaturer og komponenter i eksisterende belysningsarmaturer samt fra renoveringer og nedrivninger. I produktionen udvikles nye belysningsløsninger med LED teknologi og genbrug af armaturer til nye moderne løsninger, der sparer på elregningen.

Vi samarbejder med Slagelse Kommune om at tilbyde borgerforløb for borgere på kanten af arbejdsmarkedet, og målgruppen vil som udgangspunkt være deltagere, der ønsker en afklaring eller udvikling af arbejdsevnen. Der vil være fokus på job mål og det videre perspektiv ud på arbejdsmarkedet.

Hos os er der højt til loftet, og de to ejere har stor erfaring med den socialøkonomiske målgruppe og kan håndtere den sårbarhed og det behov for tryghed og relations dannelse, som det hyppigt opleves, at deltagerne har behov for.","Appliances, Electrical, and Electronics Manufacturing",2-10 employees,Partnership,"Korsør, Zealand, Denmark",Denmark,,https://www.linkedin.com/company/hento-produktion-aps
Megaman Danmark ApS,,"Appliances, Electrical, and Electronics Manufacturing",11-50 employees,,"Odense, South Denmark, Denmark",Denmark,megaman.dk,https://www.linkedin.com/company/megaman-danmark-aps
FH-TECH ApS,"FH-Tech er et ungt firma men med mere end 20 års erfaring inden for vores kerneområder: installation, vandteknik, kabler og automation. Vi har et højt fagligt niveau inden for hvert felt og sætter fokus på kvalitet, sikkerhed og fleksibilitet. Vores teknikere er stolte fagfolk, som dygtiggør og specialiserer sig i takt med udviklingen i deres fag.
Start 2020, har Vi oprettet en Service afdeling.
Nogle opgaver spænder bredt, derfor specialiserer vi os i projektstyring og har adgang til et komplementært netværk af fagfolk, heriblandt rådgivende ingeniører og arkitekter.","Appliances, Electrical, and Electronics Manufacturing",11-50 employees,Public Company,"Copenhagen, Capital Region, Denmark",Denmark,fh-tech.dk,https://www.linkedin.com/company/fh-tech-aps
Handest EL-teknik - Kontorel.dk,"Handest EL-teknik producerer EL-tekniske løsninger, specialkabler og lignende til mange forskellige brancher. Herunder især møbelproducenter og laboratorier . Vi fokuserer meget på produktudvikling og effektive produktionsformer så vi kan holde priserne i bund. Vores mål er at være blandt de bedste på markedet når det kommer til kvalitet, pris og leveringstid.
Udover vores egenudviklede produkter importer og forhandler vi mange produkter fra østen og Europa.
Vi deltager også ofte i udviklingsprojekter i samarbejde med andre firmaer.","Appliances, Electrical, and Electronics Manufacturing",2-10 employees,Privately Held,"Fårup, Middle Jutland, Denmark",Denmark,handest-el.dk,https://www.linkedin.com/company/handest-el-teknik
Stenild el,"El installatør
Service - Renoveringer","Appliances, Electrical, and Electronics Manufacturing",11-50 employees,Public Company,"Vanløse, Zealand, Denmark",Denmark,stenild-el.dk,https://www.linkedin.com/company/stenild-el
Smart-Safe Aps,"træt af indbrud i varebiler - af værktøj, minigravere, maskintrailere eller andet kostbart materiel? Så er det med god grund ! I mister ikke alene værdier og krav fra forsikringsselskabet, men oplever også dyre driftsstop, som skaber problemer for både jer og jeres kunder. Heldigvis findes der en god løsning – 
Smart-Safe model ""TrustMe"", - et nyudviklet elektronisk alarmsikring med indbygget GPS.","Appliances, Electrical, and Electronics Manufacturing",2-10 employees,Public Company,"Nørresundby, North Jutland, Denmark",Denmark,,https://www.linkedin.com/company/smart-safe-aps
i-Touch ApS,"i-Touch forhandler og udvikler fremtidens digitale oplevelses-, informations- og shoppingløsninger. ”Plug and play”-løsninger, hvor vi håndterer alt fra rådgivning og udvikling til montering, installation og drift.","Appliances, Electrical, and Electronics Manufacturing",2-10 employees,Privately Held,Denmark,Denmark,,https://www.linkedin.com/company/i-touch-aps
Cremo Ingredients A/S,,"Appliances, Electrical, and Electronics Manufacturing",2-10 employees,,"Glamsbjerg, South Denmark, Denmark",Denmark,,https://www.linkedin.com/company/cremo-ingredients-a-s
Bar & Tap Concept Sale ApS,"Bar & Tap Concept Sale, a Danish company that designs, develops and manufactures sophisticated electronic devices to dispense and register alcoholic beverages and draught beer.
 
Through the last decade, Tap Systems’ wired and wireless solutions have been helping hospitality business in 30+ countries to manage and control their bar sales more efficiently, with faster service, exact shot sizes, better presentation and improved sales revenues as a result.

Most recently, new powerful tools have been introduced to beverage brand owners, to make their products “stand out of the crowd” in busy bars, influencing consumer behavior when choices are made as to what drink to order.","Appliances, Electrical, and Electronics Manufacturing",2-10 employees,Public Company,"Roskilde, Zealand, Denmark",Denmark,tap-systems.dk,https://www.linkedin.com/company/dyrl-genonline
Schultz Automatik ApS,"At levere innovative og pålidelige automatiseringsløsninger, der optimerer effektiviteten","Appliances, Electrical, and Electronics Manufacturing",Self-employed,Self Employed,"Jordrup, South Denmark, Denmark",Denmark,schultz-automatik.dk,https://www.linkedin.com/company/schultz-automatik-aps
boligcv.dk ApS,"Hos boligcv.dk udfører vi el-eftersyn til brug for hus-eftersynsordningen.
Vi leverer også  tilstandsrapporterne og energimærkerne gennem faste samarbejdspartnere og kan derfor tilbyde en 100% løsning i forbindelse med salg af boliger og fritidshuse.
boligcv.dk ApS er en del af REIMER+ApS - CVR 35893326","Appliances, Electrical, and Electronics Manufacturing",Self-employed,Public Company,"Rørvig, Zealand, Denmark",Denmark,boligcv.dk,https://www.linkedin.com/company/boligcv-dk-aps
El-kontakt ApS,"Vi udfører alle slags opgaver indenfor elektrikerfaget både for private såvel som landbrug og erhverv.
Vi forestår alt indenfor vedvarende energi: Varmepumper (luft/luft samt luft/vand), solcellenanlæg samt jordvarme.
El-kontakt vil være din foretrukne elektriker, kontakt os i dag på telefon 
55 45 40 01 og lad os hjælpe dig med den bedste løsning, til netop dine behov.","Appliances, Electrical, and Electronics Manufacturing",2-10 employees,Partnership,"Dalmose, Zealand, Denmark",Denmark,el-kontakt.dk,https://www.linkedin.com/company/el-kontakt-aps
Phasion Group A/S,,"Appliances, Electrical, and Electronics Manufacturing",2-10 employees,,"Skive, Denmark, Central Denmark Region, Middle Jutland, Denmark",Denmark,phasion.com,https://www.linkedin.com/company/phasion-group-a-s
Wind El Aps,"Tæt på kunderne – mere enkelt kan det ikke siges. Geografisk og i vores måde at arbejde på. Ingen lange beslutningsprocesser i en stor organsiation. Du taler med de mennesker, der kommer hos dig. Sådan har det fungeret siden Autoriseret El-installatør Morten Wind startede virksomheden i 2004. Med udgangspunkt i godt håndværk, erfaring og fleksibilitet har vi gennem 12 år været den lokale alternativ med kunden i fokus – og det har vi ikke tænkt os at ændre på.

Håndværksmæssig kvalitet, erfaring og fleksibilitet - din garanti for at enhver elektriker opgave bliver løst professionelt til aftalt tid og pris.","Appliances, Electrical, and Electronics Manufacturing",2-10 employees,Self Employed,"Sabro, Middle Jutland, Denmark",Denmark,wind-el.dk,https://www.linkedin.com/company/wind-el-aps
ConformityX ApS,"Salg af rådgivning og ydelser omkring myndighedskrav, godkendelser, dokumentation, specifikation, test og håndtering heraf i forbindelse med udvikling, fremstilling, videresalg eller import af elektriske/elektromekaniske apparater.","Appliances, Electrical, and Electronics Manufacturing",Self-employed,Public Company,"Lystrup, Middle Jutland, Denmark",Denmark,conformityx.com,https://www.linkedin.com/company/conformityx
KS EL-Teknik,,"Appliances, Electrical, and Electronics Manufacturing",Self-employed,Self Employed,"Pandrup, North Jutland, Denmark",Denmark,kselteknik.dk,https://www.linkedin.com/company/ks-el-teknik
OJ Automation ApS,"OJ Automation Aps er en moderne professionel virksomhed med mere end 30 års erfaring i automation og en kompetent aktør inden for industriel- og procesautomation, hvor vi tilbyder et bredt spektrum af komplette automationsløsninger.

En kombination med højt serviceniveau, specialviden, support og uddannelse gør, at vi samarbejder med førende leverandører af højteknologiske automations- og proceskomponenter på markedet, så vi dermed kan bidrage med løsninger til mange forskellige brancher.

Vi tager udgangspunkt i dit behov med fokus på økonomi, produktivitet, driftssikkerhed, teknik og løsninger, kvalitet og fremtidssikring.","Appliances, Electrical, and Electronics Manufacturing",2-10 employees,Self Owned,"Broager, South Denmark, Denmark",Denmark,ojautomation.dk,https://www.linkedin.com/company/oj-automation-aps
Skalatek,Skalatek's mission is to provide European poultry and pig farmers with innovative and productivity improving technolgies that improve their working environment and bottom line.,"Appliances, Electrical, and Electronics Manufacturing",2-10 employees,Public Company,Denmark,Denmark,skalatek.com,https://www.linkedin.com/company/skalatek
Lommelygtesalg.dk,"Lommelygtesalg.dk har Danmarks absolut bedste udvalg af lommelygter, håndlygter, stavlygter mv. til professionelt (og privat) brug. Hos får du altid topservice og kontakt med specialister, der ved alt der er værd at vide om LED lommelygte teknologi.

Lommelygtesalg.dk er en online virksomhed med fysisk base i Silkeborg. Vi løser til dagligt opgaver med et specifikt lysbehov indenfor byggebranchen og industri. 

Læs mere på www.lommelygtesalg.dk","Appliances, Electrical, and Electronics Manufacturing",2-10 employees,Public Company,"Silkeborg, Middle Jutland, Denmark",Denmark,lommelygtesalg.dk,https://www.linkedin.com/company/lommelygtesalg.dk
Gammelgaard EL,"Gammelgaard EL, der drives af Jesper Gammelgaard, har mere end 25 års erfaring, som elektriker og el-installatør, for både erhvervslivet og private kunder.

Gammelgaard EL har stor erfaring og ekspertise i etablering og servicering af el-anlæg, specielt til fjernvarmesektoren. Gammelgaard EL forestår ofte el-installationen af forskellige maskinanlæg, – typisk svagstrøm, lavspænding eller mellemspænding – men også bygningsinstallationer udføres.

Gammelgaard EL er medlem af TEKNIQ Garanti og er certificeret af LEKON Certificering. Ydermere fungerer Jesper Gammelgaard som driftleder for el-forsyningsanlægget på Præstø Kraftvarmeværk. 

E-mail: kontakt@gammelgaard-el.dk
Telefon: 39 66 74 76","Appliances, Electrical, and Electronics Manufacturing",Self-employed,Self Employed,"Gladsaxe, Capital Region, Denmark",Denmark,gammelgaard-el.dk,https://www.linkedin.com/company/gammelgaard-el
Warning Systems ApS,,"Appliances, Electrical, and Electronics Manufacturing",,,"Aabenraa, South Denmark, Denmark",Denmark,,https://www.linkedin.com/company/warning-systems-aps
El-Team ApS,"El-Team ApS er et mindre firma, som har eksisteret siden år 2000.
Vi har adresse i Rødovre, og har med årene opbygget en god og stabil
kundekreds, - fortrinsvis i Storkøbenhavn.
I og med, at El-Team er en mindre virksomhed, har det været muligt at skabe
og opretholde et tæt kollegialt samarbejde og en god hverdagsatmosfære.

Vi beskæftiger os med alt indenfor ejendomsvedligehold, dørtelefoni, CCTV,
belysning, datainstallationer, diverse renoverings opgaver samt mindre
nybyggeri.
Vi er et resultatorienteret og innovativt firma i vækst.","Appliances, Electrical, and Electronics Manufacturing",2-10 employees,Self Employed,"Rødovre, Capital Region, Denmark",Denmark,el-team.dk,https://www.linkedin.com/company/el-team-aps
PM-Elektronik montage,"Welcome to PM-Electronics and Assembly. 
We are a small company that positions quality and customer satisfaction paramount. We develop, produce and sell our own electronics products as well as developing smaller electronics devices for our customers. One of our core competencies are the development and sale of devices for cathodic protection, view products. All are welcome.  In addition, we cover almost all kind of Assembly work, including manually soldering and reflow of printed circuit. Our own program includes individually developed applications and there will be more in the future. View Our program at www.pm-e.dk","Appliances, Electrical, and Electronics Manufacturing",2-10 employees,Privately Held,"Fredensborg, Capital Region, Denmark",Denmark,pm-e.dk,https://www.linkedin.com/company/pm-e
VECTOR TAURUS,"R&D vision & mission

Our vision into the future is seeing a piezoelectric energy source, that is capable of replacing all kind of power plants in the large scale, and capable of replacing batteries and other mobile power devices in small scale.

Our mission is to start a new way of thinking piezo and quarts crystals. We will combine different area of our brightest sceintific results of different rescearch areas into one very special team, capable of lifting todays technology worldvide to the next level by creating synthesis of the best of today.","Appliances, Electrical, and Electronics Manufacturing",Self-employed,Self Employed,"Ballerup, Capital Region, Denmark",Denmark,vectortaurus.com,https://www.linkedin.com/company/vector-taurus
Tee-move,,"Appliances, Electrical, and Electronics Manufacturing",Self-employed,Privately Held,"Middle Jutland, Denmark",Denmark,tee-move.com,https://www.linkedin.com/company/tee-move
Tingtved Transport I/S,,"Appliances, Electrical, and Electronics Manufacturing",2-10 employees,,"Holbæk, Zealand, Denmark",Denmark,,https://www.linkedin.com/company/tingtved-transport-i-s
Vialine Danmark A/S,,"Appliances, Electrical, and Electronics Manufacturing",2-10 employees,Public Company,"Holstebro, Middle Jutland, Denmark",Denmark,vialine.dk,https://www.linkedin.com/company/vialine-danmark-a-s
Moslund El ApS,"Moslund El ApS er en meget alsidig installationsforretning. Vi har en El Salg butik på adressen. Vi sælger hvidevarer, små el apparater, støvsugere, pærer, batterier o.m.a. Vi laver lige fra traditionelle el-installationer i parcelhuse til de mere tekniske IHC løsninger i de moderne hjem.  Vi beskæftiger os med varmepumper både luft/luft og luft/vand. Vi sælger og opsætter flere forskellige mærker af varmepumper, samt udfører det årlige service. Vi har specialiseret os inden for centralstøvsugere. Vi opsætter både for erhverv og private. Centralstøvsugere kan installeres i nybygning, men også i eksisterende bolig. Vi opsætter solceller og servicere div anlæg. Vi arbejder for private, boligselskaber, kommuner, landbrug, erhverv m.m. intet for småt, intet for stort.","Appliances, Electrical, and Electronics Manufacturing",2-10 employees,Privately Held,"Ørbæk, South Denmark, Denmark",Denmark,wismann-el.dk,https://www.linkedin.com/company/moslund-el-aps
Bricon Administration ApS,"Selskabet forhandler elektronisk GSM-udstyr inden for alarmer, overvågninger mv. Selskabet foretager også administrative opgaver inden for almindelig bogføring og ejendomsadministration. Selskabet har nært samarbejde med Termalou Ttd i Thailand der varetager selve salgsfunktionen.","Appliances, Electrical, and Electronics Manufacturing",Self-employed,Self Owned,"Odense, South Denmark, Denmark",Denmark,brison.dk,https://www.linkedin.com/company/bricon-administration-aps
Marstrup Doors A/S,"Marstrup Doors A/S is an electrical/electronic manufacturing company based out of 7 Rundbjerg, Haderslev, Region of Southern Denmark, Denmark.","Appliances, Electrical, and Electronics Manufacturing",2-10 employees,,"Haderslev, South Denmark, Denmark",Denmark,marstrupdoors.dk,https://www.linkedin.com/company/marstrup-doors-a-s
MS INSTALL ApS,"Hos MS INSTALL vi er baseret på den grundlæggende håndværksmæssige kvalitet og en moderne el installatør virksomhed med fokus på ordentligt håndværk og økonomi.

Vi arbejder med at sikre de nyeste og bedste løsninger i branchen, og lægger stor vægt på tillid til kunden, arbejder efter princippet ” en aftale er en aftale”.

Vi løser altid opgaven med udgangspunkt i dine behov og til konkurrencedygtige priser.

Vi kan klarer alle typer af elektriske installationer med fokus på drifts og personsikkerhed, og med Vores erfaring ind for El-branchen, gør det muligt til at se muligheder i alle opgaver, som vi kan sikre et professionelt resultat.","Appliances, Electrical, and Electronics Manufacturing",2-10 employees,Partnership,"Gladsaxe, Capital Region, Denmark",Denmark,msinstall.dk,https://www.linkedin.com/company/ms-install
DeluxLight,"DeluxLight.dk er eksperter i at levere belysningsprodukter såsom pærer, lamper samt tilbehør i Danmark. Vi er specialiseret inden for belysning og får flere og flere tilfredse kunder hvert år. Vores kunder omfatter såvel erhvervsdrivende som private.

Selv om vi primært sælger vores produkter i Europa, er vi ikke begrænset hertil – vi modtager også ordrer fra hele Amerika, Afrika, Oceanien og Asien. Vores lagre er beliggende i Danmark & Tyskland, og det giver os masser af muligheder på grund af den strategiske beliggenhed i hjertet af Skandinavien & Europa. Herfra er vi i stand til at opfylde vores kunders ønsker over hele verden.

Som virksomhed er vi præget af vores sociale bevidsthed, med fokus på at opfylde de højeste krav fra vores kunder, samtidig med at vi gør verden til et grønnere sted. Dette er ikke muligt at opnå uden hårdt arbejde!","Appliances, Electrical, and Electronics Manufacturing",Self-employed,Self Owned,"Farum, Capital Region, Denmark",Denmark,deluxlight.dk,https://www.linkedin.com/company/deluxlight
CETES ApS,,"Appliances, Electrical, and Electronics Manufacturing",11-50 employees,Public Company,"Værløse, Capital Region, Denmark",Denmark,,https://www.linkedin.com/company/cetes-aps
Deis Electric A/S,Deis Electric A/S er total leverandør af el-installation & transmissions tekniske løsninger. Vi er bosiddende i Hornsherred på midtsjælland med lagerfacilitet på Frederiksberg. Vi betragter vores arbejdsområde inden for Stor Københavns området.,"Appliances, Electrical, and Electronics Manufacturing",2-10 employees,Public Company,"Kirke Hyllinge, Zealand, Denmark",Denmark,deis-el.dk,https://www.linkedin.com/company/j.d.-kommunikation-a-s
Bramming El ApS,"Autoriseret elinstallatør i Bramming. 

Vi hjælper private boliger og mindre erhverv med elarbejde, el-tavler, smart home og Ajax alarm i Bramming, Esbjerg og omegn.

Bramming El ApS løser el opgaver for boligejere og almindeligt erhverv lokalt. Vores fokus er: 
• Udskiftning af el-tavler 
• Boliginstallationer og fejlfinding 
• Smart home installationer 
• Ajax alarmsystemer 

Du får klar rådgivning, ordentligt håndværk og løsninger, der passer til boligen. Ring 60 77 99 80","Appliances, Electrical, and Electronics Manufacturing",2-10 employees,Partnership,"Bramming, South Denmark, Denmark",Denmark,brammingel.dk,https://www.linkedin.com/company/bramming-el-aps
dwani,"We are a team of professionals who designs custom PCB boards for active loudspeakers with multiple inputs such as Bluetooth, WiFi, Optical, Mini Jack with DSP and power amplifier integrated. The whole system can be configured according to your requirements.","Appliances, Electrical, and Electronics Manufacturing",2-10 employees,Self Owned,"Copenhagen, Capital Region, Denmark",Denmark,dwani.dk,https://www.linkedin.com/company/dwani
HABI Controls,"At HABI Controls, we’re redefining the way humans interact with machines.

Founded in Denmark by a team of seasoned engineers and innovators, our mission is to bring tactile certainty back to digital interfaces. In a world dominated by flat, unresponsive touch controls, we’ve developed a patented multi-modal switch technology that delivers unmistakable feedback - tactile, haptic, and visual - ensuring every input is felt, seen, and trusted.

We specialize in high-performance interface solutions for demanding environments - from medical devices to military systems and industrial automation. Our switches are built to endure, engineered for precision, and designed for customization.

As a startup, we’re driven by purpose: creating jobs, strengthening the European tech ecosystem, and replacing low-functionality imports with premium, locally manufactured alternatives.

 Learn more at www.habicontrols.com

 Contact us: info@habicontrols.com","Appliances, Electrical, and Electronics Manufacturing",2-10 employees,Privately Held,"Aabenraa, South Denmark, Denmark",Denmark,habicontrols.com,https://www.linkedin.com/company/habi-controls
TECHMA AUTOMATION ApS,TECHMA AUTOMATION - Hvor kunden og løsningerne er i fokus,"Appliances, Electrical, and Electronics Manufacturing",Self-employed,Partnership,"Slagslunde, Capital Region Of Denmark, Denmark",Denmark,,https://www.linkedin.com/company/techma-automation-aps
ChantBou,ChantBou is a Danish manufacturer and supplier of digital kiosks to the corporate market. We work with industry leaders who want to expand their distribution network by harnessing new and more efficient technology. Our retail units give these companies added visibility in the public space and make it easier for them to get their brand message across.,"Appliances, Electrical, and Electronics Manufacturing",Self-employed,Public Company,"Strynø By, South Denmark, Denmark",Denmark,chantbou.com,https://www.linkedin.com/company/chantbou
OPTIMAEL,Aut. El-Installatør,"Appliances, Electrical, and Electronics Manufacturing",Self-employed,Privately Held,"Herning, Middle Jutland, Denmark",Denmark,optimael.dk,https://www.linkedin.com/company/optimael
Roulunds Elteknik ApS,,"Appliances, Electrical, and Electronics Manufacturing",11-50 employees,,"Odense, South Denmark, Denmark",Denmark,,https://www.linkedin.com/company/roulunds-elteknik-aps
Unicam Security DK,"End-to-End security solutions, security consulting, and project management.
Electrical engineering, Design of electrical control cabinets.

The company has ended all new activities since 30. June 2018","Appliances, Electrical, and Electronics Manufacturing",2-10 employees,Self Employed,"Brabrand, Middle Jutland, Denmark",Denmark,unicam.dk,https://www.linkedin.com/company/unicamsecuritydk
ZieazTM Microphones + Zieaz 10XTM,"ZieazTM Microphones is a mini production company, with social engagement through workshops in sustainability, and volunteer work at Repair Cafe Haslev.","Appliances, Electrical, and Electronics Manufacturing",Self-employed,Self Employed,"Haslev, Zealand, Denmark",Denmark,zieaz.net,https://www.linkedin.com/company/zieaz-microphones
Plus Tec Group A/S,,"Appliances, Electrical, and Electronics Manufacturing",,,"Holstebro, Middle Jutland, Denmark",Denmark,,https://www.linkedin.com/company/plus-tec-group-a-s
Tech-Danmark,,"Appliances, Electrical, and Electronics Manufacturing",Self-employed,Self Employed,"Hjerm, Middle Jutland, Denmark",Denmark,,https://www.linkedin.com/company/tech-danmark
STAMechanic ApS,,"Appliances, Electrical, and Electronics Manufacturing",2-10 employees,Partnership,"Thisted, North Jutland, Denmark",Denmark,stamechanic.dk,https://www.linkedin.com/company/stamechanic-aps
fournais-bender,"Fournais Bender ApS is the official distributor and technical specialist of Bender's advanced solutions for insulation monitoring, fault current detection and protection technology.

We help companies and institutions ensure operational stability and high safety – especially in installations where fault finding is critical: e.g. hospitals, data centers and industrial environments.

With many years of experience in special products and technical advice, we offer tailor-made solutions that meet applicable standards and requirements.

Visit us at fournais-bender.dk or contact us for advice and materials.","Appliances, Electrical, and Electronics Manufacturing",2-10 employees,Privately Held,"Skodsborg, Capital Region, Denmark",Denmark,fournais-bender.dk,https://www.linkedin.com/company/fournais-bender
EXOMATA,"EXOMATA is a technology and innovation-driven company focused on the exploration and development of intelligent systems and future-oriented technologies.

Built on the belief that innovation only creates real value when ideas can be structured, engineered, and transformed into practical solutions with measurable impact, EXOMATA combines systems thinking, technology, and execution to develop scalable and forward-looking concepts.

Vision. Engineered. Executed.","Appliances, Electrical, and Electronics Manufacturing",Self-employed,Self Owned,"Varde, Region Of Southern Denmark, Denmark",Denmark,exomata.dk,https://www.linkedin.com/company/exomata
ChipCheck,"Vores vision er at hjælpe virksomheder og deres kunder på verdensplan. Dermed gøre produktinformation let tilgængeligt, samt at gøre det endnu mere bæredygtigt. Hvor vi vil gøre dette ved hjælp af ChipCheck 1.0.

Vores mission er at sørge for let tilgængeligt produktinformation og dermed hjælpe virksomheder og deres kunder. Derudover vil vi bremse digitaliseringen en smule på en bæredygtighed måde!","Appliances, Electrical, and Electronics Manufacturing",2-10 employees,Partnership,"Viborg, Middle Jutland, Denmark",Denmark,chipcheck.dk,https://www.linkedin.com/company/chipcheck
DLTeknik,"DLTeknik har stærke kompetencer indenfor elinstallation og rådgivning.
Som autoriseret elinstallatør kan vi løse autorisationskrævende opgaver.
Projektering, installering og programmering af el-tekniske installationer og højteknologiske sikkerhedssystemer.","Appliances, Electrical, and Electronics Manufacturing",Self-employed,Privately Held,"Kastrup, Capital Region, Denmark",Denmark,,https://www.linkedin.com/company/dlteknik
IP Danmark A/S,"IP Danmark A/S is an electrical/electronic manufacturing company based out of Padborg, Region Syddanmark, Denmark.","Appliances, Electrical, and Electronics Manufacturing",2-10 employees,,"Padborg, South Denmark, Denmark",Denmark,ipdanmark.dk,https://www.linkedin.com/company/ip-danmark-a-s
SKNteknix,"Hvad kan SKNteknix hjælpe dig med...

SKNteknix er en moderne servicevirksomhed med udgangspunkt i automation og robot branchen og samtidig med fuld autorisation på el området. Virksomhedens fokusområder er service, projekt og installations opgaver for alle typer af proces og automations virksomheder, hvor robotter med tilhørende perifert udstyr, PLC og automatik styringer og programmering, går hånd i hånd med en moderne og effektiv produktion. SKNteknix byder ind med 15 års erfaring på el området, suppleret med flair og stor forståelse for mekanik, pneumatik og robothåndtering. Ligeledes arbejdes der pt. på programmering af KUKA robotter, som dog stadig er i den spæde opstart.
Og med udgangspunkt i virksomhedens simple opbygning og minimale effektive administration, er kunden altid sikret de skarpeste priser på virksomhedens service – uanset opgave.","Appliances, Electrical, and Electronics Manufacturing",Self-employed,Self Owned,"Odense, South Denmark, Denmark",Denmark,sknteknix.dk,https://www.linkedin.com/company/sknteknix
BTI Light Systems A/S,,"Appliances, Electrical, and Electronics Manufacturing",2-10 employees,,"Copenhagen, Capital Region, Denmark",Denmark,,https://www.linkedin.com/company/bti-light-systems-a-s
CB Elteknik ApS,"Der ligger over 50 års erfaring til grund hos CB Elteknik ApS. Vi har tilegnet os bred erfaring inden for el-branchen og kan i dag tilbyde både alt det traditionelle el-arbejde samt løsninger inden for nyere områder som IT, IHC og videoovervågning.

Tager service seriøst
Firmaet er baseret på en række værdier, som utvivlsomt har været medvirkende til vores succes. Vi tror på at god service og rådgivning kombineret med kvalitetsmaterialer og fornuftige priser, er det, der skal til. Vi er især bevidste om at håndværkere udover at levere et produkt også leverer en service. Derfor er kundekontakt helt afgørende for os - både under og efter at opgaven er løst.","Appliances, Electrical, and Electronics Manufacturing",Self-employed,Self Owned,"Greve Strand, Zealand, Denmark",Denmark,cb-elteknik.dk,https://www.linkedin.com/company/cbelteknik
Schwartzburg,"Schwartzburg is a leading European company in the field of Road transportation, road development and road control systems and solutions. Schwartzburg is the first company that developed a full control of the full controlled weighing system throw RFID","Appliances, Electrical, and Electronics Manufacturing",2-10 employees,Privately Held,"Græsted, Capital Region, Denmark",Denmark,schwartzburg.de,https://www.linkedin.com/company/schwartzburg
Europahuset - Hotel Apartments in Copenhagen,,"Appliances, Electrical, and Electronics Manufacturing",,,"Copenhagen, Capital Region, Denmark",Denmark,europahuset.dk,https://www.linkedin.com/company/europahuset---hotel-apartments-in-copenhagen
I.E.Repair,Reparation og renovering af industrielt elektronik,"Appliances, Electrical, and Electronics Manufacturing",Self-employed,Self Employed,"Thorsø, Middle Jutland, Denmark",Denmark,i-e-repair.dk,https://www.linkedin.com/company/i-e-repair
Alarmified,,"Appliances, Electrical, and Electronics Manufacturing",,,"Copenhagen, Capital Region, Denmark",Denmark,,https://www.linkedin.com/company/alarmified
ProAktiv Selektion,"Specialiteter
•	Solid teknisk baggrund fra rådgiverbranchen 
•	Gode kommunikations egenskaber. 
•	Udvikling af strategiske målsætninger for projektet (Vision / Mission)
•	Rådgivning og projektledelse (IPMA Certificering)
•	Udarbejdelse af projektmateriale kravspecifikationer og udbudsmateriale.
•	Styring af indkøb og kontraktforhandlinger 
•	Projekt planlægning og økonomi opfølgning. (Deadlines, Kvalitet)  
•	Implementering af LEAN og anvendelse af metoder/værktøjer.
•	Kendskab og drift af ISO-9001 og ISO-14001 (Audit)
•	Installation og idriftsættelse af anlæg. 
•	Kendskab til kvalificering og validering af anlæg. (GAMP)","Appliances, Electrical, and Electronics Manufacturing",Self-employed,Self Employed,"Copenhagen, Capital Region, Denmark",Denmark,wieses.dk,https://www.linkedin.com/company/proaktiv-selektion
SOLAIRE MARTIN,,"Appliances, Electrical, and Electronics Manufacturing",,,"Aars, North Jutland, Denmark",Denmark,,https://www.linkedin.com/company/solaire-martin
ISIC A/S,"ISIC is a Danish-based company with more than 20 years of experience in the design, development and manufacturing of ruggedized hardware systems.

ISIC hardware is delivered with certificates, calibrated and documented to ensure rapid, glitch-free integration into a wide range of defence, marine, and industrial systems.","Appliances, Electrical, and Electronics Manufacturing",51-200 employees,Privately Held,Denmark,Denmark,isic-systems.com,https://www.linkedin.com/company/isic-as
Marielyst EL Aps,"Vi er en el-virksomhed der sætter en ære i godt håndværk,
vi arbejder med alt inden for el-arbejde, lige fra service opgaver for private, erhverv og kommuner. Til større ombygning på sygehuse, butikker og hoteller.
Vi arbejdes også med dimensionering af varmepumper, ABA-anlæg AIA-anlæg, Antenne-Anlæg og netværksinstallationer.","Appliances, Electrical, and Electronics Manufacturing",11-50 employees,Self Employed,"Væggerløse, Zealand, Denmark",Denmark,marielyst-el.dk,https://www.linkedin.com/company/marielyst-el-aps
Spectronic Denmark A/S,"Spectronic is a world leading provider of high-quality covert audio and video surveillance solutions. Our products are exclusively used by law enforcement, the intelligence community, and military special operations forces worldwide, in their efforts to combat terrorism and crime. 

For more than three decades, we have dealt with governments and government approved agencies throughout the world, and is today considered as one of the industry leading manufacturers of covert audio and video surveillance equipment.

For further information on our product portfolio, please visit www.spectronic.com","Appliances, Electrical, and Electronics Manufacturing",51-200 employees,Public Company,"Randers, Middle Jutland, Denmark",Denmark,spectronic.com,https://www.linkedin.com/company/spectronic-denmark-a-s
Qtechnology A/S,"Qtechnology designs and manufactures customised smart cameras and develop complete machine vision systems that are tailored to our clients' application-specific needs. With mechanics, electrical, software, and science resources in-house, we can develop complete system designs. In some projects, we handle full OEM projects from idea to system implementation, while assisting during part of the development process or simply supplying smart cameras in other projects. 

With experience from several industries and thousands of cameras installed worldwide, we understand the requirements for quality and reliability to keep factories running 24/7/365. Our smart cameras have been exploited to design novel vision systems within a range of application fields. 
Some typical application fields include factory automatization, sorting and grading, gauging and tracking, pattern recognition, medical diagnostics, visual inspection, quality control, guidance, object categorization, and mechanical diagnostics.

Qtechnology cameras are high-quality, intelligent single and multi-channel CCD and CMOS cameras, for industrial applications. Our camera products range from monochrome, colour and multichannel CCD/CMOS cameras resolutions to several megapixels matrix cameras. For high colour accuracy and multispectral applications including UV, NIR, LWIR, etc., we also offer 3CCD and 5CCD cameras with dichroic prism technology. Finally, we also develop solutions based on x-ray and microbolometer imaging technology. 

Qtechnology is a subsidiary within the Newtec Group.","Appliances, Electrical, and Electronics Manufacturing",11-50 employees,Privately Held,"Copenhagen, Capital Region, Denmark",Denmark,qtec.com,https://www.linkedin.com/company/qtechnology-a-s
SAN Electro Heat A/S,"Technical Electrical Heating
We are a Danish international company with more than 60 years of experience within technical electrical heating solutions. Our products are constantly being developed strictly in accordance with the market requirements.

Being part of the NIBE Group gives us worldwide representation and makes us one of the leading manufacturers of complete high-performance technical electric heating systems and components for any industrial purpose.

All our equipment is designed to meet international standards. We deliver a standard range of products as well as products specially designed according to customer’s requirement.

Please watch our Company Profile for our Railway products.","Appliances, Electrical, and Electronics Manufacturing",51-200 employees,Privately Held,"Esbønderup, Capital Region, Denmark",Denmark,san-as.com,https://www.linkedin.com/company/san-electro-heat-a-s
CR EL & TEKNIK A/S,"En solid virksomhed med 90 dygtige medarbejdere og 80 biler.
CR El & Teknik er en velfunderet, familieejet el-teknisk virksomhed med 80 år i konstant udvikling. Vi leverer alle former for el, data, sikring, lys & energi installationer til erhvervs-, institution- og industrikunder. Vore store stab af dygtige teknikere samarbejder fleksibelt på tværs af fagområder – for at skabe og sammensætte den bedste løsning – den relevante teknologi og jeres behov. Du får det samme gode resultat, uanset hvor i firmaet I starter! 

OMTANKE – VIDEN – TILLID
Vore 3 nøgleværdier reflekterer den måde vi arbejder på – såvel internt som ude hos hver eneste kunde.
Vore medarbejdere er under løbende efteruddannelse og ved, hvad de har at gøre med.  Inden vi går i gang tager vi altid dialog med kunden for at sikre, at vi sammen finder den optimale løsning. Det er en selvfølge, at I som kunde kan stole 100% på os uanset opgavens karakter.

Topkvalitet, førende teknologi og ISO9001.
Du får en professionel løsning af højeste tekniske og håndværksmæssige kvalitet.  Vi samarbejder med en række ledende producenter af el, lys, energi og sikkerhed, så du får adgang til den bedste og mest fremtidssikrede platform, med gode muligheder for integration.  Vi er ISO9001 certificeret af bureau Veritas og er medlem af Tekniq.

Rådgivning – i alle aspekter.
Vi fungerer ofte som rådgiver – hvad angår teknik, økonomi, sikkerhed & miljø i forbindelse med såvel løsning som installation.

Fast montør, der kender dig som kunde!
Vi lægger stor vægt på, at I så vidt muligt får en fast tilknyttet montør, der kender jer og alle forhold omkring jeres installationer –  og dermed en personlig og effektiv service.

Hurtig udrykning – i hele landet.
Med vor store stab og mange servicevogne, der kører i hele landet, har vi de bedste forudsætninger for hurtigt at afhjælpe akutte problemer.","Appliances, Electrical, and Electronics Manufacturing",51-200 employees,Public Company,"Ballerup, Capital Region, Denmark",Denmark,cr-elteknik.dk,https://www.linkedin.com/company/cr-el-teknik-a-s
Styromatic A/S,"Styromatic is a private owned company with facilities in Denmark, Germany and Thailand. We provide full turnkey electronic manufacturing services EMS & boxbuild 

Vision
Styromatic shall be the preferred long-term partner for our customers

Mission
Deliver value to our customers, through high quality, innovative supply chain, operational and customer service excellence

Values
Relations, Excellence, Flexibility","Appliances, Electrical, and Electronics Manufacturing",51-200 employees,Privately Held,"Brabrand, Middle Jutland, Denmark",Denmark,styromatic.dk,https://www.linkedin.com/company/styromatic-a-s
Rebild Tavleteknik A/S,"Vi producerer og leverer fordelingstavler, gruppetavler og eltavler til installatører og deres projekter inden for industri, byggeri, solcelleanlæg og ladestandere. Med vores specialviden skaber vi fremtidssikrede og unikke løsninger i høj kvalitet, hvor hver tavle tilpasses de specifikke krav og ønsker i projektet. Vi tilfører værdi gennem teknisk indsigt. Og via serviceydelser som rådgivning, hjælp til specialmontage, projektering og vedligeholdelse sikrer vi hele processen fra idé til drift.","Appliances, Electrical, and Electronics Manufacturing",11-50 employees,Public Company,"Støvring, North Jutland, Denmark",Denmark,rebildtavleteknik.dk,https://www.linkedin.com/company/rebild-tavleteknik
MK Illumination Danmark,"MK Illumination Danmark er udover vores professionelle julelys kendt for vores kreative produktioner indenfor visuelle oplevelser og aktiviteter som interaktive julemiljøer, tematiserede løsninger til forlystelsesparker, tema-orienterede legepladser og specielle dekorationer til Halloween, påske og sommer arrangementer mv.

Fra idé til illustration og til produktion og samling arbejder vores kreative teams tæt sammen med kunderne for at skabe de mest optimale og unikke løsninger baseret på kundens behov og ønsker.

Vi ønsker, at vores kunders gæster bliver fanget af den meget specielle magi, vi altid stræber efter at opnå.

Vi byder dig velkommen til vores fantastiske univers!

It's all about seasons!","Appliances, Electrical, and Electronics Manufacturing",11-50 employees,Partnership,"Ringsted, Zealand, Denmark",Denmark,mk-illumination.dk,https://www.linkedin.com/company/mk-illumination-denmark
AG Electric A/S,"AG Electric A/S leverer kvalitetsløsninger inden for arbejdsområderne el-installation og sikring.

AG Electrics kernekompetence er el-installation, og vores ydelser spænder bredt fra intelligente bygningsinstallationer, køl/ventilation, landbrug, industri, energioptimering, sikringsløsninger og service til tværfaglige kompetencer. 

Vi sikrer dig højt specialiserede medarbejdere og den rette mandskabsstyrke til enhver opgave – stor som lille.

Kompetenceudvikling, viden og erfaring er grundstenene i vores virksomhed. Vi dygtiggør os løbende via kurser, efteruddannelse, partnerskaber og ansættelser. Som organisation sikrer vi, at vi har den nødvendige bredde og specialviden

En flad organisationsstruktur sikrer, at vi kan træffe beslutninger og igangsætte aktiviteter, der bedst imødekommer dine individuelle behov. Vi hjælper dig hele vejen fra rådgivning og projektering til projektledelse og energivejledning.

Med viden, effektive processer og lokal ledelse er AG Electric en sikker partner i en branche og en omverden, der befinder sig i konstant forandring.

Vores mål er nu og i fremtiden at være en attraktiv, kompetent og fleksibel samarbejdspartner indenfor vores kærneområder. Vi lægger stor vægt på at overholde indgåede aftaler, både hvad angår specifikation, kvalitet og ikke mindst tid og pris.

AG Communication, som er en udløber af AG Electric, leverer bla. tyveri- og videosikring, brandsikring¬sanlæg, mekanisk sikring og kommunikationsløsninger.

AG Electric A/S er medlem af TS-gruppen, som er en landsdækkende kæde af Danmarks stærkeste el- og energi-installatører, der er opdaterede med den sidste nye teknologi og med et højt vidensniveau. I TS-gruppen har vi ansat en fælles TS-energikonsulent, der er uddannet energiteknolog. Samtidig bliver vores egne medarbejdere uddannet som TS-energiXperter. Det sikrer, at du får den sidste opdaterede viden inden for energioptimering.","Appliances, Electrical, and Electronics Manufacturing",51-200 employees,Public Company,"Aabenraa, South Denmark, Denmark",Denmark,ag-electric.dk,https://www.linkedin.com/company/ag-electric
Zymoscope,Zymoscope develops an IoT platform enabling real-time and remote monitoring of fermentation processing with a current focus on the beer industry.,"Appliances, Electrical, and Electronics Manufacturing",2-10 employees,Privately Held,"Copenhagen, Capital Region, Denmark",Denmark,zymoscope.com,https://www.linkedin.com/company/zymoscope
Tech Eltavler,"Tech Eltavler producerer skræddersyede eltavler til industri, installation og infrastruktur – herunder styretavler, fordelingstavler, gruppetavler, ladestandertavler og specialløsninger.

Tech Eltavler er en del af Tech Automation og specialiserer sig i skræddersyede eltavleløsninger med fokus på kvalitet, fleksibilitet og hurtig levering.

""Ingen opgave er for stor eller for lille, og vi finder altid den bedste løsning på din opgave""

Tech Eltavler tilbyder:

Byggepladstavler
Byggestrøm
Campingstander
El-tavle- og fordelingsanlæg
El-tavler
El-anlæg
Fordelingsanlæg
Fordelingstavler
Gruppetavler
Industritavler
Landbrugstavler
Marinastandere
Målertavler","Appliances, Electrical, and Electronics Manufacturing",11-50 employees,Privately Held,"Horsens, Middle Jutland, Denmark",Denmark,tech-eltavler.dk,https://www.linkedin.com/company/tech-eltavler
Suprabeam,"Suprabeam is a high-end brand delivering premium lighting solutions designed in Denmark. Our products combine sleek Scandinavian design with advanced Swiss technology, engineered by professionals for professionals. 
Built to last a lifetime, Suprabeam stands for durability and reliability, making it the sustainable choice for those who demand uncompromising performance.

Suprabeam is registered Trademark of the Steiner Group","Appliances, Electrical, and Electronics Manufacturing",11-50 employees,Public Company,"Aarhus, Middle Jutland, Denmark",Denmark,suprabeam.com,https://www.linkedin.com/company/suprabeam
Eltraco ApS,"Eltraco Automation delivers SMT- and automation solutions of high quality. We develop innovative and profitable solutions, always with quality and service in mind. Our motto is that if it can be produced by hand, it can be automated. Eltraco Automation was founded in Sweden in 1994 and became a Nordic company in 2004.","Appliances, Electrical, and Electronics Manufacturing",2-10 employees,Privately Held,"Odense, South Denmark, Denmark",Denmark,eltraco.com,https://www.linkedin.com/company/eltraco
Hamsø Engineering ApS,"At Hamsø Engineering, we specialize in research & development and system integration with a strong focus on advanced human-machine interface (HMI) technologies. Our expertise lies in creating tailored HMI solutions by integrating modern technologies such as haptics, sensing, and acoustics.

We support full-stack integration across mechanical, hardware, and software – helping our partners bring intuitive, high-performance user interfaces to life. We provide advanced haptic technologies alongside the expertise to put them into action. Whether you’re looking to equip your team with precision tools for developing and refining haptic experiences, or need a trusted partner to guide or execute your project from start to finish, we offer flexible collaboration tailored to your needs.

Our goal is to combine cutting-edge research with customer needs to create design solutions that raise product quality, safety, and user satisfaction. Whether you’re in the prototyping phase or deep into development, working with Hamsø Engineering helps you reduce time-to-market, improve design quality, and make confident, data-driven decisions throughout the process.

We’ve delivered solutions across industries including automotive, consumer electronics, healthcare, gaming, and industrial equipment.

Your next project could be with us – reach out and let’s build smarter experiences together.","Appliances, Electrical, and Electronics Manufacturing",2-10 employees,Privately Held,"Sønderborg, South Denmark, Denmark",Denmark,hamso.dk,https://www.linkedin.com/company/hamso-engineering-aps
Erik Fals A/S,"Erik Fals A/S 

Vi løser opgaver inden for el-faget til konkurrencedygtige priser

* Edb-netværk
* Energirigtig belysning
* Service i boligforeninger
* Service på uddannelsesinstitutioner
* Dørtelefoner
* Adgangskontrol

Stærk samarbejdes partner med sund økonomi.

Dørtelefon og adgangskontrol ekspert,Siedle Studie Partner Aalborg
Besøg vores Siedle Studie på Tarmvej 1 9220 Aalborg Ø.","Appliances, Electrical, and Electronics Manufacturing",11-50 employees,Public Company,"Aalborg, North Jutland, Denmark",Denmark,erikfals.dk,https://www.linkedin.com/company/erik-fals-a-s
Højager A/S,"Højager A/S er en af Danmarks største leverandører af professionel belysning til B2B- og B2G-markedet. Med over 40 års erfaring leverer vi landsdækkende løsninger, der kombinerer energibesparelser, driftssikkerhed og bæredygtighed. 
Vores konsulenter og projektafdeling rådgiver fra analyse til implementering og skaber belysning, der forbedrer arbejdsmiljøet og reducerer klimaaftrykket — fra erhvervsbyggeri til sportsbelysning og medical lighting.","Appliances, Electrical, and Electronics Manufacturing",11-50 employees,Public Company,"Hårlev, Zealand, Denmark",Denmark,hojager.dk,https://www.linkedin.com/company/hojager
Danlamp,"Danlamp is the only manufacturer of incandescent lamps in Denmark and has been a leading force in the development of lighting sources since 1931.

We manufacture highly specialized lamps for shipping, railway- and trafficsignals and individual decorative lighting for hotel, restaurants and churches.","Appliances, Electrical, and Electronics Manufacturing",2-10 employees,Public Company,"Aabenraa, South Denmark, Denmark",Denmark,danlamp.dk,https://www.linkedin.com/company/danlamp
Vandvagt ApS,"Vandvagt - Passer godt på dine ting og økonomi.

Du kan sikre dig mod vandskader og store vandregninger.

Vandvagt kan overvåge dit vandforbrug og forhindre spild og store vandskader. 
Vandvagten er en elektronisk stophane, som lukker for vandet ved alt overflødigt vandforbrug, så du ikke kommer hjem til en vandskade. 

Vandvagten passer godt på dine ting, hver dag, døgnet rundt og derfor behøver du ikke længere at bekymre dig om vandskader på dit hus og inventar.

Vandvagts reference liste er stor (Industri, landbruget, offentlige bygninger: skoler, rådhuse, samt privat osv.).

Idéen er simpel; når du har et rør der sprænger, så stopper Vandvagten for vandet.
Du kan sammenligne en Vandvagt med selen i din bil, der sikrer dig, når du har mest brug for det. 
I dag har vi mere end et dusin produkter, der kan hjælpe dig med at spare penge og bekymringer over uventede vandskader. 
Vores produkter giver dig sikkerhed, kontrol over dit vandforbrug og ikke mindst: du kan spare penge på dine forsikringer. (Anbefalet af forsikrings-branchen).

Vores missioner er blandt andet at beskytte flest mulige bygninger i Danmark, så vandskader bliver historie, samt at forbedre miljøet ved at begrænse unødigt vandspild. 

Vandvagt er en dansk opfindelse og stadig i dag er produktionen i Danmark, fordi det er vigtigt for os at levere kvalitetsprodukter til vores kunder.","Appliances, Electrical, and Electronics Manufacturing",2-10 employees,Partnership,"Thisted, North Jutland, Denmark",Denmark,vandvagt.dk,https://www.linkedin.com/company/vandvagt-aps
Cornered Audio,"With a unique 90 degree triangular design, CORNERED speakers make for a discrete and elegant loudspeaker installation in yor home. Particularly so in corners, but also flush on walls and ceilings. The design is a reflection of the danish design tradition; There are no gimicks and form blends with function elegantly. But above all, CORNERED speakers are true audiophile speakers. They are capable of reproducing a natural three-dimensional sound stage, filling your room with dynamic and crisp sound.

Based in Denmark, Cornered is an agile and innovative loudspeaker manufacturer, serving the world with Aesthetic Sound","Appliances, Electrical, and Electronics Manufacturing",2-10 employees,Partnership,"Farum, Capital Region, Denmark",Denmark,cornered-audio.com,https://www.linkedin.com/company/cornered-audio
SCANPOTEC ApS,"Scanpotec er en dansk ejet projekt, ingeniør- og servicevirksomhed, hvis mission er at sikre vores kunders drift, og vi står derfor altid klar til at hjælpe Jer ”Round the Clock”.
Derfor kan du altid komme i kontakt med vores landsdækkende og døgnbemandede vagtordning 24/7.

Scanpotec har et stærkt produkt-program på kritiske strømløsninger til de applikationer som kræver kontinuerlig strømforsyning med løsninger indenfor DC-anlæg, UPS-anlæg, Batterier, Statiske Transfer Switche (STS) samt nødgeneratoranlæg.

Derudover designer, projekterer og leverer vi både standard- og kundetilpassede (specialdesignede) løsninger til blandt andet industrien, elforsyningssektoren, kraftværker og andre segmenter med en bred produktportefølje indenfor ensrettere (AC/DC) – vekselrettere (DC/AC) – konvertere/boostere (DC/DC) – statiske UPS anlæg – Statiske switche (STS) – DC anlæg – ladere – strømforsyninger og batteri systemer.

Vi er en kvalitetsbevidst virksomhed hvis målsætning er at være en seriøs og betroet ”end-to-end” partner, hvor løsning og sikkerhed er i fokus. Derfor samarbejder vi udelukkende med førende Europæiske og Internationale producenter, hvor vi kan garantere robuste- og fremtidssikrede løsninger med garanteret levering af service og reservedele, som en del af vores servicekoncept.","Appliances, Electrical, and Electronics Manufacturing",2-10 employees,Public Company,"Sorø, Zealand, Denmark",Denmark,scanpotec.dk,https://www.linkedin.com/company/scanpotec
Knud Jørgensen El,"Hvem er Knud Jørgensen El ApS? 
El-installatør Knud Jørgensen er grundlæggeren af Knud Jørgensen ApS. Knud startede som selvstændig el-installatør tilbage i midten af 80'erne, og d. 26. juni 1992 blev selskabet stiftet, dog først under navnet Esbjerg El & Hvidevareservice APS, hvilket stammede fra en installatør virksomhed i Esbjerg, som Knud købte af sin tidligere mester.

Senere blev selskabet omdøbt til Knud Jørgensen ApS. Knud drev her igennem el-installatør virksomhed i mange år sideløbende med hvidevaresalg og service gennem navnet Den Grønne Butik.

Ejerkredsen udvides   
I 2009 blev selskabet delt op i to da ejerkredsen blev udvidet med Bent Kristensen på el-installatør delen, den del kom til at hedde Knud Jørgensen El ApS, Knud fortsatte under navnet Knud Jørgensen ApS og butiksdelen under navnet Den Grønne Butik.

I 2010 blev el-installatør delen igen udvidet og Henrik Terp Kristensen indtrådte også i ejerkredsen.

Flere binavne, som Donslund El Afdeling, DK alarmsikring, esbjergnethvidevare m.fl. blev oprettet pga. virksomheden blev udvidet med flere forretningsområder og afdelinger. 

Forretningen samles under ét driftselskab
Pga. sygdom valgte Knud Jørgensen i 2014 at sælge sine anparter i Knud Jørgensen ApS. Knud er i dag aktivt medlem af bestyrelsen og følger stadig virksomheden fra sidelinjen.

Ejerforholdene er nu 50/50 mellem Bent Kristensen og Henrik Terp Kristensen, og i forbindelse med seneste køb af Billund El-Service ApS, har man valgt at fusionere i dag er der kun ét driftselskab med afdeling i Esbjerg, Gørding, Billund og Aarhus

Med fusionen er alle afdelinger med viden og kompetence  indenfor energiløsninger nu samlet og kan klare enhver el opgave, både for private, industri, landbrug og erhverv. Hvidevaresalg og service er også stadig et stort forretningsområde for os","Appliances, Electrical, and Electronics Manufacturing",51-200 employees,Partnership,"Billund, South Denmark, Denmark",Denmark,kj-el.dk,https://www.linkedin.com/company/knud-jorgensen-el-aps
Elma Instruments A/S – Danmark,"Elma Instruments tilbyder markedets ubetingede største udvalg af test- og måleudstyr. Udvalget henvender sig til et væld af forskellige brancher og vi mener, at du vil kunne finde alt du skulle have brug for om du er indenfor el-, vvs-, ventilation-, klima-, termograferings- eller autobranchen. Du vil ligeledes finde et bredt udvalg af instrumenter til både fødevare-, køle-, miljø- og energibranchen.","Appliances, Electrical, and Electronics Manufacturing",11-50 employees,Privately Held,"Farum, Capital Region, Denmark",Denmark,elma.dk,https://www.linkedin.com/company/elma-instruments-a-s
DamGaard Automatik A/S,"Fremtidssikrede styringer og maskintavler til maskinbyggere og tekniske virksomheder, der vil levere bedre, hurtigere og mere driftssikre løsninger.

Vi er ikke frontfiguren – vi er den interne ekspert, der får tingene til at spille sammen:
•	Design og arkitektur, hvor løsningen bliver holdbar fra start
•	Teknisk dokumentation, så alle kan følge processen
•	Struktureret workflow i samleprocessen, så der ikke opstår fejl
•	Software og hardware i ét samlet system, hvor alt taler sammen

Vores kunder vælger os, fordi vi gør styring til et reelt konkurrenceparameter – ikke bare noget, der virker, men noget der giver dem et forspring.

Vil du vide, hvorfor andre maskinbyggere stoler på DamGaard? 
Så lad os tage en snak.

Og hvis du vil vide lidt mere om os først, håber vi at vække din nysgerrighed, når du scroller ned og ser, hvad vi laver 

 Ring til Jacob: +45 21 19 44 86","Appliances, Electrical, and Electronics Manufacturing",11-50 employees,Public Company,"Pandrup, North Jutland, Denmark",Denmark,damgaard-automatik.dk,https://www.linkedin.com/company/damgaard-automatik-a-s
Flextrack,"Flextrack is a market-leading telematics company, serving customers worldwide with state-of-the-art tracking solutions.

Since our formation in 2004, Flextrack has been at the forefront of innovation, bringing the newest tracking technology into the hands of our customers. Driven by the needs of a diverse customer base, we have developed a unique and fully flexible tracking system, easy for everyone to operate. Whether the aim is to strengthen personal safety, protect valuables, fleet control or operations management, we offer a strong portfolio of Lommy tracking devices and an open software solution, customizable to meet specific needs and add extra value.

Since the launch of our first Lommy, we have widened our horizons, to become an internationally recognised provider of innovative tracking solutions.","Appliances, Electrical, and Electronics Manufacturing",11-50 employees,Public Company,"Esbjerg, South Denmark, Denmark",Denmark,flextrack.dk,https://www.linkedin.com/company/flextrack
Busck & Co AB,"Busck & Co AB is a family business in third generation. The company was founded in 1923 and until World War II sold car batteries. With the decline in private motoring during the war the company gradually changed direction towards electric motors which has become Busck’s main product since the 1950s. From the beginning of the 1960s the Swiss made luxury and handicap toilet Closomat is also included in the assortment.

During the 1980s the product range expanded with generators from Mecc Alte, after that it was not until 2006 that any major changes occurred in Busck. That was when we started to stock and sell worm gears, and moved to new purpose-built premises. In 2007 we started selling gear from Rexnord-Stephan. Today we have a strong product range including Brook Crompton and Busck motors, Sacemi coolant pumps, Mecc Alte alternators, Busck worm gear and gears from Rexnord-Stephan. Most of our products we have in stock at our premises in Kållered just south of Gothenburg, Sweden. We are 20 people working in Sweden, three in Busck AS, Norway, and two in Busck & Co ApS, Denmark.","Appliances, Electrical, and Electronics Manufacturing",11-50 employees,Privately Held,"Aarhus, Middle Jutland, Denmark",Denmark,busck.se,https://www.linkedin.com/company/busck
WASYS A/S,"Hos WASYS A/S har vi specialiseret os i at styre, overvåge og flytte vand. Med mere end 90 års samlet erfaring indenfor vand og spildevandsbranchen, har vi tilegnet os kompetencerne til at gennemføre projekter med succes og til den aftalte tid og pris.

""Vi leverer gennemtestede systemer, solide løsninger og et stærkt partnerskab!""","Appliances, Electrical, and Electronics Manufacturing",11-50 employees,Public Company,"Roskilde, Zealand, Denmark",Denmark,wasys.dk,https://www.linkedin.com/company/wasys-a-s
"iGRAIN, Denmark","iGRAIN offers complete, tailor-made solutions for post-harvest monitoring of stored grain in silos. Our portfolio of products includes temperature, moisture, spoilage (CO2), level measurement, automated aeration control, and integration with PLC/SCADA solutions. 

Headquartered in Denmark, our grain monitoring products and systems are installed and perform worldwide.

We are dedicated to continual innovation and our aim is to support the safety of the world’s food and feed reserves. Our company is family-owned and has over 20 years of extensive practical and research experience with advanced grain monitoring and control solutions.

Our mission is to provide sustainable, high-tech, unique quality products, solutions, and services for the whole range of crop-related industry from farmer to storage and processing plants. Our goal is to ensure and optimize the quality of stored crops in silos and other warehouses, supporting better food and feed for the world, minimizing losses, and increasing profitability in the supply chain.

Product lines:
- iGRAIN: Grain silo monitoring solutions
- CROP-PROTECTOR: Nitrogen generators and grain chilling
- TOXI-SCRUB: Grain detoxification, removal of mycotoxins

Contact us at info@i-grain.net
Let our experts suggest a solution for your grain silos to secure your stored grain best possible. 
Profit from the technological world leader in preservation of stored grain.

Join us in our mission to provide safe food and feed for the world.","Appliances, Electrical, and Electronics Manufacturing",11-50 employees,Privately Held,"Copenhagen, Capital Region, Denmark",Denmark,i-grain.net,https://www.linkedin.com/company/igrain-denmark
Suncil,"In Suncil, we believe climate change is the key global challenge of our times, therefore we need real, affordable, resilient, clean energy solutions for every part of planet.

Our vision is to harvest new energy sources to make power throughout a lifetime, building an intelligent infrastructure that works with and not against the natural world.

Suncil creates local energy and solar powered lighting without burial cables – a cheaper, smarter and more effective way of implementing solar energy into cities and communities.

Our technologies are based on renewable sources which is a cost-efficient building base for Smart City applications that brings environmental benefits and energy for generations to come. The applications improve the energy security by being independent from the grid.

All outdoor lighting solutions can be remotely controlled through a Control Management System which gives considerable benefits in management and maintenance of the lighting grid.

In 2008, we launched the first standalone solar powered luminaire – Asima Sun. Equipped with performant optics and incorporated smart controller and battery, it offers lighting throughout the dark hours regardless of previous days’ weather conditions.

We combine innovative lighting technology with beautiful aesthetics in the lighting design, we aim for the best possible solutions – for our customers and world.","Appliances, Electrical, and Electronics Manufacturing",2-10 employees,Privately Held,"Lystrup, Middle Jutland, Denmark",Denmark,suncil.com,https://www.linkedin.com/company/suncil
Kirp,"KIRP er specialister i professionelle lyd-, ringe- og talevarslingssystemer til skoler, institutioner, erhverv og offentlige bygninger.

Vi leverer driftssikre løsninger indenfor ringeanlæg, kaldeanlæg, hovedure, PA- og talevarsling, app-styring samt systemer til sikkerhed og kommunikation.

Derudover arbejder KIRP med tårnure, facadeure og restaurering af historiske urværker til kirker, slotte, herregårde og offentlige bygninger.

Vi samarbejder med både slutkunder, rådgivere og elinstallatører og kombinerer moderne teknologi med urmagertraditioner siden 1887.","Appliances, Electrical, and Electronics Manufacturing",2-10 employees,Public Company,"Vejle, South Denmark, Denmark",Denmark,kirp.dk,https://www.linkedin.com/company/kirp
Cynergy SMT,Services to the Electronics Manufacturing Industry.,"Appliances, Electrical, and Electronics Manufacturing",2-10 employees,Privately Held,"Hørning, Middle Jutland, Denmark",Denmark,cynergy-smt.com,https://www.linkedin.com/company/cynergy-smt
Radiant Opto-Electronics,"Founded in 1995, Radiant Opto-Electronics is a leading global provider of advanced optical solutions, specializing in optical design, master fabrication, and replication technologies. Radiant drives optical innovation while linking the partners worldwide to enrich lives.","Appliances, Electrical, and Electronics Manufacturing","10,001+ employees",Public Company,"Kongens Lyngby, Capital Region, Denmark",Denmark,radiant.com.tw,https://www.linkedin.com/company/radiant-optoelectronics-co
XLOCK Group,"Smart locking solutions. XLOCK sees itself as an innovation driver and manufacturer of high-quality digital furniture locks. With over 20 years of experience in the provision of innovative lock solutions and numerous, successfully completed projects all over the world, XLOCK has the know-how to offer experiences that go beyond pure function.","Appliances, Electrical, and Electronics Manufacturing",11-50 employees,Privately Held,"Copenhagen, Capital Region, Denmark",Denmark,xlockgroup.com,https://www.linkedin.com/company/xlock-group
AHT Cooling Systems Nordic Aps,"AHT Cooling Systems Nordic supplies energy efficient and innovative commercial refrigeration units & systems for Norway, Denmark, Sweden & Finland  as well as Transport Refrigeration units from Daikin & Zanotti.","Appliances, Electrical, and Electronics Manufacturing",2-10 employees,Privately Held,"Dragør, Capital Region, Denmark",Denmark,aht.at,https://www.linkedin.com/company/aht-cooling-systems-nordic-aps
EuroTechnic A/S,"Danish EMS for Prototypes and Series production.

Flexible EMS partner with expertise from traditional to high complexity assemblies. From small to large series with the same focus.
We have in-depth knowledge of processes and machines, since we have existed since 1984 we have many years of production experience with component sizes like 01005 and 0201 . 

To accomplish board assembly we also offer component supply, test, box build and rework.

High quality, latest technology and great flexibility, has always been, and still is the most important area of focus for EuroTechnic.

ISO9001:2015 and ISO13485:2016 certified

We provide Electronics Manufacturing Services to our customer!","Appliances, Electrical, and Electronics Manufacturing",11-50 employees,Public Company,"Støvring, North Jutland, Denmark",Denmark,eurotechnic.dk,https://www.linkedin.com/company/eurotechnic-a-s
ENDOTEST A/S,"Endotest assisterer danske virksomheder og organisationer med at forbedre kvaliteten i deres produktion, produkter og procedurer.

Vi leverer viden, produkter og service i relation til #olympus industrielle teknologiske løsninger til #ndt og måling. Udbuddet omfatter bl.a. endoskoper, ultralyd, #phasedarray, tykkelsesmålere, #xrf og #xrd. Derudover forhandles højhastighedskameraer og digitale mikroskoper fra henholdsvis #iXCameras og #dinolite. 
Vi har høj opmærksomhed på henvendelser og svare hurtigst muligt på forespørgsler. Vi tilbyder demonstration af produkter i kundens eget miljø samt levering af udstyr i overensstemmelse med brugernes forventninger.

Vi forsøger at dele information omkring anvendelse og funktion af inspektionsteknologier samt eventuelle nyheder, der sker i branchen og hos Endotest. 

Følg os gerne her på #linkedIn.","Appliances, Electrical, and Electronics Manufacturing",2-10 employees,Public Company,"Roskilde, Zealand, Denmark",Denmark,endotest.dk,https://www.linkedin.com/company/endotest-a-s
Elfac A/S,"Om Elfac / About Elfac

Elfac er en af Danmarks førende specialister i ledningskonfektion og forbindelsesteknik. Vi holder til i Silkeborg og har over 100 medarbejdere, der leverer løsninger til bl.a. transport, medicoteknik, vindenergi, forsvar, elektronik og satellitter.

Vi arbejder ud fra konceptet Harness Without the Hassle – tre faser: DEFINE – DESIGN – DELIVER. Høj kvalitet, fleksibilitet og leveringssikkerhed er i centrum, og vi skræddersyr altid efter kundens behov.

Elfac er certificeret efter ISO 9001, ISO 14001 og ISO 45001, og vi var blandt de første i Danmark til at opnå ISO 9000. Vi er en del af Lagercrantz Group AB og tror på rummelighed, godt arbejdsmiljø og stærke relationer.

Overvejer du outsourcing eller nearsourcing? Så står vi klar til at hjælpe dig.
Læs mere på elfac.dk

⸻

Elfac is a Danish specialist in cable harnessing and interconnection technology. From our base in Silkeborg, 100+ employees deliver solutions to industries like transport, medtech, wind energy, defense, electronics, and satellites.

Through Harness Without the Hassle – DEFINE – DESIGN – DELIVER – we focus on quality, flexibility, and on-time delivery.

We are certified to ISO 9001, ISO 14001, and ISO 45001, and among the first in Denmark with ISO 9000. Part of Lagercrantz Group AB, we value inclusiveness, a strong work environment, and close partnerships.","Appliances, Electrical, and Electronics Manufacturing",51-200 employees,Privately Held,"Silkeborg, Middle Jutland, Denmark",Denmark,elfac.dk,https://www.linkedin.com/company/elfac-a-s
ELTECHNO ApS,"En virksomhed, der beskæftiger sig med automation til miljø-, energi-og maskinanlæg. Vi besidder over 15 års erfaring i vort fag og lægger vægt på kvalitet samt et gedigent og veludført stykke arbejde.

Vi har til huse i Aabybro, hvorfra vi dagligt blandt andet hjælper en lang række danske virksomheder med automation af en bred skare af forskellige typer af proces- og maskinanlæg.","Appliances, Electrical, and Electronics Manufacturing",11-50 employees,Public Company,"Aabybro, North Jutland, Denmark",Denmark,eltechno.dk,https://www.linkedin.com/company/eltechno
Magnatek,High frequency X-ray sources and high voltage X-ray generators,"Appliances, Electrical, and Electronics Manufacturing",11-50 employees,Privately Held,"Højbjerg, Middle Jutland, Denmark",Denmark,magnatek.dk,https://www.linkedin.com/company/magnatek
Midtjysk El Center A/S,"Midtjysk El Center A/S er en lokal el-installatør virksomhed placeret i Ikast. Aktiviteterne er baseret på tre hovedområder. El-installation, Energioptimering og Sikkerhedssystemer til bebyggelse. Fælles for alle tre hovedområder er orienteringen imod både private og erhvervslivet. 
Indenfor el relaterede opgaver håndterer virksomheden alt, fra små opgaver, som tilslutning af en vaskemaskine, til store byggerier af både huse og kontorbygninger. 
Energioptimering omfatter installation af varmepumper, solceller og jordvarme. 
Sikkerhedssystemer refererer til tyverialarmer, videoovervågning, tågekanoner, adgangskontrol og automatiske brandalarmer. 
Desuden er vi leveringsdygtige i pærer, lysstofrør, batterier, stikdåser/propper, fatninger, lamper mm.","Appliances, Electrical, and Electronics Manufacturing",11-50 employees,Privately Held,"Ikast, Middle Jutland, Denmark",Denmark,midtjyskelcenter.dk,https://www.linkedin.com/company/midtjysk-el-center-aps
Viso Systems,"At Viso Systems we design, develop and manufacture light measuring equipment. We supply the lighting market with robust, modern, functional and simple systems for measuring photometric and spectral characteristics of lighting fixtures.

We address the demands of the lighting market also with OEM- and customer-specific solutions. We simplify the complexity of measurement and control systems and deliver easy and intuitive user interfaces. Thus we keep ourselves on the forefront of smart fully-integrated control and measurement solutions.

Located in the heart of Copenhagen, we supply our customers all around the world thus building a global network.","Appliances, Electrical, and Electronics Manufacturing",2-10 employees,Privately Held,"Copenhagen, Capital Region, Denmark",Denmark,visosystems.com,https://www.linkedin.com/company/viso-systems
CCM Electronic Engineering ApS,"CCM Electronic Engineering offers a wide range of engineering and delivers custom turnkey test systems. We impress our customers with the best possible solutions for assuring product quality in different industries.

As an ISO 9001:2015 certified company, we have a group of NI(National Instruments) certified software engineers(LabView Architect, LabVIEW Developers, and TestStand Developer) and experienced mechanical & electronic engineers ready for the next project. 

We are a Silver Partner with National Instruments, with a specialty in Vision Systems since 2011.

We offer services for:

Test systems
•Development of complete test systems including electronics, software and mechanical build
•Mechanic/Connector test technology
•For electronics and more

PC Based data collection and control
•Data sampling, processing and presentation
•Interactive database 
 
Electronics
•Embedded systems with micro controller, sensor input
•Closed loop control systems
•Power electronics, Motor control, PWM and TRIAC control
•PCB Design 
•Prototype testing
•EMC design, Pre compliance + EMC test facility test
•Production maturation
•Documentation 

Mechanics
•Concept development / Visualization
•Enclosure of electronics in cabinet, integrated with connectors, buttons...

Welcome to contact us: https://ccm-ee.dk/da/kontakt","Appliances, Electrical, and Electronics Manufacturing",11-50 employees,Public Company,"Sønderborg, South Denmark, Denmark",Denmark,ccm-ee.dk,https://www.linkedin.com/company/ccm-electronic-engineering
Inwave ApS,"Inwave er en dynamisk virksomhed med 20 års erfaring indenfor design, udvikling og salg af energibesparende LED kvalitetsbelysning og intelligent lysstyring. 

Vi samarbejder med førende rådgivere og installatører omkring alle former for belysningsprojekter til både offentlige og private bygherrer. Med stigende energipriser og ønsket om at bidrage til den grønne omstilling spiller energibesparelser og energirenovering indenfor belysning selvsagt en vigtig rolle i dagens Danmark. Derfor rådgiver vi naturligvis også gerne slutbruger/bygherre om energirenovering af belysning og anviser installatører, der kan udføre arbejdet.

Hos Inwave mener vi, at lys og belysning skal ses i en større sammenhæng: En helhedsorienteret tilgang hvor vi vægter både det funktionelle, æstetiske, klimaindsatsen og økonomiske aspekter når vi udvikler og leverer LED-belysning. Det er vores klare holdning at skandinavisk designtradition, god økonomi og klimarigtige valg ikke er hinandens modsætninger – tværtimod.","Appliances, Electrical, and Electronics Manufacturing",2-10 employees,Privately Held,"Faaborg, South Denmark, Denmark",Denmark,inwave.dk,https://www.linkedin.com/company/inwave-aps
JWL A/S,"At JWL, we specialize in designing and manufacturing high-quality tools and products for compressed air applications, as well as precision threading, turning, and milling. With decades of expertise, we serve the industrial and automotive sectors exclusively through wholesalers.

What We Do
Our Air Boy compressed air tools have been setting the standard for durability, reliability, and airtight performance since 1976. Designed for professionals, our solutions ensure efficiency and precision in workshops and production environments worldwide. We also offer subcontractor work and private label production, providing tailored solutions to meet specific industry needs.

How We Help
Reliable Quality: Our compressed air tools are built to last, delivering long-term performance in demanding environments.

Innovative Solutions: We continuously develop smarter, more efficient tools to optimize workflow and results.

Sustainable Focus: We prioritize environmentally responsible production and materials to reduce waste and improve energy efficiency.

Our Mission
To develop and produce user-friendly, durable compressed air tools that enhance efficiency and precision while respecting the environment.

Our Vision
To be the global leader in compressed air tool innovation for professionals and industry experts.","Appliances, Electrical, and Electronics Manufacturing",11-50 employees,Privately Held,"Hedensted, Middle Jutland, Denmark",Denmark,jwl.dk,https://www.linkedin.com/company/jwl-a-s
SAGA Components,"We aim to exceed our customers expectations by offering technical and commercial service and support on the highest level. 
With a tailored selection of components and supply chain solutions, we meet the customers needs while building strong relationships. 
Our daily goal? To delight our customers.","Appliances, Electrical, and Electronics Manufacturing",11-50 employees,Privately Held,"Roskilde, Zealand, Denmark",Denmark,sagacomponents.com,https://www.linkedin.com/company/saga-components
Elektriker Løsningen ApS,"Elektriker Løsningen ApS blev dannet i 2003 og drives i dag af Peter Breum, Tommy Knudsen, Steffen Wennick og Jon Ljungstrøm .

Firmaet har nu været autoriseret siden januar 2006 - og har i dag  over 75 ansatte.

Målsætningen for firmaet er, at fremstå som en seriøs og kvalitetsbevidst virksomhed, der kan rådgive samt udføre alle opgaver inden for elektriker-faget.

Vi leverer kvalitetsarbejde til konkurrencedygtige priser og særlig vigtigt for os at overholde de aftalte arbejder til tiden.         

Vores spidskompetencer ligger særligt inden for industri installationer /maskininstallationer samt større el-installationer.

Vi kan imødekomme stort set hvilken som helst tænkelig opgave.
Maskinistallationer,/tavler , bygningsinstallationer, solceller, ladestandere m.m.

Vi bestræber os på at være på forkant med udviklingen inden for el-branchen, så vi altid kan tilbyde og rådgive vores kunder om det seneste nye inden for el-faget.","Appliances, Electrical, and Electronics Manufacturing",51-200 employees,Self Employed,"Rousthøje, South Denmark, Denmark",Denmark,elektrikerloesningen.dk,https://www.linkedin.com/company/elektriker-løsningen-aps
Doms ApS,"Doms is the leading provider of forecourt controllers.
 
Experts in Forecourts

A narrow industry focus has over the years led to several product and solution innovations. The Petrol Site System (PSS) is an example of such an innovation and has grown to become a separate business area for Doms.

The PSS 5000 Forecourt Controller is a combination of more than 30 years of experience and the latest technology for supporting IT and business standards in the forecourt and POS environment. The PSS Forecourt Controllers are the most widely used forecourt controllers in the world, with systems installed on more than 70,000 sites and in more than 70 countries.

Doms is part of Gilbarco Veeder-Root and operates as an independent and separate business unit. Gilbarco Veeder-Root is a leading global provider of retail and commercial fuel dispensers, point of sale systems, automatic tank gauges, fuel management services, submersible pumps, site and retail management and environmental compliance.","Appliances, Electrical, and Electronics Manufacturing",51-200 employees,Public Company,"Glostrup, Denmark",Denmark,doms.com,https://www.linkedin.com/company/doms-as
RAVI Electronics,RAVI Electronics is a full service electronics assembly company for small and medium sized series. We offer SMD assembly down to 01005 passives as well as leaded components. Customer draw on our manufacturing expertise from early design phase to full series production.,"Appliances, Electrical, and Electronics Manufacturing",11-50 employees,Privately Held,"Aalborg, North Jutland, Denmark",Denmark,ravi.dk,https://www.linkedin.com/company/ravi-electronics
Caspian Systems,"Caspian Systems is a deep tech company that designs and manufactures customized motor drives. We believe that electrification is a key factor towards a more sustainable and efficient industry. We develop drives and control systems for different types of motors including three phase AC induction motors (ACIM), permanent magnet synchronous motors (PMSM) and BLDC motors.

Our motor drive solutions cover different applications and industries such as robotics and automation, industrial pumps and fans, machine tools, mobile robots, electric lifts, etc.","Appliances, Electrical, and Electronics Manufacturing",2-10 employees,Privately Held,"Copenhagen, Capital Region, Denmark",Denmark,caspiansystems.dk,https://www.linkedin.com/company/caspiansystems
Thiim A/S,"Let us optimize your operation with solutions and consulting within industrial IT, electrical components, data logger and relays. 

An experienced and technically strong team is ready to help you. For more than 50 years, Thiim has been developing, producing and negotiating professional solutions for the industry. 

At Thiim you can get solutions for: 
 control and measurement for optimization of operation and energy consumption, and for minimizing downtime 
 switches for both small and large reliable installations and machines 
 monitoring and measurement of electrical systems and electrical safety. 

See more at www.thiim.com or call +45 4485 8000 or email us thiim@thiim.com - or send us a message here on LinkedIn.","Appliances, Electrical, and Electronics Manufacturing",11-50 employees,Privately Held,"Gladsaxe, Capital Region, Denmark",Denmark,thiim.com,https://www.linkedin.com/company/thiim-a-s
TP RADIO,"After a humble start in 1978, TP Radio has become one of the leading European manufacturers of Private Mobile Radios (PMR) for data and voice communication systems. TP Radio, is manufacturing Hand-Held Radios, Mobile Radios, Fixed Radios, Repeaters as well as Systems (from simple to more complex systems) based upon these units.
 
TP Radio is synonymous with the slogan “The communication innovators” in radio communication” and the company was one of the first PMR manufacturers producing a fully frequency synthesized wide band transceiver providing full channel selection throughout the frequency band, as well as to introduce a dedicated high speed data radio to the market.
 
All tasks within design, development and manufacturing are carried out in-house. This enables us to meet our customers requirements and keep short delivery times.
 
We supply the Fire Brigades, Police, Defence/Military, Security Companies, Marine, Taxi- & Bus companies, Building Developers, Shipping Trade, Oil Drilling Companies, Industry and other professionals with a need for wireless communication. We are able to provide you with both simple radios as well as total system solutions for the above applications. Using our products as a part of your own system solution, is also an option.","Appliances, Electrical, and Electronics Manufacturing",11-50 employees,Privately Held,"Zealand, Denmark",Denmark,tpradio.dk,https://www.linkedin.com/company/tp-radio
SARGO A/S,"Navnet Sargo betyder ""oplade"" pa Esperanto – et sprog skabt til at forbinde verden. Det er præcis, hvad vi gør: udvikler intelligente, holdbare og æstetiske opladningsløsninger, der ikke bare driver e-mobiliteten fremad, men også skaber forbindelser mellem mennesker, teknologi og en mere bæredygtig fremtid.

Vores arv
Vi udspringer af Hamag A/S, en virksomhed med over 80 års teknisk ekspertise inden for drivmiddelteknik. Med en stærk arv og dyb forståelse for energi- og transportsektoren bygger vi videre – men med et nyt fokus. Sargo er skabt til at forme fremtidens mobilitet med innovative løsninger, hvor kvalitet, design og ansvarlig produktion gar hand i hand.

For os handler opladning ikke kun om strøm. 
Det handler om at udvikle intelligente løsninger, der fungerer problemfrit, holder i mange år og kan repareres frem for at blive skrottet. Vores ladebokse er designet og produceret i Danmark – med et kompromisløst fokus på kvalitet, æstetik og innovation.

Hvem er vi? 
Vi er problemknusere, partnere og nytænkere. Med en stærk teknisk arv og et skarpt blik mod fremtiden udvikler vi ladeløsninger, der kombinerer innovation med praktisk erfaring. Sammen med vores kunder og partnere skaber vi en bæredygtig vej frem.

Sargo – moves you","Appliances, Electrical, and Electronics Manufacturing",51-200 employees,Privately Held,"Rødekro, South Denmark, Denmark",Denmark,sargo.dk,https://www.linkedin.com/company/sargo-emobility
.,"ENCO A/S – EL udfører alle former for el-opgaver til nybyggeri, renovering og industri samt service.

Vores kontor er bosat i Glostrup, hvor vi har kapaciteten til at betjene og servicerer vores kunder på det meste Sjælland.

ENCO er kendt for at lytte til kunderne og levere tekniske installationer, som er tilpasset kundens behov og ønsker.

Mere end 30 års el-erfaring har bekræftet os i, at et byggeri bliver bedre, når alle parter i processen er åbne og viser hinanden tillid.

Vi udfører traditionelle og intelligente bygningsinstallationer (BMS, IBI,CTS, KNX, Lon, Dali & IHC), sikringsanlæg ( AIA, ADK & ITV), antenneanlæg og tele-datainstallationer samt IT – netværk.

De tekniske installationer er oftest fundamentet for den efterfølgende drift af et byggeri. Teknikken skal kunne styres nemt og smidigt og sikre højeste komfort og laveste energiforbrug i bygningens levetid.

Ved arbejdets afslutning leverer vi den komplette dokumentation samt drifts- og vedligeholdelsesvejledning gerne suppleret med tilbud på serviceaftale.

Din kundetilfredshed er afgørende for os, og det kendetegner ENCO, at vores kundeliste og referencer bygger på gensidig tillid og et langvarigt samarbejde.

Du kan let kontakte ENCO og få en pris eller et fast tilbud på din opgave ved at bruge kontaktformularen på denne side eller ringe på 43 43 37 76","Appliances, Electrical, and Electronics Manufacturing",201-500 employees,Public Company,"Glostrup, Capital Region, Denmark",Denmark,encoel.dk,https://www.linkedin.com/company/enco-a-s---el
PCB-Support,"PCB-Support is a consulting company established in 2009, originating from the mobile phone R&D sector in the Aalborg area. We design printed circuit boards for you and create a comprehensive data package to the supplier.
Our major experience with advanced PCB layouts are reached through many years of development in wireless communications.

Software:
Cadence OrCAD / Cadence Allegro
Altium Designer","Appliances, Electrical, and Electronics Manufacturing",2-10 employees,Partnership,"Hjørring, North Jutland, Denmark",Denmark,pcb-support.dk,https://www.linkedin.com/company/pcb-support
Strøh A/S,"Strøh A/S er en topmoderne teknikvirksomhed, hvor individet, service og kvalitet har højeste prioritet. Vi har i virksomheden skabt et værdisæt, der klart definerer, hvem vi er og hvad vi står for.

Vi vil være jeres professionelle leverandør indenfor

ABA Automatisk brandalarmanlæg 
AIA Automatisk indbrudsalarm 
ADK Automatisk adgangskontrol
ABV Automatisk brandventilation
ABDL Automatisk Branddørlukning
AVA Automatisk brandvarsling
ARS Automatisk rumslukning
ITV Intern TV overvågning / Nød og panikbelysning

Vores mission er at være blandt landsdelens bedste leverandør af el-tekniske løsninger indenfor el, sikring, tele- og data installationer samt solceller og vedvarende energiløsninger til private, erhverv og offentlige instanser.
Visionen er at skabe gode tekniske løsninger, som skaber vækst og komfort for vore kunder.
Kvalitet, effektivitet og kompetence

Med afdelinger i Kolding, Børkop, Rødekro og Tørring og en medarbejderstab på 45 mand servicerer Strøh Teknikpartner kunder over det meste af landet. 
En solid erfaring kombineret med den rigtige sammensætning af specialister gør Strøh Teknikpartner i stand til at løse alle opgaver indenfor elinstallation, kommunikation og sikring.","Appliances, Electrical, and Electronics Manufacturing",11-50 employees,Public Company,"South Denmark, Denmark",Denmark,stp.dk,https://www.linkedin.com/company/strøh-teknikpartner-a-s
Okholm Lighting A/S,"Okholm Lighting er lysproducent som har fokus på sine kunder, som ønsker lys der ikke er en ""stangvare""
Virksomheden har 50 års erfaring i specialløsninger til alle former for dekorativ belysning, samt kunde specifikke produkter.
Derfor er vores filosofi også: 

Lys der skaber rum
Okholm Lighting skaber lys til store rum. Det kan være domiciler, auditorier, teatre, kirker eller uderum som parker og pladser. Typisk er det arkitekten, der sammen med bygherren har ideerne og visionen om rummets belysning. Hos Okholm Lighting er vi eksperter i at gøre disse ideer og visioner til virkelighed – og til fantastiske rum.

Skræddersyede løsninger
Visioner om rummets belysning kan sjældent realiseres med standardløsninger. 
I stedet for at tage udgangspunkt i et sortiment af produkter, udvikler vi hos Okholm Lighting unikke løsninger skræddersyet til det enkelte projekt.  Alt kan lade sig gøre! Med det udgangspunkt har vi skabt en række enestående designs og belysningsløsninger i Danmark og i udlandet.

Plads til kreativitet
Okholm Lighting er en fleksibel og løsningsorienteret virksomhed, som lægger vægt på effektiv og professionel projektstyring. Vi magter alle aspekter af fremstilling af lys og kan derfor indgå i et nært samarbejde med projektudvikleren i alle byggeriets faser. Vi er engagerede og elsker at afprøve andres ideer med hurtige mock-ups og ultimativt udvikle nye designs.

Mere end funktionalitet
Moderne belysning til store rum tjener mange formål: Belysningen understøtter rummets funktioner ved at skabe den stemning, der naturligt passer til funktionaliteten. Intimitet, højtidelighed eller tryghed er eksempler på sådanne stemninger. Belysning bliver i stadig stigende grad en oplevelse i sig selv, således at lys og skyggevirkninger, farver og armaturer bliver en integreret del af hele rummets udtryk. Her bliver lys til design!","Appliances, Electrical, and Electronics Manufacturing",11-50 employees,Privately Held,"Tønder, South Denmark, Denmark",Denmark,okholm-lighting.dk,https://www.linkedin.com/company/okholm-lighting-a-s
Dalmose El-Service A/S,"Dalmose El-Service A/S er en El-installationsvirksomhed der startet i 1986.
Vi beskæftiger i øjeblikket ca. 30 ansatte.
Vores primære arbejdsområder er El-installationer, sikringsanlæg, industriservice, termografering og vedvarende energi.
Blandt vores referencer kan nævnes:

- McDonalds Danmark ApS
- Affaldplus+
- Kongskilde Maskinfabrik A/S
- Dacore
- Göttingen Minipigs
- Assa Abloy
- Bolind Consult
- Bolind Handel
- Cidex A/S

Vi udfører alle opgaver...... Fra service hos hr. og fru Jensen til de helt komplicerede styringer på forbrændingsanlæg.","Appliances, Electrical, and Electronics Manufacturing",11-50 employees,Public Company,"Slagelse, Zealand, Denmark",Denmark,dalmose-el.dk,https://www.linkedin.com/company/dalmose-el-service-a-s
GACELL A/S - a part of SUNLIGHT Group,"GACELL is a specialist battery distributor, and the Danish subsidiary of the A. Müller Group GmbH, with locations across Europe including Germany, UK, Italy and Holland. Being part of a international company gives us a strong competitive edge in sourcing batteries, chargers, inverters, lithium industrial and other associated products to meet customer demand.

GACELL A/S employs highly experienced battery specialists with the expertise to evaluate new battery products and understand our fast-changing market place, making sure that we follow the technologies and demands of our industry.

We cover all technologies such as Lead Acid AGM, Gel, EFB, SMF, Lithium & Carbon Gel Deep Cycle Batteries. This also includes battery chargers that support these technologies.

In addition you will also find batteries for powertools, and ranges of lithium and alkaline batteries for electronic devices.

Follow us to keep yourself updated.","Appliances, Electrical, and Electronics Manufacturing",51-200 employees,Public Company,"Holstebro, Middle Jutland, Denmark",Denmark,gacell-power.com,https://www.linkedin.com/company/gacell-a-s
DIS - Danish Interpretation Systems A/S (Former),"This Page is NO LONGER ACTIVE or being updated. 

Company today is Shure Scandinavia A/S. 

PLEASE follow us on LinkedIn at Shure Incorporated, www.shure.com 

Shure manufactures and sell high-end Audio solutions for more than +90 years to date. 
Shure Scandinavia is the Scandinavian office of Shure Inc. and main office for the DIS brand.




-------------------------------------------------------- ----------------------------------------------------------------------------------------------","Appliances, Electrical, and Electronics Manufacturing",Self-employed,Privately Held,"Copenhagen, Capital Region, Denmark",Denmark,shure.com,https://www.linkedin.com/company/dis---danish-interpretation-systems-a-s
Kjaerulf Pedersen a/s,"Kjaerulf Pedersen a/s is a Danish owned company that manufactures and develops sensors for measuring temperature, humidity, vibration, motion, CO2 and O2.
 
Our headquarters and production is situated 15 kilometers outside the Danish Capital Copenhagen. Furthermore, we have production sites in Poland and China.

Reliability, durability and innovation are key ingredients in every product we offer. One of our key strengths as a supplier is our flexibility, meaning that we operate with great speed and the lead-time from idea to first delivery is short. All this combined with producing quality products at competitive prices are just some of the reasons why we are OEM suppliers to some of the biggest and most successful companies in the world.

Through a very good relationship with our customers, we always come up with perfect solutions.","Appliances, Electrical, and Electronics Manufacturing",51-200 employees,Privately Held,"Taastrup, Capital Region, Denmark",Denmark,kp-as.com,https://www.linkedin.com/company/kjaerulf-pedersen-a-s
Mlyd,"We are sound nerds who have been working with speakers and sound for more than 20 years. Sound is serious business for us - both when it comes to design, projection and delivery.","Appliances, Electrical, and Electronics Manufacturing",2-10 employees,Privately Held,"Haderslev, South Denmark, Denmark",Denmark,mlyd.dk,https://www.linkedin.com/company/mlyd
Elpress A/S Danmark,"Producent af kabelsko, presseværktøj, jordingssystemer og elektrisk forbindelsesmateriel","Appliances, Electrical, and Electronics Manufacturing",11-50 employees,Privately Held,"Silkeborg, Middle Jutland, Denmark",Denmark,elpress.dk,https://www.linkedin.com/company/elpress-a-s-danmark
Power Advice,Power Advice develops power electronics products and provide consultants with power electronics expertise.,"Appliances, Electrical, and Electronics Manufacturing",2-10 employees,Public Company,"Hinnerup, Middle Jutland, Denmark",Denmark,power-advice.com,https://www.linkedin.com/company/power-advice
L&S Automation,"Lund & Sørensen er blandt Danmarks førende virksomheder indenfor brugervenlige og innovative styretavler, el-tavler og automationsløsninger samt komplette procesanlæg til industrien.

Vi udvikler og producerer styretavler og el-tavler, automationsløsninger, samt komplette proces- og maskinanlæg til industrivirksomheder og maskinbyggere i såvel Danmark som udlandet.

Når Lund & Sørensen står for at konstruere en hvilken som helst løsning for din virksomhed, så foregår udviklingen i tæt samarbejde med nøglepersonerne i din virksomhed.
Hele vores tekniske medarbejderstab besidder en omfattende teknisk, innovativ, praktisk og solid viden om automatik på højeste tekniske niveau.

I vores samarbejde med din virksomhed og de relevante nøglemedarbejdere har vi i hele processen fokus rettet mod din virksomheds behov og mod de fordele, som vores produkter kan skabe for din virksomhed. Det betyder tillige, at det er vores mål, at vi arbejder tæt sammen med din virksomheds medarbejdere fra start til slut af hele projektet.

Lund & Sørensens mål er, at vores virksomhed til enhver tid skal være blandt de førende på markedet ved hjælp af vores innovation og store tekniske erfaring, der tilsammen resulterer i driftssikre og enkle løsninger - hver gang.

Vi arbejder ud fra følgende værdisæt:
• Vi leverer produkter med den lovede kvalitet 
• Vi har fokus på energibesparelse og sikkerhed 
• Vi leverer til den aftalte dato 
• Vi leverer til den fastsatte pris","Appliances, Electrical, and Electronics Manufacturing",11-50 employees,Public Company,"Kolding, South Denmark, Denmark",Denmark,ls-solutions.dk,https://www.linkedin.com/company/innotek-a-s
Eltech Solutions A/S,"Eltech Solutions er en ambitiøs og førende distributør af komponenter indenfor Kabel & Forbindelse, Elektronik, Ventilation & Køling, Automation og Elmekanik samt kundetilpassede løsninger til danske OEM industrikunder.","Appliances, Electrical, and Electronics Manufacturing",11-50 employees,Public Company,"Smørum, Denmark",Denmark,eltechsolutions.dk,https://www.linkedin.com/company/eltechsolutions
BR-EL A/S,"Elektriker og el-installatør i Varde, Grindsted, Ølgod og Ansager - BR-EL A/S

Hos BR-EL A/S tilbyder vi autoriseret hjælp og service inden for el-installation, energioptimering og salg og reparation af alt i hårde hvidevarer. Du kan besøge vores EL SALG-butikker i 1 af vores 4 afdelinger (Ølgod), hvor vores veluddannede personale kan hjælpe med alt inden for hvidevarer og belysning. 
Vores erfarne team af autoriserede elektrikere, el-installatører og montører servicerer både private, landbrug, erhvervs- og industrikunder med alt fra standard installationsarbejde til store projekter med nybyggeri, totalinstallation og energirenovering.

Vi går højt op i at holde alle medarbejdere up-to-date med udviklingen inden for el og energi, så vi altid leverer moderne kvalitetsløsninger. For os er det en æressag at overholde aftalte tids- og prisrammer, og uanset projektets omfang og størrelse tilbyder vi altid professionel rådgivning og konkurrencedygtige priser.
Det er er vores fremtidsvision, at vi forbliver en kompetent og pålidelig samarbejdspartner inden for vores fagområder.

Vores erhvervs-, industri- og landbrugskunder nyder godt af vores ekspertise inden for bl.a.: generel elektriker-service, energioptimering og energirådgivning, alarmsystemer med videoovervågning, intelligente løsninger og el-entreprise med eksempelvis totalinstallation i nybyg og renoveringsprojekter.

Vores private kunder drager fordel af vores brede kompetencer og erfaring inden for alt fra ordinær el-installation, montage og opsætning af varmepumper eller solcelleanlæg, energirenovering, intelligente belysningsløsninger med LED lys, opsætning af alarmsystemer og meget meget andet.

Vores autoriserede elektrikere og montører servicerer en bred kundekreds ud fra vores 3 afdelinger i Varde, Grindsted og Ølgod, og vi kører derfor ud i det meste af Midt- og Vestjylland.
Læs meget mere om os, vores specialer og kompetencer på vores hjemmeside: www.br-el.dk","Appliances, Electrical, and Electronics Manufacturing",11-50 employees,Public Company,"Ølgod, Jylland, Denmark",Denmark,br-el.dk,https://www.linkedin.com/company/br-el
O&J Energy A/S,"O&J Energy AS er en moderne virksomhed som blev grundlagt i 1919, vi har siden udviklet vores aktiviteter i forhold til de krav der stilles af vore kunder og myndigheder.
Vores aktiviteter fordeler sig på elektromekanisk service, styring og regulering, maritime el-installationer og maritim elektronik.
Igennem mange års erfaring, højt uddannede teknikere og moderne faciliteter på vores 1400 m2 værksted, udstyret med 20 tons kran er vi i stand til at håndtere selv de største opgaver omkring Elektro motorer og generatorer.
Vores ”setup” med elektromekanikere, elektrikere og elektronik teknikere, gør det muligt for os at tilbyde vore kunder en total løsning omkring service, reparation og vedligehold. 

O&J Energy tilbyder:

•	Elektromekanisk service
•	Generator service
•	Elektro motor service AC/DC & ATEX.
•	IECEx reparationer af EX motorer
•	Pumpe service
•	Fuld last test of generatorer og AC motorer op til 630 KW / 24-6000 Volt
•	Dynamisk afbalancering op til 1600 kg.
•	Tilstandsbaseret vedligehold og laser opretning
•	Motor og pumpe reservedels salg
•	24 timers service
•	Fuld reparations dokumentation","Appliances, Electrical, and Electronics Manufacturing",51-200 employees,Public Company,Denmark,Denmark,oj-energy.dk,https://www.linkedin.com/company/o&j-energy-as
smartTec Nordic A/S,"smartTec Nordic is part of the smartTec GmbH; containing smartEc, smartFlexLine and smartTec Swiss. All together we employ more than 60 people in the different divisions.

From our central warehouse in Frankfurt we have excellent logistic connections throughout the European continent, and are effectively being able to have your goods with you in just a few days.

We have specialised in fulfilling our customers’ needs for a supplier that delivers services and product at the right time and price, by utilizing advanced IT-solutions and logistic we are competing with high efficiency in a very competitive market.

For returning customers we offer premier login to our website, with possibility to easy to make re-buys, overview open orders and for your account department a complete access to the actual account statement – Please contact our customer support for further information.

You, as our customer are highly valued – We appreciate the time you spend on our website, and hope that we have been able to help you with finding just the right product for you. Did you not find it or have suggestions to how we can improve our business we will very much like to here from you. Therefore please contact our customer hotline +45 4593 6262 or send a mail to info@smarttec.dk

Best regards,

Lars Bøndergaard
Managing Director","Appliances, Electrical, and Electronics Manufacturing",11-50 employees,Privately Held,"Taastrup, Capital Region, Denmark",Denmark,smarttec.dk,https://www.linkedin.com/company/smarttec-nordic-a-s
FiberMAN A/S,"Siden 2005 har FiberMAN specialiseret sig i infrastruktur- og netværksløsninger. FiberMAN hjælper med rådgivning og klarlægning af jeres behov. 

Vi specialiserer os i it-infrastruktur og netværksløsninger til Regioner & Kommuner, Offshore vindindustri, Teleselskaber & Datacentre, Kontor & Produktionsvirksomheder samt Elinstallation og konsulentarbejde i hele verden. 

FiberMAN er din kompetente partner og rådgiver til it-infrastruktur og netværk, der kræver specialiseret rådgivning.","Appliances, Electrical, and Electronics Manufacturing",11-50 employees,Public Company,"Svenstrup, North Jutland, Denmark",Denmark,fiberman.dk,https://www.linkedin.com/company/fiberman-a-s
Dovitech A/S,"The unique organisation of Dovitech A/S, ensures you direct access to competent and strongly engaged team who will constructively guide you in order to find the right and specific solution for your application.
 
In very close cooperation with our suppliers we are able to offer our customers effective production and logistic facility which is essiental to any compagny. Important part of our logistic is delivery within 24 hours, and online connections to our major suppliers which make it possible to give an accurate date of delivery.

To see more go to www.dovitech.dk","Appliances, Electrical, and Electronics Manufacturing",11-50 employees,Privately Held,"Birkerød, Capital Region, Denmark",Denmark,dovitech.dk,https://www.linkedin.com/company/dovitech-a-s
Paul E. Danchell A/S,"TOTAL SERVICE PARTNER

At Paul E. Danchell A/S we are committed to deliver excellent workmanship, stay competitive and remain a closely related EMS partner. 

Our technical knowledge regarding high quality manufacturing, planning and logistics are some of the main things we are well known for. 

We take pride in being the most robust and reliable EMS partner of the electronic industry. Together with our cost-efficient manufacturing equipment, and the fact that the material price constitutes to the major cost of electronic manufacturing, we can satisfie our customers needs for local, close-to-market production.

We don’t see ourselves as a traditional EMS, but as a closely- related EMS partner, who would like to help creating value with our core competences.

Our strategy is always being at the forefront of the latest technologies.","Appliances, Electrical, and Electronics Manufacturing",51-200 employees,Privately Held,"Jyderup, Zealand, Denmark",Denmark,danchell.com,https://www.linkedin.com/company/danchell
LED-TEK,"LED-TEK A/S er fusioneret med Luminex A/S. 

LED-TEK A/S blev grundlagt 2009 med det mål primært at fremme og udbygge brugen af LED-belysning. Vi udvælger og fastholder vore leverandører ud fra kvalitet, stabilitet, design og pris. Produkt porteføljen bliver løbende godkendt og opdateret ved et tæt samarbejde med vore kunder og leverandører.","Appliances, Electrical, and Electronics Manufacturing",2-10 employees,Public Company,Denmark,Denmark,luminex.dk,https://www.linkedin.com/company/led-tek
WATS- We Are The Solution,"Vi har i WATS en vision. 

”Vi gør udvikling humørfyldt og trygt. Som en kreativ raketfærd, hvor du både får sug i maven og lander et sted du aldrig har været før –og vi er med dig hele vejen.”
WATS blev etableret i 2018, grundlagt på en stærk tro på værdien af intelligente og sikre bygningsløsninger samt dyb teknisk ekspertise inden for bygningsautomatik, brandsikring og entreprise.

Dét, der kendetegner os, er:
•	Høj teknisk faglighed inden for BMS/CTS, brandsikring og entreprise
•	Optimerede løsninger med fokus på stabil drift, sikkerhed og målbar værdi
•	Brugervenlig styring og datadrevne optimeringsmuligheder
•	Gennemsigtig kommunikation, kvalitet og tillidsbaseret samarbejde

Vores WATS’ere er fundamentet i virksomheden, og intet WATS uden hverken dem eller vores kunder der spænder bredt – fra kontorer og ejendomsadministration til landbrug, offentlige bygninger og pharmatech/cleanroom-miljøer. Vi arbejder i komplekse og kritiske installationer, hvor både driftssikkerhed og sikkerhedssystemer skal fungere uden kompromis.

Vi holder til i Vanløse, Kolding, Århus og Thisted – men vi løser opgaver i hele verden, da vores team har solid erfaring i at samarbejde på tværs af lande, standarder og kulturer.

Vi ville blive så glade hvis du vil med os på vores rejse ud i mere intelligente, energioptimerede og sikre bygninger – og ikke mindst vores fællesskab, værdier, vækst og forhåbninger om at være en virkelig fed arbejdsplads at være en del af.","Appliances, Electrical, and Electronics Manufacturing",11-50 employees,Self Employed,"Copenhagen, Capital Region, Denmark",Denmark,wats.as,https://www.linkedin.com/company/wats-we-are-the-solution
RODAN Technologies,"Since our establishment in 1984, we have been a preferred supplier in the design, development, and deployment of interconnect solutions for applications in the industrial, transportation, aerospace & defence, medical, test & measurement and renewable energy markets.

We have specialized in custom cable assemblies and wire harnesses and in addition to our own in-house production, we have production sites in Lithuania. We have the ability to manufacture high volume production runs, but our niche lies in small- to medium-size production runs where quick turnaround is necessary.

Our approach to the market combined with modern technologies enables us to design and manufacture cable assemblies for any market or application. We customize our solutions to each customer and here is quality, efficiency and flexibility key elements.

We work hard to live up to our motto “Manufacturing Relationship, Distributing Quality” meaning that we have a clear goal to build a strong long-term customer relationships based on good customer service and quality conscious and competitive products.

Our decades of expertise in manufacturing custom cable assemblies and value added processes, coupled with experienced and dedicated people, allows us to be your one-stop source.

Being part of something big

We are a company in the Rosenberger Group, who employs more than 11.300 people worldwide and have an annual sales of more than $700 million. For more than half a century, the name Rosenberger has been associated with the most advanced technology, quality and creativity. Rosenberger is a worldwide leading manufacturer of connector solutions in the high-frequency and fiber optic technology fields.

Our company name RODAN, was changed April 1, 2016 and is actually a combination/contraction of “Rosenberger” and “Danmark”.

We deliver interconnect solutions to meet your specific requirements.","Appliances, Electrical, and Electronics Manufacturing",11-50 employees,Public Company,"Lynge Mark, Capital Region, Denmark",Denmark,rodantech.com,https://www.linkedin.com/company/rodan-technologies
Celltech A/S,"Celltech er den førende batterileverandør i Norden. 
Siden 1984 har vi arbejdet hårdt på at opbygge langsigtede relationer med vores kunder og samarbejdspartnere. Vores mål er at arbejde tæt sammen med vores kunder og fungere som deres batteriafdeling. Med oprindelse i Norden har vi udvidet vores forretning til global skala i over tre årtier. I dag betjener vi vores globale kundebase til alle kontinenter i verden.
Vi arbejder sammen med vores kunder og partnere om at udvikle nuværende og fremtidige strømløsninger - fra idé til produktion, fra hyldevare til kundetilpassede løsninger. Sammen finder vi altid den optimale løsning til dit projekt. Skræddersyede batteri- og opladningsløsninger er kernen i Celltechs forretningskoncept.","Appliances, Electrical, and Electronics Manufacturing",11-50 employees,Privately Held,"Værløse, Capital Region, Denmark",Denmark,celltech.dk,https://www.linkedin.com/company/celltech-a-s
ThermIT ApS,"This company is producing and selling wireless temperature logging and monitoring systems, based on GSM and WiFi modules together with wireless RF temperature sensors. Data is captured on a hosted server, and the customers are able to administrate data and text warnings on the company website, or on the ThermIT App.","Appliances, Electrical, and Electronics Manufacturing",2-10 employees,Partnership,"Hjørring, North Jutland, Denmark",Denmark,thermit.dk,https://www.linkedin.com/company/thermit-aps
Cabicon a/s,"Cabicon is a Danish-owned company with headquarters in Denmark and a well-established office in Poland. We deal with a wide range of products for the electrical industry, wind industry, installation industry, offshore & marine, infrastructure, construction, data and telecommunications, medical, and various specialty stores. Every day, we work towards our vision with purpose. To become Denmark’s leading distributor of electrical products within all the industries we operate in.

Our core focus is on being an agile and responsible company, recognized for our commitment to top quality, innovation, and outstanding customer service. For us, it is crucial to run a healthy and sustainable business, where our greatest values are our customers and our employees.

Through our efforts, we aim to lead the industry and set new standards for how the best customer service is experienced, while building strong and lasting relationships with our customers and providing our employees with the best conditions to unfold their potential.","Appliances, Electrical, and Electronics Manufacturing",11-50 employees,Public Company,"Odense, South Denmark, Denmark",Denmark,cabicon.com,https://www.linkedin.com/company/cabicon-a-s
Elstyrken,"Elstyrken er din engagerede partner som forener mange års praktisk erfaring med nye, digitale og mere bæredygtige muligheder. Vores erfarne medarbejdere løser både store og små opgaver for virksomheder og private. Vi går ind for dialog fra start til slut, så det er let for dig at følge med i vores arbejde.","Appliances, Electrical, and Electronics Manufacturing",11-50 employees,Public Company,"Capital Region, Denmark",Denmark,elstyrken.dk,https://www.linkedin.com/company/elstyrken-aps
Typhon Technologies ApS,"Typhon Technologies is a privately owned Danish technology company. We are founded with the vision of develop and produce leading innovative sensors for the Industrial Refrigeration, Commercial Refrigeration and Heat Pumps systems. All sensors are suitable for all kind of refrigerant and oil.

All products from Typhon Technologies are developed in-house and produced in Denmark. 
Typhon Technologies have many years of experience in development and manufacturing high-end technology products etc., capacitive sensors, low current application, battery powered application, wireless, Bluetooth, LTE, Gateways.

With more than +25 years of experience for the team behind Typhon Technologies who have developed and designed technology solutions for many industries, with a need for safety approval of products of various directives, among others electromagnetic compatibility, the Low Voltage Directive, the Radio Equipment Directive, the Machinery Directive, the Marine Equipment

Contact us on sales@typhon-technologies.com

Typhon Technologies - Tomorrow's Technology

Specialties
Capacitive sensors | Controls | Low current application | Battery powered application | Wireless | LTE | Engineering | Technology | Innovation | Mission Critical application","Appliances, Electrical, and Electronics Manufacturing",2-10 employees,Privately Held,"Risskov, Middle Jutland, Denmark",Denmark,typhon-technologies.com,https://www.linkedin.com/company/typhon-technologies-aps
Elcor Group,"Elcor is the leading Northern European provider of electrical panels with best-in-class service and software. With over 1,100 professionals across Denmark, Norway, Sweden, Poland, and Lithuania, the company specialises in delivering advanced electrical panel solutions that drive automation, efficiency, and reliability in industrial operations. Formed through the consolidation of six leading Nordic manufacturers and backed by over 100 years of combined experience, Elcor provides end-to-end services from design and specification to hardware and software production, installation, and long-term support. With a strong commitment to sustainability, Elcor actively contributes to the shift toward energy-efficient and environmentally responsible industrial operations.","Appliances, Electrical, and Electronics Manufacturing","1,001-5,000 employees",Privately Held,"Skovlunde, Capital Region, Denmark",Denmark,elcor-group.com,https://www.linkedin.com/company/elcor
HELUKABEL Danmark,"""HELUKABEL is a German family-owned company that, over a period of 40 years, has experienced significant growth and established itself as one of the world's leading manufacturers in the cable industry. We are a leading international producer and supplier of cables, wires, and cable accessories. With 63 locations in 39 countries, including production facilities and sales offices, we are a reliable partner for our customers in the industry and infrastructure sectors.

We specialize in providing tailored solutions to optimize energy and information flow in any context. With an impressive product portfolio of over 33,000 items, supported by decades of experience and fast deliveries, we are dedicated to finding the ideal solution to meet your specific challenges.

We are located in Taastrup, Denmark, and in collaboration with our global colleagues, we focus on meeting your needs, whether it involves cables for land, underwater, or seabed applications. We are convinced that this approach is essential for our continued growth and has contributed to our presence in over 39 countries.

Specialties: Industrial cables & single conductors | Infrastructure cables & wires | Data, network & bus technology | Cables for caterpillar tracks | Custom cables | Prefabricated cables | Cables for wind turbines and solar panels | Spiral cables | Media technology | Cable accessories""","Appliances, Electrical, and Electronics Manufacturing",2-10 employees,Privately Held,"Taastrup, Capital Region, Denmark",Denmark,helu.com,https://www.linkedin.com/company/helu-danmark
Blue Control,"Vi udvikler SRO-styringer til både mindre og større vandværker

Blue Control, har udviklet en SRO-styring (styring-regulering-overvågning) til vandværker, som samler indvinding, filtrering, udpumpning og rapportering i én enhed. Dette er udviklet med tanke på fremtiden, og det fremtidige vandværks behov – både store og små. 

Vores SRO-styring er baseret på industriel teknologi og design, kendetegnet ved funktionalitet, fleksibilitet, stabilitet, robusthed og tilgængelighed.

Der er adgang til styring af vandværket via internettet fra eksempelvis en lokal PC på vandværket, i hjemmet eller tablet og smartphone.","Appliances, Electrical, and Electronics Manufacturing",11-50 employees,Privately Held,"Birkerød, Capital Region, Denmark",Denmark,bluecontrol.dk,https://www.linkedin.com/company/bluecontrol
VengSystem A/S,VengSystem A/S supplies climate friendly solutions for ventilation and micro climate in modern farm buildings.,"Appliances, Electrical, and Electronics Manufacturing",11-50 employees,Public Company,"Roslev, Middle Jutland, Denmark",Denmark,vengsystem.com,https://www.linkedin.com/company/vengsystem-a-s
SYNIK A/S,"TK-TEK har igennem mere end 20 år beskæftiget sig med el-installationer inden for detailbranchen.

Vi er fleksible og yder den service, der er behov for, når opgaverne skal løses proffesionelt og hurtigt.

TK-TEK har stor brancheerfaring, og vi ved, hvor vigtigt det er, at butikken er tilgængelig for kunden under service og renoveringsopgaver.

 

TK-TEK udfører lovpligtige eleftersyn jf. Sikkerhedsstyrelsen retningslinjer. 

En serviceaftale på udførelsen af eleftersyn  er din garanti for, at el-installationerne lever op til dine og myndyghedernes krav.  

 

Vores dygtige team af elektrikere udfører installations opgaver i hele landet, og ingen opgave er for lille eller stor.","Appliances, Electrical, and Electronics Manufacturing",11-50 employees,Public Company,"Kolding, South Denmark, Denmark",Denmark,tk-tek.dk,https://www.linkedin.com/company/tk-tek-a-s
ELVISION A/S,"Historien om ELVISION begynder i 2025, da flere entreprenante navne i branchen med en samlet erfaring på over 50 år, inden for det el & netværks tekniske en dag sætter sig sammen, og beslutter at unik kundeservice og en klar vision for fremtiden altid skal være de bærende elementer i en fremtidig forretning.

Derefter stifter de ELVISION A/S

Vi arbejder hver dag for at opnå en stærk position som totalleverandør af el & netværks tekniske løsninger til forskellige segmenter inden for industrierne.

Hos ELVISION har vi en ambition om vækst lokalt, regionalt, nationalt og på internationalt niveau. Vores forretningsområder dækker bredt inden for det el & netværks tekniske område, og med stor fokus på den grønne omstilling.

ELVISION er et videnshus, hvor der altid er mulighed for sparring og rådgivning fra erfarne medarbejdere om netop din vision.

OG så naturligvis vores vigtigste aktiv, vores medarbejdere som hver eneste dag, arbejder benhårdt og dedikeret for at alle kunder altid får den bedste oplevelse, både før opstarten, under projektet, og efter aflevering.

Fagligheden er altid i højsædet hos ELVISION.


Vision & Mission

Vores vision er at blive kvalitets leverandør af el & netværks tekniske løsninger til virksomheder inden for vores segmenter.

Vi stræber efter at levere professionelle og skræddersyede løsninger, der imødekommer kundernes behov og forbedrer deres operationelle præstationer og resultater.

Som en totalleverandør af el & netværks tekniske løsninger, tilbyder vi ekspertise på tværs af fagområder og lægger stor vægt på rådgivning og udførelse.

Vores mål er at opbygge stærke og langvarige kundeforhold, hvor tillid og kvalitet er i højsædet. Vi er dedikerede til at sikre, at vores kunder får den bedste oplevelse og de mest effektive løsninger.

Vores mission er at øge virksomheders konkurrence kraft ved at optimere kundeservice gennem indsigt og teknologi.","Appliances, Electrical, and Electronics Manufacturing",11-50 employees,Public Company,"Esbjerg, South Denmark, Denmark",Denmark,elvision.dk,https://www.linkedin.com/company/elvision-a-s
PRO Elteknik ApS,"Velkommen til PRO Elteknik ApS

Vi er specialister indenfor Industri installationer, produktionsanlæg og større tekniske løsninger, men vi rummer også stor kompetence med projektering, installering og servicering af: Styre- og fordelertavler, maskinanlæg, bygningsinstallationer, intelligente systemer, data- og teleinstallationer, parcel- og etagebyggeri, offentlige bygninger og fabriksanlæg m.m.Som virksomhed har vi stor erfaring i at servicere private og virksomheder.

Kontakt Pro Elteknik ApS på tlf.: 99 75 25 50","Appliances, Electrical, and Electronics Manufacturing",51-200 employees,Privately Held,"Lem, Middle Jutland, Denmark",Denmark,proelteknik.dk,https://www.linkedin.com/company/pro-elteknik-aps
CAME Danmark A/S,"CAME S.p.A er en førende producent og leverandør af integrerede teknologiløsninger til automatisering af private og offentlige ejendomme samt bymiljøer.  

CAME S.p.A er ejet af Menuzzo-familien. Virksomheden arbejder internationalt via et netværk på 26 filialer og 480 distributører og forretningspartnere i 118 lande over hele verden. Virksomhedens hovedkontor er beliggende i Dosson di Casier i provinsen Treviso, Italien. 

Virksomheden beskæftiger over 1.400 ansatte. I 2016 nåede omsætningen 255 millioner euro.

CAME S.p.A’s danske forrretningspartner CAME-Danmark A/S forhandler teknologiske løsninger inden for Adgangskontrol, Port- og lågeautomatik, Bomme og parkering, Pullerter, Personsluser og -karruseller samt Tilbehør og sikkerhed.","Appliances, Electrical, and Electronics Manufacturing",2-10 employees,Public Company,"Odense, South Denmark, Denmark",Denmark,came-danmark.dk,https://www.linkedin.com/company/came-danmark
Schrøder A/S,"Schrøder A/S i Holsted blev grundlagt i 1923 af Frederik Schrøder og senere overtaget af sønnen Bent Schrøder. I December 2006 blev virksomheden solgt til elinstallatør Morten Zinther. Morten kom fra en stilling som teknisk rådgiver hos LK, A/S og havde gennem længere tid haft et ønske om at drive egen virksomhed. I December 2007 blev der i virksomheden dannet et nyt partnerskab. Afd. chef Hans Kristian Kristiansen blev medejer af virksomheden.

Hans Kristian har gennem de sidste mange år haft sin daglige færden i virksomheden og ønskede, som Morten, at drive selvstændig virksomhed.

I Marts måned 2011, udtræder Morten fra virksomheden, og overdrager virksomhedens aktiver og videre drift til Hans Kristian.

Det er ledelsens ide at skabe en attraktiv arbejdsplads som tilgodeser den enkelte medarbejder.

Hans Kristian vil fortsat drive en serviceorienteret virksomhed. som giver kunden stor værdi i det daglige samarbejde. Jeg vil være fleksibel og skabe løsninger for både medarbejdere og kunder.

Virksomheden beskæftiger 60-70 medarbejdere, fordelt på 3 afdelinger, som arbejder indenfor industri, projekter, private, landbrug, sikring & kommunikation.","Appliances, Electrical, and Electronics Manufacturing",51-200 employees,Privately Held,"Holsted, South Denmark, Denmark",Denmark,schroeder.as,https://www.linkedin.com/company/schrøder-a-s
SibriTech ApS,"SibriTech, er din leverandør af løsninger til hygiejnisk og hurtig fastgørelse af kabler,
samt andre produkter til el branchen.

Vores produkter kan købes hos følgende grossister:
Jens A Jakobsen www.jaj.dk
MTO www.mto-electric.dk
AO www.ao.dk

Kontakt os på info@sibritech.dk for mere info!","Appliances, Electrical, and Electronics Manufacturing",2-10 employees,Self Employed,"Skals, Middle Jutland, Denmark",Denmark,sibritech.dk,https://www.linkedin.com/company/sibritech-aps
TF-Technologies A/S,"Your preferred partner in asphalt paving equipment!

TF-Technologies makes machine control specifically for road construction machinery. We produce grade control and slope control systems, averaging beams, material sensors and auger controls, joint heaters, asphalt paver monitoring systems as well as screed temperature control systems and ignition boxes  - all to improve asphalt paver and crew performance, and optimize paving quality.

Since our establishment in 1978, our single focus has been to develop high-quality control solutions for road paving machinery. Our asphalt paving systems are used around the world, and every day we are in direct contact with the users of our road construction equipment. In short - everything about machine controls and paving - we know.

The specific needs of road construction players, from OEM machine producers to roadbuilders, are at the heart of everything we do.","Appliances, Electrical, and Electronics Manufacturing",11-50 employees,Privately Held,"Fredensborg, Capital Region, Denmark",Denmark,tf-technologies.com,https://www.linkedin.com/company/tf-technologies
Audio Group Denmark,"Audio Group Denmark exists to challenge the boundaries of what is possible in high-end audio.

Through our brands Ansuz, Aavik, Børresen, and Axxess, we create high-end audio systems driven by proprietary technologies, uncompromising engineering, and Danish craftsmanship. All with one goal: unlocking music in its most natural, emotional, and lifelike form.","Appliances, Electrical, and Electronics Manufacturing",11-50 employees,Privately Held,"Aalborg, North Jutland, Denmark",Denmark,audiogroupdenmark.com,https://www.linkedin.com/company/audio-group-denmark
Dansk El-Tavle Forening,"Dansk El-Tavle Forening (DETF) er er brancheforening, hvis formål er at samle danske el-tavlebyggere, og de mest betydende leverandører til disse. Foreningen sikrer gennem vejledning og information høj kvalitet for dansk el tavle produktion.

Foreningen samler de danske tavlebyggere i én forening, der medvirker til påvirkning af rammerne omkring det at være tavle bygger i Danmark.  

Foreningen består af to medlemsgrupperinger, primære medlemmer, som er selve el tavleproducenten og Associerede medlemmer, som er leverandøren til El-tavle producenten, rådgivere, relaterede myndigheder skoler mv. 

Sammensætningen af medlemmer gør at der er skabt et fora, hvor medlemmerne kan udveksle erfaring og holdninger. Det alt sammen styrker produktionen af tavler i Danmark.

Se mere på foreningens hjemmeside www.detf.dk","Appliances, Electrical, and Electronics Manufacturing",Self-employed,,"Middle Jutland, Denmark",Denmark,detf.dk,https://www.linkedin.com/company/detf
EP-TeQ A/S,"EP-TeQ A/S has a unique combination of know-how, tools and machines for all electronics processes - Design, Production and Quality Assurance, enabling us to assist you throughout your investment process: Before -  by working with you on DfX (Design for Exellence), optimization of processes and following the requirement specification and configuration. During - by helping you select the required services, tools/machines and training. After - by providing you with service and support in order to ensure optimum uptime, quality and reliability of your production as well as JET - Just Enough Test in order to ship less defect products at a lower cost.","Appliances, Electrical, and Electronics Manufacturing",11-50 employees,Privately Held,"Skanderborg, Middle Jutland, Denmark",Denmark,ep-teq.com,https://www.linkedin.com/company/ep-teq-aps
CTcoin A/S,"A worldwide success in the coin and cash handling industry

Established in 1990, CTcoin A/S, Denmark has developed into one of the leading companies within the industry of bulk coin handling technologies. The products have been developed with a precise focus on quality, reliability, functionality and aesthetic design.

In today’s economically advanced world, there are limitless applications where coin and note handling are utilized. CTcoin’s products are particularly designed for banking and retail environments.","Appliances, Electrical, and Electronics Manufacturing",11-50 employees,Privately Held,"Odense, South Denmark, Denmark",Denmark,ctcoin.com,https://www.linkedin.com/company/ctcoin-a-s
DEMSKOV EL & DEMSKOV GRØN,"DEMSKOV-EL & Demskov Grøn er en autoriseret el-installatør. Vi tilbyder en lang række løsninger til både privat og erhverv, små og store. Fra den automatiske lystænding til opsætning af trådløst internet og totalentreprise-løsninger, står Demskov El & Demskov Grøn til rådighed. Vores grønne afdeling, Demskov Grøn står for solceller, ladestandere og varmepumper til både private og erhverv. 

Vi lægger vægt på at yde den bedste service, hvor god dialog og kvalitet i arbejdet er kerneværdier. Vi sørger derfor altid for at projektere vores arbejde i tæt samarbejde med vores kunder.","Appliances, Electrical, and Electronics Manufacturing",51-200 employees,Privately Held,"Rødovre, Capital Region, Denmark",Denmark,demskov.dk,https://www.linkedin.com/company/demskov-el-a-s
El-Tek Automation ApS,Virksomhed som leverer el tekniske løsninger til Industrien.,"Appliances, Electrical, and Electronics Manufacturing",11-50 employees,Partnership,"Aalborg, North Jutland, Denmark",Denmark,eltekautomation.dk,https://www.linkedin.com/company/el-tek-automation
AC as,"AC as leverer alle former for el, energi og VVS-installationer suppleret med serviceydelser, produkter og rådgivning, der altid er på forkant med nutidens standarder og fremtidens intelligente løsningsmuligheder.

Vi beskæftiger 45 dygtige og engagerede medarbejdere, som hver dag bestræber sig på at leve op til vores kunders forventninger.

Vi er etableret i Vejle i 1998 og vores afdeling i Jelling i 2006.

AC El-installation as udfører alt indenfor:
•	El-installationer i forbindelse med ny- og ombygning
•	Belysning
•	El-service på virksomheder og i private og offentlige institutioner
•	Industri- og landbrugsinstallationer
•	Tele- og datainstallationer
•	Alarm, overvågning og sikringsanlæg
•	Brandalarmering og varslingsanlæg
•	Professionel rådgivning og projektering

AC Energi as udfører alt indenfor:
•	Energioptimering
•	Varmepumper
•	Ventilation
•	Klima
•	Genindvindingsanlæg
•	Solceller
•	VVS installation","Appliances, Electrical, and Electronics Manufacturing",11-50 employees,Public Company,"Vejle, South Denmark, Denmark",Denmark,ac-as.dk,https://www.linkedin.com/company/ac-el-installation
GSS Nødstrøm ApS,"Er I sikret, hvis strømmen går?
Vi har løsningen!
→ Generatoranlæg
→ UPS-anlæg & batterier
→ Brændstofanlæg
→ Service & eftersyn
→ Beredskab med døgnvagt
→ Rådgivning

Ring i dag på 8844 4700.","Appliances, Electrical, and Electronics Manufacturing",11-50 employees,Public Company,"Karlslunde Strand, Zealand, Denmark",Denmark,gss.direct,https://www.linkedin.com/company/gss-nodstrom
LTE nb-ioT Solutions,"Customized LTE-M nb-ioT Solutions electronics R&D developments with an offering of low and high volume  EMS Production ... 
Also R&D of customized LTE NB-ioT electronics Automotive module & Fleet-management tracking solutions.  Kundetilpasset Flådestyring elektronik produkt udvikling samt Produktion...  LoRa LoRaWAN sigfox Arduino ESP32 custom. More at        http://www.c22.dk/info/index.html
    Customized Bluetooth BlueGateway BeaconGateway .. Kundetilpasset ioT elektronikudvikling i Danmark & EMS produktion  електронний дизайн","Appliances, Electrical, and Electronics Manufacturing",2-10 employees,Privately Held,"Horsens, Middle Jutland, Denmark",Denmark,c22.dk,https://www.linkedin.com/company/nb-iot-solutions
"Noliac, a part of CTS Corporation","The Noliac LinkedIn page will not be updated with new posts.

Noliac A/S was acquired by CTS Corporation in May 2017, and Noliac is now fully incorporated in the CTS group. Therefore, any future news on social media will be posted through the CTS channels. 

Please follow CTS Corporation on LinkedIn for more news on piezoelectric products and technology: 
https://www.linkedin.com/company/cts-corporation/

Noliac history
Noliac was founded by Mr. Bjørn Andersen in 1997. Since its foundation, Noliac grew from a one-man company to a world leader within our field. A number of acquisitions secured production capability and experienced know-how:
•	2001: Ferroperm Multilayer Division
•	2006: Piezoceram s.r.o.
•	2008: SMS Sensors s.r.o.
•	2009: Noliac North America Inc.
•	2017: Noliac acquired by CTS Corporation","Appliances, Electrical, and Electronics Manufacturing",51-200 employees,Privately Held,"Kvistgård, Capital Region, Denmark",Denmark,ctscorp.com,https://www.linkedin.com/company/noliac-as
HOLTEC.DK,"Holtec A/S specializes in the development and manufacturing of advanced industrial electrical solutions tailored for the Industrial and Environmental sectors. Our commitment to stringent traceability, rigorous document management, and uncompromising quality standards positions us as a premier and approved supplier of electrical solutions in these demanding markets. Additionally, we provide comprehensive vulnerability scanning of networks, including Operational Technology (OT) environments.","Appliances, Electrical, and Electronics Manufacturing",51-200 employees,Privately Held,"Esbjerg, South Denmark, Denmark",Denmark,holtec.dk,https://www.linkedin.com/company/holtec-dk
Titech Electric A/S,"Titech Electric A/S is one of Denmark's leading suppliers of electrical panels. Titech produces switchboards and panelboards for small and large electrical companies and construction sites, and advanced control panels, Atex boards and UL panels for large international companies .

Titech wants to be the most attractive Danish producer of electrical panels and thereby attempts to create the most simpel solutions for even the most complex challenges. For Titech mutual trust and open dialogue are essentiel in order to achieve the best results.Therefore, Titech always offers qualified feedback with a high degree of technical expertise and close cooperation around your needs. In this way Titech makes sure, that you always get the best solution.

Quality is also an important parameter in Titech and goes hand in hand with environmental awareness. Therefore, Titech has been environmentally certified according to ISO 14001 since 2012. As one of the few Danish producer of electrical panels, Titech is also ISO 9001 certified, which ensures Titech quality, efficient management and a structured dialogue with customers.

If you want to learn more about Titech, please visit our website at: www.titech.dk
You can also follow us on Facebook, Google+ and YouTube.","Appliances, Electrical, and Electronics Manufacturing",51-200 employees,Public Company,"Odense, South Denmark, Denmark",Denmark,titech.dk,https://www.linkedin.com/company/titech-electric-a-s
Q-Interline,"We help companies worldwide within the dairy, feed, food, and agriculture industry optimize their production processes for most optimal raw material utilization and lower energy consumption while still ensuring highest product quality. 

Our Quant analyser is the base analyser for all applications and same technology is used for analysing all product. No planned maintenance is needed and no cleaning of the instrument. 

We make product analysis fast, easy to handle, and cost-efficient. With our FT-NIR analysers you can get a representative analysis of heterogenic and hard-to-handle products.

We are your NIR partner making sure you get the most out of your analyser with full implementation support. 

Founded in 1996 by Anders Larsen, Q-Interline has constantly grown and developed into a company with a global footprint. Today we are listed on Nasdaq First North and have subsidiaries in France, Germany, and North America. 

Visit our website and see our YouTube channel for product videos and insights into the technology we use - www.youtube.com/qinterline","Appliances, Electrical, and Electronics Manufacturing",11-50 employees,Public Company,"Tølløse, Zealand, Denmark",Denmark,q-interline.com,https://www.linkedin.com/company/qinterline
EKTOS Group,"EKTOS provides end-to-end electronics engineering services that help businesses overcome technical challenges and accelerate time-to-market.

With 17+ years of experience, we support companies across Agriculture, Audio, Defence, Energy, HVAC, Industrial Automation, IOT, LED, Marine, Medical,  Multimedia, and Robotics sectors by offering:

 Electronics Design & Development – From concept to prototype, ensuring optimal performance and manufacturability.

 Testing & Compliance – Accredited and non-accredited testing, including EMC, climatic, mechanical, safety, and vibration testing.

 Manufacturing & Assembly – Box-build assembly, SMT, THD, and full turnkey solutions, delivering high-quality products at Far East prices with European quality.

We understand the challenges of component sourcing, regulatory approvals, firmware/software integration, and cost optimization—and we have the expertise to solve them. Our mission is to ensure your product meets global standards, performs reliably, and scales successfully.

We service 400+ customers and manage 50+ new projects per year for companies of all sizes across industries.

Let’s collaborate to bring your innovation to life.","Appliances, Electrical, and Electronics Manufacturing",201-500 employees,Privately Held,"Viborg, Middle Jutland, Denmark",Denmark,ektos.net,https://www.linkedin.com/company/ektos-group
Danalock ApS,"Danalock is a leader in smart, secure access control solutions for residential and business. With more than a decade of experience in the smart lock industry, Danalock now provides a full family of elegantly designed and secure smart lock products compatible with any standard door throughout the world and supports an unrivalled array of home automation protocols. With headquarters in Denmark, Danalock is the preferred partner for service providers, a variety of home delivery and cleaning services, and rental and hospitality companies all over the world. Danalock is a family held business led by farther and son, Henning Overgaard (CEO) and Hans Overgaard (Managing Partner). 

The Danalock V3 is a wireless smart lock that lets you easily control access to your home with your smartphone. The perfect solution for your home automation system. With its simple Danish design and an advanced encryption algorithm, the Danalock offers a secure yet elegant door locking experience. The Danalock V3 is a globally compatible, retrofit smart lock. It works on Bluetooth, Z-wave plus, Zigbee and Homekit.","Appliances, Electrical, and Electronics Manufacturing",11-50 employees,Public Company,"Harlev, Middle Jutland, Denmark",Denmark,danalock.com,https://www.linkedin.com/company/danalock-aps
eco2LIGHT ApS,"Dansk, kompetencedrevet specialist i intelligent belysning og lysdesign

I snart 15 år har eco2LIGHT udviklet og leveret professionelle LED-løsninger til B2B-projekter i hele landet. I dag er vi en integreret del af et stærkt kompetencehus med direkte adgang til erfarne elektrikere og specialister, hvilket betyder, at vi altid kan hjælpe – uanset projektets størrelse eller kompleksitet og så landsdækkende.

Vi arbejder med intelligent belysning, lysdesign og kundetilpassede belysnings-løsninger, hvor funktion, æstetik og drift går hånd i hånd. 
Med et stort lager af både standardprofiler, specialprofiler og unikke løsninger kan vi reagere hurtigt og tilpasse belysningen præcist til kundens behov – også når løsningen ikke findes som standard.

Vores inhouse-ekspertise og medudvikling af egne kunde tilpassed LED Strip produkter sikrer høj kvalitet, lang levetid og optimal energieffektivitet intelligent styret. 
Samtidig tilbyder vi kundespecifik LED-srip-produktion, hvor lys, farvetemperatur, længder og styring tilpasses projektet – ikke omvendt.

Bæredygtighed er en naturlig del af vores løsninger. Vi arbejder aktivt med ESG-principper, intelligente styringer, og har fokus på at minimere CO2-aftryk gennem lang levetid, høj effektivitet og genanvendelighed. 
En uafhængig analyse fra Aalborg Recycling dokumenterer et genanvendelsespotentiale på hele 97,64 %.

Vi samarbejder tæt med både store og små installatører og taler elektrikerens sprog, da huset vi bor i, er fyldt med elektrikere og kloge projektledere. 
Vore løsninger er udviklet med fokus på høj kvalitet, driftssikkerhed og nem, hurtig montage – understøttet af rådgivning, der skaber tryghed hele vejen.

Få den rigtige belysning – fra idé til færdig løsning

Vi hjælper dig fra de første skitser, fra et ide billede, til færdig installation og sikrer intelligent, veldesignet belysning, der fungerer for både mennesker, rum og drift.

Kontakt os på vort gamle nummer: 70 70 15 55 eller på salg@eco2light.dk","Appliances, Electrical, and Electronics Manufacturing",2-10 employees,Privately Held,"Aalborg, North Jutland, Denmark",Denmark,eco2light.dk,https://www.linkedin.com/company/eco2light
Mekoprint Seritronic,"Seritronic is a state-of-the-art company founded in 2000.

Seritronic's production activities continue to be based on serigraphics combined with electronics. Through innovative cooperation with our clients we develope keypads, membrane keypads, acrylic fronts, name plates and mechatronics solutions for various industries.

Since the year 2000 we have continually developed and streamlined our company, and today we are completely up to date in terms of modern technology and in possession of the latest high-technology production equipment.

No job is too small, and we are here to help you - from the prototype to the finished product.

No matter what your requirements are, we'll provide a solution.","Appliances, Electrical, and Electronics Manufacturing",51-200 employees,Privately Held,"Støvring, North Jutland, Denmark",Denmark,seritronic.com,https://www.linkedin.com/company/seritronic
PentaLock,"PentaLock is a concept designed primarily for e-bikes and functions as an electronic immobilizer, connecting the bicycle's motor, controller, and display when the lock is activated.

One of our biggest focuses at PentaLock is improving convenience and the user experience, especially in terms of riding. With a wireless key fob or smartphone app for an easy one-click-go, alongside our innovative smart PAS or software torque sensor, cyclists will hopefully have an easy time using PentaLock-integrated bikes and an even easier ride. 

ᴘᴇɴᴛᴀʟᴏᴄᴋ","Appliances, Electrical, and Electronics Manufacturing",11-50 employees,Privately Held,"Aalborg, North Jutland, Denmark",Denmark,pentalock.com,https://www.linkedin.com/company/pentalock
FLONIDAN A/S,"We develop, manufacture and sell innovative gas metering solutions. We are among the world market leaders in smart gas meters and an important provider of data communication components to water, electricity and gas meters. 
Our solutions are employed by professionals in public and private energy companies to ensure accurate metering and billing. We offer a complete range of smart gas diaphragm meters plus a new ultrasonic gas meter, SciFlo which excels both in range and size. 

Knowledge, innovation and relation building are the keystones of our success. We have almost 40 % of our employees engaged in R&D and quality assurance and carry both the ISO 27001 information security certification as well as the ISO 9001 quality certification.

We have a rapid and strong growth and are always on the lookout for people with drive, engagement and ambition. Follow our page to get insights on jobs, careers and business achievements.","Appliances, Electrical, and Electronics Manufacturing",51-200 employees,Privately Held,"Horsens, Middle Jutland, Denmark",Denmark,flonidan.com,https://www.linkedin.com/company/flonidan-a-s
RLAY A/S,"RLAY A/S er en kvalitets- og serviceorienteret producent og leverandør af El-tavler og elektromekanisk service.
Fra vores afdeling i Horsens, sikrer vores 30 kvalificerede medarbejdere kunden den optimale løsning.
Med vores 4000m2 store produktionsareal kan vi klare både store og små opgaver indenfor automatiktavler, og kan oså tilbyde el-konstruktion.
Vores elektromekaniske serviceafdeling i Horsens tilbyder salg, service og vedligehold af alle former for motorer, pumper og gear, samt lovpligtigt eftersyn af kraner og løftegrej 

Vi betragter kunden som en ligeværdig samarbejdspartner, og vægter det langsigtede partnerskab hvilket betyder, at vi gennem vore ydelser bestræber os på at tilføre opgaven fremadrettet værdi for kunden. Dette opnår vi i fællesskab ved tæt dialog omkring aftalegrundlag og indsigt i kundens behov, forskrifter og standarder.","Appliances, Electrical, and Electronics Manufacturing",11-50 employees,Public Company,"Horsens, Middle Jutland, Denmark",Denmark,rlay.dk,https://www.linkedin.com/company/rlayas
Tricon Electric A/S,"Tricon Electric A/S 

At Tricon we are innovative and progressive
We are also keen to engage in professional sparring and partnerships. Each of our four divisions offers help and expertise within control panels, software development, electronics and a comprehensive range of electronic control and programming solutions. Let us help you every step of the way – from the bare bones of an idea to the finished product


Tricon Electric – All there is to know about electrical control panels
We design and construct the electrical panels that make your systems work. We work closely with you from your draft design until we have devised the perfect solution. We also build a concept and standard procedures so that future tasks can be optimised without compromising quality and reliability of delivery
A passion for building electrical panels has been our driving force since 1981

All there is to know about automation
We advise, develop and implement automation projects for OEMs and end-users

Your partner in industrial electronics
We develop and produce unique electronic solutions for industrial use
All our solutions are tailor-made to meet your specific wishes and needs. The development process is undertaken in a close cooperation. Together, we find the solutions that provide the best possible results for your company","Appliances, Electrical, and Electronics Manufacturing",51-200 employees,Public Company,"South Denmark, Denmark",Denmark,tricon.dk,https://www.linkedin.com/company/tricon
Fabrika A/S,"Fabrika is a modern and dynamic Danish company dedicated to continuous development. We are your go-to expert for electric motor solutions and your trusted partner for complex projects. 

Offering a wide and flexible range of electric motors, we allow you to fulfill all your needs in one place. We offer standard motors from our series as well as the complete Innomotics portfolio. We also tailor motors and complete solutions to suit your requirements, offering the perfect customized solution. Visit our accessories page for geared motors and frequency converters.

We're just a call or an e-mail away, ready to assist whenever you need us.","Appliances, Electrical, and Electronics Manufacturing",11-50 employees,Privately Held,"Randers, Middle Jutland, Denmark",Denmark,fabrika.dk,https://www.linkedin.com/company/fabrika-a-s
B.E.G. Danmark,"B.E.G. Brück Electronic GmbH - en virksomhed med traditioner

B.E.G. Brück Electronic GmbH med hovedsæde i Lindlar tæt ved Køln blev grundlagt i 1975 og har nu i 40 år stået for kvalitet og innovation. I 1986 begyndte B.E.G. som en af de første virksomheder i Tyskland at fremstille bevægelsessensorer og belysning med integreret sensor på egen fabrik.

Siden da har B.E.G. fremstillet flere generationer af tilstedeværelsessensorer. Virksomheden er certificeret i henhold til ISO 9001:2008 og ISO 14001:2004. B.E.G. har i dag et fremragende renommé i hele Tyskland og internationalt plan og er repræsenteret i 22 lande worldwide. B.E.G.'s danske afdeling har kontor i Kolding, men medarbejderne dækker geografisk hele landet. 

Den dansk afdeling blev etableret i 2012 og medarbejderne har tilsammen mere 25 års erfaring indenfor branchen. 

Kvalitet og design er vores renommé.","Appliances, Electrical, and Electronics Manufacturing",201-500 employees,Privately Held,"Kolding, South Denmark, Denmark",Denmark,beg.dk,https://www.linkedin.com/company/b-e-g-danmark
Mekoprint Electronic Components,"At Mekoprint we are driven by curiosity - exploring new visions, new ways, and new wins. For us and for you. We do so on a rock-solid foundation of long-term partnerships and deeply rooted values.

As a family-owned business, we are in it for the long run. For generations. Literally speaking. And with future generations in mind, we constantly look for smarter, leaner and green ways to make our mark, while boosting both our mutual business and the green transition. 

Curiosity has been in our DNA since 1954. We've built our entire business on breaking new ground and finding new ways. This is our history of leading new ways towards better business and a brighter future for your and our business. 

TAILOR-MADE COMPONENTS
We co-develop and produce electronic, mechanical, and electromechanical solutions tailored for some of the most demanding industries. Leveraging over 40 advanced technologies in metal processing, printing, user interfaces, cable harnessing, and box-build assembly, we ensure excellence. 

Our portfolio is built on decades of market experience. Our 10 production sites and more than 20 global production partners are dedicated to tailor solutions that ensure your product's success in the market. 

Our operations are underpinned by a digital production floor and a commitment to sustainability as an integral part of our business.

CO-CREATION
We pride ourselves on being proactive sparring partners. Organised into specialised teams, we stay agile to ensure you always have our full attention. More than anything, we are listeners. By deeply understanding your needs, we identify new opportunities, generate fresh ideas, and lead new ways to support your goals.

GLOBAL POWER
- HQ in Denmark
- 10 production sites across Europe
- 40,000+ m2 of production floor
- Global sourcing and partner network
- 700+ employees

Website
https://mekoprint.com/","Appliances, Electrical, and Electronics Manufacturing","501-1,000 employees",Privately Held,"Farum, Capital Region, Denmark",Denmark,mi-ec.com,https://www.linkedin.com/company/mekoprint-electronic-components
Micro Technic A/S,"Micro Technic er en dansk elektronikproducent, der siden 1976 har produceret og udviklet industriel elektronik til danske og udenlandske kunder.

Vi er en kompetent partner i alle faser af en produkts livcyklus: fra ide, design, prototype, volumenproduktion, produktionsmodning og udfasning med service og reparation.

Vi har egen udviklingsafdeling og kan tilbyde PCB layout og hardwareudvikling på kontraktbasis.
Vi har stor ekspertise indenfor indlejret (embedded) PC teknologi via egne standard produkter, herunder bl.a. IoT løsninger, IoT hardware, embedded PC systemer, GPRS dataloggere, PC/104 moduler og industri-PC produkter.","Appliances, Electrical, and Electronics Manufacturing",51-200 employees,Privately Held,Denmark,Denmark,micro-technic.com,https://www.linkedin.com/company/micro-technic-a-s
Legrand Danmark,"Legrand er en global specialist i elektrisk og digital bygningsinfrastruktur. Vi transformerer og forbedrer menneskers livskvalitet ved at ændre de rum, hvor vi bor, arbejder og mødes. Vores udviklingsfilosofi, brede sortiment og evne til at levere stabile løsninger er vores kerne.","Appliances, Electrical, and Electronics Manufacturing",11-50 employees,Public Company,"Hvidovre, Capital Region, Denmark",Denmark,legrand.dk,https://www.linkedin.com/company/legrand-danmark
Carlo Gavazzi Danmark,"Carlo Gavazzi Handel A/S beskæftiger sig med engroshandel af el-komponenter og -materiel.
 
Vi er den danske afdeling af den store koncern, Carlo Gavazzi Automation Components, der har hovedkvarter i Italien og afdelinger flere steder i verden.

Carlo Gavazzi Automation Components designer, producerer og markedsfører elektronisk materiel til globale markeder indenfor industriel automation og bygningsautomation.

Hos os i Carlo Gavazzi Handel A/S udgør vi en dynamisk organisation med mange års erfaring indenfor automation, bygningsautomatik og lavspændingsprodukter.

Vores kernekompetencer indenfor automation gælder fire produktlinjer: 

- SENSORS:
Induktive sensorer, kapasitive sensorer, fotoelektriske sensorer, magnetaftastere, konduktive og optiske niveauaftastere, ultralyds-, bevægelses- og tilstedeværelses sensorer samt miljøsensorer.
Se nærmere på: http://www.productselection.net/


- SWITCHES: 
Kontaktorer, solid state relæer, softstartere, frekvensomformere og endestop.
Se nærmere på: http://www.productselection.net/


- CONTROLS:
Energimetre, multifunktionsinstrumenter og netanalysatorer, måleværdiomformer og måleværditransmitter, strømtransformere, strøm- og spændingsrelæer, tidsrelæer og tællere, digitale tavleinstrumenter, temperatur regulatorer / PID regulator, sikkerhedsrelæer og switch mode strømforsyninger. 
Se nærmere på: http://www.productselection.net/


- FIELDBUSES:
Home - og Building automation, kontrolsystem for Home og Building automation og Carpark.
Se nærmere på: http://www.smartbuilding.dk/

___________________________________________________________________________________________________________________________

Kontaktinformationer
Tlf.: 89 60 61 00
Email : handel@gavazzi.dk

Åbningstider
Mandag til torsdag: 08-16
Fredag: 08-15

Hvis du ønsker at modtage vores nyhedsbrev, kan du tilmelde dig her:
http://www.smartbuilding.dk/nyhedsbrev-2/","Appliances, Electrical, and Electronics Manufacturing","1,001-5,000 employees",Public Company,"Hadsten, Middle Jutland, Denmark",Denmark,carlogavazzi.dk,https://www.linkedin.com/company/carlo-gavazzi
Wieland Electric A/S,"Wieland Electric GmbH er en mellemstor, familie ejet virksomhed inden for elteknik og elektronik industrien. Med hoved kvarter i Bamberg i Tyskland. Wieland der fejrede sit 100 års jubilæum 2010, er blandt pionererne indenfor elektrisk tilslutnings teknologi. Den internationalt orienterede virksomhed, der bl.a. er markedsleder inden for stikbar installations teknologi til bygninger, har datterselskaber verden over. Som supplement til produktionslinjerne i Bamberg og der er også produktionsenheder i Tjekkiet og Kina.
Wieland Holding, som siden 1998 også bestået af STOCKO Contact GmbH & Co KG, er repræsenteret i over 70 lande og beskæftiger cirka 2.200 medarbejdere.
Wieland Electric er grundlagt i 1910.

Wieland Electric A/S er grundlagt 1. Januar 2010. Virksomheden er beliggende i Køge","Appliances, Electrical, and Electronics Manufacturing","1,001-5,000 employees",Public Company,"Køge, Zealand, Denmark",Denmark,wieland-electric.com,https://www.linkedin.com/company/wieland-electric-a-s
Høyrup & Clemmensen a/s,"Siden 1910 har Høyrup & Clemmensen leveret og skabt elinstallationer for nogle af Danmarks førende virksomheder og organisationer. 

Høyrup & Clemmensen er et teknikhus, der leverer integrerede løsninger ved at kombinere traditionelle elinstallationer med vores specialeområder; El, Data, BMS, Lyd, Brand og Sikring. Med over 150 medarbejdere tilbyder vi alle ydelser inden for elinstallationer for erhvervskunder og offentlige institutioner.","Appliances, Electrical, and Electronics Manufacturing",51-200 employees,Privately Held,"Copenhagen, Capital Region, Denmark",Denmark,hoyrup-clemmensen.dk,https://www.linkedin.com/company/h-yrup-&-clemmensen-a-s
EMRI A/S,"EMRI (Electronic and Marine Research Industries) is a Danish company established in 1972 with the purpose of supplying optimal steering control systems to the maritime business.  

EMRI maintains production of over 600 products and is committed to excellence in autopilots, steering control systems and maneuvering of ships.

Product range includes: 
- Autopilots & Track Control Systems
- Joystick / DP Systems, PC Systems
- Steering Control System, PLC based
- Rudder Indicator Systems
- Custom designed Bridge Instrumentation
- Turbocharger Monitoring Instruments
- Wind Indicator Systems
- Docking Displays


EMRI’s main products are Auto and Track Pilots. The model SEM200 has been sold for more than a decade worldwide. The new Autopilot, SEM300 with the best human machine interface so far was released in the beginning of 2013 and is designed on top of the experiences with previous autopilots with 3 performance levels: Economy, Medium, Precise. 

Steering control systems have for years been another of EMRI’s main products. Steering gear remote control systems are designed to fit the owner’s requirements of systems’ safety and ease of operation. EMRI can supply high quality rudder control boxes to several of the market’s leading steering gears.

EMRI delivers Joystick/DP systems to survey vessels, pollution control vessels, cruise vessels and mega yachts. Each system is carefully analyzed, programmed and tested at the factory before delivery. Fuel saving algorithms are available as standard. Features like follow ROV are optional.


The HQ in Herlev just outside of Copenhagen, Denmark houses sales, design, manufacturing and quality control. All products are built with quality components to ensure long life and high performance.","Appliances, Electrical, and Electronics Manufacturing",51-200 employees,Privately Held,"Skovlunde, Capital Region, Denmark",Denmark,emri.dk,https://www.linkedin.com/company/emri-a-s
Nordicco,"THE NORDICCO STORY
Nordicco was founded to reduce energy consumption in large buildings.

And our ambitions are just as big as our HVLS fans:

We want to make building operations more sustainable by offering the market’s most energy-efficient ceiling fans – with the lowest CO2 footprint and the smartest controls.

It’s not just a good idea – it’s a necessity. Buildings consume around 30% of the world’s total energy – mainly for heating, ventilation, and lighting (International Energy Agency). That’s why energy optimization is one of the keys to the green transition.

And we’ve already taken off. Today, our fans are spinning in airports, sports arenas, schools, shopping centers, factories, and logistics hubs across Europe. 

We started out as a traditional manufacturing company. But as we connected our solutions to our own IoT platform, we’ve grown into a modern tech company.

Today, we don’t just distribute heat and air efficiently – we deliver data and insights into a building’s indoor climate and energy use. This gives our customers a data-driven foundation to achieve – and document – their energy savings.

NORDICCO – WHY WASTE ENERGY, WHEN YOU CAN SAVE IT?","Appliances, Electrical, and Electronics Manufacturing",11-50 employees,Privately Held,"Fredericia, South Denmark, Denmark",Denmark,nordicco.eu,https://www.linkedin.com/company/nordicco
zencontrol ApS,"zencontrol ApS tilbyder moderne løsninger til styring af belysning. Vores systemer kan bygges op som ""stand alone anlæg"" og kan efterfølgende opgraderes til fuldt centraliserede DALI-2 systemer, som nemt kan tilsluttes en cloud. Når du vælger zencontrol ApS som din leverandør, får du et komplet DALI-2 (IEC62386 V2) system, der er fremtidssikret og fuldt kompatibelt med alle DALI-2 komponenter. Vores konfigurationsværktøj med Grid view gør opsætningen mere effektiv og sparer tid. Med vores mange års erfaring i branchen er vi klar til at hjælpe dig med dit specifikke projekt.","Appliances, Electrical, and Electronics Manufacturing",2-10 employees,Privately Held,"Hvidovre, Capital Region, Denmark",Denmark,zencontrol.dk,https://www.linkedin.com/company/zencontrol-aps
Blue-Tech A/S,"El installationer og ventilation

"" Vi leverer tillid, knowhow og gennemprøvede løsninger ""

Blue-Tech A/S er rådgivende og udførende installatører indenfor tekniske løsninger. 
Vore teknikere arbejder med følgende opgaver.

- El installationer
- Industri installationer
- Ventilation, indeklima og CTS
- Marine service
- IT-installationer
- Termografering
- Energirådgivning
- Alarmsystemer
- El eftersyn

Vore teknikere leverer professionel service, og går aldrig på kompromis med hverken sikkerhed eller kvalitet. 

Vi levere alle energirigtige løsninger. Både til erhverv og private kunder. 

Blue-Tech’s Døgnvagt til erhverv er en sikker service, når I mangler en tekniker. 
Vi sikrer jer det bedste, uanset hvor og hvornår.

Giv os et kald, og lad os være Jeres foretrukne samarbejdspartner. - I vil ikke blive skuffet.","Appliances, Electrical, and Electronics Manufacturing",11-50 employees,Public Company,"Bramming, South Denmark, Denmark",Denmark,blue-tech.dk,https://www.linkedin.com/company/blue-tech-a-s
Techon7Group,"Discover the Techon7group Difference

At Techon7Group, our four specialized divisions combine cutting-edge technology, modular design, and industry expertise to deliver reliable, tailor-made solutions. Whether it’s advanced display systems, industrial computing, process optimization, or sector-specific hardware, we share one commitment:    helping businesses work smarter, faster, and with greater confidence in the most demanding environments.

Unified Value Proposition:
One group - Four specialists:

Modular excellence: All divisions leverage modularity for flexible, scalable, and cost-effective solutions.


Industry-specific depth: Whether it's energy storage from BESSteq, industrial-grade computing from FoodTeq, displays and embedded systems from Techon7, or solutions for transport  from 4PT, each brand excels in its niche.

Trust and reliability: Built for demanding environments where competence matters most.

At Techon7group, our customer-centric approach sets us apart. We prioritize your satisfaction above all else and strive to build long-lasting relationships based on trust and transparency. Your success is our success.","Appliances, Electrical, and Electronics Manufacturing",11-50 employees,Privately Held,"Vejle, South Denmark, Denmark",Denmark,techon7group.dk,https://www.linkedin.com/company/techon7
DA-TEK,"DA-TEK leverer el-tekniske løsninger til industri og erhverv. Vi lægger vægt på ordentlighed, kvalitet og løsninger, der fungerer i praksis.

Vi har erfaring med industrielle installationer inden for blandt andet fødevareindustrien, energi, procesanlæg, produktionsvirksomheder og maskinbyggere. Opgaverne spænder fra service og mindre installationsopgaver til større projekter, hvor vi både rådgiver, planlægger og udfører arbejdet.

Vi leverer også styretavler inkl. dokumentation, tilpasset den enkelte opgave og de krav, der er til anlægget.

Hos DA-TEK tror vi på tæt dialog, klare aftaler og godt håndværk. Det giver de bedste løsninger – både under projektet og når anlægget skal køre i hverdagen.","Appliances, Electrical, and Electronics Manufacturing",11-50 employees,Privately Held,"Vejle, South Denmark, Denmark",Denmark,da-tek.dk,https://www.linkedin.com/company/da-tek
Spica Technology ApS,"Spica Technology is an international development and production company dedicated to the wind power industry. We have been in the wind power business since 1997, and for over 28 years, we have developed, produced and installed innovative software, electronics and electrical equipment in new and existing wind turbines – both onshore and offshore. 

Our great experience and know-how within the field of wind turbine control systems have given us a unique position as a manufacturer of customised solutions for wind power OEMs, service companies and consultant/engineering companies on a worldwide scale. 

The in-house experience from specialists at Spica Technology working with state-of-the-art turbine control system technology has paved way for a range of our own turbine retrofit products where the most significant is the Spica Retrofit Controller. Whether in the custom turbine control systems, we design, or through our retrofit products, we work for advancing wind performance for our customers and the industry as a whole.

Follow us to receive news posts about our company, product releases and much more. Posts will mainly be published in English and occasionally in Danish depended on the information shared. 

Sales offices in Spain:
Spica Controls S.L.U. in Barcelona, Spain
>> www.spicacontrols.es

Our webshop | Sales of Bachmann PLC, electronics and electrical equipment and FT Technologies Sensors:
>> www.spicacontrols.com","Appliances, Electrical, and Electronics Manufacturing",11-50 employees,Privately Held,"Silkeborg, Middle Jutland, Denmark",Denmark,spicatech.dk,https://www.linkedin.com/company/spica-technology
Automation Lab - Part of Init,"When it comes to the future of industrial IT and automation, we're Init together!","Appliances, Electrical, and Electronics Manufacturing","501-1,000 employees",Partnership,"Svendborg, South Denmark, Denmark",Denmark,initgroup.com,https://www.linkedin.com/company/automation-lab
Necas A/S,"Necas A/S is one of the most experienced suppliers of EMS (Electronics Manufacturing Services) solutions in Denmark. We have designed, manufactured, tested, distributed, and provided aftersales services in Nordics for almost 40 years. 

Necas serves as a strategic partner and delivers high-tech electronic products to companies that are often world leaders in their field.

We deliver advanced and robust products and solutions to companies specialised within industry - marine/offshore - defence/aerospace, as well as scientific research facilities and medico.

Our success lies in being always on top with know-how, advanced manufacturing technology and unique solutions. 
In addition, we highly value commitment and mutual respect in a strong and long-term customer relations. 

Would you like to know more, so visit our homepage: https://necas.com","Appliances, Electrical, and Electronics Manufacturing",51-200 employees,Public Company,"Støvring, North Jutland, Denmark",Denmark,necas.com,https://www.linkedin.com/company/necas-a-s
Spottune,"Our smart sound systems completely transform in-store environments, ensuring an immersive auditory experience that enhances every visit. The wireless speakers deliver 360-degree sound through Omnidirectional technology and easy installation using existing standard lighting tracks. Simple cloud solution secures your brand through centralized audio management. Elevate your retail space with Spottune today.","Appliances, Electrical, and Electronics Manufacturing",11-50 employees,Privately Held,"Copenhagen, Capital Region, Denmark",Denmark,spottune.com,https://www.linkedin.com/company/spottune
Thy-Mors Energi,"Thy-Mors Energi er et forbrugerejet el- og fiberselskab. Selskabet sikrer stabil levering af el til ca. 44.000 kunder i Thisted og Morsø Kommuner, på Thyholm, som er en del af Struer Kommune samt dele af Jammerbugt Kommune.

Det er Thy-Mors Energis idégrundlag at sikre bæredygtig udvikling gennem energiløsninger.

Det er Thy-Mors Energis vision at være den foretrukne leverandør af energi- og teknologiløsninger med afsæt i lokalområdet.","Appliances, Electrical, and Electronics Manufacturing",51-200 employees,Public Company,"Nykøbing M, North Jutland, Denmark",Denmark,thymors.dk,https://www.linkedin.com/company/thy-mors-energi-service-a-s
"DK EL, El & Automatik ApS","DK EL offers professional electrical/automation services and assistance to the industry worldwide.

Our large team of very well trained technicians is extremely flexible, stable and they are always doing their utmost to deliver the best service to the customer.

We are experts in the food industry and process-oriented systems, and has extensive experience in production optimization, project management and electrical fitting.

Specialities.:
industrial Automation
Design and calculation
Fitting and Mounting
Electrical installation
Supervision
Electrical panel building
Service
Production optimization
Scales and weighing cells (KL Weight)
PLC programming (Cooperation)
Worldwide service

We handle all tasks within our specialties, and works with many large international projects for a wide range of leading companies. Our know-how, experience, warranties, service and insurances is in the absolut top!

DK EL tilbyder professionelle ydelser, service og assistance, til industrien over hele verden.

Vores store team af veluddannede serviceteknikere er særdeles fleksible, stabile og gør altid deres yderste for at kunden får markedets bedste service.

Vi er eksperter i levnedsmiddel  industrien og proces-orienterede systemer, og har stor erfaring i bl.a. produktionsoptimering, projektering og elektrisk montage.

Specialer.:
Industriautomation
Projektering
Montage
El-installation
Supervision
Tavleopbygning
Service
Produktionsoptimering
Vægte (KL Vægt ApS)
PLC programmering (via samarbejdspartnere)
Worldwide service

Vi løfter alle opgaver indenfor vores specialer, og arbejder med mange store internationale projekter, for førende virksomheder. Vores know-how, erfaring, garanti, service og forsikringer er helt i top!","Appliances, Electrical, and Electronics Manufacturing",51-200 employees,Public Company,"Vejle, South Denmark, Denmark",Denmark,dkel.nu,https://www.linkedin.com/company/dkel
green light a/s,"Siden 1994 har green light leveret miljørigtig intelligent belysning til industri, kontor, offentlige og outdoor.  
Som kunde hos green light, er du garanteret troværdig rådgivning allerede fra dag ét.   
Gennem strategisk fokus og specialisering, får du leveret branchens mest fleksible totalløsning, som tager udgangspunk i vores unikke koncept.
På vores hjemmeside kan du se et udpluk af, hvordan vores kunder har opnået energibesparelser med green light ́s intelligente og miljørigtige belysningskoncept.  

Vores viden... din værdi","Appliances, Electrical, and Electronics Manufacturing",11-50 employees,Public Company,"Middelfart, South Denmark, Denmark",Denmark,green-light.dk,https://www.linkedin.com/company/green-light-aps
Genvex,"Genvex - the original Danish ventilation
Genvex is a genuine Danish original. We invented the ventilation system for more than 40 years ago and we are still ahead of the pack when it comes to development and production of the strongest and most durable ventilation. 
Our plant is in thousands of Danish homes and providing fresh, clean air, completely free of pollen, dust and harmful particles. This helps to extend its life and to make the indoor environment healthy and comfortable for lots of people. At the same time, our plant is an important element when it comes to saving energy in homes and in society at large - in fact you can recover up to 95% of the heat energy with a Genvex system.
An original Genvex plants are built by skilled and experienced technicians and have a life that in many cases is measured in decades. The plants are approved by all applicable standards and is even easier to operate and
service in daily. Last but not least, produced all Genvex system with focus on compact dimensions and ease of assembly and can be installed discreetly and beautiful in all types of homes.
We are part of the NIBE Group - a family of companies that specialize in supplying water, heating and home comfort to homeowners worldwide.","Appliances, Electrical, and Electronics Manufacturing",51-200 employees,Privately Held,"Haderslev, South Denmark, Denmark",Denmark,genvex.com,https://www.linkedin.com/company/genvex-a-s
Elektro Gruppen A/S,"Elektro Gruppen består af virksomheder:

•	Brønderslev Elektro A/S, 
•	Aalborg Elektro A/S,
•	Frederikshavn Elektro ApS, 
•	Dronninglund Elektro ApS, 
•	Brønderslev Trykluftscenter A/S
•	Liftservice Nord ApS.

Elektro Gruppen er en virksomhed i vækst med 50 år på bagen. Firma er grundlagt først i 50’erne og blev i 1999 overtaget af Lars Sanderhoff, på dette tidspunkt havde Lars arbejdet i firmaet igennem 30 år. 
I 2013 indtrådte Morten Frølund Petersen som kompagnon og daglig leder af Brønderslev Trykluftcenter og Stenhøj Nordjylland, mens Lars Sanderhoff varetager den daglig leder af Brønderslev Elektro og er administrerende direktør i alle selskaberne, der også omfatter Aalborg Elektro, Frederikshavn Elektro og Dronninglund Elektro. Morten Frølund Petersen og Lars Sanderhoff ejer hver halvdelen koncernen.

---------- o ----------

Elektro Gruppen har 4 værksteder med afdelinger i Brønderslev, Aalborg, Frederikshavn, 
Dronninglund. 

Elektro Gruppen har ca. 35 veluddannede medarbejdere og flere af vore medarbejdere er 
montører og dagligt på landevejene i servicevogne.

Elektro Gruppen beskæftiger sig med alt inden for trykluftsservice, autoliftservice, 
kranservice, servicering af maskinanlæg, tavleafdeling, smedeafdeling med arbejde i rustfri 
og sort jern, samt renovering af elektromotorer og alt andet inden for den elektromekaniske 
branche på vores Elektroværksteder.

Elektro Gruppen løser i kraft af vores høje faglig kompetence en bred vifte af opgaver for 
kunder i store dele af Danmark og vores kernekompetence er udstrakt service og 
fleksibilitet hvilket betyder, at vi er klar til at rykke ud døgnet rundt, hvis kunderne har brug 
for det. 

Elektro Gruppen har desuden et omfattende lager med reservedele, således at kunderne 
hurtigt kan få repareret og serviceret deres maskiner og kompressorer og dermed komme 
videre med arbejdet/produktionen.","Appliances, Electrical, and Electronics Manufacturing",51-200 employees,Public Company,"Brønderslev, North Jutland, Denmark",Denmark,elektro.dk,https://www.linkedin.com/company/elektro-gruppen
Hide-a-lite Danmark,"Hide-a-lite udvikler LED-armaturer til det nordiske marked ved hjælp af den nyeste teknologi, design og funktionalitet. Vores produkter er designet og fremstillet til at passe til nordisk stil og forhold, hvilket gør at vi overholder kvalitets- og klimakrav. Derfor er vores produkter velegnet til brug i både private og offentlige rum. I vores produktudvikling yder vi en stor indsats for at sikre, at armaturerne er lette at installere og overholder de gældende krav til lys- og installationsforskrifter. Vores stærke position inden for belysningsbranchen er opnået ved et tæt samarbejde med grossister, montører, konsulenter og lysdesignere.

Bag brandet Hide-a-lite ligger et svensk firma ved navn Elektro Elco AB, der blev grundlagt i 1948. Firmaet har derfor været med helt fra LED-belysningens spæde start og har således stor erfaring med LED-belysning. 

For os er belysning meget mere end lumen, lux og farvetemperaturer. Vores kernekompetence er, hvordan lys forholder sig til mennesker, materialer og hvordan lys kan ændre og forbedre et sted eller et rum. Vi kan levere alt fra produkt, teknisk support og ideer til placering af belysning.","Appliances, Electrical, and Electronics Manufacturing",51-200 employees,Public Company,"Capital Region, Denmark",Denmark,hidealite.dk,https://www.linkedin.com/company/hide-a-lite-denmark
SOFT & TEKNIK A/S,"Founded in 1995, Soft & Teknik A/S employs more than 200 employees and specializes in green transition with a focus on BESS, Power-to-X plants, electric ferries, and heat pump systems.

We offer consulting and technical solutions in switchboard construction, industrial automation, refrigeration technology, and metalwork. In 2021, we strengthened our expertise by entering a partnership with European Energy A/S, promoting the development of sustainable energy solutions.
Our corporate culture values integrity and collaboration, supported by openness, accountability, and a positive work environment. We are known for our quality and credibility and are dedicated to delivering turnkey projects within our areas of expertise such as SCADA & software, charging infrastructure for electric ferries, and refrigeration technology for the maritime industry.

With Soft & Teknik, you get a partner dedicated to innovation, quality, and transparency.","Appliances, Electrical, and Electronics Manufacturing",51-200 employees,Partnership,"Frederikshavn, North Jutland, Denmark",Denmark,sogt.dk,https://www.linkedin.com/company/soft-&-teknik-a-s
SoftControl A/S,"Softcontrol A/S er producent af Energy Management Systemer siden 1997 og har de seneste år udviklet det intelligente hjem – ”CleverHouse”. Systemet er en komplet intelligent energistyringspakke til mindre boliger som private hjem og sommerhuse, hvor alt styres over en app. Til større installationer har virksomheden udviklet løsningen ”EnergySystem” som anvendes i erhvervsvirksomheder, skoler, hoteller, kirker, feriecentre og boligforeninger.

Som et andet ben, så har SoftControl A/S arbejdet med solceller siden 2007 og dermed en af pionererne i Danmark. SoftControl leverer komplette solcelle anlæg fra kW til MW.

Det 3. ben i SoftControls produktportefølje er Battery Energy Storage Systems (BESS) som forventes at få en afgørende rolle i den grønne omstilling. Med BESS er det muligt at optimere sin elregning, ud fra optimal opladning, ud fra elpriser og/eller solcelle produktion. Derudover kan BESS også anvendes til stabilisering af elnettet som bliver mere og mere udfordret med den større mængde energi fra vind og sol.

Hele EMS-platformen vil få en vigtig rolle i den grønne omstilling. Systemet er ideelt til den kommende elektrificering som vi ser ind i. Det forventes at EMS bliver den store vækstmotor de kommende år. Både inden og udenfor Danmarks grænser.

Løsningerne sælges primært gennem forhandlere som typisk er El- eller VVS-installatører og via andre større aktører.","Appliances, Electrical, and Electronics Manufacturing",11-50 employees,Public Company,"Vodskov, North Jutland, Denmark",Denmark,softcontrol.dk,https://www.linkedin.com/company/softcontrol-denmark
HELU UK,"HELU UK is a member of the HELU Group. They are an internationally leading manufacturer and supplier of electrical connection technology who employs roughly 2,500 employees in 43 countries. Their product portfolio includes cables, wires, accessories, drag chains made of plastic, steel, and stainless steel, and pre-assembled and ready-to-use modules and systems. They supply customers in industries such as mechanical and plant engineering, industrial automation, energy supply, building technology, and mobility, to name a few, with reliable and high-quality solutions for energy and data transmission. Their global network, short reaction and delivery times, customer-focused consultations, and goal-oriented collaboration make HELU the perfect partner for realising challenging projects and developing ground-breaking technologies.","Appliances, Electrical, and Electronics Manufacturing",11-50 employees,Privately Held,"Taastrup, Capital Region, Denmark",Denmark,helu.com,https://www.linkedin.com/company/helu-uk
GOmeasure ApS,"World leading test and measurement products

With a lifelong experience within the test and measurement industry, we are able to provide our customers the best advice and consulting services. With our new fully integrated systems we will be able to support our customers quickly and more efficiently than ever.","Appliances, Electrical, and Electronics Manufacturing",2-10 employees,Privately Held,"Albertslund, Capital Region, Denmark",Denmark,gomeasure.dk,https://www.linkedin.com/company/gomeasure-aps
Nordic Power Converters,"Nordic Power Converters develops power converters that are substantially better for LED lights and in the form of much smaller and lighter chargers for devices. Power converters in LED lights (a.k.a. drivers) are the reason for more than 50% of failures in LED lights. Further LED lamps and luminaires are fairly expensive. Chargers are bulky and heavy. Our Very High Frequency (VHF) switching of resonant power converters address those problems with substantial value propositions like 80% size/weight reduction, vastly longer lifespan and a greener footprint. More information to come on www.nopoc.com.","Appliances, Electrical, and Electronics Manufacturing",11-50 employees,Privately Held,"Herlev, Capital Region, Denmark",Denmark,nordicpowerconverters.com,https://www.linkedin.com/company/nordic-power-converters
Elektro-Isola,"For more than 100 years, Elektro-Isola has developed, manufactured and processed thermosetting composite materials that solve critical challenges in electrical insulation and mechanical strength. Today, our materials are found in everything from transformer installations and demanding electrotechnical technologies to aerospace and mechanical systems globally.

With us, you don't just get sheets, tubes and machined parts. You get well-thought-out, customized solutions developed based on more than a century of experience and specialized material knowledge. From our family-owned factory in Denmark, we deliver customer-specific solutions via a fully integrated value chain, where we handle and control the complete process from inquiry to finished parts.

We welcome technical challenges - especially those that push development and the future in the right direction. And what's exciting about thermosetting composite materials is all the possibilities that lie ahead of us. Maybe you can spot them yourself - otherwise we can explore them together.

It is in collaboration that the best solutions emerge. Quality and integrity are in our DNA, and we take pride in the long-lasting and close relationships we have built through generations. 

We know what we're doing. We know how products and processes can be optimized. And we know that dedication is the foundation for a perfect result. This dedication is our starting point when we work together to find the solution that takes your vision forward.

ELEKTRO-ISOLA
Dedication in Composites","Appliances, Electrical, and Electronics Manufacturing",51-200 employees,Public Company,"Vejle, South Denmark, Denmark",Denmark,elektro-isola.com,https://www.linkedin.com/company/elektro-isola
SELEKTRO A/S,"ELECTRONIC ASSEMBLY WITH ATTENTION ON OPTIMIZATION AND DEVELOPMENT

At Selektro our specialty is the manufacturing of industry electronics for all types of physically-stressed and demanding environments - manufacturing at a high level of quality and according to the RoHS EU Directive.

Selektro is an innovative company creating technological advances in close cooperation with our customers. With courage to think outside the box, we work in a targeted fashion to find optimal solutions to complex problems.

Most of our customers allow us to manage the entire production process. Others entrust us with smaller specialist projects. In both situations it allows our customers to concentrate on their own core skills.

Our products are used around the world in many different types of industries, for example concrete factories, water companies, purification plants, automotive industry, marine industry, grid management, pump industry and machine construction. These are just some of the customers that benefit from our expertise.

See more at www.selektro.com
If you wish to send an unsolicited application, please apply via e-mail: job@selektro.dk","Appliances, Electrical, and Electronics Manufacturing",51-200 employees,Privately Held,"Møldrup, Middle Jutland, Denmark",Denmark,selektro.dk,https://www.linkedin.com/company/selektro-a-s
Geopal System A/S,"Geopal System A/S design, develop, manufacture and service professional alarm systems for detection of virtually all gasses, vapors and toxic fumes.

Geopal ensures timely detection of gases and toxic vapors in industrial environments where high employee safety is non-negotiable. Whether it’s in school chemistry labs or massive industrial plants, we provide solutions that keep a vigilant eye on potentially dangerous gas leaks, so you and your colleagues can work safely.

Our wide product range is focused on efficient protection of the industrial work environment. Optimal reliability and stability, along with continuity in our product programme, are primary objectives for development and production at Geopal. All our processes are DS/EN ISO 9001:2000 certified, and we meet all requirements regarding documentation, registration and traceability. Geopal is also ATEX/EX/IECEx certified, as well as certified by DBI (Danish Institute of Fire and Security Technology).

The need for gas detection and the requirements for gas alarms vary greatly from industry to industry. The physical environment and specific safety requirements significantly impact how the gas alarm and detector systems should be configured. Therefore, it is often necessary to tailor a solution to achieve optimal protection.

Geopal System A/S is located in Farum, north of Copenhagen. The company is structured as a flat organisation with a very direct, internal communication network, which makes us quite flexible and efficient regarding solutions and service. We like to focus a great deal on people, the people we work for as well as the people we work with. We work well together at all levels, have implicit confidence in each other and see possibilities rather than obstacles. The combined qualifications and expertise of the collective staff enable us to be professional consultants and reliable sparring partners for our clients world-wide.

For more information visit our website www.geopal.dk.","Appliances, Electrical, and Electronics Manufacturing",11-50 employees,Privately Held,"Farum, Capital Region, Denmark",Denmark,geopal.dk,https://www.linkedin.com/company/geopal-system
MTO electric a/s,"MTO electric a/s is a privately owned trading company. We offer a wide inventory program of electrical components, enclosing solutions, accessories and niche products widely used by customers within the electrical branch and industry. 
We offer customized solutions based on customer requirements such as special technical data, dimensions and colors. We have our own assembly department and our flexible suppliers also manufacture special products.
We represent more than 50 European suppliers, allowing us to present a wide, coherent range of quality products.","Appliances, Electrical, and Electronics Manufacturing",11-50 employees,Privately Held,"Vejle, South Denmark, Denmark",Denmark,mto-electric.dk,https://www.linkedin.com/company/mto-electric-a-s
HAMAG A/S,"HAMAG A/S startede i 1940 med at producere gasgeneratorer til biler. I dag er HAMAG et alt-i-et drivmiddelteknisk kompetencehus som er førende specialist inden for udvikling, produktion og service af intelligent pumpe- og standerteknologi, ladestandere / E-Mobility og betalingsløsninger til den danske olie- og transportbranche.

Vores produkter og løsninger til olieselskaber, transportvirksomheder og virksomheder med et stort transportbehov understøtter alle former for brændstoffer og drivmidler fra dieselolie og benzin, til naturgas, metanol, brint og el.

Kvalitet, fleksibilitet og højt serviceniveau er vores kendetegn. Hos os er kunden i fokus og vi bestræber os på altid, at levere den mest optimale løsning til vores kunder ud fra deres behov. Kvaliteten er altid i højsæde, både når det drejer sig om egenproduktion og når det drejer sig om handelsvarer.

Vi har produktion-, lager- og administrationslokaler i Rødekro og beskæftiger ca. 60 medarbejdere.  Med egen landsdækkende serviceafdeling, er vores montører altid i nærheden og parate til at hjælpe vores kunder rundt om i landet.","Appliances, Electrical, and Electronics Manufacturing",51-200 employees,Public Company,"Rødekro, South Denmark, Denmark",Denmark,hamag.dk,https://www.linkedin.com/company/hamag-a-s
Vetec A/S,"Vetec is a Danish developer and manufacturer of weighing and overload solutions for hoists and cranes. 

Holding 20 years’ experience in the global weighing and radio technology industry Vetec offers the industry’s leading products, standard and customized.

∙ Dynamometers.
∙ Mechanical overload switches.
∙ Electronic overload switches.
∙ Load and shackle pins.

∙ Full weighing, display and remote control solutions. 

Vetec's in-house technicians adapt products to customer requirements and design customized solutions. We always strive to provide the highest quality at competitive prizes. 

Vetec’s products are in general manufactured in relation to EN 13980 safety standards and can be certified to ATEX.","Appliances, Electrical, and Electronics Manufacturing",11-50 employees,Public Company,"Odense, South Denmark, Denmark",Denmark,vetec.dk,https://www.linkedin.com/company/vetec-weighing-radio-technology
Subra,"Subra is a Danish deep-tech developing revolutionary superconductor solutions for zero-loss power transmission and fusion energy. 

We are driven by one goal: to create lasting impact through technology. A greener, more resilient, and carbon-neutral future is possible.

But real transformation can only happen through collaboration. That is why we work closely with industry leaders, governments, research institutions, and visionary investors to accelerate the energy transition – together.

As the world shifts away from fossil fuels toward electrification and carbon-neutral energy sources, our energy systems are under immense pressure. We need to move more electricity, over longer distances, with greater reliability and minimal loss. At the same time, we must stabilise grids powered by intermittent sources like wind and solar energy, while helping carbon-intensive industries transition to cleaner alternatives.

Our current infrastructure cannot keep up, and that is where superconductors come in. While superconductor technology is complex in nature, the impact is clear: when cooled, superconductors transport electricity with zero resistance - meaning more power can flow with no loss, enabling far greater efficiency than conventional cables. 

But until now, superconductors have been expensive, difficult to scale, and limited by technical constraints.

Subra is changing that. 

Our technologies are based on years of scientific research – designed for sustainable impact. Not only do they have the ability to efficiently transport power across Europe and beyond, they also play a role in tomorrow's energy production. 

Superconductors are, e.g. essential in enabling the strong magnetic fields needed for fusion power reactors. Our innovations can help bring this safe, clean, abundant energy source closer to the grid.

 – Helping build an energy system that is truly sustainable reshaping our energy landscapes across Europe.","Appliances, Electrical, and Electronics Manufacturing",11-50 employees,Public Company,"Farum, Capital Region, Denmark",Denmark,subra.dk,https://www.linkedin.com/company/subra-a-s
Flux A/S,"FLUX is a leading expert in the development and production of magnetic components for power supplies. Our core emphasis is on providing customizability and innovation for our customers.
 
We specialize in the development of magnetic components for high-mix/low-to-medium volume production for industrial electronics, defense, aerospace, eMobility, transportation and renewable energy. 

FLUX’s products power our customer’s projects through our in-depth knowledge and expertise from four decades of experience with every process involved manufacturing state of the art magnetics.

FLUX is customer-centric at its core, and we strive for the next level in excellence, going above and beyond our customer’s expectations.

From development and prototyping through production and documentation — FLUX handles every aspect of the process, delivering high quality solutions of high complexity on time and on budget.

Rooted in Asnaes, Denmark with locations spanning Scandinavia and Asia, FLUX is a global company with local values. We stay true to our word. 

FLUX is part of discoverIE Group plc.","Appliances, Electrical, and Electronics Manufacturing",201-500 employees,Public Company,"Asnæs, Zealand, Denmark",Denmark,flux.dk,https://www.linkedin.com/company/flux-a-s
Orbital A/S,"Orbital has since 1978 been developing and producing more than 7,000 control systems that is now operating worldwide, in the wind sector alone.
Our strength lies in creating high quality, reliable and control systems that also are very cost effective.

Focusing specifically on the energy sector, Orbital found a niche market for wind turbine control systems and biomass combustion control. To meet the increasing demand of reliability, performance and wide range applicability for our control systems, Orbital currently invests in the latest technologies.

Today Orbital delivers control systems worldwide and our export ratio is increasing continuously.

Orbital technology can be used for various industrial applications; therefore we can offer our customers a wide range of tailor suited products

Ongoing research and development has an immense importance for Orbital. This will make our control systems an even better investment.   In addition the customers benefit from our extensive know-how within process control, design of electronic control modules and monitoring systems.

The future offers a tremendous market potential for Orbital products, especially since renewable energy provides an important and necessary contribution to the protection of our environment.","Appliances, Electrical, and Electronics Manufacturing",11-50 employees,Public Company,"Skjern, Middle Jutland, Denmark",Denmark,orbital.dk,https://www.linkedin.com/company/orbital-a-s
Crysberg A/S,"Crysberg is a Danish engineering company with more than 35 years of experience.
We specialize in solving complex challenges in irrigation and industrial electronics. 
We deliver solutions to SME and Large enterprises, of customized electronics solutions who value high quality and long-term collaborations.

We manufacture high quality control systems, interfaces, WEB solutions and decoders for two-wire based professional irrigation equipment to the Aquaculture, Golf, Landscape & Turf, Greenhouse and Agriculture market. 

Moreover, we develop and manufacture industrial electronics solutions, including alarm & security, marine electronics and electronics for the medical industry where requirements on traceability, documentation management, etc., are essential to qualify as an Approved Electronics Supplier.
All of our products are engineered, developed, and manufactured in Denmark to guarantee the highest standards.

Our newest technology is the new MK3 generation of the two-wire decoders and the new MK3 Aqualogic 500 controller allow users to connect up to 125 sensor decoders, 500 output decoders, and run active 100 at the same time.
MK3 technology offers encrypted communication between controller – interface – decoders to secure data protection and privacy and ensure cyber security.

The MK3 generation is API-based, allowing easy integration with 3rd party products.
Crysberg is part of Indutrade, an international industrial group that sells high-tech products and solutions helping customers to improve their own products and streamline customers’ production processes.","Appliances, Electrical, and Electronics Manufacturing",51-200 employees,Privately Held,"Kvistgård, Capital Region, Denmark",Denmark,crysberg.com,https://www.linkedin.com/company/crysberg-as
AUROCON A/S - IoT based Pest Control Management,"AUROCON (Automated Rodent Control) offers non-toxic multiple kill rodent control system with associated IoT back-end reporting. Our system provides excellent safety for the entire area. The trap system simultaneously monitors the status of the trap's operating assets and the level of activity in the individual traps.

The trap kills humanely, instantly and without the use of poison. It also protects wildlife from secondary poisoning and offers effective pest control management to customers.

****

AUROCON (Automated Rodent Control) tilbyder giftfri flerdrabsfælde mod rotter og mus med tilhørende IoT back-end rapportering. Vores fælde giver fremragende sikkerhed for hele området. Fælden overvåger samtidig status for fældens driftsmidler og niveau for aktivitet i fælden.

Fælden dræber humant, øjeblikkeligt og uden brug af gift. Den beskytter ydermere øvrigt dyreliv imod sekundær forgiftning og tilbyder høj vedværende sikkerhed for kunderne.","Appliances, Electrical, and Electronics Manufacturing",2-10 employees,Public Company,"Aalborg, North Jutland, Denmark",Denmark,aurocon.io,https://www.linkedin.com/company/aurocon
Danisense A/S,"Danisense is the specialist of high performances current transducers (DCCT) used in applications requesting high accuracy, long term stability and high EMC robustness. 

In the World where electricity is the energy of the future our transducers measure the current to analysis: 
                  - Power measurement for power converter efficiency (power analyzer)
                  - Battery testing
and also to control: 
                  - Magnet power supply for particle accelerators
                  - MRI power supply
                  - Battery and fuel cell monitoring 

We are a global company and you can visit our website to get more information.","Appliances, Electrical, and Electronics Manufacturing",11-50 employees,Privately Held,"Taastrup, Capital Region, Denmark",Denmark,danisense.com,https://www.linkedin.com/company/danisense-a-s
Nordelektro A/S,"Hos Nordelektro er vi specialister i Teknisk Facility Management. Det betyder, at du kan outsource driften af dine tekniske anlæg til os og få mere tid til det, der er vigtigst for dig; nemlig din kerneforretning. 

Nordelektro har afdelinger i Aalborg, Frederikshavn samt Fredericia og løser opgaver i hele Danmark. Vi er ISO 9001 certificeret og efterser pt. flere end 15.000 tekniske anlæg. 

Med over 2.500 elevatorer i service er vi blandt de største danskejede virksomheder i branchen.

Vi er samlet set over 60 dygtige og dedikerede medarbejdere og der kommer løbende flere til..","Appliances, Electrical, and Electronics Manufacturing",51-200 employees,Public Company,"Aalborg, North Jutland, Denmark",Denmark,nordelektro.dk,https://www.linkedin.com/company/nordelektro-a-s
Sustain a Print,"Printed electronics (PE) is one of the fastest-growing waste streams in the European Union (EU), and less than 40% of electronic waste is estimated to be recycled within the EU. Thus, there is a need to explore new options for electronics that are designed for reuse, repair, and high-quality recycling. PE production is an additive manufacturing method that can address these challenges and is characterized by its versatility, scalability, and low material usage, thus making it an ideal candidate for the circular production of electronics in general. In this context, Sustain-a-Print (SaP) is an EU Horizon project involving 11 stakeholders from 6 countries among universities, research institutes, large enterprises, and SMEs. It uses recycled, bio-based, and biodegradable alternatives to replace fossil-based materials used for PE production. The development of sustainable materials and formulations for PE will follow the principles of the Sustainable and Safe by Design (SSbD) concept focusing on reusing and recycling valuable PE materials. Overall, SaP embraces the EU’s Circular Economy Action Plan to further advance the circularity potential of electronics and electronic equipment prompted by the dire forecasts for increased resource extraction and waste generation and their detrimental effects on climate and biodiversity.","Appliances, Electrical, and Electronics Manufacturing",11-50 employees,Partnership,"Taastrup, Capital Region, Denmark",Denmark,sustainaprint.eu,https://www.linkedin.com/company/sustain-a-print
Luminex A/S,"Luminex A/S er totaludbyder af belysningsløsninger, og vores aktiviteter er rettet mod det professionelle marked.

Filosofien er enkel, kunderne skal have mulighed for at benytte
en og samme leverandør til totalrådgivning, planlægning, projektering og levering af belysningsanlæg.","Appliances, Electrical, and Electronics Manufacturing",11-50 employees,Public Company,"Middle Jutland, Denmark",Denmark,luminex.dk,https://www.linkedin.com/company/luminex-a-s
JEVI A/S,"JEVI is one of the market leaders in electrical heating solutions. Our core competencies are to design, manufacture and supply electric heating solutions for offshore, onshore, marine, process heating, HVAC systems, wind power, oil & gas industry. We are approximately 100 employees ready to carry out your challenge at the office and production in Vejle, Denmark. We have more than 75 years of experience which is why your challenge is our business!","Appliances, Electrical, and Electronics Manufacturing",51-200 employees,Public Company,"Vejle, South Denmark, Denmark",Denmark,jevi.com,https://www.linkedin.com/company/jevi-a-s
Gryphon Audio Designs,"Gryphon Audio Designs is the brainchild of Mr. Flemming E. Rasmussen and the fulfilment of a lifelong dream to allow the purest essence of the live music experience to be recreated in the home environment. 

Gryphon Audio Designs manufactures a complete line of ultra high-end products sold globally through a team of dedicated distributors and dealers.","Appliances, Electrical, and Electronics Manufacturing",11-50 employees,Privately Held,"Ry, Middle Jutland, Denmark",Denmark,gryphon-audio.com,https://www.linkedin.com/company/gryphon-audio-designs
Selskov Elektric,"Er nedetid, ineffektivitet og høje vedligeholdelsesomkostninger en konstant udfordring for din virksomhed? 

For mange produktionsvirksomheder er disse bekymringer afgørende faktorer, der kan påvirke både drift og indtjening.

Hos Selskov Elektric, har vi siden siden 1970, hjulpet produktionsvirksomheder og private kunder over hele Nordsjælland med at optimere deres elektriske systemer, reducere uforudsete driftsstop og integrere bæredygtige energiløsninger som solcelleinstallationer. Vi er VE-godkendt af Energistyrelsen, og vi går højt op i at levere både personlig service og sikre, at alle installationer opfylder de højeste sikkerhedsstandarder.

Vi gør dette ved at:
1. Tilbyde regelmæssig vedligeholdelse og serviceaftaler for at sikre pålidelig drift af dine elektriske systemer.
2. Implementere og installere solceller, der typisk vil være tilbagebetalt inden for 3-5 år, hvilket skaber betydelige besparelser på dine energiudgifter.
3. Levere hurtig og pålidelig nødservice 24/7, så eventuelle problemer løses med minimal indvirkning på din produktion.
4. Altid levere skræddersyede installationer, der nøje tilpasses kundens specifikke behov og krav.

Skal vi hjælpe dig?

Du kan kontakte os direkte her på LinkedIn eller sende en e-mail til info@selskov-elektric.dk.

Følg os her på LinkedIn for løbende opdateringer og tips om, hvordan du kan optimere dine elektriske installationer og overgå til bæredygtige energiløsninger. 

Vi står klar til at hjælpe dig med en løsning, der passer præcist til dine behov, og vi holder altid, hvad vi lover. 

Sammen kan vi sikre, at din produktion kører glat, effektivt og med et mindre miljøaftryk.","Appliances, Electrical, and Electronics Manufacturing",11-50 employees,Self Employed,"Hillerød, Capital Region, Denmark",Denmark,selskov-elektric.dk,https://www.linkedin.com/company/selskov-elektric
ATKI A/S,"Siden grundlæggelsen i 2004 har ATKI arbejdet med trafikregistrering. Væksten i markedet har gjort det muligt, at vi i dag også kan levere løsninger som intelligente LED-tavler, parkeringsløsninger, signalanlæg og som sidste skud på stammen udstyr til kunderegistrering og persontælling.","Appliances, Electrical, and Electronics Manufacturing",51-200 employees,Public Company,"Næstved, Zealand, Denmark",Denmark,atki.dk,https://www.linkedin.com/company/atki-aps
Melsen Tech A/S,"Hos Melsen Tech har vi en ambition om at være branchens bedste arbejdsplads, og vi er godt på vej – alene ""målt"" på medarbejdernes anciennitet og høje stabilitet. 

Vi tror på, at gensidig tillid, respekt og anerkendelse skaber en virksomhed, hvor smilene er brede og medarbejderne trives. Vi vil være et sted, hvor kunder, samarbejdspartnere og andre venner af huset tydeligt oplever, at der er (arbejds-)glæde og rart at være. 

Hertil kommer, at vi bor i et hus, der i kraft af sin udformning og indretning gør markant op med normen for erhvervsbyggeri. Med inspirerende kunst på vægge og åbne arealer, livsbekræftende grønne planter side om side med maskinerne og ikke mindst lys – masser af lys – fra de store glaspartier. Det er svært ikke at lade sig påvirke. Heldigvis!","Appliances, Electrical, and Electronics Manufacturing",11-50 employees,Privately Held,"Aalborg, North Jutland, Denmark",Denmark,melsentech.com,https://www.linkedin.com/company/melsen-tech-a-s
LINAK ITALIA S.r.l.,"LINAK Italia è la filiale di LINAK A/S per il mercato italiano. Siamo presenti dal 1999, con sede a Buccinasco (Milano). 

Facciamo parte di un gruppo internazionale con 35 sedi commerciali, 6 stabilimenti produttivi e oltre 2.500 persone in tutto il mondo.

Da più di 40 anni LINAK trasforma il movimento in valore. 
“We Improve Your Life” è il principio che ci guida mentre sviluppiamo soluzioni tecnologiche per il movimento lineare elettrico affidabili, precise e progettate per migliorare la vita delle persone.

Collaboriamo con OEMs italiani e mondiali che operano in mercati altamente specializzati, proponendo soluzioni su misura attraverso quattro divisioni dedicate:

TECHLINE
Attuatori lineari elettrici e sistemi per applicazioni industriali complesse: automazione, energie rinnovabili, intralogistica, stoccaggio, macchine agricole e movimento terra, nautica e impianti per l’allevamento.

MEDLINE & CARELINE
Soluzioni per il settore medicale, care e assistenza alla persona: attuatori e sistemi per apparecchiature ospedaliere, dispositivi medicali e lettini multifunzione, con focus su sicurezza, affidabilità e normative.

DESKLINE
Sistemi per l’ergonomia negli ambienti di lavoro e retail: scrivanie sit-stand, arredi per uffici, punti vendita e cucine ergonomiche, pensati per migliorare benessere e produttività.

HOMELINE
Soluzioni per l’arredo ergonomico: poltrone e divani reclinabili, reti motorizzate, con un equilibrio tra comfort, design e tecnologia.

Lavoriamo ogni giorno al fianco delle aziende come partner tecnologico, con un approccio basato su orientamento al cliente, trasparenza, competenza tecnica e passione per l’innovazione.","Appliances, Electrical, and Electronics Manufacturing",11-50 employees,Privately Held,"Nordborg, South Denmark, Denmark",Denmark,linak.it,https://www.linkedin.com/company/linak-italia
WS Technicals A/S,"At WS Technicals (WST), we manufacture custom made Lithium-ion battery packs to industrial clients around the world.","Appliances, Electrical, and Electronics Manufacturing",11-50 employees,Privately Held,"Brabrand, Middle Jutland, Denmark",Denmark,wstech.dk,https://www.linkedin.com/company/ws-technicals
Nordtronic A/S,"Indlysende løsninger
Siden etableringen i 2006 har Nordtronic A/S’ produkter været blandt de bedste på markedet.
En konstant udvikling baseret på den feedback, vi modtager fra vores kunder gør, at vi leverer fremtidssikrede produkter af høj kvalitet.
Vi arbejder tæt sammen med danske og tyske ingeniører på at udvikle innovative LED belysningsløsninger.
Kald os gerne perfektionister, men vi er kun optaget af én ting
– nemlig at skabe de bedste belysningsløsninger. De indlysende løsninger.","Appliances, Electrical, and Electronics Manufacturing",11-50 employees,Privately Held,"Frederikshavn, North Jutland, Denmark",Denmark,nordtronic.dk,https://www.linkedin.com/company/nordtronicdanmark
DAN DRYER A/S,"DAN DRYER is renowned for its efficient warm-air hand dryers, the variants of which are today more plentiful than ever. Moreover, DAN DRYER supplies a wide selection of other products and solutions for the application in staff and customer lavatories, in changing rooms, at hotels, airports and restaurants etc.

We are easily recognized by our little viking logo in public toilets all over the world!

Follow our LinkedIn page to get the latest information about the company, news and job opportunities.

Read more about us on our website on www.dandryer.com","Appliances, Electrical, and Electronics Manufacturing",11-50 employees,Privately Held,"Randers, Middle Jutland, Denmark",Denmark,dandryer.com,https://www.linkedin.com/company/dan-dryer-a-s
Produal A/S - Danmark,"Behovet for at gøre det usynlige målbart skabte Produal. Vi ønskede at give bygninger evnen til at føle. Vi opfandt enheder til at måle og styre de skiftende indendørs forhold i bygningerne.

Efterspørgslen efter at optimere bygningens økosystem og minimere omkostninger og miljøpåvirkning guider os. Vores eksperter udvikler løsninger, der måler, justerer og kommunikerer præcise data til bygningsautomatik- og HVAC-industrien.

Sammen gør vi det usynlige synligt og giver ekstra år til bygningernes livscyklus - og gør vores del for at opbygge en bæredygtig verden. 

Bygningsautomatik | Føler | Sensor | Trådløs bygningsautomatik | Indeklima | HVAC | OEM | CTS | BMS | Ventilation | Energioptimering | Energiforbedring | Bygningsoptimering

https://www.produal.dk

+45 7026 0304

salg@produal.dk 

Generatorvej 8H, 2860 Søborg - København
Samsøvej 21-23, 8382 Hinnerup – Århus","Appliances, Electrical, and Electronics Manufacturing",11-50 employees,Public Company,"Gladsaxe, Capital Region, Denmark",Denmark,produal.dk,https://www.linkedin.com/company/produal-a-s
AB Electric A/S,"Når produktiviteten skal være i højsædet:

I en virkelighed, hvor menneskelige ressourcer i højere og højere grad erstattes af maskinelle, er driftssikkerhed et nøgleord – hvad enten det drejer sig om udførelse af fysiske aktiviteter eller data- og informationsbehandling.

En automationsløsning kan dække over alt fra simple relæstyringer til alle former for PLC- og PC-styringer. Med et styrings- eller procesanlæg får du en meget høj grad af driftssikkerhed - hvilket tillige, er meget betjeningsvenligt via et grafisk skærmbillede, som viser hele procesforløbet.

Projektering, programmering, montage og indkøring udføres af vores veluddannede ingeniører og automationsteknikere, som har kompetencer til de fleste kendte PLC- og SCADA-systemer (Siemens, Rockwell, GE Fanuc, Omron, Modicon – WINCC, IFix). Derudover har vi udviklet vores eget SCADA-system, som kører på mange anlæg verden over...

Hos AB Electric får du adgang til mange års viden og “knowhow” inden for bl.a. følgende områder/brancher:

• Industrilakering
• Trykkerimaskiner
• Procesanlæg
• Transportanlæg
• Palleteringsanlæg
• Vandværker
• Rensningsanlæg
• Conveyor anlæg 

In a company, where human resources to a larger extent are replaced with mechanical resources, reliability is a key word – regardless whether it’s about performance of physical activities or data and information handling.

An automation solution can involve everything from simple relay controls to all kinds of PLC and PC controls. With a control or process system, you gain a high level of reliability – and it’s even very user-friendly via a graphic screen, displaying the process as a whole.

 Design, programming, installation and commissioning are performed by our well-educated engineers and automation technicians, with knowledge of most PLC and SCADA systems (Siemens, Rockwell, GE Fanuc, Omron, Modicon – WINCC, IFix). We have further developed our own SCADA system, which we have installed on many plants worldwide.","Appliances, Electrical, and Electronics Manufacturing",51-200 employees,Public Company,"Kolding, South Denmark, Denmark",Denmark,ab-electric.dk,https://www.linkedin.com/company/ab-electric-a-s
YES-EU Suomi,"YES-EU Group are leaders in electric transport solutions.

From a very early start in tourist bus industry in 1969, YES-EU has been one of the pioneers in electrifying bus transport in the demanding Nordic environment, having successfully re-focused on e-mobility in 2012. 

We have since become an important player in introducing electric buses and related services into public transport in Nordic countries and are now expanding to mainland Europe.

YES-EU Group is working closely with premium battery and electric bus manufacturers from China.

Operational highlights:
- 100 people in 10 countries, with own teams located in China

- Leading electric bus provider in Nordic
    600+ full BEV Yutong buses delivered
    1000 buses sold
     35% market share in Finland

- Leading bus charging company in Nordic
    100 MW & 1000+ pistols sold
    75% market share in Finland
    Full turn-key integration and project delivery","Appliances, Electrical, and Electronics Manufacturing",51-200 employees,Privately Held,"Copenhagen, Capital Region, Denmark",Denmark,yes-eu.fi,https://www.linkedin.com/company/yes-eu-suomi
RobLight ApS,"Established in 1995 as a division of the Roblon industrial fibre group, RobLight is now an independent company fully focussed on developing remote source lighting and elegant LED products.
With lighting solutions for both indoor and outdoor applications, RobLight’s portfolio has grown to embrace the very latest in design and technology – all manufactured from the company’s 3,000 square metre factory in Frederikshavn, Northern Denmark.","Appliances, Electrical, and Electronics Manufacturing",11-50 employees,Privately Held,"Frederikshavn, North Jutland, Denmark",Denmark,rob-light.com,https://www.linkedin.com/company/roblight-a-s
WAGO Denmark A/S,"WAGO er markedsledende inden for skrueløs forbindelsesteknik baseret på fjederteknologi og er blandt de førende udbydere af forbindelsesmateriel og automationssystemer. Virksomhedens brede produktsortiment strækker sig over rækkeklemmer, installationsstikforbindelser, printklemmer, interface- og elektronikmoduler samt I/O-bussystemer. Virksomheden er repræsenteret i alle dele af den industrialiserede verden og beskæftiger omkring 8.000 medarbejdere fordelt på salgsselskaber, herunder Danmark, og produktionssteder globalt.

WAGO Denmark A/S har hovedkontor i Værløse og beskæftiger 17 medarbejdere, herunder produktspecialister, interne og eksterne projekt- og salgsingeniører samt marketing- og salgskoordinatorer. Ud over levering af komponenter til installationsbranchen samt til bygnings- og industriautomation hjælper vi vores kunder med projektering, installations- og systemdesign, undervisning, programmering og teknisk support.","Appliances, Electrical, and Electronics Manufacturing",11-50 employees,Privately Held,"Værløse, Capital Region, Denmark",Denmark,wago.dk,https://www.linkedin.com/company/wago-danmark
OCTLIGHT,"OCTLIGHT is a spin-out company from The Technical University of Denmark founded in 2014. The company was founded by a team of engineers and entrepreneurs with a drive to bring innovative technology to help medical doctors in treatment of major healthcare problems. The company mission is to advance medical diagnostics using Optical Coherence Tomography (OCT) for improved treatment options. For this purpose the company is developing a OCT swept source based on tunable VCSEL technology, which will enable stable and fast sweep rates for 3D OCT imaging.","Appliances, Electrical, and Electronics Manufacturing",2-10 employees,Privately Held,"Kongens Lyngby, Capital Region, Denmark",Denmark,octlight.com,https://www.linkedin.com/company/octlight
Hetek A/S,"HETEK – Mere end elinstallationer.

Vi er et veletableret og autoriseret elinstallatørfirma med base i Vejle. Med 60 dedikerede og kompetente medarbejdere tilbyder vi løsninger, der går langt ud over det traditionelle elarbejde. Hos os handler det om at skabe værdi for mennesker – både vores kunder, samarbejdspartnere og medarbejdere.

Vi dækker bredt inden for:
- Nye el-installationer ved nybyggeri og renovering
- Servicering og optimering af eksisterende installationer
- Indendørs og udendørs belysning med fokus på funktion og stemning
- Intelligente bygningsinstallationer med KNX og IHC, der øger komfort og energieffektivitet
- IT- og fiberinstallationer, der sikrer stabil og fremtidssikret kommunikation
- Videoovervågning for øget tryghed og sikkerhed

Som totalleverandør til både private og erhverv – herunder boligforeninger, institutioner, industri og detail – arbejder vi altid med respekt for dine behov og med ønsket om at levere holdbare og gennemtænkte løsninger.

Hos HETEK tror vi på at ærlig dialog, høj faglighed og samarbejde er vejen til de bedste resultater. Vi går ikke på kompromis med kvaliteten og er med hele vejen – fra idé til færdigt projekt og videre i service og vedligeholdelse.","Appliances, Electrical, and Electronics Manufacturing",51-200 employees,Public Company,"Vejle, South Denmark, Denmark",Denmark,hetek.dk,https://www.linkedin.com/company/hetek-a-s
CONVERDAN A/S,"We engineer and build power converters for EV-Charging, Energy Storage and demanding OEM Applications. Power converters are the beating heart of Converdan’s passion for Power Electronics because the technology goes much deeper than textbook design. Everything is critical: environmental factors, box-build, thermal design, and, most importantly, the interaction of the converter with your own equipment in its startup, running, shutdown and special conditions. High-reliability converters are a tricky job for real specialists – that’s Converdan.","Appliances, Electrical, and Electronics Manufacturing",11-50 employees,Public Company,"Vojens, South Denmark, Denmark",Denmark,converdan.com,https://www.linkedin.com/company/converdan-a-s
Idom El,"Idom El blev startet af Anny og Ove Dyrmose tilbage i 1969 på Ringkøbingvej i Idom. I 1974 byggede Anny og Ove Dyrmose lokalerne på Estrupvej 12, hvor firmaet stadig ligger i dag.

I 2000 overtog Torben Dyrmose virksomheden, der i dag beskæftiger 24 medarbejdere. Idom El er et ungt team, som er kendetegnet ved en stor gejst og engagement i de udfordringer der stilles. Det er altid med en god omgangstone og et godt humør. Kvalitet er første prioritet, uanset opgaven, og med vores store ekspertise og professionalisme går vi altid efter den bedste løsning for kunden.

Medarbejderne er vores aktiv og de er med hele vejen. Vi sætter en ære i at der skabes en god ånd med tætte relationer til vores kunder,  så de nærmere bliver samarbejdspartnere, som vi kan udvikle os med.","Appliances, Electrical, and Electronics Manufacturing",11-50 employees,Partnership,"Holstebro, Middle Jutland, Denmark",Denmark,idomel.dk,https://www.linkedin.com/company/idom-el
Rask El Service ApS,"El-installatør på Lolland Falster med 3 afdelinger placeret i Maribo, Nykøbing F og Holeby. 
Rask El er en stor elektriker-virksomhed med 50 medarbejdere. Vi tilbyder alt inden for el-arbejde og el-løsninger for private og erhverv. Vi er tæt på, uanset hvor på Lolland og Falster, du befinder dig.

Almindelige elektriker-opgaver, elinstallationer, montering af varmepumper og tyverisikring. Erhvervsløsninger som alarmsystemer, adgangskontrol, sikring. 

I vores butik i Maribo finder du de nyeste modeller i køle- og fryseskabe, komfurer, mikrobølgeovne, vaskemaskiner, opvaskemaskiner og tørretumblere. HUSK! Vi leverer, installerer, vedligeholder og reparerer alle hvidevarer.","Appliances, Electrical, and Electronics Manufacturing",51-200 employees,Public Company,"Maribo, Zealand, Denmark",Denmark,rask-el.dk,https://www.linkedin.com/company/rask-el
Multi-Tech A/S,"Hos Multi-Tech tilbyder vi ydelser indenfor el-/alarm-/video-/data-/ABA-/AIA-/proces- og industriinstallation.

Vores kunder er inden for industri, erhverv, private og det offentlige.

Multi-Tech A/S er beliggende i Kalundborg, Holbæk og Sorø.","Appliances, Electrical, and Electronics Manufacturing",51-200 employees,Public Company,"Kalundborg, Zealand, Denmark",Denmark,multi-tech.dk,https://www.linkedin.com/company/multi-tech-a-s
DESITEK A/S,"Commercial, trading and electrical engineering company.

We make it safer to use electricity
DESITEK A/S is an engineering trade company that has specialized in safety for electrical systems.
Safety essential to people and environment
Safety saving costs","Appliances, Electrical, and Electronics Manufacturing",11-50 employees,Public Company,"Søndersø, South Denmark, Denmark",Denmark,desitek.dk,https://www.linkedin.com/company/desitek-a-s
Trimatic Automation A/S,"Trimatic Automation is leading supplier of industrial automation and information technology. We solve complex tasks in instrumentation and process control technology for machines, plants and logistics systems.
We provide our services with a highly qualified and motivated team of engineers, technicians and skilled workers","Appliances, Electrical, and Electronics Manufacturing",11-50 employees,Public Company,"Sønderborg, South Denmark, Denmark",Denmark,trimatic.dk,https://www.linkedin.com/company/trimatic-automation
HSS Engineering A/S,"The team behind HSS Engineering has more than 40 years’ experience in Public Address/General Alarm (PAGA) and Mass Notification Systems that are used for indoor and outdoor warning at Military, Industrial, Petrochemical and Nuclear Facilities as well as National Civil Defense Systems.

As one of the World Leaders in Mass Notification Systems, we know that the origin of a good system design comes from proper planning. The interaction of hardware and software can be complex and requires a good dialogue between the customer and our engineers. In many cases, local standards also affect the best solution for the customer’s Warning System.

Our extensive work has challenged our engineers to seek the best technical solutions to a variety of systems. This is why HSS Engineering today has an unmatched reputation of providing the best Warning System Solutions to customers in a global context with a local perspective.

Our services follow every step of the procedure to ensure the customer gets the right solution in the highest quality. The process is divided into the following steps:

•  CONSULTANCY & SYSTEM DESIGN
•  MANUFACTURING
•  DOCUMENTATION
•  FACTORY ACCEPTANCE TEST
•  INSTALLATION & COMMISIONING
•  TRAINING & EDUCATION
•  SUPPORT & MAINTENANCE SERVICES

HSS Engineering is at your service for the supply of voice and siren systems - as stand-alone units or interconnected, nationwide Public Warning Systems. Please do not hesitate to contact us if you need additional information or have inquiries or comments.","Appliances, Electrical, and Electronics Manufacturing",11-50 employees,Privately Held,"Lystrup, Middle Jutland, Denmark",Denmark,hss.dk,https://www.linkedin.com/company/hss-engineering-as
Daikin Denmark A/S,Hos Daikin tilbyder vi det største udvalg af varme- og køleløsninger til alle miljøer. Moderne og energibesparende klimaanlæg. 100+ års erfaring.,"Appliances, Electrical, and Electronics Manufacturing",11-50 employees,Public Company,"Brøndby, Capital Region Of Denmark, Denmark",Denmark,daikin.dk,https://www.linkedin.com/company/daikin-denmark
Trekantens El Teknik ApS,"Din aut. el-installatør for både privat og erhverv med rødder i Trekantområdet.

Trekantens El Teknik ApS er en moderne virksomhed, der har en vision om at være din fortrukne el-installatør og elektriker.

Vi stræber efter at være førende inden for el-projektering, nybyggeri, renovering og rådgivning til opsætning og vedligeholdelse af både små og store el-installationer.

Vi lægger stor vægt på at sætte kunden i første række, hvilket indebærer en grundig og indgående dialog samt at lytte til deres behov.

Vi er altid opdateret med den seneste viden om produkter og teknikker på markedet.","Appliances, Electrical, and Electronics Manufacturing",51-200 employees,Self Employed,"Vejle, South Denmark, Denmark",Denmark,trekantens-elteknik.dk,https://www.linkedin.com/company/trekantens-el-teknik-aps
Heatcom Corporation,"Heatcom Corporation A/S is a international Danish company with many years of experience in designing, manufacturing and marketing electric underfloor heating systems, thermostats, frost protection, snow and ice melting solutions to professionals and homeowners. Together with our partners we make heating solutions available to everyone and everywhere.","Appliances, Electrical, and Electronics Manufacturing",11-50 employees,Public Company,"Middelfart, South Denmark, Denmark",Denmark,heatcom.dk,https://www.linkedin.com/company/heatcom
AUTOMATIC SYD A/S,"AUTOMATIC SYD A/S was acquired by Elcor in 2023. For the latest news, follow us at Elcor Denmark.

—

AUTOMATIC SYD is one of the leading manufacturers of low voltage switchboards, panels and automation solutions for the industry, OEM’s, machinery manufacturers and electrical / technical contractors in Danmark and abroad.

AUTOMATIC SYD A/S was established more than 30 years ago and is an order manufacturing company with around 80 employees developing and making 
distribution switchboards and control panels as well as automation and robot solutions for the industry, OEM/machine manufacturers and technical electricians, in Denmark as well as abroad.","Appliances, Electrical, and Electronics Manufacturing",51-200 employees,Public Company,"Sønderborg, South Denmark, Denmark",Denmark,automatic-syd.dk,https://www.linkedin.com/company/automatic-syd-a-s
Elektronikmessen,"Danmarks største elektronikmesse sætter fokus på de nyeste teknologier, produkter og projekter! Messen løber af stablen på Odense Congress Center, og du kan allerede nu sætte kryds i kalenderen den 19.-21. maj 2026. Vi ses!","Appliances, Electrical, and Electronics Manufacturing",11-50 employees,Privately Held,"Odense, South Denmark, Denmark",Denmark,elektronikmesse.dk,https://www.linkedin.com/company/elektronikmessen
Delta Elektronika - DC Power Supplies,"Delta Elektronika is an independent manufacturer of DC power supplies. It is a family owned company with a strong technical culture. Delta Elektronika was established in 1959 and has had since its headquarters based in the South West of the Netherlands on the island Schouwen-Duiveland. Delta Elektronika designs and manufactures world class DC power units in a product line ranging from 150W to 15kW.

DC Power Supplies
A power supply is often taken for granted as it is seen as an insignificant part of equipment. For most it is just an electronic box ordered at the last moment. However, a power supply can be compared to our heart; It’s often neglected and we tend to pay more attention to our hair. Yet if the heart fails, the system goes down.

Design concept
Delta power supplies have a reputation of being remarkably reliable. Therefore our design concept puts a strong emphasis on long lifetime and excellent technical specifications. The specifications of our products may seem unrealistic at first, but when measured they turn out to be even better as defined. Delta users expect perfection, an almost infinite life time at continuous full power and low cost of ownership. Ongoing research makes it possible to produce products that can meet these ever increasing demands.

Result
As a result of our design philosophy the units react more than 10 times faster on load transients, produce hardly audible noise and produce 10 – 30 times less electromagnetic interference. Delta customers will never face any problems due to radiated or conducted emissions of our power supplies. The same design philosophy applies for immunity: the toughest standard is not good enough for us. A Delta power supply will always operate reliable, even in a very noisy environment.All our power supply units are thoroughly tested before being dispatched to the customer.This ensures long term correct functioning of each unit and client satisfaction. Delta Elektronika produces world class DC power supplies.","Appliances, Electrical, and Electronics Manufacturing",51-200 employees,Privately Held,"Kolding, South Denmark, Denmark",Denmark,deltaelektronika.com,https://www.linkedin.com/company/delta-elektronika-b-v-
LS Control A/S,"Since 1969 we have delivered electronic controllers and regulators to quality conscious companies.
Initially our strong point was electronic components to the ventilation industry. This is still an important business area, and over time many other business areas and products have been included in our range.
Today we offer a wide range of standard products to the ventilation industry, a number of standard solutions to heat pump manufacturers and finally we also offer design, development and manufacturing to our OEM customers.","Appliances, Electrical, and Electronics Manufacturing",51-200 employees,Privately Held,"Herlufmagle, Zealand, Denmark",Denmark,lscontrol.dk,https://www.linkedin.com/company/ls-control-a-s
Nordtech-Vetec A/S,"Siden starten i 1994 har Nordtech specialiseret sig inden for styrings- og forsyningsprodukter som gør det muligt for materialehåndterings-applikationer som kraner, maskiner og transportanlæg at løfte, rotere og bevæge sig fra punkt til punkt.
 
I dag repræsenterer Nord Tech førende producenter som Tele Radio og Vahle og tilbyder et fuldt program af:
  
• Radiostyringer
• Strømtilførsel
• Kranhængetryk/ Trykbokse
• Kabler
• Display
• Datatransmission
• Kranskinner mm.
• Veje- og overlastsystemer

Alle løsninger der kan tilpasses virksomheders specifikke behov.
 
Nord Tech startede som leverandør til danske industrivirksomheder, men behovet for kundetilpassede løsninger gjorde, at Nord Tech nu servicerer mange centrale sektorer af dansk erhvervsliv:

• Kraner og løftegrej
• Vindmølle industri
• Skibsfart og havne
• Produktion
• Højlager
• Forlystelser, teater og TV
• Transport og logistik
• Offshore
• Byggeri
• Landbrug og gartneri","Appliances, Electrical, and Electronics Manufacturing",11-50 employees,Privately Held,"Odense, South Denmark, Denmark",Denmark,nordtech.dk,https://www.linkedin.com/company/nord-tech-industrisystemer
PCH Engineering A/S,"Who we are
PCH Engineering A/S is a Danish, ISO 9001 certified engineering company which develops compact, cost-efficient solutions for industrial vibration monitoring. 

PCH Engineering is part of KK Wind Solutions with production facilities near Copenhagen in Denmark.


What we do
With more than 30 years of experience in the vibration monitoring industry, we offer a wide range of vibration and condition monitoring solutions for rotating machinery such as decanters, pumps, fans, compressors, turbines, centrifuges and more.

Our clients include industrial manufacturers and OEMs worldwide. Among them are also pioneers in the green energy industry with vibration and structural monitoring solutions for rotor sails and wind turbines.


How you can benefit
Our vibration and condition monitoring solutions help safeguard rotating machinery and staff by detecting emerging maintenance issues such as bearing wear, misalignment, cavitation, imbalance etc. at an early stage. 

This enables you to schedule maintenance predictively before the issues cause breakdowns and secondary machine damage. With our solutions, you can extend machine life, optimize the operation of the machinery, and reduce downtime due to maintenance issues.

The monitoring solutions can be factory fitted by OEMs or retro-fitted by manufacturers. They are highly customizable, and our advanced filtering technology ensures that the fault detection matches each machine exactly. 

We work together with industrial partners, certification institutes and universities to provide state-of-the-art solutions performing well, even under extreme conditions. 

Visit http://www.pch-engineering.dk to learn more about products and cooperation opportunities.","Appliances, Electrical, and Electronics Manufacturing",11-50 employees,Privately Held,"Copenhagen, Capital Region, Denmark",Denmark,pch-engineering.dk,https://www.linkedin.com/company/pch-engineering
Danotek A/S,"Vi er specialister indenfor udvikling af industriel elektronik og/eller produktion af samme. Både udviklingsprojekter og produktions-opgaver varetages og udføres her i Danmark. Ja! du læste korrekt – vi var siden 1987 haft udvikling og produktion under samme tag, så du som kunde kan købe dansk produceret elektronik-løsninger. Vores ydelser er henvendt til virksomheder der har behov for, at få udviklet eller produceret industriel elektronik.

Vi tilbyder hele paletten inden for produktion: SMT, HMT, Test, Box Build, Pakning og Forsendelse. Udover vores produktionsfaciliteter, er vi eksperter inden for produktudvikling, godkendelse og levetidsforlængelse. Vi kan tilbyde ingeniørydelser som projektarbejde, eller de kan indgå som eksterne konsulenter hos jer.

Alle vores ydelser tilbydes på aftalt niveau, så vi dækker netop din virksomheds behov.

Har du et udviklingsprojekt, et behov for elektronikproduktion eller har du spørgsmål om, hvad Danotek kan gøre for dig og din virksomhed, så sidder vi klar til at hjælpe på tlf. 86 44 82 22.

Følg vores hverdag og nyheder her på LinkedIn, eller læs mere om Danotek på www.danotek.dk","Appliances, Electrical, and Electronics Manufacturing",11-50 employees,Privately Held,"Randers, Middle Jutland, Denmark",Denmark,danotek.dk,https://www.linkedin.com/company/danotek-a-s
Contex,"As the world's largest developer and producer of large format scanning and imaging solutions, Contex leads the market with innovative technology and advanced scan and copy software applications.

Sold worldwide in over 90 countries, Contex solutions are recognized in a wide range of industries for reliability, value, high performance and superb image quality.
 
    * We provide the best imaging solutions for small and large business partners.
    * We lead the markets in our fields of interest.
    * We continuously improve our business practices, products and services.
    * We create superior financial returns.
    * We form a dedicated team sharing a passion for our business.
    * We earn our reputation as dependable, reliable and ethical.

Contex creates scanning solutions for Reprographics, Technical, CAD, GIS, Graphic Arts, Document Archival, Copy shops, POP/Exhibit providers, Pre-Press, Sign and Billboard production, Architecture and Engineering offices and many more.","Appliances, Electrical, and Electronics Manufacturing",51-200 employees,Privately Held,"Capital Region, Denmark",Denmark,contex.com,https://www.linkedin.com/company/contex-as
Danotherm Electric A/S,"With roots back to 1919, Danotherm Electric A/S is known worldwide for it's qualified design and production of high quality power resistors for the electronic-, the windpower- and the telecommunication industry. With distributors all over the world, Danotherm Electric A/S is ready to provide support and fulfil your demands for power resistors where ever you are.

Danotherm Electric A/S has its main factory in Copenhagen, Denmark. Furthermore a factory in Stargard, Poland and a factory in Milan, Italy.

The product range covers a wide field, from flat-, round- and wire wound resistors over aluminium housed compact brake resistors and Steel Grid Brake Resistors to huge modules constructed of water cooled break resistors. Danotherm Power Resistors are used in connection with power electronic equipment. Examples are: snuppers, voltage dividers, de-charge resistors and start- or charging resistors.","Appliances, Electrical, and Electronics Manufacturing",201-500 employees,Privately Held,"Taastrup, Capital Region, Denmark",Denmark,danotherm.com,https://www.linkedin.com/company/danotherm-electric
VAC Consulting ApS,"VAC Consulting was founded to give companies in the electronics industry more control of their supply-chain, specifically sourcing of PCB and Components. We assist with finding the perfect solution for your company and we offer a transparent and unbiased option that always strive to save you money and give you value.","Appliances, Electrical, and Electronics Manufacturing",2-10 employees,Privately Held,"Odense, South Denmark, Denmark",Denmark,vac-consulting.dk,https://www.linkedin.com/company/vac-consulting-aps
emazys ApS,"Precision tools for optimising solar farm performance and reliability
Emazys is a Danish developer of innovative photovoltaic test equipment, specializing in the design and production of advanced instruments for troubleshooting and fault detection. With a strong focus on quality, precision, and cutting-edge technology, we work closely with industry leaders to deliver high-performance tools that ensure the reliability, efficiency, and long-term success of solar power systems.

Our products are engineered to enable rapid and accurate fault location, allowing field technicians and engineers to quickly assess solar assets and make informed adjustments to improve their performance. Whether for routine maintenance or urgent repairs, Emazys instruments streamline the diagnostic process, helping to minimize downtime and maximize energy production.

At Emazys, we are committed to sustainability and the ongoing advancement of the solar industry. All of our products are proudly made in Denmark, with every component carefully selected from trusted, high-quality manufacturers who meet stringent global standards. Our dedication to innovation and excellence positions us as a trusted partner for those looking to optimize solar energy systems around the world.","Appliances, Electrical, and Electronics Manufacturing",2-10 employees,Privately Held,"Odense, South Denmark, Denmark",Denmark,emazys.com,https://www.linkedin.com/company/emazys-technologies-aps
CORE-emt A/S,"Complete SMT line supplier
At CORE-emt we enable SMT productions with high-end machinery including service to the modern electronics production.

We are proud to be the exclusive sole supplier of YAMAHA SMT machinery & BTU reflow ovens in Scandinavia & the Baltic region. We also offer NUTEK, Essegi, Techvalley, JBC soldering tools & Reeco products.

To secure that you are in the best hands at all times, all our personal at CORE-emt is continuously undergoing training and certification with each product.","Appliances, Electrical, and Electronics Manufacturing",11-50 employees,Public Company,"Aars, North Jutland, Denmark",Denmark,core-emt.com,https://www.linkedin.com/company/core-emt
CIGRE Denmark Next Generation Network (NGN),"It can be argued that the power industry is one of the most important industries in the world. The need for electrical power is essential for the development of society and the welfare of people; without electric power, the world would still be in the dark-ages. 

For this reason, it is understandable why many people would want to become involved not only within this industry, but also with developing and sharing their technical knowledge to create state-of-the-art and world practices / standards. 

To facilitate this desire of many, CIGRE was established to develop and distribute technical knowledge and experience in the field of the generation and transmission of high voltage electricity. It does this by providing an interactive forum that brings together key players, research workers, producers, manufacturers, system operators, traders, and regulatory bodies. Originally founded in France in 1921, this organisation has expanded worldwide with representatives from more than eighty countries. 

To the non-member (and even to some members), the CIGRE organisation can appear complex and exclusive. To the inexperienced engineer starting out in the power industry, becoming involved with such a prestigious organisation can appear difficult and daunting. 

In order to overcome these barriers that seem to be in place for new engineers, the 'Next Generation Network' (NGN) has been established in order to ensure that everyone's opinions and views are heard, to bring a fresh look to an ever ageing industry and more importantly, so inexperienced engineers can learn from the many experts within the industry. 

That is, the NGN (with members who will no doubt form part of the future CIGRE organisation) will provide the next generation of engineers to lead and to be at the forefront of the power industry in the 21st century and beyond.","Appliances, Electrical, and Electronics Manufacturing",51-200 employees,Non Profit,"Aalborg, North Jutland, Denmark",Denmark,cigre.dk,https://www.linkedin.com/company/cigre-dk-ngn
Lund & Sørensen A/S,"Lund & Sørensen A/S er specialister i levering af kundetilpassede el-varmeløsninger, temperaturfølere og styringsautomatik til industrivirksomheder i Danmark og udlandet.
Siden 1989 har firmaet udviklet og leveret kvalitetsprodukter, der lever op til vores professionelle kunders forventninger og krav.
Vores specialist-teams af ingeniører og teknikere har en bred teknisk kompetence og yder rådgivning indenfor en lang række specifikke områder. 

Lund & Sørensen A/S er i dag at betragte som et moderne systemhus, hvor indgående viden om vores kunders processer er omdrejningspunktet for alt, hvad vi foretager os - uanset om vi rådgiver i forbindelse med et specifikt produktvalg eller vi projekterer en komplet automationsløsning.

Kontakt os – vi er med til at skabe værdi for dig.","Appliances, Electrical, and Electronics Manufacturing",11-50 employees,Partnership,"Vejle, South Denmark, Denmark",Denmark,ls-solutions.dk,https://www.linkedin.com/company/lundsorensen
Celltech Group,"Celltech Group is a global supplier of leading batteries and power solutions with operations in nine countries, four R&D and production facilities, and over 380 employees. Celltech Group’s mission is to enable electrification in the safest and most sustainable way.","Appliances, Electrical, and Electronics Manufacturing",201-500 employees,Public Company,"Værløse, Capital Region, Denmark",Denmark,celltech-group.com,https://www.linkedin.com/company/celltech-group
HIN A/S,"HIN A/S i Horsens er en velkonsolideret, innovativ, grossistvirksomhed med mere end 125 års erfaring. Vi rådgiver og sælger værktøj, forbrugsstoffer og maskiner. Vores salg er fokuseret på de tre hoved produktområder: værktøj til elektronikproduktion, maskiner til elektronikproduktion samt værktøj og tilbehør til industrien især indenfor stærkstrøm. 

Vi er en moderne virksomhed med fokus på partnerskab med kunder og leverandører. Målet er at udvikle langvarige relationer, skabt på en platform af branchekendskab, verdens førende leverandører og teknisk kompetence.

Vort store internationale netværk, moderne logistiksystem og et varesortiment, der tæller mere end 25.000 numre gør os til en attraktiv partner. Vi kan dermed altid tilbyde den nyeste viden indenfor maskiner, værktøj, processer og lovgivning.

Vores solide lagerbeholdning og velfungerende web-shop gør det nemt og hurtigt at handle varer til levering næste dag.

Vores samarbejdspartnere og leverandører – din styrke
Vi har udvalgt markedets bedste leverandører til at supportere din virksomhed. Sammen fokuserer vi på nye teknologier og står gerne til disposition, når der er brug for rådgivning eller procesudvikling","Appliances, Electrical, and Electronics Manufacturing",11-50 employees,Public Company,"Horsens, Middle Jutland, Denmark",Denmark,hin.dk,https://www.linkedin.com/company/hin-a-s
System-One Lighting ApS,"We create specialized lighting solutions for complex projects where light needs to be integrated in creative and technical ways. Our goal is to make the technically difficult simple for our customers, so they can focus on the fun.","Appliances, Electrical, and Electronics Manufacturing",2-10 employees,Privately Held,"Virum, Capital Region, Denmark",Denmark,system-one.dk,https://www.linkedin.com/company/system-one-dk
HP Elektronik Montage ApS,"HP Elektronik Montage – Your Trusted Partner in Electronics Assembly, Prototypes & Scalable Production

At HP Elektronik Montage, we help companies bring ideas to life – quickly, precisely, and with a strong focus on quality.

We specialize in electronics assembly, offering full-service solutions from early-stage prototypes to series production and high-volume manufacturing.

With in-depth expertise in SMD, SMT, THT, manual soldering, mechanical assembly, and complete box build, we handle both small and large-scale electronics projects with care and precision.

Serving High-Performance Industries as well as industrial industries

We deliver to sectors where precision, traceability, and reliability are non-negotiable – including:

•	Defense and aerospace
•	Medtech and industrial automation
•	Quantum computing and specialized electronics

Whether you need PCBA, PCA, or complete box build assemblies, we deliver reliable, high-quality solutions – every time.

More Than Just Manufacturing
At HP Elektronik Montage, we believe in long-term partnerships and real collaboration. That’s why we offer more than just production. We bring:

•	Expert support in your development phase
•	Strong capabilities in logistics, procurement, and supply chain planning
•	An agile team with full traceability, flexibility, and on-time delivery

We call it best-in-class electronics manufacturing – with people at the core.

Whether you need a quick prototype, scalable series production, or stable high-volume manufacturing 

HP Elektronik Montage is your professional partner.

 Get in touch today – let’s talk about how we can help turn your ideas into reality.","Appliances, Electrical, and Electronics Manufacturing",11-50 employees,Privately Held,"Ballerup, Capital Region, Denmark",Denmark,hp-elektronikmontage.dk,https://www.linkedin.com/company/hp-elektronikmontage
Scantron A/S,"Scantron A/S is one of the market's most significant providers of products within door telephony and access control.

We strive to provide total solutions in access control, door telephony, mailbox systems and fire communication, and to be the most attractive supplier on the market. We base our solutions on our own development and production, as well as on products from other European manufacturers that live up to our quality requirements.

At Scantron, we focus on generating great and user-friendly solutions that work for both end users and installers.
 
Furthermore, we focus on a high level of service and are pleased to help with suggested solutions, price calculations, product samples and the like. The installers can expect solid backing and support around installation. We are always available if required.

We have close relationships with most of the leading Danish electrical installers, security providers and locksmiths, just as we also work with a large number of consulting engineers and architects.

Follow us and stay updated on the latest news.","Appliances, Electrical, and Electronics Manufacturing",11-50 employees,Public Company,"Odense, South Denmark, Denmark",Denmark,scantron.dk,https://www.linkedin.com/company/scantron-a-s
Nordic Firefly A/S,At Nordic Firefly we work on enabling solar powered lighting with high performance reliability. Our state-of-the-art electronic platform provides electronic converters for harvesting solar energy to a battery and for driving LEDs from a battery in one single unit. Ultra high conversion efficiency and intelligent energy management ensures maximum lighting performance for solar driven light installations for low to mid power requirements.,"Appliances, Electrical, and Electronics Manufacturing",2-10 employees,Privately Held,"Roskilde, Zealand, Denmark",Denmark,nordicfirefly.com,https://www.linkedin.com/company/nordicfirefly
ALTEQ as,"Vi leverer alt indenfor CTS Automatik og Elinstallationer til både erhverv og private.

Vi leverer skræddersyede løsninger, der er tilpasset dine behov i hele processen fra idé til levering, så er vi den rigtige leverandør. Vi har elektrikere, som er specialiseret i vores forskellige kompetenceområder, og vi er derfor i stand til at løse alle former for opgaver, store som små.","Appliances, Electrical, and Electronics Manufacturing",11-50 employees,Public Company,"Roskilde, Zealand, Denmark",Denmark,alteq.dk,https://www.linkedin.com/company/alteq-as
PlastiSens ApS,"PlastiSens ApS was founded in 2014 as a spin out from the Department of Micro- and Nanotechnology, Technical University of Denmark. PlastiSens is developing and providing novel sensor systems for detection of antibiotics in milk. The company is owned by the founding team together with Capnova A/S as seed investor.

Currently, on-line detection for antibiotics typically takes place at the dairy factory after the milk from a number of individual farmers has been collected in a common tank truck. Tests taken at the dairy factory are therefore tests pertaining to the entire milk tank and depending on test method may take from 10 minutes and up to 3 hours to perform by specialized laboratory technicians. If antibiotics are detected, then the entire tank of milk must be disposed of, so as not to reach consumers or interfere with dairy processes. As a consequence, there is an estimated yearly loss of € 2 million in Denmark and € >50 million in Europe. 

PlastiSens offers a novel hand-held sensor technology that traces a wide range of antibiotic residues in milk. The sensor is designed to allow for on-site testing by the user without the need for any prior training, all within a time scope of two minutes. After use, the display will inform the user whether or not the level of antibiotics exceeds the MRL, a threshold for antibiotics sanctioned by the European Union. This will allow to make decisions on-site and, most importantly, before contamination of clean milk already in the transport tank.","Appliances, Electrical, and Electronics Manufacturing",2-10 employees,Public Company,"Kongens Lyngby, Capital Region, Denmark",Denmark,plastisens.com,https://www.linkedin.com/company/plastisens-aps
Emil Sørensen Eftf. A/S,"Vi følger med tiden
Viden, Styrke og Kvalitet er udtryk for vores arbejde og kunnen hos Emil Sørensens Eftf. A/S, som er totalleverandør inden for tekniske løsninger.

Firmaet er grundlagt i 1916, og har ved fremsynethed og konstant udvikling gennem generationer, forstået at matche den teknologiske udvikling i vores samfund.

I dag fremstår Emil Sørensens Eftf. A/S som en moderne virksomhed, der er på forkant med tidens krav til energirigtige løsninger, nytænkning, højt uddannede medarbejdere og social ansvarlighed.

Virksomheden leverer alt indenfor tekniske løsninger, når det drejer sig om:

El-installation
Sikrings- og alarmteknik
Energioptimering
 

Sikrings- og alarmteknik
Emil Sørensens Eftf. A/S er Salgs-og ServicePartner for Verisure og Falck Alarm.

Som Salgs-og ServicePartner har vi egne sælgere og alarmmontører ansat til at servicere nye såvel som eksisterende alarmkunder.","Appliances, Electrical, and Electronics Manufacturing",11-50 employees,Public Company,"Frederikshavn, North Jutland, Denmark",Denmark,emil-el.dk,https://www.linkedin.com/company/emilel
Kirchheiner ApS,"Kirchheiner ApS bygger el-automatik, maskin-el og robotløsninger på maskiner som del-leverancer og som nøglefærdige totalløsninger til industri i ind-og udland. Vi er en del af RoboTool og samarbejder om at løse selv de sværeste opgaver.

Vi mener, at en stærk holdånd smitter og giver værdi - eller som vi siger, når du først er blevet en del af vores familie, får du lyst til at blive her i mange år.

Velkommen til  Kirchheiner!","Appliances, Electrical, and Electronics Manufacturing",11-50 employees,Privately Held,"Tønder, South Denmark, Denmark",Denmark,kirchheiner.dk,https://www.linkedin.com/company/kirchheiner-el-teknik-aps
Scan Products D T ApS,"ABOUT US


Vision and innovation
Scan Products combines an understanding of market needs with a desire to develop innovative products. We respect electricians’ wishes, while also monitoring new trends and technologies, as we have done right from the start in 2005. For example, we were one of the first companies to manufacture downlights to be directly installed in insulation without a safety shell.

Business Focus
Scan Products develops, manufactures and markets high-quality lighting characterised by major ease-of-installation, innovative design, energy optimisation and reassuring warranties. We offer a broad product range of both indoor and outdoor lighting, which we distribute through leading electrical wholesalers.

Product Development
Scan Products works closely with Danish engineers, and constantly liaises with its customers on product development and solution optimisation. Out of consideration for our shared resources, we attach a high priority to energy optimisation without compromising ease-of-installation, colour reproduction or safety. 

Safety and Confidence
Scan Products’ staff are all experienced industry specialists. We deliver what we promise and take pride in supplying expert support. We set a high standard for warranties, certificates and approvals, and our products satisfy all guidelines in the markets we serve.

SCAN PRODUCTS
The brighter side of innovation","Appliances, Electrical, and Electronics Manufacturing",2-10 employees,Privately Held,"Frederikshavn, North Jutland, Denmark",Denmark,scan-products.com,https://www.linkedin.com/company/scan-products-d-t-aps
Danish Sensor Engineering,"Danish Sensor Engineering is all about Non Contact Measurements performed by High Quality Laser Sensors and 2-Dimensional Scanners.

Our field is high quality Non Contact Measurement by the use of laser and CCD technology, and our specialty is measurement of distance, thickness, width, difference, level, height and shape. Performed on almost all kind of surface such as asphalt, cardboard, fiber, foam, food, glass, granulate, liquid, metal, paper, plastic, powder, rubber, steel, stone and wood.

The range of ODS sensors, covering normal and high target temperatures, low, medium and long range measurement, including the two-dimensional O2DS scanner, have over the years created effective solutions for all kind of applications – as well as tailored solutions for specific demands.

We develop and manufactures high quality laser sensors to create the best products in the market for non contact measurement. Our team of engineers and software technicians constantly endeavor to develop solution that give our customers and partners worldwide the quality they expect from us.

By combining more than 20 years of experience in the field of non contact measurement with optical triangulation, unique electronics and skilled use of technology, we have developed a competitive range of laser ODS sensors and O2DS scanners to conduct all kind of non contact measurements with the highest precision.","Appliances, Electrical, and Electronics Manufacturing",2-10 employees,Privately Held,"Herlev, Capital Region, Denmark",Denmark,danish-sensor-engineering.com,https://www.linkedin.com/company/danish-sensor-engineering
Nørdic Bikes,"Handcrafted and assembled in Europe, and inspired in the nordic landscape and design heritage, Nørdic Bikes produces design-forward electric bikes to connect you with the things you love. Nørdic Bikes Series 01 is a revolutionary eBike with an iconic design. Unrivaled power. Remarkably fun.","Appliances, Electrical, and Electronics Manufacturing",2-10 employees,Privately Held,"Copenhagen, Capital Region, Denmark",Denmark,nordic-bikes.com,https://www.linkedin.com/company/nordic-bikes
Latter Electronic ApS,"Latter Electronic ApS er en moderne reparationsvirksomhed, der leverer elektronik reparation, samt
præventiv renovering i særklasse indenfor industriel elektronik og styringsteknik.
Vi tilbyder in-house reparationer af alt fra motorstyringer til operatørpaneler, samt omfattende full-service fejlsøgning on-site hos kunden, på selv udokumenterede anlæg. 
__________________________________________________________________________________

Latter Electronic ApS is a modern repair company that provides electronics repair, as well 
preventive maintenance in a class of its own in industrial electronics and automation technology.
We offer in-house repairs of everything from motorcontrollers, servodrives etc. to industrial pc, PLC’s and operator panels, as well as extensive full-service troubleshooting on-site at the customer, on even undocumented systems.","Appliances, Electrical, and Electronics Manufacturing",2-10 employees,Privately Held,"Fredericia, South Denmark, Denmark",Denmark,latter-electronic.dk,https://www.linkedin.com/company/latter-electronic-aps
GREYLITE Aps,"LED lighting fixtures for the professional market area.

Track spots, 3-phased tracks, built-in downlighters, wall, ceiling and pendant fixtures as well as industrial and outdoor lighting.

Highest quality products, European production and stocking thus 5 year warranty.

Lighting projecting, calculations and documentation of energy savings and pay-back time on investments.

Major national and international references.","Appliances, Electrical, and Electronics Manufacturing",2-10 employees,Privately Held,"Jyllinge, Zealand, Denmark",Denmark,greylite.dk,https://www.linkedin.com/company/greylite
PRI-DANA Elektronik A/S,"For more than 40 years, PRI-DANA Elektronik has specialised in the production of high quality printed circuit boards for OEM and EMS companies globally. 

We are a privately held company located in Hedensted, Denmark and our highly automated production plant operate 24 hours/day to meet our customers needs at all times. 

We service most markets and after receiving the AS 9100D Certification in 2019, we are also licensed for production to the Aerospace & Space markets.

We offer everything from prototypes, to medium and higher volume productions as well as Just-in-Time deliveries for urgent orders. Our state-of-the art and highly automated production facility enables flexible, reliable and high quality productions at all times.

Our technological offer relies on strong industry know-how and ever evolving capabilities to provide innovative solutions and support. Our in-house production facility secures full control of the supply chain to meet the needs for flexibility and reliability at all times. 

We value partnerships in all business relationships and we lead with transparency and flexibility to reach customer excellence.","Appliances, Electrical, and Electronics Manufacturing",51-200 employees,Privately Held,"Hedensted, Middle Jutland, Denmark",Denmark,pridana.dk,https://www.linkedin.com/company/pri-dana-elektronik-a-s
Nordtronic A/S - International,"Obvious solutions
Since our establishment in 2006, Nordtronic A/S' products have been among the best on the market.
Constant development, based on the feedback we receive from our customers, means that we deliver future-proof, high-quality products.
We work closely with Danish and German engineers to develop innovative LED lighting solutions.
Call us perfectionists, but we are only concerned with one thing
– namely to create the best lighting solutions. The obvious solutions.","Appliances, Electrical, and Electronics Manufacturing",11-50 employees,Privately Held,"Frederikshavn, North Jutland, Denmark",Denmark,nordtronic.com,https://www.linkedin.com/company/nordtronicinternational
IMPC Solutions ApS,"Developing and producing advanced software and electronics for industries, agriculture, and transportation.
Specialized on Qseven embedded platform design and ARM based platform design","Appliances, Electrical, and Electronics Manufacturing",2-10 employees,Privately Held,"Egtved, South Denmark, Denmark",Denmark,impc.dk,https://www.linkedin.com/company/impc-solutions-aps
Profort A/S,"Profort A/S er et dansk ingeniørfirma med mere end 20 års erfaring i at udvikle overvågnings- og styringssystemer til museer, landbrugs- og industrisektoren.
Siden starten i 1997 har vores ekspertise været trådløs overvågning af museumsgenstande. Gennem et solidt distributionsnet leverer vi systemer til førende museer i Europa.
I dag leverer vi også skræddersyede løsninger til landbruget og industrien. Alle systemer er udviklet i eget hus og fremstillet i Danmark. Vi udvikler selv vores produkter og kan derfor løbende tilpasse dem markedets skiftende behov.
Hos Profort er kunden i centrum. Det betyder, at vi ønsker at tilbyde vores kunder kvalitetsløsninger, der matcher netop deres behov. Da vi selv udvikler vores produkter fra bunden, kan vi skræddersy løsninger efter ønsker fra vores kunder.","Appliances, Electrical, and Electronics Manufacturing",2-10 employees,Privately Held,"Viby J., Middle Jutland, Denmark",Denmark,profort.com,https://www.linkedin.com/company/profort-a-s
Den Jyske Elektriker,"Den Jyske Elektriker

Vi er en moderne og veldrevet elinstallatørvirksomhed med base i Esbjerg, og på Fanø.
Siden 2010 har vi leveret kvalitetsløsninger inden for el-arbejde til både private og erhverv – fra mindre serviceopgaver til komplette installationer og entrepriser.

Hos os er personlig kontakt, høj faglighed og god dialog i fokus. Vi går aldrig på kompromis med hverken kvalitet eller service og planlægger alle opgaver effektivt, så både tid og ressourcer udnyttes bedst muligt.

Vi er autoriseret elinstallatør med et solidt kvalitetsstyringssystem (KLS), der sikrer korrekte og trygge installationer – hver gang.


 Kontakt os gerne for en uforpligtende snak eller få et tilbud.

Den Jyske Elektriker
T: 70 70 70 81
M: mj@denjyskeelektriker.dk
W: denjyskeelektriker.dk
A: Øresundsvej 6, 6715 Esbjerg N","Appliances, Electrical, and Electronics Manufacturing",11-50 employees,Self Employed,"Esbjerg, South Denmark, Denmark",Denmark,denjyskeelektriker.dk,https://www.linkedin.com/company/den-jyske-elektriker
Rosenberger Danmark a/s,"Vi er en kombineret produktions- og handelsvirksomhed, som udover at markedsføre kendte brands/agenturer indenfor konnektorer og kabler, også har egen kabelproduktion. 
 
Med produktionsenheder strategisk fordelt rundt om i verden, benytter vi i dag udover vor egen produktion i Danmark, både Litauen, Ungarn og Kina som vore primære produktionssteder.
 
Vi er total leverandør indenfor kabler og stik.","Appliances, Electrical, and Electronics Manufacturing",11-50 employees,Privately Held,"Lynge Mark, Capital Region, Denmark",Denmark,rosenberger.dk,https://www.linkedin.com/company/rosenberger-danmark-a-s
Marine-El,"Marine-El arbejder med alle former for el ombord på skibe - i industrien og privat. Opbygning og montering af styretavler på eget værksted. Fra projektering til prøvekøring hos kunden. Dokumentation på eget tegne program, så tegninger m.m. hurtigt kan rettes til.

PLC-styringer og programmering af f.eks. tempertur-skrivere udføres her i huset, så kunden har altid mulighed for at vende tilbage til et tidligere projekt for evt. rettelser eller udbygning.

Marine-El råder over eget testudstyr for afprøvning af generatorfelter i hovedtavler, samt tryk- og temperaturmåleudstyr for pressostater og termostater.

Marine-El har sammen med andre entreprenører leveret og monteret køleanlæg for frysehuse i Estland og Letland, samt RSW anlæg ombord på skibe.

Marine-El har i flere sammehænge arbejdet som supervisor for andre elfirmaer i forbindelse med totalrenovering af skibe.

Marine-El har store erfaringer med styring for vacuum-pumpeanlæg, generatorer og hovedmotorer. Projekter i alle størrelser, udføres professionelt.","Appliances, Electrical, and Electronics Manufacturing",11-50 employees,Public Company,"Hirtshals, North Jutland, Denmark",Denmark,marine-el.dk,https://www.linkedin.com/company/marine-el
Volta Energy Denmark,"Volta Energy bidrager til et renere, grønnere og mere bæredygtigt klima ved på en innovativ måde at imødekomme energibehovet på stedet. I øjeblikket sker det gennem mobile solcelledrevne generatorer og batterier.

De nuværende mobile energiløsninger i form af diesel generatorer er ikke tidssvarende: De leverer energi, men er dyre, støjer meget og udleder forurenende gasser. De bidrager heller ikke til Paris-aftalen og er afhængige af fossile brændsler.

Vi tror på, at bæredygtig energi kan blive hjertet i mobile energiforsyninger ved på en smart måde at kombinere eksisterende solcelle- og batteriteknologi med vores egenudviklede IoT-løsninger. Vi tilbyder den samme driftssikkerhed som en konventionel generator – men uden ulemperne. Det er medicinen uden bivirkninger.

Takket være Volta Energys innovative tilgang vil brændstofgeneratorer i 2030 helt have spillet deres rolle.","Appliances, Electrical, and Electronics Manufacturing",2-10 employees,Privately Held,"Odense, South Denmark, Denmark",Denmark,volta-energy.com,https://www.linkedin.com/company/volta-energy-denmark
JDB El-teknik,Vi deler ud af viden omkring EL og sikkerhed. Vi vil skabe Danmarks bedste arbejdsplads for elektrikere og håber du vil følge med i vores rejse her på LinkedIN.,"Appliances, Electrical, and Electronics Manufacturing",2-10 employees,Partnership,"Frederiksberg, Capital Region, Denmark",Denmark,jdb-elteknik.dk,https://www.linkedin.com/company/jdb-el-teknik
Power Up Spot Danmark,"Power Up Spot kan oplade alle smartphones (af ethvert mærke), tablets, musikafspillere, digitale kameraer osv.

Power Up Spot kan oplade 2 enheder samtidig,

Power Up Spot har en batterikapacitet på 20.000 mAh, nok til ≈ 14 belastninger på 50% eller 7-8 fulde opladninger af en gennemsnitlig smartphone på 2500 mAh.

Power Up Spot designes efter din virksomheds ønsker om farver, tekst, logo etc.

Alt artwork designes individuelt og unikt.

Power Up Spot har leveret powerbanks til store brands i hele Europa siden 2016","Appliances, Electrical, and Electronics Manufacturing",2-10 employees,Self Employed,"Middelfart, South Denmark, Denmark",Denmark,powerupspot.com,https://www.linkedin.com/company/power-up-spot-danmark
Dansk Skolefoto,"Dansk Skolefoto Aps is an electrical/electronic manufacturing company based out of Gammelmosevej 180, Kgs.lyngby, Capital Region of Denmark, Denmark.","Appliances, Electrical, and Electronics Manufacturing",11-50 employees,,"Kongens Lyngby, Capital Region, Denmark",Denmark,danskskolefoto.dk,https://www.linkedin.com/company/dansk-skolefoto
Hanstholm Elektronik A/S,"Hanstholm Elektronik A/S er en af de ledende og foretrukne elektronikvirksomheder i Danmark indenfor levering og installation af maritimt udstyr til den globale fiske- og marineflåde.

En unik virksomhed i vækst med 75 engagerede medarbejdere.

Et højt serviceniveau har ligeledes gjort Hanstholm Elektronik A/S til den foretrukne samarbejdspartner for en lang række værfter og rederier i Danmark og i udlandet.","Appliances, Electrical, and Electronics Manufacturing",51-200 employees,Public Company,"Grenå, Denmark",Denmark,he-as.dk,https://www.linkedin.com/company/hanstholm-elektronik-a-s
FarrowTech ApS,"FarrowTech ApS produces a system for automated supervision of farrowing sows, which notifies the farmer in case of birth complications and thus enables obstetric aid to be provided timely. The result is one extra surviving piglet per litter.","Appliances, Electrical, and Electronics Manufacturing",2-10 employees,Public Company,"Galten, Middle Jutland, Denmark",Denmark,farrowtech.dk,https://www.linkedin.com/company/farrowtech-aps
Spot Installation A/S,"Spot Installation A/S er Grundlagt i 1996 


Vi er specialister i at lave butikker og restauranter.

Vi går højt op i at kunderne skal drifte hele tiden, derfor er det vigtigt med en stabil installation 365 dage om året.
Hvorfor vi kun kvalitets produkter, og bestræber os på altid at have dygtige kompetente medarbejder.
der udfører arbejde i høj kvalitet.

vi servicere flere ejendomme med service, og store som små ombygninger.","Appliances, Electrical, and Electronics Manufacturing",51-200 employees,Public Company,"Copenhagen, Capital Region, Denmark",Denmark,spotinstallation.dk,https://www.linkedin.com/company/spot-installation-a-s
Porsentech ApS,"Porsenech is a company that delivers portable sensor technology. The key activity is to produce mobile warning systems, which can alert users in a personal way.","Appliances, Electrical, and Electronics Manufacturing",2-10 employees,Self Employed,"Pandrup, North Jutland, Denmark",Denmark,porsentech.com,https://www.linkedin.com/company/porsentech
Elmotech Danmark,"Vi rådgiver og bygger i el

Hos Elmotech rådgiver og bygger vi el-tavler i alle størrelser - lige fra færdigmonterede gruppetavler til komplekse styre- og fordelingstavler. 

Med over 35 års erfaring kan vi garantere et produkt af højeste kvalitet, baseret på nyeste teknologi, skræddersyet efter jeres ønsker til  konkurrencedygtige priser.

Hos Elmotech har vi udviklet ElmoApp, som giver dig, som el-installatør, mulighed for at beregne kundens pris på den fremtidige gruppetavle, når du eller dine medarbejdere står hos kunden. Med få klik kan du bl.a. designe gruppetavlens indhold og tilgangsveje - nemt og på under ét minut.

Med appen får du blandt andet:

•	info om tavlens størrelse (eks. UG 12) med baggrund i de indtastede oplysninger
•	mulighed for at indtaste timeforbrug til montering på stedet samt en tillægspris for hjælpematerialer 
•	info om din og kundens pris, incl. moms - beregnet udfra dine indtastede oplysninger om dækningsgraden 
•	mulighed for at indtaste kundens leveringsadresse og dit rekvisitionsnummer til fremtidig brug
•	samt direkte adgang til vores hotline, som står klar til at hjælpe dig 

Alt i alt skal dette medvirke til, at du sparer tid og samtidig kan yde en hurtig og fastholdende service til dine fremtidige kunder under forløbet. 
 
ElmoApp er gratis at bruge

Hvis du ikke allerede har downloadet appen, så kan du gøre her via disse to link, alt afhængig af hvilket styresystem din telefon har:

Google Play:
https://play.google.com/store/apps/details?id=dk.elmotech

Apple Store:
https://apps.apple.com/tc/app/elmotech/id1536283638

Du kan klæde mere om os her:
https://elmotech.dk/

Du er også velkommen til at kontakte os med spørgsmål, ligesom vi gerne rådgiver om dit projekt:

Telefon: 21 32 00 00
Mail: mso@elmotech.dk","Appliances, Electrical, and Electronics Manufacturing",2-10 employees,Public Company,"Silkeborg, Middle Jutland, Denmark",Denmark,elmotech.dk,https://www.linkedin.com/company/elmotech-danmark
EL-Grossisten ApS,"Hos EL-Grossisten har vi 99% af vores produkter på lager. Det betyder at vi kan levere lynhurtigt fra dag til dag i hele Danmark. Hvis du handler dine el artikler på nettet hos EL-Grossisten, kan du spare rigtig mange penge. Se vores store udvalg af LED Spots, LED Pærer, Stikkontakter samt mange andre varer i diverse kategorier. Hos EL-Grossisten finder du et stort udvalg af el artikler. VI sikre dig, 100% tryghed ved bestilling, da vi hverdag sidder klar til at rådgiv, samt hjælpe dig ved køb af billige el artikler, uanset om du er privat person med et mindre projekt, eller en virksomhed med større tanker. Tager du kontakt til os vil du altid blive mødt af vores faguddannede personale, som ved hvad det drejer sig om, da de har over 40 års erfaring inden for el faget.","Appliances, Electrical, and Electronics Manufacturing",11-50 employees,Public Company,"Brørup, South Denmark, Denmark",Denmark,el-grossisten.dk,https://www.linkedin.com/company/el-grossisten
DK-FLUID,"DK-FLUID is a consultant company which offers all service operations for insulating mineral oils in the high voltage industry. We are deeply specialized in high vacuum treatment and oil regeneration equipment. DK-FLUID offers all oil handling operations that helps the European grid owners to ensure a stable and safe operation of their portfolio for oil filled equipment.  

Our vision is to become the preferred supplier for oil services for the whole Scandinavian market. We will do so by offering State-of-the-art services and equipment that will help our client ́s to achieve their responsibilities set by EU for circular economy. DK-FLUID has a strong focus not only on safety but also the environment and how we can be part of the green transition. That is why we have developed equipment, processes and evaluation methods that supports the European mission to shift from a linear economy into a circular economy and thereby save natural resources. 

Our service division is specialized in four types of services: transformer oil treatment, transformer oil regeneration, removal of corrosive sulfur from transformer oil and cable oil treatment. 

Our laboratory covers the full range from oil sampling, oil sample analysis, dissolved gas in oil analysis and of course Transformer diagnostic.","Appliances, Electrical, and Electronics Manufacturing",2-10 employees,Partnership,"Copenhagen, Capital Region, Denmark",Denmark,dkfluid.dk,https://www.linkedin.com/company/dkfluid
Tridane ApS,"- Development of redundant and scaleable products for professional video broadcasting services. Products includes up to 96 Gbit crosspoint switches, equalizers, cable/fiber drivers and emergency fallback devices.
- Customer specific FPGA designs.
- 3G-SDI recorders and converters for HDMI end user applications.

US office:
Tridane Video Technology Inc. 
Sales and R&D office for video broadcast equipment. 3D equipment, scalers, routers, switches","Appliances, Electrical, and Electronics Manufacturing",2-10 employees,Public Company,"Aars, Denmark",Denmark,tridane.dk,https://www.linkedin.com/company/tridane-aps
Fyns Energiteknik,"Ekspertise og mange års erfaring med bygningsautomatik og energistyring gør Fyns Energiteknik til en seriøs og oplagt samarbejdspartner når energiforbrug og omkostninger skal fremtidssikres !

Hverdagen byder på masser af spændende udfordringer, idet vi skræddersyer løsningerne til kundernes behov. Der stilles store krav til medarbejderne, der altid er ajourført med den viden der skal til for at løse opgaven på den bedste måde.

Ofte fungerer vi som sparringspartner, hvor vi bidrager med viden og løsninger.","Appliances, Electrical, and Electronics Manufacturing",2-10 employees,Public Company,"Ringe, South Denmark, Denmark",Denmark,feteknik.dk,https://www.linkedin.com/company/fynsenergiteknik
Dahl & Drabæk,"Dahl & Drabæk

Med mere end 30 års erfaring inden for elinstallationer kan vi hos Dahl og Drabæk hjælpe dig frem til gode og sikre løsninger, som lever op til dine forventninger. Vi er et nystartet firma fra 2019, bestående af arbejdspartnerne Allan Dahl og Lasse Drabæk. Vi har et godt og tæt samarbejde, der gør os i stand til at imødekomme de ønsker og forventninger, vores kunder har til deres løsninger. Har du udfordringer med elinstallationerne i din bolig, så kontakt Dahl og Drabæk ApS og lad os hjælpe dig frem til et godt resultat.

Et tæt samarbejde med vores kunder er altafgørende

Når du samarbejder med Dahl og Drabæk ApS, kan du være sikker på, at du som kunde er det vigtigste for et godt og tæt samarbejde. Vi ønsker at opfylde de ønsker og krav, du har til dine elinstallationer, og derfor sætter vi os altid grundigt ind i din opgave og lytter til de tanker og overvejelser, du har haft i forbindelse med opgaven. Ud fra de ønsker, du har, rådgiver vi dig om de mulige løsninger, der er, så du kan træffe de afgørende beslutninger omkring dine elopgaver.

Hos Dahl og Drabæk ApS kan vi hjælpe med udførelsen af:

Data + TV
Eltjek og eftersyn
TIlslutning af solcellepaneler
Varmepumper og genindvindingsanlæg
Diverse autoriseret elinstallatøropgaver
Grønne løsninger
 
Med vores lange erfaring bag os er vi hos Dahl og Drabæk ApS i stand til at løse både større og mindre projekter. Vi udfører altid vores arbejde i høj kvalitet efter dine ønsker og behov. Du er derfor altid sikker på at få en god løsning, når du vælger os som din samarbejdspartner.

Har du lyst til at samarbejde med professionelle håndværkere, der yder en god kundeservice, og som altid overholder alle indgåede aftaler, så kontakt Dahl og Drabæk ApS og lad os høre om det elprojekt, du står over for. Det eneste, du skal gøre, er at indtaste få oplysninger i vores kontaktformular, så vil vi vende tilbage så hurtigt, vi kan, med svar på din henvendelse.","Appliances, Electrical, and Electronics Manufacturing",2-10 employees,Partnership,"Kolding, South Denmark, Denmark",Denmark,dahl-drabaek.dk,https://www.linkedin.com/company/dahl-drabæk
JEM Professional,"Defining the atmosphere since 1986. 

JEM Professional is a leading global manufacturer and supplier of high-quality atmospheric effect solutions. For decades, we have been the preferred choice for lighting designers and production teams, providing the industry’s most reliable smoke, haze, and fog technology for the world’s most iconic stages.

We specialize in professional-grade solutions designed to perform under the most demanding conditions. Our product range includes:

High-Performance Hazers: For the perfect, subtle atmosphere.

Professional Fog Machines: For high-impact visual effects.

Low-Fog Solutions: Creating stunning, floor-hugging clouds.

Effects Fans & Fluids: Engineered for maximum performance and durability.

Our journey has been defined by innovation and an unwavering commitment to quality.

Today, we take pride in our heritage and our future. With manufacturing based in the UK, we ensure that every machine is built to the highest standards of craftsmanship.

Since the summer of 2025, new ownership has ensured a renewed and focused development for JEM Professional. We continue to invest in R&D to provide the most advanced, user-friendly, and reliable atmospheric solutions on the market—from large-scale stadium concerts and broadcast studios to intimate theatre stages.

At JEM Professional, we don’t just make machines; we provide the tools to create unforgettable experiences.

Explore our full product range and discover why JEM is the professional choice in atmospheric technology.

 Website: www.jemprofessional.com  Instagram: @jemprofessional

#JEMProfessional #AtmosphericEffects #LiveEvents #SmokeAndHaze #UKManufacturing","Appliances, Electrical, and Electronics Manufacturing",11-50 employees,Privately Held,"Odense, South Denmark, Denmark",Denmark,jemprofessional.com,https://www.linkedin.com/company/jem-professional
LH Camera,"About Us
LH Camera is a Danish manufacturer of advanced underwater camera and lighting solutions. Since 2008, we have delivered rugged and reliable SubSea camera systems for offshore wind, marine industries, aquaculture, environmental monitoring, and custom projects.

We specialize in:

Underwater IP cameras (PoE and fiber)

Precision Pan/Tilt units

High-power LED lighting for underwater use

Custom cabling and interface solutions

Plug & Play CCTV systems for harsh environments

Our solutions are increasingly used in the offshore wind industry, where durability, image quality, and reliability under extreme conditions are essential. We support inspection of foundations, underwater structures, and service vessels.

All our products are designed and built in Denmark, giving us full control over development and manufacturing. This allows us to tailor solutions quickly — from one-off prototypes to full-scale production.

Our Mission
We aim to make underwater monitoring simpler, safer, and more reliable — focusing on high image quality, low maintenance, and easy integration.

Get in Touch
Want to learn more or see a demo? Visit www.lh-camera.dk or contact us directly here on LinkedIn.","Appliances, Electrical, and Electronics Manufacturing",2-10 employees,Partnership,"Fredericia, South Denmark, Denmark",Denmark,lh-camera.dk,https://www.linkedin.com/company/lh-camera
"Shenzhen Victory Electronic Technology  Co.,Ltd.","Victory is a professional PCB manufacturer which established in 2005. Adhere to be a specialized manufacturer for multiply species, small to mass production , and quick turn production, we insist to provide 3H(high quality, high precision and high density) PCBs for our customers.

With a total plant area 30,000sq.m, our monthly capability can be 60,000sq.m with 3000 parts. Our factories located in the modern Industrial Park of Shenzhen City. With advanced PCB production and testing equipments, and well-found quality system to monitor throughout the whole manufacturing process, we can ensure the stable and excellent quality of the production process to meet customers' requirements.

With high speed development, continuous improvement and persistent concentration in PCBs production during the decades of years, we can manufacture 1-16L layer Rigid PCBs, Flex PCBs, High Frequency PCBs, HDI PCBs and Metal Base Aluminium PCBs to satisfy various demand from customers. 80% of our products are exported abroad. Main application fields of our products are Industry Control, Automation, Automotive Electronics, Communication Device, Security Electronics, Smart Home Appliances and so on.","Appliances, Electrical, and Electronics Manufacturing",201-500 employees,Privately Held,"Copenhagen, Capital Region, Denmark",Denmark,victorypcb.com,https://www.linkedin.com/company/shenzhen-victory-pcb
SCAN-EL AS,"El-installationsforretning i 3 afdelinger:
Fabriksvej 8, 6650 Brørup
Engdraget 1, 6800 Varde

Vi udfører el arbejder for:
Private
Industri 
Erhverv 
Det offentlige 

Vi gør en dyd ud af at servicere vore kunder bedst muligt.
Vi arbejder både for Hr. og Fru Danmark, men også det offentlige og erhvervskunder
Det omfatter bl.a. hoved og total entreprenører på div. bolig og industri byggerier, derudover også for landbruget og produktionsvirksomhederne.

I vores EL SALGS forretning i Brørup sælger vi hårde hvidevare, støvsugere, kaffemaskiner m.m.
Ring gerne og aftal et besøg på tlf. 7538 1833","Appliances, Electrical, and Electronics Manufacturing",11-50 employees,Public Company,"Rønne, Capital Region, Denmark",Denmark,scan-el.as,https://www.linkedin.com/company/scan-el-as
L&S Wind Power,"Lund & Sørensen A/S is a danish company and a member of the NIBE GROUP, with sister companies all over the world.

We are an innovative company and we strive to be the industry's preferred wind power solution partner every time.

We design exactly the heating solutions you need for your specific application. As a member of NIBE, we have the opportunity to support our services worldwide through our own companies and sister companies.

You will experience extraordinary flexibility in working with us and sourcing products that meet relevant standards, product development, testing, and certifications according to sustomer specifications. 

We manage and support the entire process from sales, manufacturing and logistics perspectives.","Appliances, Electrical, and Electronics Manufacturing",11-50 employees,Partnership,"Vejle, South Denmark, Denmark",Denmark,ls-windpower.com,https://www.linkedin.com/company/ls-windpower
OnSite Automation ApS,"We are a danish company operating within the industrial segment. We provide many services such as PLC programming, machine run-in, documentation, travel jobs and cabinet builds.","Appliances, Electrical, and Electronics Manufacturing",2-10 employees,Public Company,"Bårse, Region Zealand, Denmark",Denmark,onsite-automation.dk,https://www.linkedin.com/company/onsite-automation-aps
Toptronic A/S,"Toptronic A/S is a Danish SME company specialized producing and distributing the best brands within Thermal Materials and EMI Shielding to the global space, aerospace, automotive and audio industry. 

Due to our high level of flexibility Toptronic A/S offer custom designs and advise on how to solve specific challenges.","Appliances, Electrical, and Electronics Manufacturing",2-10 employees,Privately Held,"Sorø, Zealand, Denmark",Denmark,toptronic.dk,https://www.linkedin.com/company/toptronic-a-s
AD Cut ApS,"Vi klipper, afisolerer, monterer tyller og alle former for kabelsko, samler bokse, monterer simple opgaver, producerer ledningstræer, monterer alle former for stik – kort sagt – vi løser alle former for opgaver, for at frigøre vigtig tid i industrien og hos installatøren... Vores ekspertise er vores kundes fortjeneste.

Vi arbejder enkelt – vores 4 værdier er: Kvalitet – Tid – Sjov – Pris

Kvalitet:
Vi sikrer os, at alle produkter er bearbejdet i respekt for materialet og bestræber os på, at levere det perfekte. Dette sker bl.a. ved effektiv udgangskontrol.

Tid:
Vores produktion, leverandører og samarbejdspartnere har tiden i fokus. Dette for at sikre, at varen leveres til den aftalte tid, da vi ved hvor vigtig tiden er for vores kunder.

Sjov:
For os er det vigtigt, vi har en sund og sjov arbejdsplads og sikrer, at alle vores medarbejdere arbejder i bedst mulige rammer. Den gode arbejdsplads smitter – det håber vi vores kunder mærker.

Pris:
Altid et vigtigt parameter – nogle gange det vigtigste... Vi sikrer os via en optimal og effektiv maskinpark – vi ser ingen grund til at flytte opgaver til udlandet, da vi ved hvor vigtig afstanden mellem kunde og produktion er i mange situationer.","Appliances, Electrical, and Electronics Manufacturing",2-10 employees,Privately Held,"Haslev, Region Zealand, Denmark",Denmark,adcut.dk,https://www.linkedin.com/company/ad-cut-aps
Democratic Sound,"At Democratic Sound, we’re on a mission to transform the way you experience audio. Our passion lies in combining cutting-edge technology with timeless sound quality, creating products that let you hear your music as it was meant to be heard.

Our flagship headphones are a testament to our dedication to innovation:

- Built-in amplifier and DAC: Distortion-free sound powered by an integrated amp, delivering unmatched clarity without the need for external equipment.

- Closed-back design: Enjoy immersive, isolated listening for pure focus and audio precision.

- Pure analog connectivity: Seamlessly connect with USB or analog (line/headphone) inputs for the ultimate listening versatility.

We’re proud to be a team of industry veterans with decades of experience in high-end audio and engineering:

Christian Poulsen, Co-founder & CEO: With over 35 years in the world of high-end audio and photography, Christian has a proven track record of bringing groundbreaking products to market. From leading Hasselblad and DPA Microphones to investing in forward-thinking startups, his vision continues to shape the future of sound.

Ole Moesmann, CTO: A true acoustics expert, Ole brings 25 years of experience, including award-winning projects as Head of R&D at DPA Microphones. His technical precision and hands-on approach ensure every detail of our sound is extraordinary.

Anders Poulsen, Co-founder & VP of Technology: Anders is a driving force behind our technical innovation, with expertise spanning radar systems, digital imaging, and advanced acoustics. His meticulous focus ensures that every solution is both practical and groundbreaking.

At Democratic Sound, we’re not just creating products—we’re building a new standard for audio. Whether you’re an audiophile, a creator, or simply someone who loves exceptional sound, we’re here to redefine your listening experience.","Appliances, Electrical, and Electronics Manufacturing",2-10 employees,Privately Held,"Frederiksberg, Capital Region, Denmark",Denmark,democraticsound.com,https://www.linkedin.com/company/democratic-sound
LEDprodukter.dk,Hos LED produkter har vi et bredt udvalg af professionelle belysnings løsninger til elektrikere og andre erhverv - store som små.,"Appliances, Electrical, and Electronics Manufacturing",2-10 employees,Partnership,"Holsted, South Denmark, Denmark",Denmark,ledprodukter.dk,https://www.linkedin.com/company/ledprodukter
Bent Nygaard Elektronik ApS,"Bent Nygaard Elektronik A/S udvikler, fremstiller og leverer anlæg og totalløsninger til vejning, etikettering og datahåndtering primært til fødevareindustrien. Vores styrker i et samarbejde er den præcision, driftssikkerhed, og fleksibilitet der ligger i vores leverance af veje- og etiketteringsløsninger. Robustheden og fleksibiliteten af vore produkter, gør dem ligeledes anvendelige til mærkning og vejning i den øvrige produktionsindustri.

Kvaliteten af den elektronik vi bruger i vores løsninger er altafgørende for resultatet af vores kunders vejeresultater og ikke mindst at resultaterne er kontinuerligt præcise og nøjagtige i processerne.

Valget af maskiner og software som vi udvikler til løsningerne er ligeledes af altafgørende betydning for kundernes produktivitet. Sammen med efterfølgende servicering og vedligeholdelse af anlæggene sikrer vi kunden en optimal driftssikkerhed.

Vores evne til at sætte os grundigt ind i kundens behov og være fleksible i forhold til at kunne integrerer nye løsninger ind i bestående produktionsmiljøer er en ultimativ forudsætning.

Vores styrker er din sikkerhed for en optimal veje- og etiketteringsløsning.","Appliances, Electrical, and Electronics Manufacturing",2-10 employees,Public Company,"Løsning Nørremark, Middle Jutland, Denmark",Denmark,bnyelektronik.dk,https://www.linkedin.com/company/bent-nygaard-elektronik
EL-TECH,"Målsætningen for os er at fremstå som en kvalitetsbevidst elektriker og el-installatør, der kan udføre alle slags opgaver indenfor el-faget.
Med speciale på solel samt energi rigtige løsninger for både private og firmaer. Desuden yder vi døgnvagt på alle typer elinstallationer","Appliances, Electrical, and Electronics Manufacturing",11-50 employees,Privately Held,"Vejle, South Denmark, Denmark",Denmark,el-tech.dk,https://www.linkedin.com/company/el-tech.dk
Låsesmede Foreningen,"Låsesmede Foreningen repræsenterer danske låsesmede og er en medlemsforening. 

Med og gennem vores medlemmer sikrer vi virksomheder og hjem med den nyeste teknologi og sørger for din tryghed med faglig kyndig vejledning. Trygheden gælder både, når du går fra arbejde, og når du forlader dit hjem. Uanset om det handler om nøglekort, systemlåse, alarmer eller andet, så er låsesmedene klar til at rådgive og sikre dig de bedste løsninger. 
 
Vi er på forkant og fremtidssikrer bygninger og hjem. Derfor er vi også garant for at udvikle de rigtige løsninger for danske arbejdspladser og hjem.","Appliances, Electrical, and Electronics Manufacturing",51-200 employees,Privately Held,"Ishøj, Capital Region, Denmark",Denmark,xn--lsesmedeforeningen-4tb.dk,https://www.linkedin.com/company/låsesmede-foreningen
ICAPE Denmark A/S,"Som en mindre, specialiseret enhed i en af verdens største trading organisationer kombinerer vi det bedste fra to verdener:

 Global sourcing og stærk supply chain
 Lokal tilstedeværelse og tæt dialog
 Høj teknisk support gennem hele processen

Vi samarbejder med virksomheder, der integrerer PCB i deres produkter – samt med EMS-virksomheder, der monterer og producerer på trykte kredsløb.

Vores ambition er klar:
At være den tekniske sparringspartner, der sikrer den rigtige løsning – første gang.

Følg siden, hvis du vil have indsigt i:
• PCB-teknologi
• Designoptimering
• Supply chain-sikkerhed
• Brancheindsigter

Vi ser frem til at dele viden og skabe stærke samarbejder.
#PCB #Elektronikproduktion #EMS #SupplyChain #TekniskSupport","Appliances, Electrical, and Electronics Manufacturing",2-10 employees,Public Company,"Næstved, Region Zealand, Denmark",Denmark,icape-group.com,https://www.linkedin.com/company/icape-denmark-a-s
S-Light A/S,"S-Light er en innovativ og højfaglig virksomhed, der udvikler og sælger kvalitetsbelysningsprodukter baseret på LED-teknologien. Specielt er S-Light aktiv inden for gadebelysning, hvor energibesparelse, kvalitetslys, dybdegående kendskab til lovkrav og brugerønsker er vigtige for udviklingen af produkterne.

S-Light er beliggende i Aalborg og bygger på en tværfaglig kompetencepalet inden for elektronik, software, mekanik, design og projektstyring. Netop disse tværfaglige kompetencer kommer til udtryk i S-Lights produkter i form af en imponerende synergi af solidt design, flot ydre, høj kvalitet og state-of-the-art teknologi. Gennem tæt kontakt til de forskellige brugergrupper og leverandører er S-Light ikke blot med i front, når det gælder energioptimerende og strømbesparende produktløsninger, men er ligeledes i front med løsninger, som målretter sig brugernes behov og ønsker.","Appliances, Electrical, and Electronics Manufacturing",2-10 employees,Privately Held,"Aalborg, North Jutland, Denmark",Denmark,s-light.dk,https://www.linkedin.com/company/s-light-a-s
Lindy Studio,"Our mission is to explore how electronics can be crafted to endure, in function, in meaning, and in cultural relevance.

Lindy Studio draws inspiration from the Lindy Effect, which suggests that the longer something has existed, the more likely it is to endure. We are fascinated by objects that stand the test of time, like fine horology, furniture, musical instruments, and ceramics, crafted to be passed down through generations, enduring in both function and value.","Appliances, Electrical, and Electronics Manufacturing",2-10 employees,Privately Held,"Copenhagen, Capital Region, Denmark",Denmark,lindystudio.com,https://www.linkedin.com/company/lindystudio
JO-EL Electric A/S,,"Appliances, Electrical, and Electronics Manufacturing",51-200 employees,Privately Held,Denmark,Denmark,,https://www.linkedin.com/company/jo-el-electric-as
BigBear,"BigBear is helping with electronic development from idea to finished product - or parts of development process, if the customer desire that. Work is done both in house and at customers site.
Specialized in digital design - Hardware schematic + Layout on Cadence Professional PCB package with SI, Firmware and has lots of tools from Microchip to Cortex, VC++, FPGA/CPLD development with Altera, Xilinx and Lattice tools. 
An extensive instrument park for measurements in both development, debugging and test phase. 
We also have in house advanced assembly lines for rapid prototyping and small/medium productions <200.000 components/day. 
Call us at +45 40426025 to hear if we can help you get your product to the market in the right quality and at the right timing.","Appliances, Electrical, and Electronics Manufacturing",2-10 employees,Privately Held,"Vejle, South Denmark, Denmark",Denmark,bigbear.dk,https://www.linkedin.com/company/bigbear-consulting
BTTB Elektronik ApS,"Alle taler om effektiv produktion. Hos os er effektiv produktion og levering en selvfølge. Her kommer du direkte i kontakt med personen, som arbejder med netop dit produkt.

Fleksibilitet er en selvfølge hos os. Hvis du har specielle ønsker, eller pludselige ændringer midt i en produktion, vil vi gøre alt for at hjælpe dig sikkert i mål.

Vi sætter pris på et tæt samarbejde. Hos os er samarbejde mere end regneark og betalingsbetingelser.","Appliances, Electrical, and Electronics Manufacturing",2-10 employees,Public Company,"Struer, Middle Jutland, Denmark",Denmark,bttb.one,https://www.linkedin.com/company/bttb-elektronik-aps
Hansen & Søgart A/S,"I januar 2015 blev Hansen & Søgart A/S stiftet som en del af en fusionering mellem J.H Elektric A/S og P. Andersen & CO. Dette gøres for at levere den bedste kundeservice samt kvalitet til vores kunder.

Med mere end 30 års erfaring kan du forvente en faglig højt ekspertise.

Hos Hansen & Søgart A/S sætter vores elektrikere altid en ære i god el-service og personlig betjening. For os er alle opgave unikke så ved at lade os udføre din næste opgave, så er du sikret løsning med både en god service samt høj kvalitet.

Vi beskæftiger i dag mere end 20 elektrikere og har flere spidskompetencer inden for el-faget så derfor tøv ikke med at kontakte os til din næste opgave","Appliances, Electrical, and Electronics Manufacturing",11-50 employees,Public Company,"Rødovre, Capital Region, Denmark",Denmark,hsel.dk,https://www.linkedin.com/company/hansen-&-søgart-a-s
Pontoteq,"Pontoteq Wireless Hardware Connectivity products provide easy and cost effective connection to a wide range of IoT Protocols and devices. By easy Plug&Play our products provides seamless upgrade of Gateways, Set Top Boxes, Access Points and other control point devices, both devices already in field as well as bundled with newly manufactured products.","Appliances, Electrical, and Electronics Manufacturing",2-10 employees,Privately Held,"Nærum, Capital Region, Denmark",Denmark,pontoteq.com,https://www.linkedin.com/company/pontoteq
Søberg Lystek,"Dette har været vores holdning til vores produkter og den service vi i Søberg Lystek tilbyder lige siden firmaet blev grundlagt i 1996. Denne røde tråd følges den dag i dag i virksomheden, og har gjort det muligt at fostre mangeårige partnerskaber med grossister inden for belysning, distributører, arkitekter og ingeniørfirmaer i ind- såvel som udland. I forbindelse med partnerskaberne har Søberg Lystek deltaget i både små og store projekter, og dette har rustet virksomheden til at kunne levere de efterspurgte størrelser på produktserier.
Dette fokus på kvalitet og funktion samt de krav denne holdning stiller til kreativiteten i virksomheden, har gjort, at Søberg Lystek altid er i front med energibesparende produkter og i branchen er kendt for kreative løsninger udviklet i tæt samarbejde mellem virksomheden og arkitekter, ingeniører og kunder.
Søberg Lystek arbejder koncentreret på, at inkorporere videndeling i arbejdsprocesserne, og dette kan ses via det tætte samarbejde, der er imellem vores udviklingsafdelingen og produktionsteams. Herigennem sikres, at virksomheden vil kunne levere den bedst mulige løsning uanset om der skal leveres standardprodukter eller en individuel løsning skal udvikles.","Appliances, Electrical, and Electronics Manufacturing",11-50 employees,Privately Held,"South Denmark, Denmark",Denmark,soberg.dk,https://www.linkedin.com/company/soberg
ChipCheck I/S,"Produktinformation, hurtigere end du har set før!","Appliances, Electrical, and Electronics Manufacturing",2-10 employees,Partnership,"Viborg, Middle Jutland, Denmark",Denmark,chipcheck.dk,https://www.linkedin.com/company/chipcheck-i-s
Dansk IT & Automation ApS,"Dansk IT & Automation er en konsulentvirksomhed, der altid er klar til at hjælpe og rådgive vores kunder. Vi har mange års erfaring inden for industrielle produktionsanlæg.
Vi tilbyder bl.a. følgende inden for el, mekanik, og automatik:
- Systematisk vedligehold
- Større og mindre reparationer
- Udvikling og opsætning af nye maskiner, og anlæg
- Tilkald ved nedbrud

Desuden har vi også stor erfaring med IT, både i kontormiljøer, og i industrien:
- Salg af hardware og software
- Opsætning og konfiguration af arbejdsstationer, servere
- Brugersupport
- Opsætning af mobil og netværk
- Rådgivning
- Online backup

Du er meget velkommen til at kontakte os for yderligere info:
Henrik Sørensen - 2014 8673
Kenneth Urban - 4217 4448","Appliances, Electrical, and Electronics Manufacturing",2-10 employees,Partnership,"Holbæk, Zealand, Denmark",Denmark,it-automation.dk,https://www.linkedin.com/company/dansk-it-&-automation-aps
Brix Elteknik ApS,"Brix Elteknik, aut. el-installatør med beliggenhed i Kalundborg. En virksomhed med fokus på kvalitet, innovative og energirigtige løsninger, til gavn for kunden og for miljøet.
Virksomheden er ejet af aut. el-installatør Jacob Brix Henriksen","Appliances, Electrical, and Electronics Manufacturing",2-10 employees,Privately Held,"Kalundborg, Zealand, Denmark",Denmark,brixelteknik.dk,https://www.linkedin.com/company/brixelteknik
Gagatek,"Gagatek A/S er din professionelle elinstallatør. Vi giver dig gennemtænkte løsninger inden for elinstallationer, LED-belysning, netværksløsninger og energibesparelser – vi garanterer en høj kvalitet hver gang!

Vi er et hold af eksperter med mange års erfaring. Vi står klar til at hjælpe private, offentlige institutioner samt erhverv, herunder industri og kontorer.

Vi udfører bl.a.:

    Ændringer til nuværende elektriske installationer
    Nye elektriske installationer
    Kontorinstallationer
    Belysningsinstallationer og -anlæg
    Netværksinstallationer
    M.v.

Du får god kundeservice
Elinstallationer skal være i orden! Vi gør vores yderste for at give dig professionelle løsninger til små såvel som store opgaver. Det er vigtigt for os, at du som kunde får en god oplevelse, og derfor prioriterer vi at give dig gennemskuelige tilbud med klart og tydeligt indhold. Du får altid grundig brugervejledning/instruks med, når vi udfører installationer. Og så leverer vi naturligvis til aftalt tid.

Du får høj kvalitet
Hos Gagatek A/S sætter vi en ære i at levere installationer, der passer til dit behov – vi følger med i udviklingen inden for vores fag, og derfor kan vi tilbyde dig de bedste løsninger i højeste kvalitet.

Du er altid velkommen til at kontakte os for et uforpligtende tilbud på telefon 46 36 28 13 eller mail el@gagatek.dk","Appliances, Electrical, and Electronics Manufacturing",11-50 employees,Public Company,"Roskilde, Zealand, Denmark",Denmark,gagatek.dk,https://www.linkedin.com/company/gagatek
"LinTronic Aps, Denmark","We make your products work together - even though they were not intended to.

We allow you - from one Bang&Olufsen - to control both your B&O products and your non-B&O products, like:
Audio/Video products, electrical curtains, blinds, lifts, alarm system, vacuum cleaner, cameras, elevation bed, fan, aircondition, etc.","Appliances, Electrical, and Electronics Manufacturing",2-10 employees,Privately Held,"Copenhagen, Capital Region, Denmark",Denmark,lintronic.online,https://www.linkedin.com/company/lintronic-denmark
TeleTech,"TeleTech designs and manufactures emergency communication systems for lifts - and has done so for more than 25 years. Our flagship product, the TSA7000 4G Lift Emergency Phone, helps lift owners and service companies navigate the ongoing sunset of landline, 2G, and 3G networks - with seamless integration into modern VoIP and cloud monitoring platforms.

We take pride in building products that are reliable and genuinely easy to work with. Our customers trust us because we stand behind our products and invest in lasting customer partnerships.
From our base in Roskilde, Denmark, a tight-knit team of curious and driven people work every day to make emergency communication smarter, more reliable, and easier to manage - always looking for better ways to do things.","Appliances, Electrical, and Electronics Manufacturing",11-50 employees,Privately Held,"Roskilde, Zealand, Denmark",Denmark,abp-teletech.com,https://www.linkedin.com/company/teletech-as
Intermark Metrology,"IMM origins dates back to 1996 - We are the Nordic exclusive distributor of several highly recognized manufacturers of test & measurement instruments. 

We are offering ""state of the art solutions"" for temperature, humidity & pressure test, measurements and
calibration.

It is our primary aim, to bring out solutions that are offering a perfect balance between; customer needs -
the possible solution and the total value of the solution.","Appliances, Electrical, and Electronics Manufacturing",2-10 employees,Privately Held,"Gentofte, Capital Region, Denmark",Denmark,intermark-metrology.com,https://www.linkedin.com/company/intermark-metrology
Power Flex A/S,"Power Flex er en familiedrevet virksomhed med fleksible, innovative løsninger til energioverførsel på tværs af en række brancher.  Vi er i tæt dialog med kunderne under hele forløbet fra ide til færdigt produkt og har tætte langvarige relationer til kunderne.","Appliances, Electrical, and Electronics Manufacturing",11-50 employees,Public Company,"Fredensborg, Capital Region, Denmark",Denmark,powerflex.as,https://www.linkedin.com/company/powerflex.as
Lillestrøm EL,"Den gode service. Det gode håndværk.
Lillestrøm EL er i dag en sammenlægning af Lillestrøm EL og Blume EL. Vi er en konstruktiv, nytænkende virksomhed, med fokus på at skabe en sund virksomhed som leverer service og opfylder kundens ønsker.

Målet er altid at leverer et resultat hvor du som kunde er tilfreds. Vi bringer kommunikation i højsæde og bestræber os på at opfylde dine forventninger til et resultat, med udgangspunkt i gældende lovgivning samt dit økonomiske råderum.","Appliances, Electrical, and Electronics Manufacturing",11-50 employees,Partnership,"Tappernøje, Zealand, Denmark",Denmark,lillestrom.dk,https://www.linkedin.com/company/lillestrøm-el
TekPartner International,"Technology expertise when you need it. TekPartner offers end-to-end product development services to help you compete globally on quality, price and time to market. From ideation to specifications, prototyping and production, our aim is to be your one-stop product development outsourcing partner.

More and more companies outsource R&D so they can focus on core business and reduce the impact on the bottom line. Our goal at TekPartner is to help you increase your global competitive advantage with high-quality product design and development.

Part of international engineering services company, Etteplan, we cover every conceivable technology and all core disciplines within embedded software, intelligent electronics, FPGA (field-programmable gate array) and IoT (Internet of things).

TekPartner in numbers:
- 200+ customers
- 60+ full-time/contract employees
- 400+ local network of experts
- 1,600+ international network of experts
- 1000m2 R&D office and electronics laboratory near Copenhagen and Odense
- International sales department offices near Copenhagen and Amsterdam

You can read more about Etteplan at www.etteplan.com
Danish customers can read more about TekPartner at www.tekpartner.dk","Appliances, Electrical, and Electronics Manufacturing",11-50 employees,Privately Held,"Herlev, Capital Region, Denmark",Denmark,tekpartner.eu,https://www.linkedin.com/company/tekpartner-as-international
oNEST nordic,"oNEST nordic is fueled by knowledge, driven by development, and defined by dedication.","Appliances, Electrical, and Electronics Manufacturing",2-10 employees,Public Company,"Kolding, South Denmark, Denmark",Denmark,onestnordic.com,https://www.linkedin.com/company/onestnordic
Fujas A/S,"FUJAS A/S SUPPLIES SWITCHGEAR, MOTOR CONTROLLERS, ASSOCIATED EQUIPMENT AND SERVICES TO THE MARITIME MARKET.

Our main office is located in Odense Denmark where manufacturing of our switchgear takes place.

Fujas would be pleased being a part of your project, newbuildings, aftermarket, small or big projects it don't  matter to us we are ready to assist you all the way from design to final commissioning.

Contact: 
email: info@fujas.com, tlf: Asger Hansen +45 25256527/ Jesper Hansen +45 21767575

Our products:
Mainswitchboards, Emergency switchboards, Motor controllers, Distribution panels, Shore supply panels, 24VDC/230VAC/400VAC UPS, Distribution transformers, Power Management Systems, Short Circuit Calculations, Selectivity Studies, Commissioning and Spare Parts.

We should be pleased being a part of your project.","Appliances, Electrical, and Electronics Manufacturing",11-50 employees,Public Company,Denmark,Denmark,fujas.com,https://www.linkedin.com/company/fujas
GHDsign,"GHDsign is a team of PCB design specialists with profound knowledge and expertise. We currently educate our team through the newest training causes to stay abreast of the ever increasing demands for fast switching times and technology up to 100Gbit +. We develop with accurate and precise constraints, circuit parameters, routing topologies, EMC / EMI considerations, return paths, impedances, material and we take a sensible account to parasite impedances etc. And you get the right positive feedback.","Appliances, Electrical, and Electronics Manufacturing",2-10 employees,Privately Held,"Måløv, Capital Region, Denmark",Denmark,ghdsign.dk,https://www.linkedin.com/company/ghdsign
Lund  & Erichsen A/S,"Lund & Erichsen er en moderne el installatør og datateknisk virksomhed. Vi har specialiseret os indenfor 5 fagområder: Alarmsystemer  - Telefonløsninger - Fiber og data teknik - El-teknik  samt energioptimering via CTS anlæg.

Vi er 45 dygtige og engagerede medarbejdere og vores mål er at du skal være tryg når du handler med os og være fuld opdateret på dine tekniske installationer indenfor vores arbejdsområder. Vi glæder os til at hjælpe dig med at finde løsninger på dine tekniske ønsker og behov.","Appliances, Electrical, and Electronics Manufacturing",11-50 employees,Public Company,"Herning, Middle Jutland, Denmark",Denmark,l-e.dk,https://www.linkedin.com/company/lund-og-erichsen
Zupelux LED ApS,"Hos Zupelux ved vi, at optimal belysning betyder velvære for de mennesker, som skal leve og trives i det. Derfor handler vi kun med de bedste produkter, brands og leverandører.

For Zupelux er service et must – et buzzword. Vi forstår, hvor vigtigt det er at have en leverandør, der holder ord. En leverandør, der leverer til tiden – og som stadig er der, når slutsedlen er skrevet under. Derfor har vores service samme høje standard som vores produkter.

Zupelux samarbejder med en af de allerstørste producenter på LED markedet, som producerer vores helt egne produkter, med egne LED chips.  Produkterne vi tilbyder har således et meget højt lumen pr. watt forhold. Dette har i sidste ende stor betydning for vores kunder og projekternes tilbagebetalingstid, når der investeres i LED.

Zupelux tilbyder vores kunder finansiering af deres LED-investering, typisk med en løbetid på mellem 2 – 5 år, og helt uden udbetaling.Vi kan ligeledes tilbyde virksomheder at få lavet en Carbon Footprint analyse, samt hjælp til dokumentation af deres energi besparelser, og en analyse af hvilke områder der er mest rentable af få energi optimeret.","Appliances, Electrical, and Electronics Manufacturing",2-10 employees,Public Company,"Thisted, North Jutland, Denmark",Denmark,zupelux.dk,https://www.linkedin.com/company/zupelux
Dantax Radio A/S,"Dantax A/S designs, develops, produces, and sells audio products under the Scansonic, Raidho, and Harmony brands. The company was founded in 1969 and is based in Pandrup, Denmark.","Appliances, Electrical, and Electronics Manufacturing",11-50 employees,,"Pandrup, North Jutland, Denmark",Denmark,dantaxradio.dk,https://www.linkedin.com/company/dantax-radio-a-s
SoftBox ApS,"SoftBox is operated by Uffe Safeldt, which offers consulting services and technical solutions to the industry and product development companies.

Uffe Safeldt is educated as smith, information technology assistant and electrical engineer at DTU. Early in his career he worked several years as craftsman in the production of precision mechanical products on CNC and traditional machines. Therefore his solutions is always based on experience around the manufacturability and cost in the design of mechanical solutions.

Typical tasks would be: Mechanical design in 3D inventor. Electrical design ranging from PCB design with embedded electronics up to industrial machine controllers. Software design using DELPI, SQL and many other tools.

The best solutions found by combining several disciplines, thus offering SoftBox today combined solutions of mechanics, electronics and IT.","Appliances, Electrical, and Electronics Manufacturing",2-10 employees,Privately Held,"Skævinge, Capital Region, Denmark",Denmark,softbox.dk,https://www.linkedin.com/company/softbox-aps
Gizmow Robots,"Gizmow Robots  har siden 2016 været Autoriseret Ambrogio forhandler, med speciale i store og komplekse installationer. '

Kernen i Gizmow Robots forretning, er udover personlig service, en høj faglig rådgivning om drift og vedligehold af robotterne, samt vejledning i optimering af græsarealets udformning og afgrænsning.

Websalg er ikke en mulighed, tilgengæld tilbydes der altid en ufopligtende 
 besigtigelse af græsarealet og fremvisning af en sandsynlig robotløsning.","Appliances, Electrical, and Electronics Manufacturing",Self-employed,Self Owned,"Helsinge, Capital Region, Denmark",Denmark,gizmow-robots.dk,https://www.linkedin.com/company/gizmow-robots
LithiumPro ApS,"Hos LithiumPro kombinerer vi banebrydende teknologi og dansk design for at skabe de mest avancerede lithiumbatterier på markedet – uden dyre mellemled. Vores specialfremstillede LiFePO4-batterier er bygget til at levere maksimal ydeevne og lang levetid, med en holdbarhed på op til 30 år.

Vi gør grøn energi tilgængelig for alle ved at konkurrere direkte med blybatterier på pris og kvalitet. Uanset dit behov kan vi udvikle skræddersyede batteriløsninger, der passer præcist til dine krav. Som eksperter i LiFePO4-teknologi leverer vi batterier, der sikrer en grønnere, mere effektiv fremtid.

Kontakt os i dag, og lad os finde den ideelle batteriløsning til dig!","Appliances, Electrical, and Electronics Manufacturing",2-10 employees,Partnership,"Bringstrup, Region Zealand, Denmark",Denmark,lithiumpro.dk,https://www.linkedin.com/company/lithiumpro-aps
Viftrup Jespersen A/S,"Viftrup Jespersen A/S løser både små og store opgaver, og med den ekspertise vi har i dag, er vi i stand til at have blik for detaljen og sikrer et flot finish og lang holdbarhed på vores ydelser. Udgifterne på et projekt bliver holdt nede og vores kunders behov er i centrum. Vi kan arbejde på tværs af forskellige opgavetyper, og vores kompetencer og specialiteter spænder vidt: traditionelle installationer, bygnings-installationer, automation, netværks-installationer, nedgravning af kabel og mange andre projekttyper.

Alle vores materialer og arbejdsmetoder er af højeste kvalitet, da vi aldrig vil tilbyde vores kunder noget, som vi ikke  vil kunne stå inde for, da det er vores mission at levere kvalitet.","Appliances, Electrical, and Electronics Manufacturing",51-200 employees,Public Company,"Videbæk, Middle Jutland, Denmark",Denmark,viftrup.dk,https://www.linkedin.com/company/viftrup-jespersen-a-s
Islev Elektrikeren A/S,"El-arbejde i topkvalitet – med mere end 60 års erfaring 
Leder du efter en pålidelig elektriker, der prioriterer kvalitet, service og stabilitet?

Hos Islev Elektrikeren A/S har vi leveret professionelt el-arbejde siden 1960. Med over seks årtiers erfaring og stærk faglig stolthed er vi din garanti for sikre, gennemarbejdede løsninger – hver gang.

Vi løser mange typer el-opgaver for både private, erhverv, boligselskaber samt andels- og ejerforeninger. Uanset opgavens størrelse sørger vi for et resultat, der er fremtidssikret, energioptimeret og lever op til de højeste kvalitetsstandarder.

 Vi står ved vores arbejde
 Vi kommer til aftalt tid
 Vi tilbyder konkurrencedygtige priser
 Vi arbejder med fokus på bæredygtige løsninger

Kontakt os i dag for en uforpligtende snak og et godt tilbud på din opgave.
Mail: info@islev-el.dk
Tlf: 44 94 67 38/36 46 33 66","Appliances, Electrical, and Electronics Manufacturing",2-10 employees,Public Company,"Rødovre, Capital Region, Denmark",Denmark,islev-el.dk,https://www.linkedin.com/company/islev-elektrikeren-a-s
DILLING EL ApS,"DILLING EL ApS er din professionelle elinstallatør. Vi laver alle løsninger inden for elinstallationer, LED-belysning, netværksløsninger og energibesparelser – vi garanterer en høj kvalitet hver gang!


Vi udfører bl.a.:

    El-service
    Renovering
    Erhversinstallationer
    Nybyg
    Netværksinstallationer
    mm.

Du får god kundeservice
Elinstallationer skal være i orden! Vi gør vores yderste for at give dig professionelle løsninger til små såvel som store opgaver. Det er vigtigt for os, at du som kunde får en god oplevelse, og derfor prioriterer vi at give dig gennemskuelige tilbud med klart og tydeligt indhold. Du får altid grundig brugervejledning/instruks med, når vi udfører installationer. Og så leverer vi naturligvis til aftalt tid.

Du får høj kvalitet
Hos DILLING EL ApS sætter vi en ære i at levere installationer, der passer til dit behov – vi følger med i udviklingen inden for vores fag, og derfor kan vi tilbyde dig de bedste løsninger i højeste kvalitet.","Appliances, Electrical, and Electronics Manufacturing",2-10 employees,Public Company,"Roskilde, Zealand, Denmark",Denmark,dilling-el.dk,https://www.linkedin.com/company/dilling-el-aps
Fiberlight,"Fiberlight er grundlagt med det formål at bringe miljøvenlige, langtidsholdbare og vedligeholdelsesfrie lysmaster til byens gader, parker, boligområder og andre udviklingsprojekter. Fiberlight-lysmaster er produceret af minimum ti lag glasfiber, hvilket giver masterne følgende fordele i forhold til de traditionelle lysmaster, som man ser i gadebilledet i dag. 

1. HOLDBARHED. Fiberlight-lysmaster har en holdbarhed på op til 60 år (mod de normale allerede eksisterende master, som har en levetid op 10 - 20 år).

2. STYRKE OG FLEKSIBILITET. Fiberlight-lysmaster er fleksible og modstandsdygtige i ekstreme vejrforhold. 

3. MILJØVENLIGHED. Fiberlight-lysmaster kan genanvendes i eksempelvis beton og er derved meget miljøvenlige. 

4. SIKKERHED. I tilfælde af en kollision/trafikuheld er de personlige og materiale skader væsentligt mindre, når kollisionen sker med Fiberlight-lysmaster, end når de sker med traditionelle produkter. 

5. NEMME AT INSTALLERE. Fiberlight-lysmaster vejer blot 35 kg, hvilket gør dem lette at montere, installere og udskifte. 

6. ÆSTETISKE. Fiberlight-lysmasters farvemæssige design kan tilpasses fuldstændig efter, hvad der ønskes. 

7. VEDLIGEHOLDELSESFRIE. Der er ingen vedligeholdelse ved Fiberlight-lysmaster. 

Kontakt indehaver af Fiberlight, Søren Larsen, på 26 11 50 22 for henvendelser, eller hvis du ønsker at høre mere om Fiberlight-lysmaster.","Appliances, Electrical, and Electronics Manufacturing",2-10 employees,Privately Held,"Nørre Aaby, South Denmark, Denmark",Denmark,fiberlight.dk,https://www.linkedin.com/company/fiberlight
Soundliving ApS,"SoundLiving.dk er et dansk elektronik brand, som særligt fokuserer på kvalitet, innovation, funktionalitet og design. Produkterne bærer præg af skandinavisk design kombineret med innovative funktioner. 

På baggrund af flere års erfaring med salg og branding af elektronik produkter på det danske og europæiske marked, jagter vi nu drømmen om at skabe, et dansk brand drevet af nytænkende produkter.

Soundliving tilbyder i dag en portefølje bestående af forskellige højtalere, kabler og høretelefoner i forskellige farver og variationer. Vores design bygger på et stilrent look som skal kunne imødekommende ethvert dansk hjem.","Appliances, Electrical, and Electronics Manufacturing",2-10 employees,Partnership,"Køge, Zealand, Denmark",Denmark,soundliving.dk,https://www.linkedin.com/company/soundliving-aps
GD A/S,"GD A/S er Danmarks største leverandør af kabeltilbehør til lav-, mellem- og højspænding samt signalkabler.

Vi er således også Danmarks førende specialist i krympeflex. Krympeslanger lagerføres både til elektrisk isolering og korrosionsbeskyttelse. Dertil ligeledes kabelsko og forbindere i skrueteknik med knækbolte der dækker et stort område af kabeltværsnit samt spænding fra 0 - 72 kV.

Høj produktkvalitet, viden, service, leveringsikkerhed, og tætte kunderelationer er nøgleelementer for os. 
Vi har i de seneste 25 år oparbejdet en solid erfaring og indgående know-how indenfor krympeprodukter, kabelsamlinger og kabeltilbehør. Det betyder, at vi i tæt dialog med vores kunder altid finder den rigtige løsning på den konkrete opgave og altid til den mest konkurrencedygtige pris.

Forsyningssikkerhed er afgørende for os og vores kunder. Vi er derfor lagerførende i stort set hele vores sortiment og kan således levere en ordre med dags eller timers varsel, afhængig af hvad kunden ønsker.

Vores leveringssikkerhed er baseret på et mangeårigt tæt samarbejde med vore leverandører, som er førende inden for hvert sit felt.","Appliances, Electrical, and Electronics Manufacturing",2-10 employees,Public Company,"Fredericia, South Denmark, Denmark",Denmark,gd.dk,https://www.linkedin.com/company/gd-a-s
Hvacon A/S,"Hvacon A/S udfører alle typer af elinstallationer, tavler og automation på et højt fagligt niveau – vi garanterer høj kvalitet i alle vores løsninger!
Har du brug for en gennemgang af installationer med henblik på at nedbringe strømforbruget, eller har du måske brug for helt nye installationer?
Vi står klar med eksperthjælp til både private, det offentlige og erhverv – herunder boligselskaber og -foreninger m.v.

Du får installationer i høj kvalitet
Hos Hvacon A/S er vi stolte af at levere gennemarbejdede løsninger inden for elinstallationer, tavler og automation. Vi tilbyder også:

- vejledninger
- kvalitetssikring
- dokumentation
- faglig rådgivning

Du får sikre installationer
Vi følger naturligvis lovgivningen på området – du er garanteret professionelle løsninger.

Du får energibesparende installationer
Vi gennemgår altid mulighederne med dig, inden vi udfører opgaven. Der kan være mange penge at spare ved at tænke langsigtet og vælge energioptimerede løsninger. Vi er din faglige rådgiver, når du gerne vil spare på elregningen.

Du får god kundeservice
Vi leverer til aftalt tid – og vi hjælper naturligvis også ved akut opståede behov.

Du er altid velkommen til at kontakte os for et uforpligtende tilbud på tlf. 47 31 55 95 eller mail cts@hvacon.dk","Appliances, Electrical, and Electronics Manufacturing",11-50 employees,Public Company,"Frederikssund, Capital Region, Denmark",Denmark,hvacon.dk,https://www.linkedin.com/company/hvacon-a-s
EC-RAT ApS,"EC-Rat, Easy tools for Electronic Corrosion Reliability!

Welcome to EC-Rat!

EC-Rat is short for Electronic Corrosion Reliability Assessment Testing. A ""rat"" is also used as a term for an informer, and the double meaning of the word makes it appropriate for our company: We produce easy methods and tools for detection of unwanted process residues and materials on electronic devices.

We are proud to launch the Residues Rat for detection of unreacted flux residudes from the soldering process of electronics production

Product video link: http://youtu.be/UU5laMeHX9g

EC-RAT ApS is a spin-off company from the Center for Electronic Corrosion (CELCORR) research program led by the Technical University of Denmark. The company was founded by researchers with a background in materials and surface science having strong competences in corrosion and climatic reliability issues. For more information about the CELCORR program, see www.celcorr.com

Mission

Our mission is to generate easy to use tools that aid the electronic industries in making their products better. We aim at generating tools for making products more reliable, decrease production costs, and to detect and avoid unwanted materials or chemicals. 

Vision

Our vision is to implement academic research into innovative solutions of benefit for the electronics industries.","Appliances, Electrical, and Electronics Manufacturing",2-10 employees,Privately Held,"Gladsaxe, Capital Region, Denmark",Denmark,ec-rat.com,https://www.linkedin.com/company/ec-rat-aps
CIM Printtronic A/S,"30 års erfaring med elektronik, print og systemløsninger udviklet ud fra de bedste innovative kompetencer.

CIM PrintTronic har stor kompetence inden for udvikling og design af elektronik og print. Kernekompetencen er sparring og udviklingsarbejde forud for den enkelte produktion.

Vores vigtigste kompetencer er stor faglig viden og fleksibilitet, både hvad angår seriestørrelse, leveringstid og individuelle løsninger.

Vi har kompetencen til at realisere dit projekt fra idé til færdigt produkt, eventuelt pakket i salgsemballage og leveret direkte til din slutbruger.","Appliances, Electrical, and Electronics Manufacturing",2-10 employees,Public Company,"Struer, Middle Jutland, Denmark",Denmark,cim-printtronic.dk,https://www.linkedin.com/company/cim-printtronic-a-s
Sim'n Tonic,"We strive to innovate and solve technical challenges in order to help musicians, creating reliable and easy to use tools at an affordable price.

Sim'n Tonic is the brand behind the Nome I (aka Midronome) and Nome II devices, which MIDI sync clock for electronic and Live musicians.","Appliances, Electrical, and Electronics Manufacturing",Self-employed,Public Company,"Aarhus, Middle Jutland, Denmark",Denmark,simntonic.com,https://www.linkedin.com/company/simntonic
Varmepumpemesteren.dk,"Varmepumpemesteren.dk tilbyder 15 års erfaring i køleinstallationer. Vi har et særligt speciale i klimaanlæg, såsom varmepumper og aircondition. Hos Varmepumpemesteren.dk har vi den tætte dialog i centrum, så du kan føle dig tryg gennem hele forløbet. 

Når din varmepumpe ikke bare skal være et redskab, men en integreret del af dit hjem i de næste mange år. Vil du gerne have at monteringen udføres således, at indretning, komfort og ydeevne går op i en højere enhed?                                                

Så er du kommet til det helt rette sted! Kontakt os på + 45 22 27 70 74, det er ganske uforpligtende, så rådgiver vi dig til at vælge den bedste løsning, til lige netop dine behov.

Spar på varmeregningen og tag hånd om miljøet – vælg en varmepumpe. Den leverer billig og miljørigtig varme til din bolig. Hos Varmepumpemesteren.dk forhandler vi både luft til luft-, og luft til vand varmepumper. 

Din Varmepumpemester er Jesper V. Jensen. Jesper har mange års erfaring med rådgivning og installation vedrørende energiløsninger, og ikke mindst opsætning af varmepumpeanlæg. 

Vi opsætter klimaanlæg i det meste af Danmark og store dele af det sydøstlige Sverige – vi kører dog hovedsagligt i områderne ved nord-, midt- og vest Sjælland.  

Varmepumpemesteren.dk leverer altid et solidt håndværk. Vælger du at investere i et nyt anlæg hos os, har du krav på en god oplevelse og en installation i topkvalitet, som holder i hele varmepumpens levetid. Derfor giver vi dig også mulighed for at få en servicekontrakt med til dit anlæg, så er du sikker på, at alt virker optimalt, når du skal bruge anlægget. Det kalder vi sund fornuft!

Ring eller skriv til os, hvis du har spørgsmål til dit varmeprojekt – vi kan ligeledes rådgive dig i forhold til at søge tilskud fra staten om energiforbedringer. 

+ 45 22 27 70 74
jesper@varmepumpemesteren.dk","Appliances, Electrical, and Electronics Manufacturing",2-10 employees,Partnership,"Roskilde, Zealand, Denmark",Denmark,varmepumpemesteren.dk,https://www.linkedin.com/company/varmepumpemesteren-dk
S-Rain Control A/S,New Homepage URL,"Appliances, Electrical, and Electronics Manufacturing",11-50 employees,Privately Held,"Kvistgård, Capital Region, Denmark",Denmark,src.dk,https://www.linkedin.com/company/s-rain-control-a-s
El-Comp ApS,"El-Comp er et professionelt el-installationsfirma, der blev grundlagt i 1973 af autoriseret el-installatør Georg H. Bienkowski med navnet El-Comp.

I 2005 overtog autoriseret el-installatør Henrik Larsen virksomheden og driver den stadig den dag i dag under navnet El-Comp.

Vores teknikere løser alt indenfor trådløst net, netværksinstallationer herunder kobber og fibernetværk, POE forsynede enheder – test og certificering efter EN 50173 og EN 50174-2. Opgaverne være sig både privat og erhvervsrelateret, totalløsninger eller delløsninger. Med en bred viden og en mangeårig erfaring vil El-Comp. helt sikkert kunne hjælpe dig. Du er meget velkommen til at kontakte os for en løsning, der er tilpasset dig og dine behov.","Appliances, Electrical, and Electronics Manufacturing",11-50 employees,Public Company,"Vordingborg, Zealand, Denmark",Denmark,el-comp.dk,https://www.linkedin.com/company/el-comp-aps
ParsNord Thermal Comfort ApS.,"ParsNord design and propose thermal solutions for different applications using thermoelectric generators. ParsNord is established based on the significant demand for heating, cooling and Refrigeration solutions.","Appliances, Electrical, and Electronics Manufacturing",2-10 employees,Self Employed,"Aalborg, North Jutland, Denmark",Denmark,parsnord.dk,https://www.linkedin.com/company/parsnord
Jomatika ApS,"Hos Jomatika hjælper vi virksomheder, når tid eller ressourcer ikke rækker. Vi designer, samler og dokumenterer tekniske løsninger med høj driftssikkerhed og sporbar kvalitet. Vi arbejder på tværs af industri og infrastruktur – fra styretavler og PLC/SCADA til netværk/tele og feltklare rack-løsninger.
Alle projekter køres efter KLS og afsluttes med dokumentation og test (fx FAT/SAT og idriftsættelse), så du kan komme hurtigt og trygt i drift.

Vores ydelser
• Industri & automation: styretavler, PLC/SCADA, HMI, kommunikation, integration, retrofit
• Netværk & Telekom: server/netværk, fiber/patch, PoE, radio/tele (TETRA, UHF/VHF), multi-vendor integration
• Byg & montage: 19” rack, specialkabinetter, transportkasser/flightcases, feltklare løsninger, mekanisk montage & kabelhåndtering
• El & elektronik: strømforsyninger/UPS, IO/MCU, sensorer, styringer, prototyper/PoC, re-engineering/retrofit
• Dokumentation & test: kablingsdiagrammer, styklister, CE/KLS-pakker, FAT/SAT, idriftsættelse & overlevering – dokumenteret og sporbar
• Fejlfinding & ressourceforstærkning: vi rykker ind, analyserer, retter – og dokumenterer løsningen","Appliances, Electrical, and Electronics Manufacturing",2-10 employees,Partnership,"Ebeltoft, Middle Jutland, Denmark",Denmark,jomatika.com,https://www.linkedin.com/company/jomatika
Høgholm,"Høgholm er en moderne dynamisk el-virksomhed med en lille administration og faste medarbejdere på 20 mand. Dette kommer vores kunder til gode gennem:


    * En høj kvalitet i alt vores arbejde.
    * Stor fleksibilitet.
    * Konkurrencedygtige priser.


Vores kundekreds er alsidig og omfatter virksomheder, den offentlige sektor, boligforeninger samt private husstande. Vi er beliggende i Tarp ved Esbjerg og dækker geografisk Esbjerg og Varde kommuner.
Service og kvalitet til aftalt tid - dette er det vi lever af!


Med brugen af de nyeste værktøjer og teknologier, kan vi tilbyde vores kunder en optimal løsning i forbindelse med alle typer el-installation.","Appliances, Electrical, and Electronics Manufacturing",11-50 employees,Partnership,"Esbjerg, South Denmark, Denmark",Denmark,hogholm.dk,https://www.linkedin.com/company/hogholm
DEEwash | Denmark,"Welcome to DEEwash on LinkedIn! We're innovating hand hygiene with our handwashing unit, designed to make cleanliness quick, efficient, and eco-friendly. Developed by engineers from DTU, DEEwash aims to transform hand hygiene practices in healthcare, corporate, and public settings by reducing water usage, eliminating waste, and ensuring superior cleanliness. Follow us for updates on our journey, milestones, and how we're working to create a healthier future, one hand wash at a time. Join us in redefining cleanliness and sustainability in hand hygiene!","Appliances, Electrical, and Electronics Manufacturing",2-10 employees,Partnership,"Hillerød, Capital Region, Denmark",Denmark,,https://www.linkedin.com/company/deewash
Helsted el & Automation,"Helsted EL er din Tekniker med kompetence og erfaring indenfor el & styrings opgaver, da vi hele tiden holder os opdateret med de nyeste produkter på markedet. Vi lever og projektere styringer og effekttavler fra ide til slut produkt.","Appliances, Electrical, and Electronics Manufacturing",2-10 employees,Public Company,"Sakskøbing, Zealand, Denmark",Denmark,helsted-el.dk,https://www.linkedin.com/company/helsted-el-automation
Theodor Christiansen ApS,"El-firmaet theodor christiansen aut. elinstallatør ApS er en mellemstor installationsvirksomhed med 40 års erfaring som el installatør i Bramming, som i dag beskæftiger ca. 20 engagerede medarbejdere. Virksomheden har gennem årene, udviklet sig fra at være en almindelig traditionel installationsforretning, til en virksomhed der i dag kan tilbyde en palette af el tekniske fagområder og specialer, som gør os til en oplagt partner for vore erhvervskunder, industri og landbrug, såvel som til den offentlige og den private sektor, uanset opgavernes karakter og omfang, både når der er tale om nye installationer, og når det gælder serviceydelser. 

Hovedkompetencer: 

- Traditionel installationsteknik  
- Bygningsinstallationer  
- Belysning  
- IHC intelligente hus installationer  
- Industriinstallationer og automation  
- Landbrugsinstallationer  
- Tele- og Datanetværk  
- IP telefoni  
- EDB netværksløsninger 
- Trådløst netværk  
- Alarm og sikringsanlæg, AIA og ABA godkendte  
- Adgangskontrol og overvågningsanlæg  
- Service og vedligehold  
- Hårde hvidevarer, salg og service 
- Virksomheden er opdelt i en stærkstrøms- og en svagsstrømsafdeling 

Vi har gennem alle årene sat kunden i centrum og bestræbt os på, at kunden oplever os som en pålidelig leverandør og en troværdig samarbejdspartner, der leverer kvalitetsløsninger til aftalt tid og til en fornuftig pris.","Appliances, Electrical, and Electronics Manufacturing",11-50 employees,Privately Held,"Bramming, South Denmark, Denmark",Denmark,theodor-christiansen.dk,https://www.linkedin.com/company/theodor-christiansen-aut-elinstallator
Eltime A/S,"Vort forretningsområde er produktion, specialfremstilling, forhandling og afsætning af ursystemer. Vore produkter afsættes til de kundekredse, hvor kvalitet, præcision og pålidelighed betyder mere end en lav pris.
På de følgende sider præsenterer vi vor virksomhed og kollektion, som omfatter en lang række af forskellige ursystemer. Vi specialdesigner endvidere ure efter vore kunders specifikke ønsker.","Appliances, Electrical, and Electronics Manufacturing",2-10 employees,Public Company,"Jyllinge, Zealand, Denmark",Denmark,eltime.dk,https://www.linkedin.com/company/eltime-a-s
Synergy-Consult.tech,"While outsourcing electronic development and production to Asia can deliver significant benefits in efficiency and cost reduction, there are also a lot of challenges and pitfalls associated with outsourcing. For enterprises considering outsourcing, partnering with the right outsourcing consulting firm can help to ensure that they yield the desired benefits.","Appliances, Electrical, and Electronics Manufacturing",2-10 employees,Privately Held,"Nærum, Capital Region, Denmark",Denmark,synergy-consult.tech,https://www.linkedin.com/company/synergy-consult-tech
Heinex Data A/S - kabel afdelingen,"Heinex Data A/S - kabel afdelingen har specialiseret sig i kundespecificerede kabler. Kablerne produceres efter kundens ønsker og specifikationer, men vi står selvfølgelig til rådighed med hjælp og gode råd vedr. materialevalg og løsningsmetoder.

Der ud over lagerføres et stort udvalg af standard kabler. SAS, CX4, SFP+, Fiber kabler i single mode og multimode OM1, OM2, OM3, OM4","Appliances, Electrical, and Electronics Manufacturing",2-10 employees,Privately Held,"Åbyhoj, Middle Jutland, Denmark",Denmark,heinex.dk,https://www.linkedin.com/company/heinex-data-a-s---kabel-afdelingen
WaterCare Guard,"We want to change the way monitoring and water analyses is done today. We strive to make a faster and more efficient way to perform real time monitoring of our water resources. We enable our customers to acquire live access to water measurements via state-of-the-art sensor technology. This allows our customers to detect changes of the water quality fast and thereby enable our customers to initiate needed measures faster and more efficiently.

We strive to add the best possible value to our customers. We are doing so by getting a clear understanding of our customers wants and needs and then meet those expectations. We ensure a close cooperation with our customers in the implementation phase, making sure that our customers are satisfied with their solution.","Appliances, Electrical, and Electronics Manufacturing",2-10 employees,Self Owned,"Sønderborg, South Denmark, Denmark",Denmark,watercareguard.com,https://www.linkedin.com/company/watercare-guard
OnSite Electric,"We are a danish company operating within the industrial segment.
We provide many services such as PLC programming, machine run-in, documentation, travel jobs and cabinet builds. Furthermore we provide dedicaded man-hire teams of up to 10 skilled electricians - also for travel purposes.","Appliances, Electrical, and Electronics Manufacturing",2-10 employees,Self Employed,"Præstø, Zealand, Denmark",Denmark,onsiteelectric.dk,https://www.linkedin.com/company/onsite-electric-denmark
StanleyProjects,"StanleyProjects was started to share my passion for a mutual connection between hardware and software, and is dedicated to all technology enthusiasts and makers with interest in electronics, lasers, microcontrollers, etc. All projects are open-source, and documented on the home page and YouTube channel. Come, find inspiration, and kickstart your own project ideas, regardless of your previous experience.","Appliances, Electrical, and Electronics Manufacturing",Self-employed,Self Employed,"Copenhagen, Capital Region, Denmark",Denmark,stanleyprojects.com,https://www.linkedin.com/company/stanleyprojects
EastWest Lighting Company,"EastWest Lighting Company are a LED luminaire design, production and sales company based in Denmark and China. We specialise in 4 areas of lighting: Outdoor, Industrial, Retail and Office. 

We combine our Scandinavian design and engineering traditions and best-practices with the increasing qualities and ingenuity of a select number of LED manufacturers in China. 

This way we can meet the ever increasing demands on the European market for high quality LED lighting solutions both when it comes to technical performance and production capacity.","Appliances, Electrical, and Electronics Manufacturing",11-50 employees,Public Company,"Nivå, Capital Region, Denmark",Denmark,ewlighting.com,https://www.linkedin.com/company/eastwest-lighting-company
Visutech ApS,"Visutech er en dansk ingeniørvirksomhed, der udvikler, producerer og distribuerer energibesparende LED løsninger.

LED produkterne benyttes  til skiltning og belysning. 

Visutech’s speciale er mekkatronik udvikling i samarbejde med ingeniører, arkitekter og designere.

Styrken i Visutech er knowhow og evnen til hurtigt at omforme ide til produkt, hvilket foregår i eget værksted med CNC, laserskærer osv. til bearbejdning i aluminium og akryl.
 
Blandt vore referencer findes: Operaen, Danske Bank, DR Studie 13, Lego, McDonald’s osv.

Salget foregår udelukkende B2B.","Appliances, Electrical, and Electronics Manufacturing",2-10 employees,Privately Held,"Sønderborg, South Denmark, Denmark",Denmark,visutech.dk,https://www.linkedin.com/company/visutech-aps
Ultraline ApS,"Vi er et dedikeret hold af specialister med fokus på skræddersyede løsninger til ethvert belysningsprojekt. Hos Ultraline tror vi på, at kvalitet er nøglen til langvarig tilfredshed. Derfor går vi ikke på kompromis med komponenterne i vores produkter, det sikrer robuste løsninger, der ikke blot opfylder dine behov, men også tænker på fremtidens miljø.","Appliances, Electrical, and Electronics Manufacturing",2-10 employees,Privately Held,"Holstebro, Middle Jutland, Denmark",Denmark,ultraline.dk,https://www.linkedin.com/company/ultraline-aps
Danfoss Drives,"Danfoss Drives is 100% focused on developing, manufacturing and supplying AC drives. Our portfolio of high-quality, application-optimized VACON and VLT products maximizes process performance, saves the most energy and minimizes emissions.
 
We recognize and address the megatrends affecting the world today. Innovating technology that tackles climate change, helps cope with rapid urbanization and provides successful and sustained water and wastewater management are high on our agenda.

In 2025, we estimate that more than 5 billion people (over 50% of the estimated world population) will benefit directly or indirectly from the benefits provided by Danfoss Drives in their everyday lives. And the installed base of drives will be helping to save the annual equivalent of 60 hours of global energy consumption.","Appliances, Electrical, and Electronics Manufacturing","1,001-5,000 employees",Privately Held,"Gråsten, South Denmark, Denmark",Denmark,danfoss.com,https://www.linkedin.com/company/danfossdrives
GN Group,"GN brings people closer through our leading intelligent hearing, audio, video, and gaming solutions. Inspired by people and driven by innovation, we deliver technology that enhance the senses of hearing and sight. We help people with hearing loss overcome real-life challenges, improve communication and collaboration for businesses, and provide great experiences for audio and gaming enthusiasts.

GN was founded more than 150 years ago with a vision to connect the world. Today, inspired by our strong heritage, GN touches more lives than ever with our unique expertise and the broadest portfolio of products and services in our history – bringing people closer to what is important to them.

We market our solutions with the brands Jabra, ReSound, SteelSeries, Beltone, Interton, BlueParrott, Danavox, and FalCom in 100 countries. Founded in 1869, GN Group employs more than 7,000 people and is listed on Nasdaq Copenhagen (GN.CO). 

Visit our homepage GN.com and connect with us on LinkedIn, Facebook, and X.","Appliances, Electrical, and Electronics Manufacturing","5,001-10,000 employees",Public Company,"Ballerup, Capital Region, Denmark",Denmark,gn.com,https://www.linkedin.com/company/gn-store-nord
iGuzzini,"We are a global design partner dedicated to building the culture of light through innovation, connectivity, and sustainability, providing unique lighting solutions for spaces and people everywhere.","Appliances, Electrical, and Electronics Manufacturing","1,001-5,000 employees",Privately Held,"Copenhagen, Capital Region, Denmark",Denmark,iguzzini.com,https://www.linkedin.com/company/iguzzini
Kamstrup,"Kamstrup is a leading provider of intelligent metering solutions and services. We help water and energy companies around the world reduce their losses and optimize the production and distribution of clean water and energy. At the same time, our solutions contribute to the sustainable management of properties. For over 75 years, Kamstrup has focused on delivering valuable insights to the water and energy sectors because we believe that better data leads to better decisions. Our solutions, including meters, remote reading systems, software, and services, are sold in more than 90 countries.

We have our headquarters in Denmark, with production facilities there and in Georgia, USA.","Appliances, Electrical, and Electronics Manufacturing","1,001-5,000 employees",Privately Held,"Skanderborg, Middle Jutland, Denmark",Denmark,kamstrup.com,https://www.linkedin.com/company/kamstrup
FOSS,"FOSS is known throughout the world for efficient, analytical solutions that help to improve both food quality and safety in the global food market. And we are playing an increasingly important role in ensuring optimal use of valuable agricultural resources and have created groundbreaking innovations throughout the years in analytical technology. FOSS provides instruments and solutions to the world’s 100 largest food companies and for over sixty years, FOSS has been at the forefront of creating analytical technology.

Did you know that.... 

- 85% of the world’s milk production
- 80% of grain traded on the world market

...is tested using a FOSS solution? 

FOSS employs around 1,700 people working all over the world including almost 800 in Denmark. The analytical instruments are marketed and sold through a global network of sales subsidiaries in over 32 countries and by more than 75 dedicated distributors spread over Europe, North, South and Central America, Africa, Asia, and Australia.","Appliances, Electrical, and Electronics Manufacturing","1,001-5,000 employees",Privately Held,"Hillerød, Capital Region, Denmark",Denmark,fossanalytics.com,https://www.linkedin.com/company/foss
Hamamatsu Photonics A/S,"Formerly NKT Photonics, Hamamatsu Photonics A/S is the Lasers & Fibers Business Unit within the Hamamatsu Photonics Group.
Rooted in Denmark and built by scientists and engineers with a passion for photonics, we develop and manufacture high-performance fiber lasers and specialty fibers for innovators in quantum technologies, life sciences, semiconductors, security, and other demanding fields.

Researchers, engineers, and technical teams use our supercontinuum white light lasers, low-noise fiber lasers, ultrafast lasers, and specialty fibers in environments ranging from cleanrooms and advanced microscopy systems to oil rigs, space-related applications, and major laser fusion facilities. They rely on these technologies to support advanced research, precision measurement, industrial processes, and scientific instruments that expand knowledge and enable real-world impact.
We work closely with researchers, OEMs, and industrial partners who need reliable photonics solutions for demanding applications.

With local expertise and the global strength of Hamamatsu Photonics, we continue to provide the same products, people, and technical commitment under a new name. All our products are manufactured under our ISO 9001-certified quality management system.","Appliances, Electrical, and Electronics Manufacturing",201-500 employees,Privately Held,"Birkerød, Capital Region, Denmark",Denmark,hamamatsu.com,https://www.linkedin.com/company/hamamatsu-photonics-a-s
Martin Professional,"A leader in global professional entertainment and architectural lighting, providing solutions and designs through technology and innovation.","Appliances, Electrical, and Electronics Manufacturing","501-1,000 employees",Privately Held,"Å, Middle Jutland, Denmark",Denmark,martin.com,https://www.linkedin.com/company/martin-professional-as
DPA Microphones,"Designing microphones with amazing sound, exceptional consistency and outstanding durability is no easy feat. DPA Microphones draws on more than six decades of world-class microphone design experience. DPA's long history of precision and perfection continues to define our condenser microphones to this day. Sound superiority and technical innovation is at the heart of everything we do. You can be certain that the mics you buy from us will be the best ones you will ever use. Just grab your favorite DPA microphone, close your eyes and listen to your performance. The sound you hear is TRUE SOUND – delivered honestly and passionately.","Appliances, Electrical, and Electronics Manufacturing",51-200 employees,Privately Held,"Kokkedal, Capital Region, Denmark",Denmark,dpamicrophones.com,https://www.linkedin.com/company/dpamicrophones
Zaptec,"We believe that the future is electric and that adventures should be powered more sustainably. By making EV charging accessible for all, we hope to inspire a new generation of explorers with the freedom to go wherever – whenever.","Appliances, Electrical, and Electronics Manufacturing",51-200 employees,Privately Held,"Copenhagen, Capital Region, Denmark",Denmark,zaptec.com,https://www.linkedin.com/company/zaptec
Fagerhult,"Fagerhult creates premium lighting solutions that enhance human well-being in professional and public environments. With sustainability and connectivity at heart, we focus on office, education, healthcare, retail and outdoor applications.  We work closely with customers and partners in the European market and provide lighting solutions globally – with tailor-made solutions for our customers. 

The Fagerhult brand includes both the product company Fagerhults Belysning AB (based in Fagerhult, Sweden) and 12 sales companies located around Europe. Based on knowledge of the positive impact of light on humans, we develop and produce innovative lighting solutions that are marketed and sold via Fagerhult's sales company. In total, we are about 1,000 people, of which close to 37% are women and 63% men. (Figures from 31 December 2022)

Fagerhult is part of the Fagerhult Group, one of Europe's leading lighting companies, with 12 different brands and 4,100 employees in 27 countries around the world.","Appliances, Electrical, and Electronics Manufacturing","1,001-5,000 employees",Public Company,"Albertslund, Capital Region, Denmark",Denmark,fagerhult.com,https://www.linkedin.com/company/fagerhult
Festool,"Manufacturingtools for professional tradespeople is one thing. Developing first-class power and air tools literally in the hands of tradespeople is quite another. In the process, we attach great importance to quality and reliability
Many Festool power tools have already been in use for 30 years – or longer. The long service life of our professional tools is no coincidence. One thing is essential to the successful design and manufacture of professional tools which are high-performing and robust yet reliable and lightweight, such as bench-mounted circular saws, compound mitre saws, jigsaws, circular saws, plunge-cut saws, routers, stirrers, electronic planers, polishers, drills, hammer drills and all types of sanding machines, such as eccentric sanders, orbital sanders, long-reach sanders, angle grinders, belt sanders, as well as construction site radios, LED working lights and many more: You have to know, think, feel and live trade. Uncompromising. With your head, your heart and your hands.","Appliances, Electrical, and Electronics Manufacturing","1,001-5,000 employees",Public Company,"Copenhagen, Capital Region, Denmark",Denmark,festool.com,https://www.linkedin.com/company/festool-gmbh
Nortek,"Nortek excels in the development and manufacture of acoustic Doppler instrumentation. Doppler Velocity Logs (DVLs) are used for subsea navigation. Acoustic Doppler Current Profilers (ADCPs) are used to understand physical processes in the ocean, rivers, lakes and laboratories.

We pride ourselves on being innovative in product development and production processes. Nortek provides solutions to engineers and scientists by offering real-time data collection and support from our responsive technical team.","Appliances, Electrical, and Electronics Manufacturing",51-200 employees,Privately Held,"Rud, Middle Jutland, Denmark",Denmark,nortekgroup.com,https://www.linkedin.com/company/nortekgroup
Bruel & Kjaer Sound & Vibration Measurement A/S,"This page represents a legacy brand that is now part of HBK (Hottinger Brüel & Kjær). HBK was formed through the merger of HBM and Brüel & Kjær, bringing together expertise in sound and vibration, reliability, durability, propulsion efficiency, and data-driven testing. Today, HBK supports customers across the complete product physics domain, helping them reduce time-to-market through advanced testing, measurement, data analysis and simulation.

 For current updates and news, please follow the HBK LinkedIn page: https://www.linkedin.com/company/hbkworld-test-and-measurement/?viewAsMember=true","Appliances, Electrical, and Electronics Manufacturing","1,001-5,000 employees",Privately Held,"Virum, Capital Region, Denmark",Denmark,hbkworld.com,https://www.linkedin.com/company/bruel-kjaer-sound-and-vibration-measurement
GPV,"GPV is one of Europe’s leading EMS (Electronics Manufacturing Services) companies. Our vision is to be our customers' most trusted, powerful, and top-of-mind EMS partner.

With more than 7,500 employees worldwide and a 2025 turnover of DKK 8.7 billion (EUR 1.2 billion), GPV is the second-largest EMS company headquartered in Europe. From our headquarters in Denmark, we operate electronics, mechanics, and cable-assembly manufacturing in 11 countries worldwide: China (2), Denmark (1), Estonia (1), Finland (1), Germany (1), Mexico (1), Slovakia (2), Sri Lanka (1), Sweden (1), Switzerland (1), and Thailand (2).

Our customers are typically among the very best in their niche, and they expect more than manufacturing excellence. With over 65 years of EMS experience, we combine operational excellence with long-term, trust-based partnerships that enable our customers to gain more — more time, more growth, more cash flow, and more sustainable profitability.

To further strengthen customer service and supply-chain resilience in response to changing global trade dynamics, in December 2025, GPV entered into a strategic partnership with East/West Manufacturing Enterprises (EWME), a US-based EMS provider with production in Austin, Texas. The partnership enhances manufacturing flexibility across the United States and Mexico, supporting customer requirements related to US domestic production, Buy America / Build America (BABA), USMCA compliance, and evolving tariff environments.

At GPV, partnership is proven through action. Every day, we work to deliver timely, faultless, and high-quality solutions, while remaining a reliable and proactive partner in an increasingly complex global environment.

GPV has been part of the Danish industrial conglomerate Schouw & Co. since 2016 and is jointly owned by Schouw & Co. (80%) and Ahlström Capital (20%).","Appliances, Electrical, and Electronics Manufacturing","5,001-10,000 employees",Privately Held,"Vejle, South Denmark, Denmark",Denmark,gpv-group.com,https://www.linkedin.com/company/gpv
Spectris,"Spectris combines precision with purpose, delivering progress for a more sustainable world. We provide critical insights to our customers through premium precision measurement solutions combined with technical expertise and deep domain knowledge. 

Precision is at the heart of what we do - our leading, high-tech instruments and software equip our customers to solve some of their greatest  challenges to make the world cleaner, healthier and more productive. 

We are focused on two key divisions – Spectris Scientific and Spectris Dynamics, which are placed in technology-driven end  markets, with strong fundamentals and attractive growth trajectories. 

We have leading market positions in premium segments and employ 7,000 people located in 35 countries, all united behind our purpose to deliver value beyond measure for all our stakeholders.  We are headquartered in London, United Kingdom. 

Visit the Spectris website for more information: www.spectris.com

Learn more about our operating companies by visiting the websites below: 
Malvern Panalytical (www.malvernpanalytical.com) 
HBK (www.hbkworld.com)
Particle Measuring Systems (www.pmeasuring.com)
Servomex (www.servomex.com)","Appliances, Electrical, and Electronics Manufacturing","5,001-10,000 employees",Public Company,"Virum, Capital Region, Denmark",Denmark,spectris.com,https://www.linkedin.com/company/spectris-limited
SKOV A/S,"SKOV contributes to an efficient and sustainable global food production that deliver healthy food produced in respect to animal welfare. We provide climate solutions, farm management and digital value chain services for animal production worldwide.","Appliances, Electrical, and Electronics Manufacturing","501-1,000 employees",Privately Held,"Roslev, Middle Jutland, Denmark",Denmark,skov.com,https://www.linkedin.com/company/skov-as
Raymarine,"Teledyne Raymarine, a world leader in marine electronics, develops and manufactures the most comprehensive range of electronic equipment for the recreational boating and light commercial marine markets. Designed for high performance and ease of use, the award-winning products are available through a global network of dealers and distributors. 

The Raymarine product lines include radar, autopilots, GPS, instruments, fishfinders, communications, and integrated systems. Headquartered in Portsmouth UK, Raymarine is a division of Teledyne FLIR. For more information about Raymarine please go to  www.raymarine.com

About Teledyne FLIR 
Teledyne FLIR, a Teledyne Technologies company, is a world leader in intelligent sensing solutions for defense and industrial applications with approximately 4,000 employees worldwide. Founded in 1978, the company creates advanced technologies to help professionals make better, faster decisions that save lives and livelihoods. For more information, please visit www.teledyneflir.com","Appliances, Electrical, and Electronics Manufacturing",201-500 employees,Public Company,"Køge, Zealand, Denmark",Denmark,raymarine.com,https://www.linkedin.com/company/raymarine
Carlo Gavazzi Automation,"Carlo Gavazzi is an international group engaged in the design, manufacturing, and marketing of electronic control components for the global building and industrial automation markets.

Its factories in Italy, Mexico, Lithuania, Malta, and China are certified to ISO 9001, ISO 14001, and ISO 45001 standards. 

The company’s product portfolio—including sensors, solid-state relays, energy meters and analyzers, IoT energy management systems, monitoring relays, soft starters, timers, power supplies, and safety devices—delivers comprehensive automation solutions for both industrial and building applications. 

Typical customers include original equipment manufacturers in sectors such as access control, agriculture, conveyors, distributed energy resources, energy efficiency, energy storage, EV charging infrastructure, food & beverage, HVAC, mobile equipment, plastics & rubber, and semiconductors. In addition, system integrators and distributors play a key role as effective market channels. 

Carlo Gavazzi markets its products worldwide through 23 wholly owned sales companies and approximately 60 independent national distributors, covering Europe, the Americas, and the Asia-Pacific region.","Appliances, Electrical, and Electronics Manufacturing","1,001-5,000 employees",Public Company,"Hadsten, Middle Jutland, Denmark",Denmark,gavazziautomation.com,https://www.linkedin.com/company/carlo-gavazzi-automation
SVI Public Company Limited,"SVI Public Company Limited is a leading global Electronics Manufacturing Services (EMS) provider specializing in high-quality PCB assembly (PCBA), box build manufacturing, and complex electronic systems integration for customers worldwide.

Founded in 1985 and headquartered in Thailand, SVI has grown into a trusted manufacturing partner with operations across Asia, Europe, and North-America. We support OEMs in Industrial Electronics, Medical Technology, Telecommunications, Automotive, Energy, and other high-reliability sectors requiring precision manufacturing and supply chain excellence.

Our core manufacturing capabilities include:

• PCB Assembly (PCBA)
• Box Build and System Integration
• Cable and Wire Harness Assembly
• Testing and Quality Assurance Services
• Supply Chain Management and Global Logistics
• Plastic Injection Molding and Metal Stamping Support
• New Product Introduction (NPI) and Manufacturing Transfer Services

SVI is particularly recognized for supporting high-mix, low-to-medium volume production programs that require flexibility, engineering expertise, and responsive customer support. Our manufacturing facilities combine advanced technology, rigorous quality systems, and operational excellence to help customers bring innovative products to market efficiently and reliably.

With a strategic global manufacturing footprint and a strong commitment to long-term partnerships, SVI delivers cost-effective, scalable, and dependable manufacturing solutions that enable customers to strengthen their supply chains and accelerate business growth.

At SVI, we are committed to building lasting customer relationships through quality, responsiveness, and manufacturing excellence.","Appliances, Electrical, and Electronics Manufacturing","5,001-10,000 employees",Public Company,"Lillerød, Capital Region, Denmark",Denmark,svi-hq.com,https://www.linkedin.com/company/svi-public-company-limited
Kitron Group,"Kitron is a leading Scandinavian Electronics Manufacturing Services (EMS) company, delivering improved flexibility, cost efficiency, and innovation power through the value chain.

The company has operations in Norway, Sweden, Denmark, Lithuania, Germany, Poland, the Czech Republic, India, China, Malaysia, and the United States. In each of these regions, we tailor our offering to best suit the local needs.

With more than 3000 highly skilled employees, we manufacture and deliver everything from fully assembled electronic circuit boards to complete end products for customers globally. We offer a full range of services within the entire value chain of electronics production, including development and design, industrialisation and manufacturing, as well as product upgrades and service/repairs.

The company’s core areas of expertise are in the sectors of Connectivity, Electrification, Industry, Medical Devices, and Defence & Aerospace.

Privacy policy: https://kitron.com/privacy-policy","Appliances, Electrical, and Electronics Manufacturing","1,001-5,000 employees",Public Company,"Horsens, Middle Jutland, Denmark",Denmark,kitron.com,https://www.linkedin.com/company/kitron
LEMO GROUP,"With a history of eight decades of excellence and innovation, the LEMO Group is a global leader in high-performance interconnection solutions.

From the depths of the oceans to space, from the freezing North Pole to the burning heart of jet engines, from operating theatres to car races, we connect everything that must not be accidentally disconnected.

Do you want to make a better future? With us, you will develop world-renowned solutions. With us, you will help technological leaders push back the limits of science, medicine, robotics, communication, transport, and energy.

Your diversity: the driving force of our excellence:

From raw material to components and finished products, the LEMO Group incorporates all the skills and expertise required for the development of complete interconnection solutions. The diversity of professions, cultures and individual pathways creates a stimulating environment.

1804 staff
42% women
51 nationalities
21 subsidiaries in the world","Appliances, Electrical, and Electronics Manufacturing","1,001-5,000 employees",Privately Held,"Middelfart, South Denmark, Denmark",Denmark,lemo.com,https://www.linkedin.com/company/lemo
HBM,"This page represents a legacy brand that is now part of HBK (Hottinger Brüel & Kjær). HBK was formed through the merger of HBM and Brüel & Kjær, bringing together expertise in sound and vibration, reliability, durability, propulsion efficiency, and data-driven testing. Today, HBK supports customers across the complete product physics domain, helping them reduce time-to-market through advanced testing, measurement, data analysis and simulation.

 For current updates and news, please follow the HBK LinkedIn page: https://www.linkedin.com/company/hbkworld-test-and-measurement/?viewAsMember=true","Appliances, Electrical, and Electronics Manufacturing","1,001-5,000 employees",Privately Held,"Virum, Capital Region, Denmark",Denmark,hbkworld.com,https://www.linkedin.com/company/hbm-test-and-measurement
Dynaudio,"For 45 years, we have been combining high fidelity audio, enhanced performance, detailed imaging and powerful dynamics with exquisite design.","Appliances, Electrical, and Electronics Manufacturing",201-500 employees,Public Company,"Skanderborg, Middle Jutland, Denmark",Denmark,dynaudio.com,https://www.linkedin.com/company/dynaudio-as
GRAS Sound & Vibration,"Founded by Danish acoustics pioneer Gunnar Rasmussen, GRAS is a worldwide leader in the sound and vibration industry. We develop and manufacture state-of-the-art measurement microphones and related equipment to industries where acoustic measuring accuracy and repeatability is of utmost importance. This includes applications and solutions for customers within the fields of aerospace, automotive, audiology, consumer electronics, and other high-demanding industries.

Our measurement microphones are developed to support critical areas of R&D, QA and production and therefore must undergo the most thorough tests. Using a series of “Highly Accelerated Life Tests”, GRAS microphones are designed to live up to the high quality, durability and accuracy that our customers have come to expect and trust. 

GRAS is represented through subsidiaries and distributors in more than 40 countries.","Appliances, Electrical, and Electronics Manufacturing",51-200 employees,Privately Held,"Holte, Zealand, Denmark",Denmark,grasacoustics.com,https://www.linkedin.com/company/gras-sound-&-vibration
CUBIC,CUBIC was founded in 1973 based on a unique idea for a modular system for the construction of electrical panels. This idea has since the early start developed CUBIC into a global and recognized partner within electrome-chanics and with a product range that comprises any type of enclosure.,"Appliances, Electrical, and Electronics Manufacturing",201-500 employees,Privately Held,"Brønderslev, North Jutland, Denmark",Denmark,cubic.eu,https://www.linkedin.com/company/cubic-modulsystem-a-s
APEM,"Dream up your wildest HMI. We can make it happen.

At APEM, we are able to design and manufacture any Human Machine Interface, whatever your requirements may be. Our extensive experience enables us to develop unique switches, joysticks and panel solutions with our customers that meet the highest standards.
Our motto? Bringing our customers' projects to life. From the design to the production of interfaces fully customized to their needs, we do everything possible to provide products and services of the highest quality and reliability. 
Today, APEM is partner to thousands of companies throughout the world. 
Our interfaces equip all kinds of machines and off-road vehicles, which must be able to operate in the most extreme conditions.","Appliances, Electrical, and Electronics Manufacturing","1,001-5,000 employees",Privately Held,"Ballerup, Capital Region, Denmark",Denmark,apem.com,https://www.linkedin.com/company/apem-group
SG Armaturen,"SG Armaturen is a Norwegian Company founded in Lillesand, Norway in 1990. The company has operations in more than 30 countries world wide and daughter companies in Denmark, Sweden, Germany, Belgium, United Kingdom and France.

The luminaires from SG are the preferred choice for Lighting Architects, Lighting Consultants, Designers as well as Electrical Installers and in use on all Continents. We strive to design and manufacture our Lighting fixtures according to the highest quality standards because we know that it is precisely this level of quality that will allow our lighting luminaires to withstand the test of time.
Our outdoor luminaires are constructed to meet the changing weather factors and climatic conditions and extreme physical conditions due to heat, rain, snow, dust or dirt.

.","Appliances, Electrical, and Electronics Manufacturing",201-500 employees,Privately Held,"Odense, South Denmark, Denmark",Denmark,sg-as.com,https://www.linkedin.com/company/sg-armaturen
Sonion,"Sonion is the global leader in designing and manufacturing advanced components and solutions for hearing instruments and high end ear-level audio devices. Since 1974, Sonion has developed audio components and provided complete solutions to manufacturers of hearing aids, in-ear earphones, and specialty headsets. Sonion is one of the world’s top two developers and manufacturers of advanced miniature components and solutions such as balanced armature receivers, high-end microphones and electromechanical components.

Sonion is a growing company of more than 6,500 employees working from sites in Denmark, Poland, the Netherlands, USA, China and Vietnam.","Appliances, Electrical, and Electronics Manufacturing","5,001-10,000 employees",Privately Held,"Roskilde, Zealand, Denmark",Denmark,sonion.com,https://www.linkedin.com/company/sonion
Pascal Audio,"Pascal is a leading OEM supplier of high-performance amplification solutions for the professional audio industry. With more than 20 years of experience, we design and manufacture advanced amplifier modules that power some of the world’s most recognized pro audio brands.

We specialize in highly efficient, extremely powerful, and road-proven solutions for professional loudspeaker and amplifier manufacturers serving the global market. Our technology is trusted by top-tier industry players who demand uncompromising audio performance, reliability, and consistency.

Founded in 2006, Pascal was built on a clear vision: to develop dedicated OEM amplifier solutions tailored specifically for the professional PA and loudspeaker industry. Today, our modules are integrated into a wide range of premium audio products worldwide.

At Pascal, we believe that great audio starts with great partnerships. We work closely with our customers to create long-term, strategic collaborations that ensure outstanding product performance, faster time-to-market, and sustained competitive advantage.

Our commitment is simple:
Exceptional sound quality
Ultimate reliability
Outstanding customer experience","Appliances, Electrical, and Electronics Manufacturing",51-200 employees,Privately Held,Denmark,Denmark,pascal-audio.com,https://www.linkedin.com/company/pascal
Codan Limited,"Founded in 1959, Codan Limited (ASX:CDA) is a global group of electronics and engineering businesses that develop rugged and reliable hardware, software and embedded systems with a reputation for performance, quality, and reliability. 

We provide world class metal detecting, communications, safety, security, broadcast, and productivity solutions to some of the harshest environments on earth. We achieve this by providing a diversified range of high value-added electronics products through the design, development, manufacture, and marketing of innovative technology solutions. 

Codan Limited products are sold in more than 150 countries to the following markets:
•	Global Government
•	Business and Corporate
•	NGOs
•	Aid and Humanitarian organisations
•	Security and Military groups
•	Public Safety
•	Emergency Response
•	Broadcast
•	Consumer markets

We have a global network of sales offices, distributors, and dealers to deliver innovation, wherever you are.

Minelab
Codan | Domo Tactical Communications 
Zetron","Appliances, Electrical, and Electronics Manufacturing","501-1,000 employees",Public Company,"Randers, Middle Jutland, Denmark",Denmark,codan.com.au,https://www.linkedin.com/company/codan-limited
TC Electronic,"We’ll Get You On Stage.

We at TC Electronic believe in you and your music. Our sole purpose is to provide you with tools to get you on stage and in the studio.

Major artists include Metallica, Guns ‘n’ Roses, Queen, Depeche Mode, Kenny Moran, etc.Founded in 1976, TCElectronic’s guitar and recording products have inspired the greatest musicians to write, record and perform their biggest hits.

TC Electronic have been receiving multiple Awards from NAMM’s ‘Hall of Fame’ in 1985 to ‘Guitar Invention of the Year 2017’. We obsessively focus on our Customers in the Musician and Recording and Broadcast verticals.","Appliances, Electrical, and Electronics Manufacturing",51-200 employees,Privately Held,"Aarhus, Middle Jutland, Denmark",Denmark,tcelectronic.com,https://www.linkedin.com/company/tc-electronic
PR electronics,"PR electronics is the trusted partner for the process and factory automation industry. We specialize in making industrial process control safer, more reliable and more efficient.
 
We design, develop and manufacture world-class signal conditioning devices for the process and factory automation industry. 

We set the standard for product reliability, user-friendliness and innovation. Our dedicated sales force connects with more than 10,000 customers worldwide to help them make their processes safer, more accurate and more efficient.
 
Our clear focus helps us stand out! 
 
 
Everyday, more than 200 employees work relentlessly at designing and producing signal conditioning (interface) devices for the process industry within temperature, I.S. interfaces, panel meters, signal isolators, signal conditioners and converters. We are one of the world’s leading manufacturers of signal conditioning products with an installed base of 5,000,000+ units. 

In fact, we focus solely on signal conditioning and pride ourselves on doing everything in-house at our headquarters in Rønde near Aarhus, Denmark.
The fact that we carry out the entire process from bare board to the final product in our own factory means that we are able to increase reliability, flexibility and speed for our more than 10,000 customers across the globe. Every product we ship has been thoroughly tested and calibrated at our integrated development and manufacturing campus.



---

Try our Quick Quote feature on our website and get an offer within 24 hours!  Visit: www.prelectronics.com. 

To find your local contact, go to: www.prelectronics.com/contact .","Appliances, Electrical, and Electronics Manufacturing",201-500 employees,Privately Held,"Rønde, Middle Jutland, Denmark",Denmark,prelectronics.com,https://www.linkedin.com/company/pr-electronics-a-s
ELSTEEL,"ELSTEEL is a one-stop supplier for all low voltage enclosures. From the smallest terminal box to the largest distribution boards and motor control centers.

Flexible solutions and dedicated support

Being one of the most modern players in the market, established 1981,  ELSTEEL is constantly up to date with the latest technology. Our enclosure system can accommodate all brands of electronic equipment and is probably the most tested system in the world.

We believe strongly in making a swift way from planning to action – this is why you get the best enclosure system when you choose ELSTEEL.

Benefits
High quality products
Vast range of panelboard systems
Solid documentation behind every product and solution
Superior support
Flexible setup and easy-going processes
Swift way from planning to action

Send us your single line diagram or specification and we will make a Panelboard / Switchboard design for you. Completely free of charge!

 
Background Info

ELSTEEL is a Danish company owned by Feodora (Fang) and Alexander Logstrup. The siblings took over ELSTEEL in 2013 from founder Erik Logstrup.  Erik Logstrup was the visionary who invented the 200mm Techno Module system and he secured several patents over the years. He brought panel building to a new level with his invention of the Plug & PowerTM system in 2012.

The first production was set up in Sri Lanka in 1981. Since then we have expanded to factories in both India and Poland in order to cater to the ever rising demand of high tech, top quality solutions.

We ́re now 700 skilled professionals in the ELSTEEL family in 5 countries. We are proud to manufacture the worlds best technical solution at the best possible price!","Appliances, Electrical, and Electronics Manufacturing","501-1,000 employees",Privately Held,"Nivå, Capital Region, Denmark",Denmark,elsteel.com,https://www.linkedin.com/company/elsteel-ltd
DALI A/S,"DALI (Danish Audiophile Loudspeaker Industries), founded in 1983 in Denmark, is a global leader in high-performance audio. At DALI, we build lifelong loudspeaker companions - crafted in-house with industrial precision and guided by a passion for authentic, high-fidelity sound. Designed to move you, we create natural, immersive experiences that bring lasting emotion to music and films

Emerging from Scandinavia's leading audio retail chain, DALI was born from a clear market need: loudspeakers that seamlessly combine design, performance, and value. Four decades later, we remain committed to this vision through cutting-edge innovation and a deep-rooted passion for authentic sound.

Our flagship speaker series - KORE, EPIKORE, and the latest RUBIKORE - represent the pinnacle of DALI’s acoustic engineering, pushing the boundaries of design and performance. Alongside these, our IO-8 and IO-12 wireless headphones deliver the same DALI sound experience in a portable format, redefining mobile listening with audiophile-grade fidelity.

We also offer a comprehensive Custom Install (CI) range, designed for seamless integration into modern living spaces without compromising on sound quality. perfect for architects, interior designers, and AV integrators alike.

Headquartered in Nørager, Denmark, with more than 150 employees across our facilities in Denmark, China, Germany, the UK, and beyond, DALI continues to craft loudspeakers and headphones that bring music and film to life - at home, on the go, and everywhere in between.","Appliances, Electrical, and Electronics Manufacturing",51-200 employees,Privately Held,"Nørager, North Jutland, Denmark",Denmark,dali-speakers.com,https://www.linkedin.com/company/dalispeakers
SGM Lighting,"Innovative Lighting Solutions Since 1975.

SGM Lighting has over 50 years of experience in the entertainment and architectural lighting industry. Founded in 1975, SGM has grown into a global leader, known for innovative solutions and durable products.
 
By combining R&D and production in Denmark with R&D in China, SGM blends the best of future lighting technology with a commitment to durability, performance, and efficiency. This unique setup allows us to deliver premium solutions tailored to the needs of lighting designers, rental companies, and installers worldwide.

We work closely with industry professionals to develop products with distinct personalities and advanced functionality — built to perform in the most demanding environments.

A Global Partnership.
SGM Lighting ApS is owned by Golden Sea, a leading player in the global lighting industry and listed on the Shenzhen Stock Exchange. This partnership strengthens SGM’s ability to push the boundaries of lighting innovation, combining advanced technology with a shared commitment to quality and sustainability. Together, SGM and Golden Sea are creating inspiring environments and pioneering new possibilities for clients around the world.","Appliances, Electrical, and Electronics Manufacturing",51-200 employees,Privately Held,"Aarhus, Middle Jutland, Denmark",Denmark,sgmlighting.com,https://www.linkedin.com/company/sgm
Migatronic Group,"Better welding results start with the right expertise.

In production, every detail matters: a stable arc, consistent weld quality, high productivity, and technology your welders can rely on.

That’s exactly where we come in.

We have worked closely with welders and manufacturing companies for more than 50 years. We understand the challenges of day-to-day production – and we develop welding technology that helps you improve processes, ensure quality, and work more productively.

Our welding machines are designed and manufactured in Denmark. Behind them are experienced engineers, application specialists, and technical experts who don’t just develop welding technology – they understand it.

From manual welding machines to intelligent software and automation solutions, we combine technical know-how with hands-on experience from the welding industry.

And when an application has specific requirements, we’re not just a supplier. We work with you to find the right solution.

Migatronic. Built on expertise.

More than 50 years of welding expertise – for better results in your production.","Appliances, Electrical, and Electronics Manufacturing",201-500 employees,Privately Held,"Fjerritslev, North Jutland, Denmark",Denmark,migatronic.com,https://www.linkedin.com/company/migatronic-group
Lithium Balance A/S,"Lithium Balance A/S is a global developer of advanced Battery Management Systems (BMS), delivering safe, high-performance platforms. Originally founded in Copenhagen, Denmark, we have built a strong international footprint, supporting battery makers, OEMs, and system integrators worldwide.

With more than 20 years of history, deep expertise in hardware, embedded software, and safety certification processes, Lithium Balance is market-leading in the development of highly customizable functional-safety-certified BMS.

We design robust, scalable platforms that enable the safety, reliability, and optimal performance of battery systems that power on- and off-road vehicles, industrial equipment, energy storage systems, rail, and marine applications.","Appliances, Electrical, and Electronics Manufacturing",11-50 employees,Privately Held,"Herlev, Capital Region, Denmark",Denmark,lithiumbalance.com,https://www.linkedin.com/company/lithium-balance-a-s
UV Medico,"In UV Medico, we are a team of scientists, experts and pioneers who are passionate about using far-UVC light to prevent viruses, bacteria, and other pathogens from affecting our society. As a result, we have launched the first non-harmful filtered far-UVC lamp on the market, UV222TM. 

UV222TM is designed to emit far-UVC light at a particular wavelength of 222 nanometers. Previously, when a far-UVC lamp was designed to emit far-UVC light of 222 nanometers, the lamp would inevitably emit small amounts of secondary emission in other wavelengths as well. These wavelengths can be harmful. Our unique and patented safety filter technology blocks all the harmful and unwanted wavelengths from emission, which is a significant breakthrough for the disinfection of occupied spaces, highly increasing its effectiveness and usability against the spreading of infectious diseases, including COVID-19 (SARS-CoV-2).","Appliances, Electrical, and Electronics Manufacturing",11-50 employees,Privately Held,"Aarhus, Middle Jutland, Denmark",Denmark,uvmedico.com,https://www.linkedin.com/company/uv-medico
BITZER Electronics,"For more than 50 years BITZER Electronics has developed and produced innovative electronic solutions for energy saving climate controls, for partners all over the world. 

BITZER Electronics control solutions are an important and reliable integrated part of our partners’ total system – and helps generating a perfect climate for humans and optimized storage of food in areas like: 

// Heat pumps 
// Air conditioning
// Commercial cooling
// Refrigeration units 
// Reefer containers 
// Compressors

Please read our imprint and privacy policy for general information:
https://www.bitzer.de/dk/en/imprint
https://www.bitzer.de/dk/en/privacy","Appliances, Electrical, and Electronics Manufacturing",51-200 employees,Privately Held,"Sønderborg, South Denmark, Denmark",Denmark,bitzer-electronics.com,https://www.linkedin.com/company/bitzer-electronics
Teledyne RESON,"Teledyne RESON provides a range of high quality underwater acoustic hardware and software solutions, including recognized brands such as SeaBat Multibeam Echosounder and Teledyne PDS Software suite for Hydrographic Survey, Post processing and Dredge Guidance applications. With a global organization and large service and support team, we are close to customers globally and provide complete hydrographic solutions.

About Teledyne Marine Acoustic Imaging Group

Teledyne Marine Acoustic Imaging Group is a division in Teledyne Technologies consisting of the well-known companies Teledyne RESON, Teledyne BlueView, Teledyne Odom Hydrographic and Teledyne ATLAS HYDROGRAPHIC. The combined group of expertise and products provide a unique and consolidated product portfolio and service offering to the market centered around Echosounders, Imaging Sonars, Software and services.","Appliances, Electrical, and Electronics Manufacturing",201-500 employees,Privately Held,"Slangerup, Capital Region, Denmark",Denmark,teledyne-reson.com,https://www.linkedin.com/company/reson-group
PowerCon,"PowerCon A/S assist in the development of electronic power converters and test equipment.

The company specializes in power conversion and the main competencies include:
- Electrical engineering
- Control engineering
- Software development
- Hardware manufacturing
- Mechanical engineering
- System specific cooling solutions
- Project management
- Prototyping and verification processes

Together with our network of sub suppliers we build and test prototypes from our integrated R&D and production workshop.

PowerCon’s track record since 2009, headlined by the development and prototype production of:
- Back to Back 6MW converter for a generator R&D test bench
- Back to Back 8MW converter for a generator R&D test bench
- Back to Back 6MW converter for a generator production test bench
- ‘Burn-in’ test bench for a 1MW converter module
- Complete 100-200kW converter (includes a complete array of software and hardware for the converter controller)
- R&D Test bench for both a generator and a converter of 100-200kW
- Production test equipment for 0.5-1MW converter module
- Power curve measuring equipment for a 3KW turbine
- Low Voltage Right Through test equipment for a 200kW turbine
- Development of a simulation tool for a 20MW turbine test bench
- Production ‘burn-in’ test bench for a complete 5MVA converter

PowerCon’s competent team of developers:
- Cover all disciplines within the development and production of electrical converter systems
- Deliver fast and reliable software and hardware development which help shorten the time to market launch
- Move customers to the front of the competition with robust state-of-the-art technology and products with proven reliability
- Maintain focus on the process from R&D to production
- Ensure that both the personnel as well as the facilities are available to test and verify the chosen design
- From cradle to grave, the complete product lifecycle is known","Appliances, Electrical, and Electronics Manufacturing",201-500 employees,Privately Held,"Hobro, North Jutland, Denmark",Denmark,powercon.dk,https://www.linkedin.com/company/powercon-aps
Sound Hub Denmark,"Sound Hub Denmark is the world's first international sound development environment located in Struer, Denmark, which host and attract entrepreneurs, start-ups, specialists, researchers and established sound and acoustic companies. 

Partners in Sound Hub Denmark include leading global key players within the international audio industry; e.g. Bang & Olufsen, Harman Lifestyle, Jabra (GN Audio), Scan-Speak, Dynaudio, Roku, Aalborg University and Danish Sound Cluster. 

Sound Hub Denmark provide an innovative development hub for sound incl. world class facilities and an exiting nearly company craft cluster and access to knowledge institutions and competent mentors/specialists. 

We want to create a foundation for innovation, growth and jobs for companies and individuals, who want to become world class within their field and as a consequence will be able to attract key investors. 

Sound Hub Denmark is also open for teams and departments from existing companies that wish to work with sound innovation and development and benefit from being a part of this progressive environment for sound  innovation, unique specialised competences and emerging talents.","Appliances, Electrical, and Electronics Manufacturing",2-10 employees,Privately Held,"Struer, Middle Jutland, Denmark",Denmark,soundhub.dk,https://www.linkedin.com/company/soundhubdenmark
Dantec Dynamics,"THE CHALLENGE: Scientists and Engineers in fluid dynamics and solid mechanics rely on measurements to make breakthroughs in applied research, technology development, and quality assurance. Dantec Dynamics specializes in the development, manufacture, and application support of measurement systems that acquire and analyze data of physical properties in fluids and solid structures.

OUR APPROACH: We deliver turnkey and customized solutions built on high-end laser optics, imaging, and sensor technologies. Our user-friendly software performs advanced data analysis and produces real-time results.  Furthermore, we pride ourselves on providing our clients with superior technical application support worldwide.

YOUR BENEFIT: You gain accurate measurement results easily and quickly which helps you accelerate the pace of discovery, innovation, quality control, or NDT. Our distinct competence and experience in integrating measurement methods and technologies into the right solution for you are unique. Partnering with Dantec Dynamics helps you gain crucial knowledge from any test or measurement campaign. 

Dantec Dynamics – Turn Measurements into Knowledge","Appliances, Electrical, and Electronics Manufacturing",51-200 employees,Privately Held,"Skovlunde, Capital Region, Denmark",Denmark,dantecdynamics.com,https://www.linkedin.com/company/dantec-dynamics
Logstrup,"Logstrup is an international organisation engaged in the manufacture and supply of switchgear and controlgear systems worldwide. Since 1958 the company has been a leading innovative force in this industry.
 
Logstrup has developed a complete range of type tested switchgear and controlgear systems. These systems cover the whole spectrum of low voltage applications from the main switchboard down to the smallest distribution board and process panel.

The Logstrup strategy is to deliver products which help our customers be the most productive and competitve in their industry.

Logstrup has established a global network of trained and authorised panel manufacturers. This gives us local presence in most markets of the world. These partners have been trained in electrical switchboard design, the assembly of the Logstrup system and in our policies of good workmanship and quality assurance.","Appliances, Electrical, and Electronics Manufacturing",201-500 employees,Public Company,"Kvistgård, Capital Region, Denmark",Denmark,logstrup.com,https://www.linkedin.com/company/logstrup
Fibox Group,"Headquartered in Espoo, Finland, Fibox is a privately held company and a market leader in thermoplastic enclosures for protection of electrical and electronic components operating in hostile and hazardous environments. 

At Fibox Group, we take pride in being one of the largest enclosure manufacturers in the world. For us, an enclosure is not just an enclosure. In our perspective, it is an innovative way of encapsulating and protecting valuable equipment one may have invested in developing, installing, or acquiring. For that reason, all or enclosures possess a high-density class, and can be applied even in the most harsh and demanding environments. 

Fibox also manufactures and supplies high-quality electrical and automation systems for demanding equipment manufacturers as well as high-standard services such as concept design, customized solutions, proto-tooling, and injection molding. Fibox is a pioneer in car heating stations in Finland. 

Our range consists of more than 1,000 enclosures made of polycarbonate, ABS-plastic, polyester and aluminium, and our customers include everything from global companies to local distributors and wholesalers. We design, manufacture, and sell high-quality enclosures, which can be delivered in standard dimensions or adapted to meet our customers’ exact specifications. 

With 7 production facilities and many local partners on all continents, Fibox operates in 17 countries worldwide among several segments, including the following: Building Automation | Environment | Factory Automation | Heavy Industry | Machine & Vehicle Building | Renewable Energy | Telecom & Data | Transport | Utilities

Visit www.fibox.com to learn more.","Appliances, Electrical, and Electronics Manufacturing","501-1,000 employees",Privately Held,"Taastrup, Capital Region, Denmark",Denmark,fibox.com,https://www.linkedin.com/company/fibox-group
OJ Electronics,"For over half a century, OJ Electronics has specialized in designing and developing electronic HVAC controls and drives and thermostats for electric underfloor heating systems. 

With a reliable yet flexible supply chain, we take pride in delivering quality and performance in all our systems. We understand the challenges our customers face and work closely with them to find original solutions. And by channeling our insight we create new opportunities for professionals throughout the industry to provide greater comfort.","Appliances, Electrical, and Electronics Manufacturing",51-200 employees,Privately Held,"Sønderborg, South Denmark, Denmark",Denmark,ojelectronics.com,https://www.linkedin.com/company/ojelectronics
SIF Gruppen A/S,"Ikke som de andre
I SIF Gruppen er vi ikke ligesom de andre. Vi tør være anderledes og skille os ud fra mængden. Vi lægger ikke skjul på at vi er mennesker og ikke blot et ukritisk og ufølsomt maskineri.

De Gæve SIF'ere
Vi kan måske endda betegne os lidt som romerrigets gæve Gallere. Vi er ikke de største og vi er ikke interesserede i at føre krig, men vi har troen på os selv og hinanden og vi står sammen som et stærkt team og værdsætter livsglæde og samarbejde.

Vores trylledrik
Gallerne havde naturligvis også lige en trylledrik til at hjælpe dem på vej. Det har vi ikke. Og dog alligevel. For trylledrikken er jo blot et middel der i forlængelse af sammenholdet bidrager til at opnå succes. Og vi har også et middel. Vores middel er vores vision, en vision vi alle brænder for og tror på kan lede os til stjernerne. Vi mener i SIF Gruppen at vejen til succes for både os og vores kunder er udvikling og handling i tæt samarbejde. Vi forstår at kunderne ikke er til for os, men at vi er til for hinanden og ved hjælp af gensidig respekt og forståelse finder vi de bedste løsninger. Vi er der når der er behov for det. Vi kan lytte og rådgive, projektere, installere og servicere inden for stort set alle former for el og VVS relateret arbejde.

En eventyrlig rejse
Historien om gallerne er selvfølgelig mest et eventyr, men SIF Gruppens historie er faktisk også et spændende eventyr. Eventyret starter helt tilbage i 1918, og de udfordringer vi er gennemgået, og de erfaringer vi har gjort os i de snart 100 år, har som i de fleste eventyr budt på både glæde og tårer, krig og kærlighed. Vi har oplevet familie forøgelser og generationsskifter, personlige og faglige udfordringer og alt dette har tilsammen gjort os til det vi er i dag. En stor og stærk sammentømret familie på omkring 200 medlemmer, med solide rødder og en god ballast hvad angår kompetencer og erfaring.


Vi tror nemlig på at vi gør forskellen, vi går lige det skridt ekstra det kræver, og vi giver aldrig op","Appliances, Electrical, and Electronics Manufacturing","501-1,000 employees",Privately Held,"Næstved, Zealand, Denmark",Denmark,sif.dk,https://www.linkedin.com/company/sif-gruppen
SafeLine Group,"SafeLine is a Swedish company that manufactures safety accessories for lifts. We have over 350 000 installed lift telephones which makes us the largest independent manufacturer specialising in lift safety products in Europe.

We know that our lives are impacted every day by rapid improvements in technology. Changes are happening quickly, and there is no way of knowing exactly what the future holds – to know where we're going.

With a shifting and complex technical landscape, it's easy to get lost. Lift safety used to be just a physical phone line but is today so much more. This of course means a big change for both you and us. But it also means a great opportunity for us to become more time-efficient – to work smarter instead of harder.

That’s why we’ve taken upon ourselves to guide our customers towards the future of lift safety, to take on the challenges posed by this changing technological landscape – something we like to call the SafeLine journey. A journey you are all invited to take with us.

Let’s get going.","Appliances, Electrical, and Electronics Manufacturing",51-200 employees,Self Owned,"Glostrup, Capital Region, Denmark",Denmark,safeline-group.com,https://www.linkedin.com/company/safeline-group
RS Scandinavia,"Our mission is simple: to make amazing happen for a better world. 

Welcome to RS Scandinavia! 
We are a global B2B multichannel distributor, revolutionising the industrial and electronics industries. We provide product and service solutions to meet the industrial and engineering challenges of today and tomorrow. With over 8000 employees in 31 locations worldwide, we combine our global expertise with a local human touch to serve you better. We connect you with 2500 world-leading suppliers, including our own brand, RS Pro, and stock over 750,000 products to ensure you receive the latest technologies within just a few days.

Since 1992, our Scandinavian team has been serving businesses of all sizes across multiple industries -including Food & Beverage, Transportation, Manufacturing, Pharmaceuticals, and so much more. Today, we empower over 25.000 customers across Denmark, Sweden, and Norway.

Our commitment to you goes beyond just providing products. We offer a robust set of value-added services and solutions, constantly evolving to meet your needs. From procurement to calibration and oil testing, we're working directly with you to understand your challenges.

Based in Copenhagen, our Scandinavian headquarters comprises 80+ team members representing all three Scandinavian nationalities. They are dedicated to supporting you through account management, technical assistance, and cost optimisation. 

At RS, our values are at the core of everything we do; we are committed to sustainability and making a positive impact. RS embraces an ambitious ESG roadmap, championing engineers of tomorrow, igniting inspiration, and fuelling innovation. We actively work to minimise our environmental footprint with sustainable practices and ethically sourced supply solutions.

But...we're not just about global goals; our Scandinavian team takes part in volunteer initiatives to make a difference in our local communities. In April, we collected over 50 kgs of waste in Copenhagen, in 4 hours.","Appliances, Electrical, and Electronics Manufacturing","10,001+ employees",Public Company,"Copenhagen, Capital Region, Denmark",Denmark,rs-online.com,https://www.linkedin.com/company/rs-scandinavia
dol-sensors a/s,"With a growing world population in general, and the increasing need for improved food quality, the need for sensors is rapidly growing. The ability to measure essential production parameters is necessary to support efficient agricultural production.

At dol-sensors a/s we are committed to meet and exceed the needs of the agriculture and feed industries, and in doing so ensure the welfare of animals and people and the protection of the environment.

*Specialized in agriculture
dol-sensors a/s develop, produce, and market climate sensors and capacitive sensors, which are primarily used for automated tasks within the agricultural industry but also in many other industries. During the past 40 years, we have developed our range of sensors together with leading companies in this field.

*Reliable and accurate sensor data 
We have reached a leading position in supplying products for the agricultural sector and feed automation tasks by offering flexible, reliable, and competitive products using cutting-edge technologies.

*Tailormade sensor solutions
With a basis in the concrete wishes of our customers, we can quickly adapt or develop new custom-made sensors, matching the requirements.
We use the latest available technologies when developing and manufacturing our sensors - Technologies that allow us to move quickly from customer specification to finished product.

Expect us to make sense in your production!

#dolsensors #FarmManagement #SmartFarming #PoultryIndustry #Horticulture #pork","Appliances, Electrical, and Electronics Manufacturing",11-50 employees,Privately Held,"Aarhus N, Jutland, Denmark",Denmark,dol-sensors.com,https://www.linkedin.com/company/dol-sensors-a-s
Lindpro,"Lindpro er en af Danmarks største teknik- og servicevirksomheder med hovedafdeling i Glostrup og mere end 20 afdelinger over hele landet. Lindpro, der er et datterselskab i MT Højgaard koncernen, har datterselskabet Arssarnerit på Grønland.

Med udgangspunkt i et solidt forretningsgrundlag, hvor installationer er kerneforretningen og med fokus på B2Bmarkedet, spænder virksomhedens aktiviteter bredt fra Danmarks største el-entrepriser til mindre serviceopgaver. For Lindpro er det vigtigt at være på forkant med den teknologiske udvikling og har derfor et udviklingsorienteret fokus på nye forretningsområder og vækst af kompetenceområder.

Følg os her på LinkedIn og få  løbende opdateringer, når vi slår nye job op eller kaster os ud i nye, spændende entrepriser eller servicekontrakter.


ABOUT LINDPRO
Lindpro is one of Denmark's largest electrical installation companies, headquartered in Glostrup and with more than 20 departments across Denmark. Based on a sound business concept, with electrical installations as the core business and focusing on the B2B market, our activities are diverse, ranging from Denmark's largest electrical contracts through to small service assignments.

For Lindpro it is important to be at the cutting edge of technological development. Lindpro consequently has a development-oriented focus on new business areas and growing our areas of expertise, to ensure that we will remain a leading player in the electrical industry.

Follow us on LinkedIn and get regular updates as we post new jobs or start working on exciting new contracts or service tasks.","Appliances, Electrical, and Electronics Manufacturing","1,001-5,000 employees",Privately Held,"Glostrup, København, Denmark",Denmark,lindpro.dk,https://www.linkedin.com/company/lindpro
JAI A/S,"JAI is a manufacturer of high quality, industrial-grade cameras for the machine vision, traffic, aerospace, homeland security, medical and scientific markets.

JAI provides the broadest camera offering of any industrial matrix camera manufacturer in the world. JAI's product line features both single and multi-CMOS technologies, spatial resolutions from VGA to multi-mega pixel, progressive scan and interlaced format. 

Camera offerings include both monochrome and color, triggered and continuous capture, and a wide variety of physical interfaces including USB3 Vision, GigE Vision, CoaXPress and Camera Link.

JAI cameras help improve customer businesses in a variety of ways, whether by improving quality and accuracy, lowering costs, increasing yields, or simply enabling better service.","Appliances, Electrical, and Electronics Manufacturing",51-200 employees,Privately Held,"Copenhagen, Capital Region, Denmark",Denmark,jai.com,https://www.linkedin.com/company/jai-as
Industry Five,"Industry Five is a modern electronics manufacturing company working to build devices and careers. We design, assemble, and deliver world-class electronics built to international standards, using genuine components and globally recognized quality systems.

Our mission is to accelerate Africa’s participation in advanced manufacturing by combining precision engineering, disciplined operations, and a strong commitment to ethical, inclusive, and sustainable growth. From consumer devices to enterprise-grade hardware, we provide reliable, scalable production capabilities for partners across Africa, Europe, and the Middle East.","Appliances, Electrical, and Electronics Manufacturing",11-50 employees,Privately Held,"Copenhagen, Capital Region, Denmark",Denmark,industryfive.com,https://www.linkedin.com/company/industry-five
FT Technologies Ltd,"FT Technologies is a leading manufacturer of compact ultrasonic wind sensors known for their durability and accuracy. Powered by Acu-Res, each solid-state wind sensor is individually assembled and calibrated in our UK factory. Used by the world's leading wind turbine manufacturers, FT wind sensors have passed over 30 independent tests that include water ingress, ice, corrosion, sand, dust, hail, vibration, drop and lightning protection.

Acu-Res technology is FT's proprietary technology utilising acoustic resonance and is inherently different to Time-of-Flight (ToF). Unlike other ultrasonic sensors, FT wind sensors measure the phase change of acoustic waves to calculate airflow speed and direction. This ensures reliability in wind speed, direction and temperature data in the harshest of conditions.","Appliances, Electrical, and Electronics Manufacturing",51-200 employees,Privately Held,"Herning, Middle Jutland, Denmark",Denmark,fttechnologies.com,https://www.linkedin.com/company/ft-technologies-ltd
CB SVENDSEN A/S,"Design, development and production of electronics are the fundamental at CB Svendsen. You can benefit from our know-how and expertise in customized electronics solutions of the highest quality. We provide design and layout, development of software and hardware, mechanical construction, EMC measurement, manufacturing, testing, storage and distribution.
 
Our focus is always in your project, whether you want to use us as a total or subcontractor. It is therefore the project itself, that is our engine from concept phase through out testing and distribution.","Appliances, Electrical, and Electronics Manufacturing",11-50 employees,Privately Held,"Værløse, Capital Region, Denmark",Denmark,cb-svendsen.dk,https://www.linkedin.com/company/cb-svendsen
TEMcompany,"TEMcompany develops integrated hardware and software for geophysical subsurface imaging. Our easy-to-use geoscanners collect high-quality resistivity data for groundwater and environmental surveys worldwide. 
Our growing range of transient electromagnetic instruments makes collecting and delivering accurate geophysical data available to everybody.","Appliances, Electrical, and Electronics Manufacturing",11-50 employees,Privately Held,"Aarhus, Middle Jutland, Denmark",Denmark,temcompany.com,https://www.linkedin.com/company/temcompany
Wygwam Danmark,"Niko designs electr(on)ic solutions to enhance buildings to better suit the needs of the people who live and work in them. By using less energy, by improving light comfort and safety and by making sure all applications work together seamlessly. Buildings with Niko are more efficient, are controllable from a distance and interact within bigger ecosystems. Niko is a Belgian family business from Sint-Niklaas with 750 employees and 10 European branches.

At Niko, there is one question that keeps us busy every day: ""How can we enhance buildings to better suit your needs?""","Appliances, Electrical, and Electronics Manufacturing",51-200 employees,Public Company,"Sønderborg, South Denmark, Denmark",Denmark,niko.eu,https://www.linkedin.com/company/wygwam-danmark
Inission,"Inission is a total supplier of customized manufacturing services and products in advanced industrial electronics and mechanics. Our services cover the entire product life cycle, from development and design to industrialization, volume production and aftermarket services. Inission has operations in Sweden, Norway, Finland, Estonia, Italy, the USA, and Tunisia. Inission has a strong value-driven corporate culture of entrepreneurship and passion, which has 2023 resulted in a turnover of approx. SEK 2,2 billion with approx. 1 100 employees. Inission is listed on Nasdaq First North Growth Market. Inission’s offer is divided into two business areas; Contract manufacturing of electronic and mechanical products under the brand Inission and Power electronics and systems under the brand Enedo.","Appliances, Electrical, and Electronics Manufacturing","501-1,000 employees",Public Company,"Gladsaxe, Capital Region, Denmark",Denmark,inission.com,https://www.linkedin.com/company/inission
ICEpower Audio,"ICEpower is the preferred supplier of turnkey solutions and amp platforms to leading audio brands. Decades of experience within class D amplifiers, switch mode power supplies, DSP and system design.

We offer intelligent, compact, efficient and powerful solutions in the form of:

Audio IC’s
Integrated circuits for audio class D amplifiers

Amplifier Power Modules
Plug-and-play amplifier power modules for a wide range of audio applications

Turnkey Solutions
Including box builds, speaker backplates and custom designed modules

Audio Software
ICEsound – embedded audio solutions for mobile products

HQ
ICEpower a/s
Vandtårnsvej 62A, 3rd floor
DK-2860 Søborg
Denmark
Tel.: +45 31 71 00 01
icepoweraudio.com","Appliances, Electrical, and Electronics Manufacturing",51-200 employees,Privately Held,"Gladsaxe, Capital Region, Denmark",Denmark,icepoweraudio.com,https://www.linkedin.com/company/icepower
Pro-Automatic,"Pro-Automatic er en af Danmarks førende eltavle-producenter.

Vi skaber fremtidssikrede løsninger af alle typer og størrelser – lige fra små serieproducerede gruppetavler til komplekse, speciallavede fordelingstavler og styretavler. 

FREMTIDENS ELTAVLER – MED KUNDENS BEHOV I CENTRUM
Med over 30 års erfaring kan vi garantere produkter af højeste kvalitet, altid baseret på nyeste teknologi og i overensstemmelse med gældende standarder. Vi bruger særlig tid på at sætte os ind i den enkelte kundes behov og tilbyder faglig rådgivning og sparring gennem hele forløbet, også inden ordrebekræftelse.

INNOVATIVE LØSNINGER TIL ALLE BRANCHER
Vi har nogle af el-branchens skarpeste fagspecialister ansat, der har erfaring i at servicere kunder inden for alle brancher, f.eks. elinstallatører, kraftvarmeværker, produktionsvirksomheder, landbrug, boligforeninger, superhospitaler m.v. 

Dertil kan vi tilbyde løsninger inden for en række specialområder, såsom medicinske IT-tavler, fasekompensering, aktive filtre, udskiftning af maksimalafbrydere og ekspertise i gældende standarder, inkl. de nye IEC 61439-standarder.

FLEKSIBEL PRODUKTION I DANMARK – ALT UNDER ÉT TAG
Alle eltavler produceres i vores topmoderne og miljørigtige produktionsfaciliteter på 10.000 m2 i Holsted og ca. 1.000 m2 i Vejle.  Det betyder, at vi kan garantere fuld kontrol med kvaliteten gennem hele produktionen. Det betyder også, at vi er ekstra fleksible og hurtigt kan tilpasse os ændringer undervejs.

SERVICE OG OMBYGNING – VI KOMMER UD I HELE DANMARK
Med serviceafdelinger i Holsted, Nørresundby, Sønderborg og Albertslund står vi klar til at hjælpe kunder i hele Danmark med fejlfinding, kontrol, eftersyn og ombygning af eksisterende eltavler (også udgåede typer).

Kontakt os på tlf. +45 75 39 11 00","Appliances, Electrical, and Electronics Manufacturing",201-500 employees,Public Company,"Holsted, South Denmark, Denmark",Denmark,pro-automatic.dk,https://www.linkedin.com/company/pro-automatic-a-s
XOLTA,"Our mission goes beyond creating batteries. Our goal is to make sustainable energy a practical reality. We combine Danish quality with state-of-the-art technology.

This results in elegant, intelligent and efficient solutions for both households and businesses. In doing so, we pave the way for a greener planet.","Appliances, Electrical, and Electronics Manufacturing",51-200 employees,Privately Held,"Skovlunde, Capital Region, Denmark",Denmark,xolta.com,https://www.linkedin.com/company/xolta
Kohsel A/S,"KOHSEL A/S is a Scandinavian transformer manufacturer with production sites in Europe and Asia. We employ +400 people. For more than 50 year, the core strategic business scope is to design, construct, produce and deliver customer specific transformers solutions through a flexible global production and supply chain to customers within business sectors: wind energy, solar power, pumps, refrigeration, air conditioning and general industry. The company is financial strong and rated AAA.
Please see www.kohsel.dk for more information.","Appliances, Electrical, and Electronics Manufacturing","501-1,000 employees",Public Company,"Hørning, Middle Jutland, Denmark",Denmark,kohsel.dk,https://www.linkedin.com/company/kohsel-a-s
Addasound Denmark A/S,"Originating from Denmark, ADDASOUND is a global leading provider of voice solutions and unified communication devices.

ADDASOUND’s products are designed and engineered in Denmark. The international team behind ADDASOUND has strong expertise in electro-acoustics and offers superior products with elegant Danish design.

The wide range of products caters to professionals in the contact center and office, speech recognition and unified communications. All products are based upon costumers’ specific needs and ADDASOUND is devoted to delivering superior voice intelligent solutions and comprehensive aftercare services.

ADDASOUND always seeks to provide the customer with the best experience of voice communication and guarantees the highest standard of reliability and quality.


Industry strengths:

Leading technology: advanced noise canceling technology guarantees high-standard sound quality and the best user experience. 

Superior sound quality: wideband audio processing and excellent electro-acoustic design ensures clear sound transmission.

Simple design: classic Nordic-style design perfectly combines outer simplicity with inner excellence.

Superior compatibility: compatible with all major phone brands and softphone platforms.

The product range spans from wired to wireless headsets. These are deployed internationally in all major verticals such as: healthcare, finance, insurance, education, government and transportation segments.

With a presence in America, Europe and Asia, ADDASOUND is able to provide integrated solutions across markets and regions, which makes ADDASOUND a trusted international partner.  

ADDASOUND has a friendly channel-driven policy to distributors and resellers and strives to create a win-win culture with all international partners.

ADDASOUND welcomes new partners to get in touch and to join the ADDASOUND distribution channel.","Appliances, Electrical, and Electronics Manufacturing",51-200 employees,Privately Held,"Nibe, North Jutland, Denmark",Denmark,addasound.com,https://www.linkedin.com/company/addasound-denmark-a-s
BB Electronics A/S,"In 2022, BB Electronics was acquired by Kitron Group. After a two-year harmonisation phase, BB Electronics officially became Kitron, resulting in the Kitron team growing to more than 3,000 employees across 11 countries.","Appliances, Electrical, and Electronics Manufacturing","501-1,000 employees",Privately Held,"Horsens, Middle Jutland, Denmark",Denmark,kitron.com,https://www.linkedin.com/company/bb-electronics-a-s
CS electric A/S,"At CS electric, we have 50 years of experience with electrical services. We think sustainability and energy optimization into every solution we develop. This benefits society and not least our customers both economically, energy and environmentally.

CS electric, which is part of Caverion, is headquartered in Esbjerg and currently employs approx. 75 employees.

We develop, design, optimize and service technology solutions for the marine, industrial and energy sectors, within electricity, automation, robotics and data technology.

Some solutions are more high-tech than others, as our focus is always to find exactly the solution that provides the most value for our customers, both in the short and long term. 

We support the entire value chain from the initial advice until the solution is commissioned and serviced. We provide our services within 4 main areas:

•Counselling
• Solutions
• Service
• Spares

Regardless of which of our business areas we deal with, our focus is always the same – to provide advice, solutions, service and spare parts that meet or even exceed our customers' expectations.","Appliances, Electrical, and Electronics Manufacturing",51-200 employees,Public Company,"Esbjerg, South Denmark, Denmark",Denmark,caverion.dk,https://www.linkedin.com/company/cs-electric-a-s
AVK Smart Water,"Water is, without a doubt, the most important resource we have. That is why it is important to have efficient and safe water management. From reducing Non-Revenue Water and energy consumption to controlling your assets and extending your network’s lifetime. How do you ensure your water infrastructure is prepared for present and future standards?

AVK Smart Water, a part of the AVK Group, provides digital intelligent solutions for AVK core products, such as gate valves and hydrants. The IoT-based solutions provide a new intelligent way for utilities to monitor water infrastructure based on data instead of gut-feelings and assumptions.

AVK Smart Water solutions are powered by ASW-ATI, an Italian company with huge expertise in control systems for water and gas industry. ASW-ATI is proudly part of the AVK Group.","Appliances, Electrical, and Electronics Manufacturing",11-50 employees,Privately Held,"Galten, Middle Jutland, Denmark",Denmark,avkvalves.com,https://www.linkedin.com/company/avk-smart-water
Mariendal,"Som én af Nordjyllands største installationsvirksomheder er Mariendal Electrics kendt som en kompetent samarbejdspartner inden for EL - SIKRING - ENERGI - AUTOMATION - CTS - IT - KØL OG VARME .

Vi opfatter os selv som foregangsmænd i de store forandringer, der er sket fra at være den traditionelle el-installatør til totalleverandør af integrerede tekniske løsninger. En udvikling som helt sikkert vil fortsætte med uformindsket styrke de kommende år - og vi har tænkt os fortsat at være i front.","Appliances, Electrical, and Electronics Manufacturing",201-500 employees,Public Company,"Aalborg, North Jutland, Denmark",Denmark,mariendal.dk,https://www.linkedin.com/company/mariendal-electrics-a-s
Azitech ApS - Secure PCB Connections,"Azitech Aps was founded in 2004 by Robert Dam Ludvigsen and has since then offered great quality PCB products, good service and a promise of good cooperation. We offer customized printed circuit boards, between 1 and 72 layers, from our factories placed all over Europe and Asia.

Services and Products:
- PCB Manufacturing
- PCB Prototypes
- Board Types: Rigid, Rigid-Flex, Flex, ALU, Antenna, Rogers, HDI, etc.
- PCB Layout
- PCB Warehousing - volume production

We have a great connection with our suppliers who have many years of experience. If you choose Azitech Aps, you are guaranteed to save time, resources and get the product customized exactly to your needs.

We can combine these services and utilize the synergy to help you reach your PCB design goals faster, easier and more cost efficiently.

We can also offer you a single service or a complete solution. It's up to you, but when Azitech is a part of the pre-design phase, we usually save the customer for an extra prototype run and cut down volume cost to a minimum. We offer you our services, where you will gain more value, for less or the same amount of money/time.","Appliances, Electrical, and Electronics Manufacturing",2-10 employees,Privately Held,"Langeskov, South Denmark, Denmark",Denmark,azitech.dk,https://www.linkedin.com/company/azitech-aps
BLOCK Transformatoren-Elektronik GmbH,"BLOCK – perfecting power 

In our 80-year company history, BLOCK has expanded under CEO Wolfgang Reichelt to become one of the world's leading manufacturers of transformers, power supplies, electronic circuit breakers, reactors and EMI filters. With 1,200 employees, we are characterized above all by our global growth course - with 38 locations worldwide and four production sites in Germany, the USA and China.

Whether mechanical engineering, drive technology, railroad technology or regenerative energies – our products and solutions ensure the perfect voltage for systems and plants in all areas of business and industry. From the development center with more than 60 engineers and specialists to production, quality assurance and certification – all BLOCK products are developed and manufactured in-house and tested in our own EMC lab. 

Advanced research is especially important for us, because there is a keen transfer of knowledge at the intersection of basic and applied research. Through international cooperation with numerous colleges and universities, theoretical findings are transformed into practical knowledge – and thus become a real advantage in the competition for innovations.

Working at BLOCK 

Job security, a collaborative atmosphere and continuous employee training and development are our top priorities. Eleven apprenticeships, four dual courses of study, further training to become a technician, business administrator, master's degree or doctorate – we offer a wide variety of career paths depending on your skills and ideas. We also offer internships, support student research projects and term papers, and supervise final theses. 

For 80 years now, BLOCK has been shaping the economic landscape through progress with power. Thinking ahead for almost a century and continuing to develop innovative technologies for the future.

Our Legal Notice: https://www.block.eu/en_EN/legal-notice/

Our Privacy Policy: https://www.block.eu/en_EN/privacy-policy-linkedin/","Appliances, Electrical, and Electronics Manufacturing","501-1,000 employees",Privately Held,"Gladsaxe, Capital Region, Denmark",Denmark,block.eu,https://www.linkedin.com/company/block-transformatoren-elektronik-gmbh
Eltwin Group,"We are on a mission to push technology forward to create sustainable solutions for climate protection.

We do this by offering highly efficient, reliable and innovative solutions that are customized to match your HVAC and industrial application needs. And we are good at it. For more than 40 years, we have powered the companies environmental and financial impact of our customers which makes us your preferred power electronics partner.

More responsibility. Bigger impact.

We carry a great responsibility. Just as you do. A responsibility to deliver environmentally friendly solutions to the highest standards. We do this by not only meeting but exceeding our customer’s quality requirements in our modern production plants. Every day. Just as we have done for the last 40 years with our continous improvement philosophy and ISO certifications.

More application focus. Bigger impact.

Our dedicated application focus is based on existing building blocks to give you the unique benefits of customization and the reliability of a well-proven technology.

More innovative thinking. Bigger impact.

We can only carry on powering your impact by innovating sustainable solutions. And with our modern production facilities and development center under one roof, we have the perfect setup for innovating and being technological first-movers.","Appliances, Electrical, and Electronics Manufacturing",201-500 employees,Privately Held,"Aarhus, Middle Jutland, Denmark",Denmark,eltwin.com,https://www.linkedin.com/company/eltwin
A LED A/S,"A LED A/S is a well-diversified manufacturer and distributor of high-quality, future-generation energy-efficient lighting products that are engineered for years of dependable performance. Our company focuses on innovation by providing efficient and cost-effective lighting solutions.

A LED A/S , was founded in 2009 and operates out of a 3500 square meter warehouse in Varde, Denmark. A LED A/S is dedicated to providing customers with the highest quality products for use in the Commercial, Institutional, and Industrial markets.

A LED A/S prides itself on bringing innovative and cost-effective Energy Conservation lighting products such as LED lamps, luminaires, and retrofits. As the cost of energy continues to rise, there is an increasing global demand for long-lasting, low maintenance lighting products that perform with optimal energy efficiency.
A LED A/S is established to meet this growing demand. Our products are designed for commercial, industrial, outdoor and other infrastructure lighting applications. A LED A/S offers some of the most advanced energy-efficient products on the market today.","Appliances, Electrical, and Electronics Manufacturing",11-50 employees,Public Company,"Varde, South Denmark, Denmark",Denmark,aled.dk,https://www.linkedin.com/company/aled-aps
Topsil GlobalWafers A/S,"Topsil, founded 1959, is a world leading supplier of ultrapure silicon for the global semiconductor industry.

Topsil provides tailor-made silicon ingots and wafers, enabling customers to manufacture advanced and energy efficient power components. The components are used e.g. for energy transmission in wind turbines and the power grid, as frequency converters in motors and for electricity generation in high speed trains, in photo detectors for medical imaging and within quantum computing.

Customers include large semiconductor companies as well as research institutions worldwide. End products are applied in the transport, energy, detector, medico and numerous other industrial sectors.","Appliances, Electrical, and Electronics Manufacturing",201-500 employees,Public Company,"Frederikssund, Capital Region, Denmark",Denmark,topsil.com,https://www.linkedin.com/company/topsil
SystemTeknik A/S,"SystemTeknik is a leading international supplier of electrical control technology systems and energy solutions.

The electrical control technology comprises solutions pertaining to electrical control and distribution switchboards, automation software (SCADA, PLC, SRO, HMI, etc.), on-site commissioning and an extensive service program. We have comprehensive experience from supplying to many different business sectors such as oil and gas, wind, marine, industry, OEMs, etc.

The energy department operate within two focal areas. One which focuses energy optimization in office as well as production areas. The other area pertains to off-grid energy solutions in remote areas with gained experience from diverse places such as Greenland and Uganda. 

SystemTeknik was founded in 1953 and has worked in the industry for electrical control technology since the beginning.

SystemTeknik certificates include: ISO 9001:2008 and 14001:2004, Achilles (ID number 26558), Basic  Offshore Safety Course incl. HUET, ATEX, KEMA KEUR, UL, and GOST.

SystemTeknik Headquarters is located in Denmark with SystemTeknik subsidiary Szczecin, Poland.","Appliances, Electrical, and Electronics Manufacturing",51-200 employees,Privately Held,"Nørresundby, North Jutland, Denmark",Denmark,systemteknik.dk,https://www.linkedin.com/company/systemteknik-a-s
Jansson El A/S,"Jansson El A/S er en fremtidsorienteret og velfunderet el-virksomhed, som udfører alle former for service- og installationsopgaver primært rettet mod industri og erhverv samt offentlige virksomheder.
Virksomheden udvikler sig målrettet inden for energi-, miljø- og processtyringer understøttet af CTS-løsninger med tværteknisk integration.
Jansson El A/S er en del af Jansson Gruppen A/S med ca. 240 ansatte, der beskæftiger sig med tekniske løsninger indenfor el-, alarm- og kommunikationsområdet. Virksomheden har afdelinger i Vejle, Kolding, Horsens, Billund, Esbjerg, Odense og Brøndby og er certificeret efter ISO 9001 standarden.","Appliances, Electrical, and Electronics Manufacturing",51-200 employees,Public Company,"Vejle, South Denmark, Denmark",Denmark,jansson.dk,https://www.linkedin.com/company/jansson-el-a-s
PM ENERGI A/S,"PM ENERGI A/S er specialister i opbygning og salg af generator- og nødstrømsanlæg. Vi leverer alle former for standard- og specialløsninger til den offentlige sektor og det private erhvervsliv.

Uanset om det gælder backup af et supersygehus, en hightech IT-virksomhed eller en global producent i fødevareindustrien, har vi erfaringen og kompetencerne, der garanterer en solid og driftssikker løsning til sikring af strømforsyningen.

Vi er registreret forhandler af RIELLO UPS-anlæg, og har løsninger installeret i en lang række brancher i den danske industri og offentlige sektor; herunder IT-branchen, finanssektoren, sundhedssektoren, dagligvaresegmentet og hos produktions- og industrivirksomheder.

Vi har hovedkontor, produktion og serviceafdeling i Brønderslev, og egen serviceafdeling i Hedehusene på Sjælland. Vores landsdækkende serviceafdeling med 24-timers vagtordning er din garanti for en kort responstid ved kritiske situationer.","Appliances, Electrical, and Electronics Manufacturing",51-200 employees,Privately Held,"Brønderslev, North Jutland, Denmark",Denmark,pmenergi.dk,https://www.linkedin.com/company/pmenergi
Norlux,"WHO WE ARE
Norlux specializes in developing lighting concepts and solutions in markets such as, Hotel & Interiors, Commercial & Retail and Office Environments. 

WE ARE THERE WHERE YOUR CUSTOMERS ARE
With offices, showrooms and distribution centers spread out over Northern Europe, we are there where your customers are. You can find us in Norway, Sweden, Finland, Denmark and the UK.

DOES YOUR LIGHTING CONCEPT CREATE MORE VALUE FOR YOUR CUSTOMER?
Our creative lighting concepts are customized to support and strengthen the client’s brand. By light staging your merchandize, our creative team of light designers, architects and concept developers construct solutions that navigate the customer in friendly retail, commercial and hotel environments with energy efficient solutions. We passionately believe that creative light solutions can and should, engage the customer in the physical space.","Appliances, Electrical, and Electronics Manufacturing",51-200 employees,Privately Held,"Odense, South Denmark, Denmark",Denmark,norlux.com,https://www.linkedin.com/company/norlux-as
Clayton Power,"At Clayton Power, we develop scalable mobile power solutions that reduce emissions and improve the work environment. For 25 years, we’ve been driving the transition to more intelligent and efficient energy systems. Circularity is at the core of everything we do, and strong partnerships are essential to us. With tailored solutions, we help our customers move towards a smarter energy future – while also enabling optimization and supporting their ESG reporting with valuable energy data.

A track record of innovation, a culture of partnership
We develop solutions for some of the world’s leading companies. With a strong commitment to redefining industry standards, we develop everything in-house – from concept to final design – and we continuously work to improve our solutions. Being close to our operations makes us highly flexible and allows us to respond quickly to customer needs and the evolving global technology landscape.

We see our customers as partners. That’s why we often co-develop solutions with them – together, we set new standards for mobile energy solutions that truly make a difference.

European presence & production
Headquartered in Denmark and operating in 20+ countries across Europe, we’re proud of our European-based production setup. It enables us to deliver efficient, scalable, and high-quality solutions with a strong focus on testing and service.
Come visit us at our Innovation Center in Odense, where we showcase the mobile power systems helping to create a more sustainable tomorrow – today.","Appliances, Electrical, and Electronics Manufacturing",51-200 employees,Partnership,"Odense, South Denmark, Denmark",Denmark,claytonpower.com,https://www.linkedin.com/company/clayton-power
Danfoss IXA,"At Danfoss IXA, we lead innovation in exhaust gas emission monitoring for the maritime industry, setting new standards in environmental sustainability and performance optimization. 

Our mission is to provide cutting-edge solutions that help our clients comply with stringent environmental regulations while optimizing their operational efficiency.

Our Solutions
We specialize in:
•	Scrubber Regulatory Compliance: Ensuring vessels meet MARPOL and IMO standards through precise monitoring and reporting.
•	SCR/EGR Process Control: Optimizing systems for IMO Tier III and EPA Tier IV compliance, enhancing performance and reducing emissions.

Our advanced, patented technology provides precise, continuous measurements of NOx, NH3, SO2, and CO2, even in the harshest maritime environments. These solutions are essential for meeting environmental regulations and optimizing various on-board systems, ensuring both regulatory compliance and operational efficiency.

Who We Are
Founded in April 2009, Danfoss IXA is a dynamic part of the Danfoss Group, leveraging the global reach and strength of over 40,000 employees. We are a team of highly skilled specialists devoted to the innovation, distribution, maintenance, and implementation of marine emission monitoring systems.

Website
For more information, visit our website: https://danfoss-ixa.com/

Join us in leading the industry towards sustainability and environmental stewardship.","Appliances, Electrical, and Electronics Manufacturing",51-200 employees,Privately Held,"Kolding, South Denmark, Denmark",Denmark,danfoss-ixa.com,https://www.linkedin.com/company/danfoss-ixa
LED iBond,"At LED iBond, we invent new lighting solutions. 

The main focus areas are LED lighting solutions for parking facilities, LED grow light solutions for greenhouses and customized lighting solutions.

As an innovative lighting manufacturer, we inspire new concepts by new ways of utilizing LED technology. We make a difference by offering new tools for designers and architects. New tools that are not just more of the same, but a truly unique representation of state-of-the-art technology. 

We engineer, design and manufacture sustainable lighting elements in Denmark that are reliable, adaptable and highly efficient, as well as offering new and exciting possibilities for shape and form. 


Protected by a comprehensive list of patents, the technology platform presents a unique value proposition combining total design flexibility and low total costs of ownership.

Innovative lighting solutions - made in Denmark.","Appliances, Electrical, and Electronics Manufacturing",11-50 employees,Public Company,"Farum, Capital Region, Denmark",Denmark,ledibond.com,https://www.linkedin.com/company/led-ibond-a-s
EPTechnologies,"EPTechnologies is a complete marine propulsion provider for electric and hybrid vessels. We guide the customers through the process of turning dreams into real hybrid and electric vessels with the use of the finest quality that makes economical sense.

With us you get all out of one hand, from our in-house lithium-ion batteries, DC-generators and sail /shaft or Z / Jet drives and it’s  all controlled by our own truster control and EMS / PMS software systems. 

As long-time sailors and boat owners we are aware of the problems that can occur on a daily basis.  Therefore, we create systems designed with backup options and constructing them to be as simple as possible. For big systems with parallel strings we have double communication lines and double system controllers with back up functions.

If there is something we can’t do in-house, we use our extensive network and highly competent partners to find the right solutions.

We design and manufacture Lithium NCM and LFP batteries 24-800 VDC. EPT lithium batteries are available in two technologies, 12 VDC in LiFePO4 and 24&48 VDC in NMC, with a nominal capacity from 52 to 150 Ah (2-2.8 kWh). All batteries comes in the same size. Right now, we believe we have the lightest and safest batteries used in the marine industry. We are working on a life-cycle strategy for the lithium batteries as recycling is a part of our future strategy. 

To be able to control the vessels remotely we acquired the App BoatControl. This App is easy to install, adaptable to the individual vessel and is intuitive to operate.  

EPTechnologies also manufacture electric outboard motors with a range from 50HP to 400HP. They are easy to operate, exceptional performance and with high security standards. We also put emphasis on making it a good-looker.

Our years of experience, quality, innovation and durability is a guarantee for a stress-free drive / sailing experience. We stand by our service!","Appliances, Electrical, and Electronics Manufacturing",51-200 employees,Public Company,"Sønderborg, South Denmark, Denmark",Denmark,eptechnologies.dk,https://www.linkedin.com/company/eptechnologies
TS TECH A/S,"TS TECH is a reliable and flexible supplier of electrical installation, components, equipment and services in a broad range of industries such as wind, marine, energy, communication and related industries. We are experts in mobilisation, shipments, industrial, installations and more.
 
Our Service may contain technicians or project solutions that include engineering/design, materials delivery, installation, testing and commissioning. We deliver our projects in close cooperation with our customers, focusing on high-quality solutions and maximum flexibility at competitive prices.
 
To learn more about our services, visit www.tstech.dk
 
Our experienced technicians have broad knowledge and are experienced in integrated solutions whether the projects are related to new buildings, renovations or conversions.
 
Moreover, TS TECH performs inspection of existing systems and installations. All inspections are followed by a documented report specifying the current status and our recommendations on actions surrounding potential repair, replacement of components, improvements and upgrades of systems.
 
We are based in Esbjerg – The Energy Metropol of Denmark.","Appliances, Electrical, and Electronics Manufacturing",51-200 employees,Public Company,"Esbjerg, South Denmark, Denmark",Denmark,tstech.dk,https://www.linkedin.com/company/ts-tech-aps
MOCON Europe A/S,"Are you seeking knowledge about quality control of food, pharmaceutical or medical device product packaging?  Are you interested in QA and QC of Modified Atmosphere Packaging (MAP)? Then you have come to the right place! We hope you will enjoy our content and please don’t forget to follow us here on LinkedIn.

MOCON Europe A/S (Dansensor) has specialized in testing packaging integrity since 1983 and we are a world leader in MAP quality control. 
We engineer quality control and assurance solutions for the food and healthcare sectors – particularly for products packed in a protective gas atmosphere. Modified Atmosphere Packaging is a natural way to preserve products, significantly increasing their shelf life while maintaining their flavour, appearance and aroma. 

Headquartered in Denmark, MOCON Europe A/S (Dansensor) has offices and partners in many countries worldwide. MOCON Europe A/S is owned by AMETEK, USA.","Appliances, Electrical, and Electronics Manufacturing",51-200 employees,Public Company,"Ringsted, Zealand, Denmark",Denmark,ametekmocon.com,https://www.linkedin.com/company/dansensor-a-s
Brodersen A/S,"Brodersen designs and manufactures all-in-one automation controllers and communication devices with unsurpassed platform adaptability. The company is based on four decades of industrial automation development. We serve partners and customers from both the public and private sectors, including system integrators, engineering companies, OEMs and application end users.

The very robust design of our products is specifically developed for outstations in harsh environments. Our track record speaks for itself. The quality of our products is reflected in a distinct durability in the field.

Our experience is obtained through in-depth collaboration and support in solution design for some of the most demanding and successful companies in the world.

Brodersen has deep roots in Scandinavia, the region of which is known for dynamic utility distribution, complex infrastructure and high expectations to quality standards.

Owing to product capabilities, flexibility and the niche application knowhow of our specialists, Brodersen Systems is able to offer customers more simplified systems. In this way we reduce total project lifecycle costs to the benefit of both integrators and end users.","Appliances, Electrical, and Electronics Manufacturing",51-200 employees,Privately Held,"Rødovre, Capital Region, Denmark",Denmark,brodersen.com,https://www.linkedin.com/company/brodersen-a-s
SELCO,"SELCO is a leading manufacturer of protection relays, alarm monitoring and engine & generator control products that are used in marine, offshore and industrial applications. SELCO is headquartered in Roskilde, Denmark.

Since its founding in 1984, SELCO has been a pioneer and leader in the development of extremely reliable electrical products for harsh industries like marine and offshore, and has earned a reputation for high quality and value.  High focus and commitment to providing customers with products that improve their Total Cost of Ownership is in our DNA. 

We provide products, solutions and support within the following areas:

• Power Generation, Control and Protection
• Power Management Systems
• Process Alarm Monitoring
• Engine Control, Monitoring and Protection 
• Protection & Control relays

To learn more about the SELCO line of generator protection & control units, engine control & monitoring solutions, alarm and annunciator panels visit www.selco.com","Appliances, Electrical, and Electronics Manufacturing",11-50 employees,Privately Held,"Roskilde, Zealand, Denmark",Denmark,selco.com,https://www.linkedin.com/company/selco
QDevil (acquired by Quantum Machines),"QDevil has the aim of enhancing the science in quantum electronics labs, by enabling scientists to focus their effort on the science, instead of constructing auxiliary equipment that already has been developed in other labs.","Appliances, Electrical, and Electronics Manufacturing",11-50 employees,Privately Held,"Copenhagen, Capital Region, Denmark",Denmark,qdevil.com,https://www.linkedin.com/company/qdevil
ETK EMS GROUP,"ETK EMS is an international electronics manufacturing partner delivering high‐quality PCBA, box‐build, and turnkey solutions across three regions. With production facilities in Denmark, Thailand, and the United States, we support customers with fast NPI, reliable global capacity, and transparent collaboration from prototype to full-scale manufacturing. Our teams work closely across borders to ensure consistency, flexibility, and strong technical execution, helping customers bring products to market with confidence.","Appliances, Electrical, and Electronics Manufacturing",201-500 employees,Public Company,"Skanderborg, Middle Jutland, Denmark",Denmark,etkems.com,https://www.linkedin.com/company/etk-ems-
Teamtronic A/S,"Hos Teamtronic udvikler og producerer vi belysningsløsninger til professionelle belysningsområder på indendørs- og udendørsmarkedet. Vi dedikerer os til at løfte niveauet af grundbelysning til nye højder ved hjælp af lystekniske og arkitektoniske løsninger.

Lys er videnskabeligt dokumenteret afgørende for menneskers velvære.  Derfor er mennesker i centrum, når vi skaber belysningsløsninger, der harmonerer med omgivelserne. Vi har således blik for teknologi, konstruktion og design i vores belysningsløsninger til gavn for menneskers trivsel og miljø.

Som en dynamisk virksomhed med egen produktion, lyslaboratorium og R&D-afdeling skaber vi en unik ramme for vores produktportefølje. Det gør os i stand til at udvikle innovative løsninger, der gør en forskel – hver dag.","Appliances, Electrical, and Electronics Manufacturing",11-50 employees,Privately Held,"Odense, South Denmark, Denmark",Denmark,teamtronic.dk,https://www.linkedin.com/company/teamtronic-a-s
Scankab Cables,"THE CABLE INDUSTRY’S ANSWER TO ”GARAGE ROCK”
From the outset in 1992, Scankab was the rebel of the cable industry. The business sold cables from a small garage store room and challenged the cable market.   
Most recently, Scankab has made its mark as a front runner in fireproof cables (CPR).

Full-line supplier
Scankab develops, manufactures and supplies quality cables and routing to electrical contractors, industry, marine & offshore, infrastructure and energy. Since 2004, the company, which is based in the western part of Fuen, has been bestowed the honourable title of gazelle by the Danish Børsen. Scankab employs 42 staff at its headquarters in Aarup and its subsidiaries in Norway and Sweden. In 2015, Scankab extended its cable business by adding routing. The combination of more than 3,500 types of cable held in stock, the widest range of routing and an out-and-out flair for customer service, makes Scankab an attractive full-line supplier of cables.

The cable supplier of tomorrow
Technology and society have both changed dramatically over the 25-year lifespan of Scankab. However, one thing has not changed. The world needs cables.

""The more wireless connections we have, the greater the need for power units, and they require cables,"" 
says Morten Rasmussen, CEO.
As a supplier of tomorrows cable solutions, Scankab continues to focus on the development and competitive edge of the business.","Appliances, Electrical, and Electronics Manufacturing",51-200 employees,Public Company,"Aarup, South Denmark, Denmark",Denmark,scankab.dk,https://www.linkedin.com/company/scankab-cables
Promovec: the e-bike solution,"Promovec deliver flexible private label solutions within e-kits and complete e-bikes that are thoroughly tested and tailormade for our customers' brands. 

For more information about us and our international offers within e-kits, e-bikes and e-developments visit www.promovec.com

To view our privacy policy visit: https://www.promovec.com/privacy-policy","Appliances, Electrical, and Electronics Manufacturing",51-200 employees,Privately Held,"Aarhus, Middle Jutland, Denmark",Denmark,promovec.com,https://www.linkedin.com/company/pro-movec
SynFlex Elektro GmbH,"The core competence of SynFlex lies in the development, manufacturing and distribution of conducting and insulating products for the electrical insulation systems of electrical motors, transformers and generators. Thanks to process and product innovations, SynFlex is a recognized quality leader, setting standards in the electrical industry.

SynFlex forms the SynFlex Group together with SHWire and IsoTek.

Imprint: https://www.synflex.com/en/imprint/
Privacy Statement: https://www.synflex.com/en/privacy-statement/","Appliances, Electrical, and Electronics Manufacturing",201-500 employees,Public Company,"Værløse, Capital Region, Denmark",Denmark,synflex.com,https://www.linkedin.com/company/synflex-elektro
Dantec Dynamics GmbH,"DIE HERAUSFORDERUNG: Wissenschaftler und Ingenieure in den Bereichen Strömungsmechanik und Festkörpermechanik verlassen sich auf Messungen, um Durchbrüche in der angewandten Forschung, Technologieentwicklung und Qualitätssicherung zu erzielen. Dantec Dynamics ist auf die Entwicklung, Herstellung und Anwendungsunterstützung von Messsystemen spezialisiert, die Daten physikalischer Eigenschaften in Flüssigkeiten und in festen Strukturen erfassen und analysieren.

UNSER ANSATZ: Wir liefern schlüsselfertige und kundenspezifische Lösungen basierend auf High-End-Laseroptiken, Bildgebungs- und Sensortechnologien. Unsere benutzerfreundliche Software führt fortschrittliche Datenanalysen durch und liefert Echtzeitergebnisse. Darüber hinaus sind wir stolz darauf, unseren Kunden weltweit erstklassigen technischen Anwendungssupport zu bieten.

IHR NUTZEN: Sie erhalten einfach und schnell genaue Messergebnisse, die Ihnen helfen, Entdeckungen, Innovationen, Qualitätskontrollen oder ZfP zu beschleunigen. Unsere ausgeprägte Kompetenz und Erfahrung, Messmethoden und -technologien in die für Sie passende Lösung zu integrieren, ist einzigartig. Die Partnerschaft mit Dantec Dynamics hilft Ihnen, wichtige Erkenntnisse aus jeder Test- oder Messkampagne zu gewinnen.

Dantec Dynamics – Verwandeln Sie Messungen in Wissen","Appliances, Electrical, and Electronics Manufacturing",11-50 employees,Public Company,"Skovlunde, Capital Region, Denmark",Denmark,dantecdynamics.com,https://www.linkedin.com/company/dantecdynamicsgmbh
Strøm Hansen A/S,"Strøm Hansen er en landsdækkende automations- og installationsleverandør, der omsætter ekspertise, erfaring og entusiasme til konkrete, højteknologisk avancerede el- og systemløsninger. Fra idé til færdigt, implementeret anlæg.

Strøm Hansens indsatsområder er:  el-service - automation - entreprise - trafikledelse
 - airport - alarmanlæg - solceller - el-tavler

Vi beskæftiger ca. 210 medarbejdere fordelt på 4 hovedlokationer fordelt over hele landet.","Appliances, Electrical, and Electronics Manufacturing",201-500 employees,Privately Held,"Nørresundby, North Jutland, Denmark",Denmark,stroemhansen.dk,https://www.linkedin.com/company/strom-hansen-as
Vanpee A/S,"Vanpee A/S er leverandør af intelligent lysstyring og elmateriel. Gennem vores samarbejde med nogle af Europas dygtigste leverandører, kan vi tilbyde et bredt udvalg af kvalitetsprodukter og -løsninger til den professionelle del af elbranchen. 

Vi er dedikeret til at levere produkter af højeste kvalitet, da vi tror på at kvalitet er billigst på den lange bane. 

Vanpee blev grundlagt i 2000 og med vores ekspertise og erfaring har vi etableret os som en pålidelig samarbejdspartner for elinstallatører, rådgivende ingeniører, tavle- og maskinbyggere samt belysningsfabrikanter. 

Ud over at være en effektiv og pålidelig leverandør tilbyder Vanpee også en række andre services, som gør hverdagen mere produktiv og problemfri for vores kunder. 

Vi tilbyder bl.a. teknisk support, projektering af lysstyring, programmering af DALI og Casambi lysstyringsanlæg samt kurser i både DALI og Casambi programmering.  

Vanpee er en del af Lagercrantz Group AB, en multinational koncern med mere end 70 selskaber i Europa, Indien, Kina og USA. Med over 2500 dedikerede medarbejdere er Lagercrantz Group AB kendt for sine værdiskabende tekniske løsninger og stærke position inden for forskellige industrier.","Appliances, Electrical, and Electronics Manufacturing",11-50 employees,Public Company,"Capital Region, Denmark",Denmark,vanpee.dk,https://www.linkedin.com/company/vanpee
Lumega,"Lumega believe in the quality of life and light – and the undeniable connection between the two. LED lighting comes with many benefits, from energy savings to an improved indoor environment. LED lighting create an atmosphere and has a positive impact on people and the environment.

With our professional LED solutions we strive to meet the increasing demand for sustainability, while securing long-term value for our customers.

we have the ability to make our planet a little bit greener, one LED fixture at a time. At Lumega we aspire to be the world’s biggest and best manufacturer of LED solutions – but this is never obtainable without a thorough understanding of your requirements and the environment’s needs.","Appliances, Electrical, and Electronics Manufacturing",11-50 employees,Public Company,"Copenhagen, Capital Region, Denmark",Denmark,lumega.eu,https://www.linkedin.com/company/lumega
LEDlight Danmark A/S,"LEDlight Danmark er en landsdækkende rådgivende belysningsgrossist der leverer professionelle og intelligente belysningsløsninger til el-installatører i Norden.
 
Siden 2009 har vi leveret skræddersyede projekter der kombinerer kvalitetsprodukter med intelligent lysstyring for optimalt arbejdsmiljø og energioptimering.
 
Vores værdier LIGHT, LOYALTY og DELIVERY er fundamentet for alt, hvad vi gør, og sikrer høj faglighed, personlig service og løsninger, der fungerer i praksis.
 
Med hovedkontor i Holbæk samt afdelinger i Herning og Aalborg er vi altid tæt på vores kunder. Alle lokationer har showroom og lager, hvor vores nyeste LED-produkter kan opleves og testes.
 
LEDlight Danmark – Jeres rådgivende grossist indenfor belysning.","Appliances, Electrical, and Electronics Manufacturing",11-50 employees,Partnership,"Holbæk, Zealand, Denmark",Denmark,lld.dk,https://www.linkedin.com/company/ledlight-danmark
HB Products A/S,"HB Products is a family-owned company specializing in advanced sensor technology for industrial and commercial refrigeration and heat pump systems. 

For more than 25 years, we have focused on energy-efficient solutions such as evaporator control, level control, and oil management.

Our sensors use the capacitive principle, providing smarter, more precise control specifically suited for refrigeration systems. 

We develop solutions directly with industry feedback, ensuring they address real-world challenges. 

Combining in-house production, global distribution, and customer-focused innovation, we deliver robust, user-friendly sensors optimized for performance even under extreme conditions.","Appliances, Electrical, and Electronics Manufacturing",11-50 employees,Privately Held,"Aarhus, Middle Jutland, Denmark",Denmark,hbproducts.dk,https://www.linkedin.com/company/hb-products-a-s
X Light,"X Light er en veletableret virksomhed i belysningsbranchen.

Vi henvender os til installatører , rådgivende ingeniører , hoved- & totalentreprenører , samt arkitekter , der arbejder professionelt med lys! Vi har et bredt standardsortiment af armaturer, der dækker ethvert behov inden for offentligt og privat erhvervsbyggeri.

Vore konsulenter har mange års rådgivningserfaring , og kan derfor tilbyde løsninger, der opfylder netop dit behov, både hvad angår pris og kvalitet.

Vi har et stærkt internationalt kontaktnet og samarbejder med nogle af Europas mest betydende leverandører. Vi kan derfor også tilbyde specialløsninger , der dækker netop dit og dine kunders ønsker.

Ønsker du katalog og prisliste kontakt os da på telefon: +45 56 67 11 00.","Appliances, Electrical, and Electronics Manufacturing",11-50 employees,Privately Held,"Solrød Strand, Zealand, Denmark",Denmark,xlight.dk,https://www.linkedin.com/company/x-light
Eegholm a/s,"Elcor is the leading Northern European provider of electrical panels with best-in-class service and software. With over 1,100 professionals across Denmark, Norway, Sweden, Poland, and Lithuania, the company specialises in delivering advanced electrical panel solutions that drive automation, efficiency, and reliability in industrial operations. Formed through the consolidation of six leading Nordic manufacturers and backed by over 100 years of combined experience, Elcor provides end-to-end services from design and specification to hardware and software production, installation, and long-term support. With a strong commitment to sustainability, Elcor actively contributes to the shift toward energy-efficient and environmentally responsible industrial operations.","Appliances, Electrical, and Electronics Manufacturing",201-500 employees,Privately Held,"Sønderborg, South Denmark, Denmark",Denmark,eegholm.dk,https://www.linkedin.com/company/eegholm-as
Tantec A/S,"Tantec has been offering cutting-edge and environmentally-friendly Plasma Treatment, Corona surface treatment equipment and adhesion treatment for over thirty years. Tantec develops, manufactures and markets innovative equipment worldwide for ""Plasma Treatment"" and ""Corona Treatment"" of plastic components.

The Tantec machines are also build for surface treatment of metals.Tantec’s Corona Treatment and plasma treatment equipment is available as standard units, or customized machines to suit numerous industrial applications in the automotive, aerospace, medical device, packaging and electronics industry.

http://www.tantec.com

International:
sales@tantec.com

----------   ----------   ----------

Tantec bietet seit mehr als 30 Jahren innovative und umweltfreundliche Plasma Anlagen und Corona Anlagen an. Tantec entwickelt, produziert und vermarktet weltweit innovative Plasma Systeme und Corona Systeme zur Oberflaechenvorbehandlung vor allem für die Kunststoffindustrie.

http://www.tantec-gmbh.de

Deutsch:
wimsheim@tantec.com

Phone:
+45 7558 5822","Appliances, Electrical, and Electronics Manufacturing",11-50 employees,Privately Held,"Lunderskov, South Denmark, Denmark",Denmark,tantec.com,https://www.linkedin.com/company/tantec-as
Nerve Smart Systems,"Nerve Smart Systems develops advanced battery-buffered High Power Chargers (B-HPC) with a charging capacity of up to 350 kW and a battery capacity of 200 kWh. This enables our B-HPC to be connected to a grid supply as low as 22 kW while still delivering high charging power. This makes the solution ideal for areas with limited power capacity.

The intelligent energy management system ensures efficient charging and optimal resource utilization. The system is designed as plug & play, making it easy and quick to install and relocate as needed. In this way, we provide a flexible and scalable solution that supports the green transition and enhances the electric infrastructure in the transport sector.","Appliances, Electrical, and Electronics Manufacturing",11-50 employees,Privately Held,"Roskilde, Zealand, Denmark",Denmark,nervesmartsystems.com,https://www.linkedin.com/company/nerve-smart-systems
ecoes Consulting,"independent consultancy within electronics, component engineering & sourcing.

  * Supply chain definition and management
  * Stategic Sourcing and procurement
  * Green Procurement  / Conflict Free Minerals
  * REACH/ROHS and CFSI documentation
  * Technology and partner scouting
  * FMC - Full Manufacturing Cost
  * DFx - Design For Manufacturing / -Test / -Sourcing","Appliances, Electrical, and Electronics Manufacturing",Self-employed,Self Owned,"Slangerup, Capital Region, Denmark",Denmark,ecoes.dk,https://www.linkedin.com/company/ecoes-consulting
Produktion i Danmark,"Produktion i Danmark er et samarbejde mellem en række førende elektronikvirksomheder om at sætte fokus på vigtigheden af at bibeholde elektronikproduktion i Danmark.
 
Det er et initiativ, der blev fostret i forbindelse med elektronikmessen E-16, og som bliver videreført på elektronikmessen E-18 den 11.-13. september 2018 i Odense Congress Center. På Produktion i Danmark-standen vil de deltagende virksomheder udfordre den måde, der tænkes elektronikproduktion på i Danmark via procesøer, workshops og foredrag.
 
Produktion i Danmark udgøres af virksomhederne smartTec Nordic, Interflux Danmark, Eltraco Automation, EP-TeQ, HIN og HYTEK.","Appliances, Electrical, and Electronics Manufacturing",Self-employed,Privately Held,"Odense, South Denmark, Denmark",Denmark,,https://www.linkedin.com/company/produktion-i-danmark
Noitch,"Itching mosquito bites? treat it with the NOITCH pen - The easiest, quickest and most healthy way to remove itching and swelling mosquito bites.","Appliances, Electrical, and Electronics Manufacturing",2-10 employees,Partnership,"Copenhagen, Capital Region, Denmark",Denmark,noitch.dk,https://www.linkedin.com/company/noitch
GMI Energy ApS,Rådgivning af evt. erfaren El-ingeniør eller El-installatør | Belysning i højeste kvalitet | Lysberegning | Rep. af lamper | Skræddersyet løsninger til store som små projekter.,"Appliances, Electrical, and Electronics Manufacturing",2-10 employees,Self Employed,"Copenhagen, Capital Region, Denmark",Denmark,gmienergy.dk,https://www.linkedin.com/company/gmi-energy-aps
FLServices ApS,FLService er specialiseret i grøn-energi til bolig- og erhverv,"Appliances, Electrical, and Electronics Manufacturing",2-10 employees,Privately Held,"Copenhagen, Capital Region, Denmark",Denmark,,https://www.linkedin.com/company/flservices-dk
Elektas El-installationer a/s,"Erhvervsinstallationer
Data- og Teleinstallationer
Brand- og Tyverisikring","Appliances, Electrical, and Electronics Manufacturing",11-50 employees,Privately Held,Denmark,Denmark,elektas.dk,https://www.linkedin.com/company/elektas-el-installationer-a-s
Schøler Nielsen El-Teknik ApS,"Vi er et seriøst firma med den nødvendige ekspertice til at sikre dem en optimal løsning.

Vi har mange års erfaring og laver stort set ALT indenfor el-området.

Vi leverer kvalitetsarbejde med øje for detaljen til konkurrence dygtige priser.

Ring gerne 31 18 11 41 eller mail til ssn@sn-el-teknik.dk for et uforpligtiende tilbud. Det er gratis !","Appliances, Electrical, and Electronics Manufacturing",2-10 employees,Self Owned,"Randers, Middle Jutland, Denmark",Denmark,sn-el-teknik.dk,https://www.linkedin.com/company/schøler-nielsen-el-teknik
Shipcontroller Danmark,"Hos Shipcontroller har vi en vision om at give dig fuld kontrol over din båd. Vi har gjort den mest avancerede marineteknologi på markedet, tilgængelig og let at bruge. Med vores fjernbetjeninger har du kontrol over din båds motor, anker og din bov- og agterpropel lige lige ved hånden. Derudover kan du læse navigationsdata, motordata, kædetæller og meget andet data fra din båd, på din Shipcontroller skærm. Det er vigtigt for os du er fri på vandet og med en Shipcontroller kan du nemt bevare overblikket over din båd, så havne- og ankermanøvrer bliver lettere end nogensinde før. Systemet har flere sikkerhedsfunktioner, så du trygt og sikkert kan navigere rundt.

Vores produkter er genopladelige og der medfølger altid en trådløs oplader, som gør det nemt og hurtigt at sikre din fjernbetjening altid er klar til brug.

Vi ved at bådejeres behov ændrer sig med tiden, og vi vil gerne med på din bådrejse. Derfor er alle vores systemer opbygget af moduler, som gør du kan tilkøbe, udvide eller opdatere features til din Shipcontroller i takt med dine behov.","Appliances, Electrical, and Electronics Manufacturing",2-10 employees,Self Employed,"Dragor, Dragør, Denmark",Denmark,shipcontroller.dk,https://www.linkedin.com/company/shipcontroller-danmark
HJALHOLT,"HJALHOLT lagerfører hele GIRA ́s  elinstallations program også med danske stikkontakter. Vi leverer også stænktæt materiel i IP 44 og IP 66 samt det trådløse radiobølgestyrede  ""Funkbus"", systemet med den enkle og sikre programmering. GIRA er også leverandør af det globalt godkendte styringssystem KNX.","Appliances, Electrical, and Electronics Manufacturing",2-10 employees,Privately Held,Denmark,Denmark,gira.dk,https://www.linkedin.com/company/hjalholt
Laser Tech Services A/S,"Laser Tech Services A/S is highly specialized subsupplier to the professional electronic industry. We provide lasering of ceramic according to customer specifications.
Our main focus is Hybrids/thick film industry, where we can provide som of the most complicated lasering for our customers. But we also do a lot of simple parts as isolations plates for the stadard electronics.
We make productions from prototype, small series over medium to high volume.
Our customers represented in many different areas, as medico, telcom, industry, sensor, avionics, aerospace, defence automotive and P2X.","Appliances, Electrical, and Electronics Manufacturing",11-50 employees,Privately Held,"Capital Region, Denmark",Denmark,lasertech.dk,https://www.linkedin.com/company/laser-tech-services-a-s
Titan Communication systems & Butzbach Consulting,"Since 1996 Titan Communication Systems has been a leading developer of mobile audio solutions and products for critical communication. Close communication and cooperation with our customers is the cornerstone of our company ensuring that we understand your needs and requirements whether you are looking for a product or a solution. Excellence in technologies, expertise in engineering, and rigorous quality control throughout every process are principal lines in our business, making Titan the reliable choice.


Craftsmanship is a key factor when making tailor-made solutions. Our dedicated staff have extensive design and engineering capabilities and profound technical experience in the assembly of all products. Quality control is managed by our office in Emarainville, just outside Paris, France. Advanced software capabilities are developed by specialists in Copenhagen, Denmark.","Appliances, Electrical, and Electronics Manufacturing",11-50 employees,Privately Held,"Copenhagen, Capital Region, Denmark",Denmark,titancomsys.com,https://www.linkedin.com/company/titan-communication-systems-&-butzbach-consulting
Vester Hassing El-Service ApS,Aut. Elinstallatør,"Appliances, Electrical, and Electronics Manufacturing",2-10 employees,Self Employed,Denmark,Denmark,vh-elservice.dk,https://www.linkedin.com/company/vester-hassing-el-service-aps
Tenex Automation ApS,"Vi leverer:
Serietavler
Fremstilling af alle typer serietavler til både store og små virksomheder i industri branche.

Styretavler
Alle former for montage af enkeltstående styretavler efter kundens dokumentation.

Mobilstyringer
Fremstiller og designer kundespecificerede mobile udstyr til bl.a. landbrugsmaskiner, havepark maskiner samt styringer til entreprenørmaskiner og lastbiler.

Demo- og undervisningsudstyr
Udstyr til salgs-demonstrationer samt træningspaneler til undervisning og oplæsning af forhandler og grossister.

Testudstyr til print
Mekanisk og elektrisk montage af udstyr til anvendelse med test af print eller andet form for udstyr.

Dokumentation
Vi udarbejder el-dokumentation udføres i Caddy++

Kundetilfredshed er vores højeste prioritet. Vi bestræber os på at
imødekomme dine ønsker og krav til produktet.
Vi er en produktionsvirksomhed og ved at effektivitet er afgørende i vores
arbejdsproces. Derfor stiller vi høje krav til os selv og vores professionalitet.
Høj effektivitet og fleksibilitet
Kvalitet produkt
Anekendte fabrikanter
Rettidig levering
Konkurrencedygtige priser","Appliances, Electrical, and Electronics Manufacturing",2-10 employees,Partnership,"Sønderborg, South Denmark, Denmark",Denmark,tenex.dk,https://www.linkedin.com/company/tenex-automation-aps
Pit42,"Pit42 is a company that helps entrepreneurs with development of electronics for new products.
At Pit42 you can get help for the development of your product, no matter how far you are in the development process.

We can offer:
Consultation in the form of the possibilities for realizing a particular product.
Help with development of an idea.
Manufacturing of a prototype for testing, showcasing investors, and so on.
Product development based on customer specification.

At Pit42 we are also incredibly cooperative. Whether it ́s a newly established company, an entrepreneur with the investors in place, or a poor student with a good idea, we are always willing to help.
We can do this because we offer a variety of arrangements.

We may in particular provide:
To enter a partnership where we stand for the development of electronics, against a share in the final product.
Rental of prototypes for showcasing at an exhibition and the like.
Sale of development or consulting hours.","Appliances, Electrical, and Electronics Manufacturing",2-10 employees,Partnership,"Aarhus, Middle Jutland, Denmark",Denmark,pit42.dk,https://www.linkedin.com/company/pit42
meier installation,"Meier Installation er en El Virksomhed med mere end 100 års erfaring og beskæfter i dag 9 medarbejdere.
vi løser alle former for EL-Opgaver hos Private, Virksomheder og Institutioner. vi tilbyder bl.a
1. Alt inden for EL-Installationer
2. Varme pumper
3. Solceller
4. Edb og Fiber Løsninger
5.Belysning Rådgivning
6. Alt inden for Alarmering
7. Intelligente Installationer
8. Salg og reb af Hvidevare
9. Tv og Antenneanlæg
se mere på hvores hjemmeside meierinstallation.dk","Appliances, Electrical, and Electronics Manufacturing",2-10 employees,Self Owned,"Helsingør, Capital Region, Denmark",Denmark,meierinstallation.dk,https://www.linkedin.com/company/meier-installation
Animal Control ApS,"Firmaet Animal Control ApS i Middelfart, udvikler og producerer nye videnbaserede produkter og koncepter til overvågning, registrering og afværgning af vildt.

I mange år har Animal Control hjulpet landmænd af med de gener kronvildt og gæs har skabt i deres afgrøder. Gener inkluderer oftest en kraftig reduktion i høstudbyttet, og med Anico-Agro kan disse fjernes. I modsætning til andre vildtafværgemekanismer, er Anico-Agro afprøvet og dokumenteret.","Appliances, Electrical, and Electronics Manufacturing",2-10 employees,Privately Held,"Middelfart, South Denmark, Denmark",Denmark,anico.dk,https://www.linkedin.com/company/animal-control-aps
Anitas Montage,"Blyfri SMD printmontage, komponent indkøb, programmering og test af serier fra 1 til 10.000stk
Komponentstørrelser fra 0201 til 55*55mm, 0.4mm pitch, BGA >=0.5mm pitch, max. boardsize 30x35cm
Professionel NoClean montage process på 1 eller 2 sider med evt. eftermontering af TH komponenter","Appliances, Electrical, and Electronics Manufacturing",2-10 employees,Privately Held,"Herlev, Capital Region, Denmark",Denmark,anitasmontage.dk,https://www.linkedin.com/company/anitas-montage
Upcon Technology A/S,Development of power converter solutions to satisfy the market-demand for extreme high conversion efficiencies.,"Appliances, Electrical, and Electronics Manufacturing",2-10 employees,Partnership,"Kongens Lyngby, Capital Region, Denmark",Denmark,upcontechnology.com,https://www.linkedin.com/company/upcon-technology-a-s
Sikringskompagniet ApS,"Sikringskompagniet ApS er et erfarent sikrings selskab, som både leverer løsninger til private og erhverv. Vi har et bredt udvalg af forskellige produkter, som alle er med til at skabe sikkerhed og tryghed hos mennesker og arbejdspladser. Uanset om man har brug for overvågningsudstyr, sensorer eller noget helt tredje, så står vi klar til at hjælpe dig til den rigtige løsning.","Appliances, Electrical, and Electronics Manufacturing",2-10 employees,Privately Held,"Glostrup, Capital Region, Denmark",Denmark,sikringskompagniet.dk,https://www.linkedin.com/company/sikringskompagniet-aps
MM Elektric ApS,"MM Elektric blev etableret i 2000 af Michael Møller og Mikkel Leerhøy Runov.

MM Elektric voksede hurtigt, og i december 2004 blev det nødvendigt at flytte virksomheden til større lokaler beliggende på Lyngbyvej 231 i Hellerup.

Da vi i 2009 flyttede til vores nuværende adresse Bygmarken 26, 3520 Farum, var det et ønske om at få bedre og større administration samt lager faciliteter.

Vi har valgt en markedsføring og et ansigt udadtil, der følger med tiden så vi er fremtidssikret, ligesom vi er den virksomhed, der skal fremtidssikre Deres hjem, virksomhed eller ejendom. Vi prøver at komme ud over grænsen, fra at være den traditionelle installatør der fandtes for 20 år siden.

Vi er under en konstant udvikling kompetencemæssigt og firmamæssigt. Det er vigtigt for os at kunne opretholde en god kontakt til vores kunder, for at kunne levere den gode service vi er kendt for.

Vi yder altid en god og hurtig service og sørger for oprydning inden vi forlader en kunde.

Vi beskæftiger os med alt inden for el-området. Vores hoved beskæftigelse er service samt renovering, både for private- samt erhvervskunder.

Med hjælp fra arkitekter og ingenører og et godt team af andre håndværkere udfører vi nybyg og renoveringer af boliger, viksomheder og andet, med detaljer man ikke ser andre steder.","Appliances, Electrical, and Electronics Manufacturing",2-10 employees,Privately Held,"Farum, Capital Region, Denmark",Denmark,mm-el.dk,https://www.linkedin.com/company/mm-elektric-aps
4tec ApS,"4tec udvikler elektroniksystemer til dataopsamling i boliger, institutioner og 
erhverv.
Vi har mere end 35 års erfaring i udvikling og fremstilling af kundespecifikke 
løsninger indenfor vidt forskellige grene af elektronikkens anvendelsesområder. 
Vi servicerer og vedligeholder systemer, leveret af os eller andre 
leverandører og ser dette som en naturlig del af vort arbejdsfelt.
Pt arbejder vi intensivt på at gøre et nyt koncept klar til markedet  - vor 
plan er at løfte sløret for dette i løbet af eftersommeren 2013.","Appliances, Electrical, and Electronics Manufacturing",2-10 employees,Self Owned,"Svendborg, South Denmark, Denmark",Denmark,4tec.dk,https://www.linkedin.com/company/4tec-aps
Martin Rise El Service ApS,,"Appliances, Electrical, and Electronics Manufacturing",Self-employed,Privately Held,"Tølløse, Zealand, Denmark",Denmark,martinrise.dk,https://www.linkedin.com/company/martin-rise-el-service-aps
Tidligere JKM EL ApS,"We carry all types of installations with an emphasis on intelligent home solutions.
Especially Lauritz Knudsen IHC system. 
We have set up IHC installations across Europe.
From Sweden in the north to Spain in the south, France in the west and Germany to the east.
We are certicificeret as IHC-installer, examined by Lauritz Knudsen Denmark.","Appliances, Electrical, and Electronics Manufacturing",2-10 employees,Partnership,"Fjenneslev, Zealand, Denmark",Denmark,,https://www.linkedin.com/company/jkm-el-aps
Danske Billund ApS,,"Appliances, Electrical, and Electronics Manufacturing",11-50 employees,,"Billund, South Denmark, Denmark",Denmark,toptemp.dk,https://www.linkedin.com/company/danske-billund-aps
kappelgaard,"The company offers consultancy services in relation to design, implementation and commisioning control systems for various industries.

Industries such as: 
- Control systems for wind power plant solutions
- Airport baggage handlings systems
- Automation for process industries","Appliances, Electrical, and Electronics Manufacturing",Self-employed,Self Owned,"Å, Middle Jutland, Denmark",Denmark,kappelgaard.com,https://www.linkedin.com/company/kappelgaard
Linde Electric A/S,E,"Appliances, Electrical, and Electronics Manufacturing",11-50 employees,Privately Held,Denmark,Denmark,linde-electric.dk,https://www.linkedin.com/company/linde-electric-a-s
Danautomatik,"Portautomatik til alle port-typer!

Danautomatik leverer portautomatik til svingporte, skydeporte, bom-anlæg, parkeringsanlæg mv. Vi forhandler også markedets bedste trådløse overvågningskamera til overvågning af ejendomme, dieseltanke, byggepladser, grusgrave, landbrug, institutioner, virksomheder, genbrugspladser mv.
Vi har specialiseret os i kunde specifikke opgaver, der gør vores service unik i forhold til mange andre portteknik leverandører.

Vi distribuerer portstyring og tilbehør i absolut topkvalitet fra italienske TAU.
Så skal du have en løsning med adgangskontrol og alarm, så er Danautomatik det helt rigtige valg. Vi kan i fællesskab sammensætte den helt rigtige løsning til dig - uden at det behøver at koste en formue.","Appliances, Electrical, and Electronics Manufacturing",2-10 employees,Self Employed,"Terndrup, North Jutland, Denmark",Denmark,danautomatik.dk,https://www.linkedin.com/company/danautomatik
Eco Systems ApS,"Eco Systems ApS er et nystartet firma (2014) i Danmark, og repræsenterer vores egne produkter fra ”Energon” i Tyskland.
Energon har gennem de sidste 17 år forsynet det tyske marked med belysning, lige fra de første T5 rør, til LED-rør, LED-armaturer, Led-paneler, LED-downlights og meget andet.
Alle vores LED-produkter består udelukkende af komponenter af højeste kvalitet fra Philips, Samsung og Osram. Vi producerer selv alle LED-produkter, hvilket gør vores prisniveau yderst attraktivt for vore kunder i Danmark og Skandinavien.
Vi har et stort udvalg i LED-produkter, som vi har eneforhandling af i hele Danmark og Skandinavien, bl.a specielle LED løsninger til produktion, lager, kontor, institutioner, kommuner og mange andre.
Verdens nyhed!
Hygiejne-Serien er en helt ny LED-Nano-partikel løsning, som fjerner virus og bakterier, dårlig lugt, giver bedre indeklima og meget andet. Hygiejne-Serien leverer vi til bl.a. sygehuse, plejehjem, børnehaver, skoler og mange andre virksomheder hvor man har har nogle specifikke ønsker om et rent og bedre indeklima.

Vi har allerede leveret LED-løsninger til industri, supermarkedskæder, fødevarebranchen, kommuner og vi er i øjeblikket i gang med LED-retroløsninger til museer, events og bevaringsværdige bygningsværker. Vi har en udenlandsk samarbejdspartner, som har mange års erfaring i disse ""antikke"" belysnings og LED-løsninger.

Ring og hør nærmere på telefon 4272 4585 - Jan L. Nielsen eller send en mail til: jln@eco-systems.dk","Appliances, Electrical, and Electronics Manufacturing",2-10 employees,Partnership,"Horsens, Middle Jutland, Denmark",Denmark,eco-systems.dk,https://www.linkedin.com/company/eco-systems-aps
Softgenie,"SoftGenie handler med elektroniske produkter og services.  

Vores produktsortiment indeholder blandt andet sensormoduler og andet tilbehør til Arduino og Raspberrypi.  Vi leverer services som for eksempel hjælp til opbygning og programmering af embedded systemer, herunder også fremstilling af prototype print.  

Embedded systemer kan for eksempel være automatisering, overvågning, dataopsamling, fjernstyring, eventuelt via smartphone, tablet eller computer.  Målgruppen er både hobbyfolk, som synes, det er spændende at udvikle embedded systemer, og virksomheder som har brug for færdige embedded systemer eller hjælp til selv at udvikle disse.","Appliances, Electrical, and Electronics Manufacturing",Self-employed,Self Employed,"Hørning, Middle Jutland, Denmark",Denmark,softgenie.dk,https://www.linkedin.com/company/softgenie
Scheibel El & Sikring,"El-installatør med specialer. Vi tilbyder vores kunder en bred vifte af produkter indenfor faget, så der kun skal ringes et sted. Om det er elinstallationer, brand- og/eller tyverialarmen som skal udføres, så har vi teknikkerne, som kan servicerer. Vores motto er elektriker med omtanke. Vi ønsker at hæve servicen og vi skal være elektrikeren kunden kan regne med.","Appliances, Electrical, and Electronics Manufacturing",11-50 employees,Public Company,"Næstved, Zealand, Denmark",Denmark,scheibel-el.dk,https://www.linkedin.com/company/scheibel-el-&-sikring
ME El-Teknik ApS,"Hos ME EL-Teknik vægter vi kvalitet og god service højt. 
Med 17 års erfaring, indenfor godt håndværk er du altid sikret en god service og den bedste kvalitet.","Appliances, Electrical, and Electronics Manufacturing",2-10 employees,Self Employed,"Middelfart, South Denmark, Denmark",Denmark,meelteknik.dk,https://www.linkedin.com/company/me-el-teknik-aps
H-Strøm,"H-Strøm er en elinstallatørforretning baseret i Randers.

Vi har specialister der dækker alle facetter af det elektriske fagområde, hvilket gør os til den foretrukne samarbejdspartner når i har brug for eltekniske kompetencer.

Vores veluddannede elektrikere og teknikere udfører altid er professionelt stykke arbejde, og overholder deres deadlines.

Vi servicerer både industrien og boligmarkedet, for erhverv og private.

Når i får brug for hjælp - hvad enten jeres projekter er store eller små, så kontakt os snarest muligt. Så kan vi rådgive jer om en god løsning, og levere det resultat, som i ønsker.","Appliances, Electrical, and Electronics Manufacturing",2-10 employees,Self Employed,"Randers, Middle Jutland, Denmark",Denmark,h-stroem.dk,https://www.linkedin.com/company/h-stroem
NonSmokers.DK,Biggest Selection of Electronic Alternativates to Combustion Tobacco Smoking. NonSmokers.DK has been online since November 2008.,"Appliances, Electrical, and Electronics Manufacturing",2-10 employees,Self Owned,"Copenhagen, Capital Region, Denmark",Denmark,nonsmokers.dk,https://www.linkedin.com/company/nonsmokers-denmark
Angelsø el,"Angelsø el. er din lokale elektriker.

Vi tilbyder el-arbejde i høj kvalitet og står klar til at hjælpe dig med opgaver efter dine behov, både som privat og erhvervskunde. 

Vi kører ud fra vores firmaadresse i Rødovre til København og omegn. Ønsker du et uforpligtende tilbud eller hjælp, så er du velkommen til at skrive eller ringe til os på 22 25 40 69","Appliances, Electrical, and Electronics Manufacturing",Self-employed,Partnership,"Rødovre, Capital Region, Denmark",Denmark,angelsoe-teknik.dk,https://www.linkedin.com/company/angelsø-teknik
MMB Group,"The company is based in Denmark, and we have over 13 years of experience creating memories.  

We are 2 different parts that individually have their own field of expertise. 

That means we are able to create completely unique solutions, and it also gives us many opportunities. 

Who are our customers? 
We have worked with theme parks, amusement parks and municipal projects for many years. And know how important a good relationship is between us and our customers. 

CreationDesign
We make your fantasies come to life! 

Figures & animatronics for theme parks and seasonal theming. 

We can help you with your light design or let us design it for you. 

We also do permanent and temporary installations & design light settings for festivals, exhibitions, amusement parks and much more. 

Do you have something we should throw some light at? 
Let our illumagineers create a magical experience for you

We Love All Seasons
Halloween, Christmas and Easter.

We do all types of decorations, no matter the scale of your project. 
From a single shop to a full mall or theme park. 

Let us be your creative partner in tailored decorations and see for yourself how your next seasonal decoration project can come to live.

FountainTech Pro
We Create magic with water and light. 

Public Fountains, Musical/dancing fountain shows, Water special fx, Water playgrounds, are just some of our expertise areas. 

Let us do the design, installation, renovation of both large and small systems. 

We work together with some of the best suppliers and manufacturers in the world. Custom design and our own manufacturing of fountain equipment, everything from pumps, lights, filtration systems and much more. 

Are you a theme parks with water rides / attractions we can help you with maintenance and installations of filtration systems, pump systems, water pipes and water special fx. 

Do not hesitate to reach out to us! 

Mail: info@mmbgroup.dk","Appliances, Electrical, and Electronics Manufacturing",2-10 employees,Self Employed,"Slagelse, Zealand, Denmark",Denmark,mmbgroup.dk,https://www.linkedin.com/company/mmbgroup
Sorin-EL,"Elektriker med solid erfaring tilbyder fleksible og professionelle løsninger til virksomheder i Danmark. Jeg arbejder selvstændigt gennem mit eget firma og kan tilslutte mig projekter af kortere eller længere varighed – fra elinstallationer til vedligeholdelse og serviceopgaver. Mit fokus er at levere kvalitet, effektivitet og pålidelighed, tilpasset dine behov. Jeg garanterer gennemsigtige og konkurrencedygtige priser, med fleksible aftaler. Hvis du har brug for en engageret og erfaren elektriker, der kan bidrage positivt til dit teams succes, står jeg klar til en uforpligtende samtale og et potentielt samarbejde.","Appliances, Electrical, and Electronics Manufacturing",Self-employed,Self Employed,"Odense, South Denmark, Denmark",Denmark,,https://www.linkedin.com/company/sorin-el
Dancar Autosikring ApS,"Dancar, a danish company. With innovative ideas and design we manufacture your aftermarket products, just in time. Manufacturing of comfort and safety products has been core business since 1987.

Dancar is specialized in development of electrical solutions including mechanical accessories, wiring and full documentation as complete package to clients.

With wide knowledge of technology for designing aftermarket equipment. These products are all known by: easy and fast installation, high quality and professional support along with pictogram manuals.

Dancar develops primarily for the automotive and leisure industry.","Appliances, Electrical, and Electronics Manufacturing",2-10 employees,Partnership,"Hedehusene, Capital Region, Denmark",Denmark,dancar.dk,https://www.linkedin.com/company/dancar-autosikring
Lephant ApS,PCB Layout.,"Appliances, Electrical, and Electronics Manufacturing",Self-employed,Privately Held,Denmark,Denmark,lephant.dk,https://www.linkedin.com/company/lephant-aps
Thermionics,Thermionics is developing a new solar thermal technology application that effectively harvest and converts heat from sun radiation into electricity.,"Appliances, Electrical, and Electronics Manufacturing",2-10 employees,Privately Held,Denmark,Denmark,,https://www.linkedin.com/company/thermionics
TP Technology ApS,Totalleverandør af automations-løsninger – og vi er med dig hele vejen fra udvikling til idriftsætning,"Appliances, Electrical, and Electronics Manufacturing",2-10 employees,Public Company,"Herning, Middle Jutland, Denmark",Denmark,tptech.dk,https://www.linkedin.com/company/tp-technology-aps
Scan-Air,"SCAN-AIR blev grundlagt i 2003 og siden da har vi løbende uddannet os og opbygget stor viden og ekspertise indenfor varmepumper, aircondition, køleteknik og affugtning.

Vi er i konstant udvikling, for altid at kunne sikre vores kunder den bedste vejledning samt den rigtige vare til den rigtige pris.

I 2006 åbnede vi vores butik i Rønde på Åkærsvej 1. 

SCAN-AIR er autoriseret forhandler af Mitsubishi, Fujitsu, Daikin samt lokal kontor for de dansk producerede jordvarme og luft til vand varmepumper fra DVI samt Panasonic PROPARTNER på Djursland – vores mærker er kendt for deres driftsikkerhed, høje ydelser og støjsvage drift.

Vi dækker over et stort spektrum inden for luft til luft varmepumper, luft til vand varmepumper, klimaanlæg og aircondition til private såvel som erhvervs virksomheder, kommuner og boligforeninger.

Ligeledes fører vi EasyClick kabelbakke system direkte fra Italien og et meget bredt tilbehørsprogram indenfor montage og vedligehold af varmepumper, klimaanlæg samt befugtning.

Vores medarbejdere står klar til at råde og vejlede Jer i vores butik, men vi kommer også gerne og fremviser på Jeres adresse.

Hos SCAN-AIR sikrer vi, at din investering også er en god investering – Godt for dig, dine penge og VORES miljø.","Appliances, Electrical, and Electronics Manufacturing",2-10 employees,Self Owned,"Rønde, Middle Jutland, Denmark",Denmark,scan-air.dk,https://www.linkedin.com/company/scanair
SBK Nordic ApS,"Today's technology for yesterdays houses.
Turn your home to a Smart Home. Control almost any device in your home from anywhere. 
Upgrade your existing installations to IHC without any major rewiring or installing expensive control panels.","Appliances, Electrical, and Electronics Manufacturing",2-10 employees,Partnership,"Aarhus, Middle Jutland, Denmark",Denmark,,https://www.linkedin.com/company/sbk-nordic-aps
JA-US,"JA-US producerer el-artikler i form af universaldåser til det danske marked, som sælges via grossister. Se produktblade på de forskellige muligheder på vores hjemmeside.","Appliances, Electrical, and Electronics Manufacturing",2-10 employees,Public Company,"Silkeborg, Middle Jutland, Denmark",Denmark,jaus.dk,https://www.linkedin.com/company/ja-us
ASKO Professional Deutchland,"ASKO Professional ist eine Geschäftseinheit der ASKO Appliances AB, einem Unternehmen mit Sitz in Schweden, das 1950 gegründet wurde und heute in 61 internationalen Märkten vertreten ist.
ASKO Professional bietet hochwertige Lösungen für professionelle Einsatzbereiche und konzentriert sich auf ein spezialisiertes Sortiment leistungsstarker Waschmaschinen, Trockner und Geschirrspüler, die speziell für die anspruchsvollen Anforderungen gewerblicher Anwender entwickelt wurden.

Unser Anspruch ist es, in ausgewählten globalen Marktsegmenten eine führende Position einzunehmen – durch die Bereitstellung langlebiger, energieeffizienter und nachhaltiger Geräte, die skandinavisches Design mit professioneller Zuverlässigkeit vereinen.

Dank ihrer herausragenden Leistungsfähigkeit sind unsere Produkte die bevorzugte Wahl in einer Vielzahl von Branchen – darunter Reinigungsunternehmen, Mopp-Dienste / Gebäudereinigung, Senioren- und Pflegeeinrichtungen, Büros, Krankenhäuser, Kindertagesstätten, Hotels, Gastronomiebetriebe, Zahnarztpraxen, Kliniken sowie in besonders anspruchsvollen Offshore-Umgebungen.","Appliances, Electrical, and Electronics Manufacturing",51-200 employees,Privately Held,"Vejle, South Denmark, Denmark",Denmark,asko.com,https://www.linkedin.com/company/asko-professional-deutchland
Rhopoint Nordic Aps,,"Appliances, Electrical, and Electronics Manufacturing",,,"Vallensbæk Nordmark, Capital Region, Denmark",Denmark,rhopointnordic.com,https://www.linkedin.com/company/rhopoint-nordic-aps
Sunlounger Timer,"The innovative Sunlounger Timer / Sunbed Timer is elegant and has a classic design. It registers movement on the sun lounger, and if the guest leaves or do not use the sun lounger, the red light will turn off after a set time. A new guest can then use the sun lounger.","Appliances, Electrical, and Electronics Manufacturing",2-10 employees,Self Employed,"Hjallerup, North Jutland, Denmark",Denmark,sunloungertimer.com,https://www.linkedin.com/company/sunlounger-timer
FOURNAIS ENERGI APS,Rådgivnings ingeniører,"Appliances, Electrical, and Electronics Manufacturing",2-10 employees,Privately Held,"Skodsborg, Capital Region, Denmark",Denmark,fournais-energi.dk,https://www.linkedin.com/company/fournais-energi-aps
El-Neff ApS,"El-installationer
Vi løser alle former for opgaver.
– Traditionelle el-installationer
– Intelligente el-installationer (IHC – IntelligentHouseControl)
– Varmepumper og køleanlæg
– IT, netværks og datainstallationer
– Reparation og service af el-installationer
– Belysningsopgaver – traditionel- og nødbelysning
– Alarm og overvågning
– Reparation og salg af hårde-hvidevarer","Appliances, Electrical, and Electronics Manufacturing",2-10 employees,Privately Held,"Harridslev, Middle Jutland, Denmark",Denmark,el-neff.dk,https://www.linkedin.com/company/el-neff-aps
Skytte Lighting,"Skræddersyede løsninger til både erhverv og privat
Specialopgaver indenfor tyndplade og lys.
Produktion 
Konstruktion","Appliances, Electrical, and Electronics Manufacturing",2-10 employees,Self Employed,"Bryrup, Middle Jutland, Denmark",Denmark,skyttelighting.dk,https://www.linkedin.com/company/skytte-lighting
Iskra Nordic,Intelligente industrielle løsninger,"Appliances, Electrical, and Electronics Manufacturing",2-10 employees,Partnership,"Skodsborg, Capital Region, Denmark",Denmark,iskraenergy.dk,https://www.linkedin.com/company/iskra-nordic
Feldt-Tech APS - Varmepumper & Multiservice,"Feldt-Tech APS - Maritim El-Service er et lille kvalitets bevidst firma, hvor Morten Feldthusen som driver virksomheden, har stor erfaring indenfor flere områder af elfaget, siden han fik sit svendebrev i år 2000.

Derfor har Feldt-Tech APS en stor ""Know How"" inden for mange niche brancher i el-området. Feldt-Tech's kunder skal være tilfredse, og det er de små ting der gør forskellen, Feldt-Tech sørger for at arbejdet er lavet ordentligt, samt at vi bestræber os på at det ikke kan ses vi har været der, pænt arbejde og oprydning efter sig, dette giver glade og tilfredse kunder.

Feldt-Tech går ind for ordentlig og god kommunikation, derfor lytter vi altid til kunden og med den gode dialog finder vi altid den bedste løsning i fællesskab med kunden. Vi er ikke bange for at tænke ud af kassen, for at opnå de mest tilfredsstillende resultater for vores kunder.

Feldt-Tech APS blev startet på baggrund af en simpel filosofi ""Dygtige elektrikere, er billigere end du tror"", dette kommer sig af Morten's mange års erfaring i branchen, hvor han herefter har taget et valg om at komme overpriser til livs ""Der skal være fornuft i priser i forhold til arbejdet og kvaliteten heraf"".","Appliances, Electrical, and Electronics Manufacturing",Self-employed,Self Employed,"Ølgod, South Denmark, Denmark",Denmark,feldt-tech.dk,https://www.linkedin.com/company/feldt-tech-aps
Rørvig el-installation,"Rørvig El-installation ApS udfører elarbejde, belysningsanlæg og energioptimeringer. Med mere end 30 års erfaring garanterer vi altid et godt resultat !","Appliances, Electrical, and Electronics Manufacturing",2-10 employees,Public Company,"Rørvig, Zealand, Denmark",Denmark,roervig-el.dk,https://www.linkedin.com/company/rørvig-el-installation
Værløse Varmeværk,www.v-v-v.dk,"Appliances, Electrical, and Electronics Manufacturing",2-10 employees,Privately Held,"Ølstykke, Capital Region, Denmark",Denmark,v-v-v.dk,https://www.linkedin.com/company/v-rl-se-varmev-rk
Khepri,"Udvikling af værktøjer (apparater, software og kurser) til at arbejde med den menneskelige bevidsthed. 
Herunder design og produktion af måleapparater og software til biofeedback baseret på EEG og EMG udviklet med henblik på at muliggøre delvis hjemmetræning.  Dette indbærer særligt fokus på brugervenlighed, driftsikkerhed, fejlovervågning og indbyggede vejledninger.
Desuden arbejde med bevidsthedsenergier og kurser i bevidsthedsudvikling.","Appliances, Electrical, and Electronics Manufacturing",Self-employed,Privately Held,Denmark,Denmark,khepri.dk,https://www.linkedin.com/company/khepri
metraco APS,"Metraco / Billiglys / Trendystuff

Sales sites of most ordinary electrics parts to bussines and private.

- selling light in all kind.
- selling electrical parts for houses - disc washer ́s and s/o
- selling designer things in all catagories


Best regard 
Metraco/Billiglys/Trendystuff



Per Kjær Nicolajsen","Appliances, Electrical, and Electronics Manufacturing",Self-employed,Public Company,"Mørke, Middle Jutland, Denmark",Denmark,metraco.dk,https://www.linkedin.com/company/metraco-aps
KM TECH ApS,"KM TECH

Er en virksomhed der servicerer virksomheder on-shore/off-shore.

Vi udfører
Test/rep. af Maksimalafbrydere (Alle typer)
Levetidsforlængelse af EL-Tavler","Appliances, Electrical, and Electronics Manufacturing",2-10 employees,Self Employed,"Tommerup, South Denmark, Denmark",Denmark,kmtech.dk,https://www.linkedin.com/company/km-tech-aps
EVScandia ApS,"EVScandia ApS, er en af landets ældste og mest erfarne importører af el-drevne køretøjer – blandt andet inden for scootere, Segways og løbehjul. Herudover markedsfører vi alle de originale produkter fra vores nye brand Bird.","Appliances, Electrical, and Electronics Manufacturing",2-10 employees,Self Employed,"Næstved, Zealand, Denmark",Denmark,evscandia.com,https://www.linkedin.com/company/evscandia-aps
3Dprinted,,"Appliances, Electrical, and Electronics Manufacturing",2-10 employees,Self Owned,"Auning, Middle Jutland, Denmark",Denmark,3dprinted.dk,https://www.linkedin.com/company/3dprinted
Electric Design Company A/S,"EDC er en moderne elektriker-virksomhed, der på en gang kombinerer det klassiske håndværksfag med faglig kompetance og moderne know-how inden for it og elektriske løsninger til både virksomheder og private.","Appliances, Electrical, and Electronics Manufacturing",11-50 employees,Public Company,Denmark,Denmark,,https://www.linkedin.com/company/electric-design-company-a-s
Kronborg Elektronik,"Virksomhed med fokus på reparation, design og produktion af musikudstyr, hifi og anden elektronik. Specialområder inkluderer analogt audioudstyr, elektronrør, lydstudieudstyr og musikinstrumenter.
Der udføres også mindre serieproduktioner af bl.a. industri- og offshore elektronik, samt projektering af kabelsystemer og AV-installationer.","Appliances, Electrical, and Electronics Manufacturing",Self-employed,Self Owned,"Esbjerg, South Denmark, Denmark",Denmark,,https://www.linkedin.com/company/kronborg-elektronik
Oyede,Hello,"Appliances, Electrical, and Electronics Manufacturing",51-200 employees,Privately Held,"Roskilde, Zealand, Denmark",Denmark,,https://www.linkedin.com/company/oyede
Kaltoft El,"Kaltoft El er en velrenommeret, autoriseret elinstallatør, med base tæt ved Vejle. Vi kombinere det, at være en moderne virksomhed, samtidig med at værne om de gode værdier, der har defineret Kaltoft El som virksomhed, igennem alle årene.

Stor erfaring giver alsidige kompetencer.
Med mange års erfaring i bagagen, har vores medarbejdere udviklet specialiserede og alsidige kompetencer, hvilket giver os mulighed for at hjælpe med både store og små opgaver. 

Vores kompetencer dækker blandt andet indenfor:

El-installation
El-entrepriser til private og erhverv
Reparation og montering af hårde hvidevarer
Industrimontage
Belysning
It & Data

Effektivitet er i fokus.
Når vi arbejder, er det altid med et stort fokus på, at effektivitet bør komme først. Vi ved, at alle sekunder tæller – både for os og for vores kunder – og derfor sørger vi altid for at være optimalt forberedt, medbringe de rigtige materialer første gang og samtidig arbejde hurtigt uden at lade det gå ud over kvaliteten af vores arbejde.","Appliances, Electrical, and Electronics Manufacturing",11-50 employees,Self Employed,"Bredsten, Region Of Southern Denmark, Denmark",Denmark,kaltoftel.dk,https://www.linkedin.com/company/kaltoft-el
MV El-Teknik ApS,"Hos MV EL-TEKNIK elsker vi godt håndværk!

Vi er din lokale elektriker til dine el-tekniske installationer. Som autoriseret el-installatør udfører vi små som store opgaver inden for el-installation og totalløsninger i København og hele Amager, for både private og erhverv.

Med MV EL-TEKNIK i hånden, kan vi hjælpe med alt inden for el-installationer, tele-/data-installationer, radio- & tv-installationer samt tilbehør hertil, og meget mere.

Vi går ikke af vejen når det omhandler rådgivning og udførsel af nybyg, ombygning eller renovering - med os som din hovedentreprenør så klarer vi opgaven fra start til slut.

Kontakt os allerede i dag.","Appliances, Electrical, and Electronics Manufacturing",Self-employed,Self Employed,"Capital Region, Denmark",Denmark,mv-el.dk,https://www.linkedin.com/company/mv-el-teknik-aps
Helec,"Danish Electronic Product Freelance Developer, specializing in hardware and software development of embedded electronic systems.","Appliances, Electrical, and Electronics Manufacturing",Self-employed,Self Employed,"Broager, South Denmark, Denmark",Denmark,,https://www.linkedin.com/company/helecdk
Actuel ApS,,"Appliances, Electrical, and Electronics Manufacturing",,,"Ebeltoft, Middle Jutland, Denmark",Denmark,actuel.dk,https://www.linkedin.com/company/actuel-aps
Grene Industri Fyn,,"Appliances, Electrical, and Electronics Manufacturing",11-50 employees,,"Ringe, South Denmark, Denmark",Denmark,grene.com,https://www.linkedin.com/company/grene-industri-fyn
Klakring EL ApS,"Klakring EL- din lokale elektriker.

Vi er til for dig, og vi yder altid den bedste service - hvad enten det dejer sig om elinstallationer, automation eller kommunikation!","Appliances, Electrical, and Electronics Manufacturing",2-10 employees,Public Company,"Juelsminde, Middle Jutland, Denmark",Denmark,klakringel.dk,https://www.linkedin.com/company/klakring-el-aps
Social Square,,"Appliances, Electrical, and Electronics Manufacturing",,,"Copenhagen, Capital Region, Denmark",Denmark,,https://www.linkedin.com/company/social-square
Onyx ApS,"Onyx ApS is specialising in LED and Smart Home Solutions which is dedicated to developing innovative energy efficient products that provide a positive economic and environmental impact with a focus on customer experiance. Onyx ApS is an innovator in solar panels systems, security systems, controllers and power supplies.","Appliances, Electrical, and Electronics Manufacturing",2-10 employees,Privately Held,"Copenhagen, Capital Region, Denmark",Denmark,onyxaps.com,https://www.linkedin.com/company/onyx-aps
L&S INNOTEK,,"Appliances, Electrical, and Electronics Manufacturing",11-50 employees,,"Kolding, South Denmark, Denmark",Denmark,innotek.dk,https://www.linkedin.com/company/l&s-innotek
NordicCables,"NordicCables is a Danish newly-founded entrepeneur company.

NordicCables are working on a cable management solution, mainly to be used in meeting rooms.

The two founders of NordicCables got the idea working together in a company, where cable management was always an issue, and was not able to find a proper solution currently in the market.
This lead to the start of NordicCables.","Appliances, Electrical, and Electronics Manufacturing",2-10 employees,Self Owned,"Farum, Capital Region, Denmark",Denmark,nordiccables.com,https://www.linkedin.com/company/nordiccables-aps
Altek - Electric,"Altek Electric er en installations virksomhed, stiftet i 2013 af Kasper Nygaard, som startede sin el-tekniske baggrund tilbage i 2004. Vi har mere end 10 års erfaring indenfor installationsbranchen og har endvidere opnået et bredt lokalkendskab inden for vores arbejdsområde.

Hos Altek Electric lægger vi stor vægt på vores kunder og sparringspartneres tilfredshed, og sætter en ære i at udføre et godt solidt kvalitetsarbejde. Ikke mindst til konkurrence dygtige priser, men også indenfor den aftalte tid.

Vores kunders tilfredshed er en forudsætning for en sund forretning, som dermed skal bygge på gensidig tillid og troværdighed","Appliances, Electrical, and Electronics Manufacturing",Self-employed,Privately Held,"Grenaa, Middle Jutland, Denmark",Denmark,altek-electric.dk,https://www.linkedin.com/company/altek---electric
El-team.Pro ApS,"Hos El-team-Pro er kunderne vores vigtigste aktiv og vi sætter en ære i at aftaler overholdes.
Som autoriseret el-installatør - elektriker, er vi registreret hos Sikkerhedsstyrelsen.

Vi arbejder efter et kvalitetsledelsessystem godkendt af TEKNIQ Kvalitet, og udfører alle former for installationsarbejder, energioptimerende og intelligente installationer.

Vi samarbejder med alle håndværksgrupper og arbejder gerne med rådgivende ingeniører og arkitekter i forbindelse med renoveringer og moderniseringer.","Appliances, Electrical, and Electronics Manufacturing",2-10 employees,Partnership,"Herlev, Capital Region, Denmark",Denmark,el-team.pro,https://www.linkedin.com/company/el-team-pro
Kahlke Installation,"Installationsarbejde hos private, industri og erhverv.","Appliances, Electrical, and Electronics Manufacturing",Self-employed,Self Owned,"Brønderslev, Brønderslev, Denmark",Denmark,,https://www.linkedin.com/company/kahlke-installation
Dansk Leca A/S,,"Appliances, Electrical, and Electronics Manufacturing",2-10 employees,,"Randers, Middle Jutland, Denmark",Denmark,,https://www.linkedin.com/company/dansk-leca-a-s
comingsooncomingsooncomingsoon,comingsooncomingsooncomingsooncomingsooncomingsooncomingsooncomingsooncomingsooncomingsooncomingsooncomingsooncomingsooncomingsooncomingsooncomingsooncomingsooncomingsooncomingsooncomingsooncomingsooncomingsooncomingsooncomingsooncomingsooncomingsooncomingsooncomingsooncomingsooncomingsoon,"Appliances, Electrical, and Electronics Manufacturing",11-50 employees,Privately Held,"Varde, South Denmark, Denmark",Denmark,underconstruction.com,https://www.linkedin.com/company/tien-international-product-development-inc-tipd-
Dansk Tavle Termografering A/S,kommer snart,"Appliances, Electrical, and Electronics Manufacturing",2-10 employees,Self Employed,Denmark,Denmark,,https://www.linkedin.com/company/dansk-tavle-termografering-a-s
City El-Anlæg / City Lighting,"Vi har specialiseret os i salg og service af belysning,
samt montering og installation af belysning.
Der er ingen opgave der er for stor eller lille, så tag endelig kontakt til os og få et tilbud.","Appliances, Electrical, and Electronics Manufacturing",2-10 employees,Privately Held,"Holte, Hovedstaden, Capital Region, Denmark",Denmark,cityel-anlaeg.dk,https://www.linkedin.com/company/city-el-anlaeg
Viltronic,Consulting,"Appliances, Electrical, and Electronics Manufacturing",2-10 employees,Privately Held,"Silkeborg, Middle Jutland, Denmark",Denmark,viltronic.dk,https://www.linkedin.com/company/viltronic
Innova AirTech Instruments A/S,,"Appliances, Electrical, and Electronics Manufacturing",2-10 employees,,"Ballerup, Capital Region, Denmark",Denmark,,https://www.linkedin.com/company/innova-airtech-instruments-a-s
WoodCare Denmark A/S,,"Appliances, Electrical, and Electronics Manufacturing",2-10 employees,,"Lunderskov, South Denmark, Denmark",Denmark,woodcaredenmark.com,https://www.linkedin.com/company/woodcare-denmark-a-s
TOP El-Teknik ApS,"TOP El-Teknik is an authorised electrician company performing all types of electrical tasks. Our headquarter is on Amager in Southern Copenhagen and we perform major and minor tasks in the whole of the Greater Copenhagen area.

We install lamps for Tom, Dick and Harriet, we perform complete electrical installations in newly built houses, in all phases from planning to delivery.

If you need a stable electrician in Copenhagen, we are here to help you.

If your house suffers a black-out, we can very probably help you out quickly. We have many years experience in finding and remedying electrical faults.

If you are in the need of more complex electrical installations such as IHC (Intelligent House Control) – we can help you out. Having worked with IHC for more than 15 years, we think of ourselves as IHC specialists.","Appliances, Electrical, and Electronics Manufacturing",2-10 employees,Self Employed,"Copenhagen, Capital Region, Denmark",Denmark,topelteknik.dk,https://www.linkedin.com/company/topelteknik
Wittrup EL ApS,"Wittrup EL ApS er en autoriseret elinstallatør-virksomhed, der beskæftiger sig med både små og store elinstallationsopgaver for både private og erhvervskunder. 

Kontaktinfo:

Mikkel Wittrup
Tlf: 2980 1700 
E-mail: Mikkel@wittrup-el.dk
www.wittrup-el.dk","Appliances, Electrical, and Electronics Manufacturing",Self-employed,Self Employed,"Rødovre, Capital Region, Denmark",Denmark,wittrup-el.dk,https://www.linkedin.com/company/wittrup-el-aps
fournais A/S,"Peter Fournais’ oprindelige idégrundlag var, udvikling og konstruktion samt levering af roterende elektriske maskiner og overvågning af samme, hovedsageligt til den maritime sektor i Skandinavien, dog primært til det danske marked. Her kom idéen til et skibspatent fra hjertet, ved at tænke utraditionelt og betragte en skibsmotor som en levende organisme, idet hjælpeaggregaterne ikke behøver at arbejde så hårdt, når skibet tøffer roligt af sted i rum sø.

Grundideen var den samme som i det menneskelige hjerte. Når man arbejder hårdt, banker hjertet for fuldt drøn. Når man er i hvile, slår hjertet langsom. I denne analogi svarere hjertet til hjælpeaggregaterne i et skib, som leverer energi til skibets pumper og elektriske installation så som lys, asynkronmotorer, radar, transformatorer mv.

Dette idegrundlag udmøntede sig for fournais i et patent i hele den europæiske patentunion, plus 10 lande uden for unionen.

Derfor var det naturligt at virksomheden i starten af 1980'erne kom til at repræsentere en tysk generatorproducent, der på daværende tidspunkt specielt egnede sig til dette formål. Firmaet fournais kunne således bl.a. få fremstillet individuelle ""tailor made"" roterende elektriske maskiner efter egen dimensionering- og udlægning, dvs. efter eget design- og patent.","Appliances, Electrical, and Electronics Manufacturing",2-10 employees,Privately Held,"Skodsborg, Capital Region, Denmark",Denmark,fournais-bender.dk,https://www.linkedin.com/company/fournais
DF Consult,"Kursusvirksomhed, kurser i Agilent VEE, kurser i instrument IO (GPIB, LXI, USB, RS232), kurser i anvendelse af Agilent måleudstyr.
Testsystemudvikling samt udvikling af testsoftware i VEE Pro.
Har de seneste 25 år været konsulent i HP/Agilents Test og Måleudstyrsafdeling, til denne lukkede i Danmark den 1.11.2009.","Appliances, Electrical, and Electronics Manufacturing",Self-employed,Privately Held,"Gørløse, Capital Region, Denmark",Denmark,delmarfryd.dk,https://www.linkedin.com/company/df-consult
HW-Parts,Inactive consulting company!,"Appliances, Electrical, and Electronics Manufacturing",Self-employed,Self Employed,Denmark,Denmark,,https://www.linkedin.com/company/hw-parts
ALPIN GRUPPEN ApS,"ALPINGRUPPEN HAR KUNDEN I CENTRUM
Vi går altid professionelt til opgaven. Når du arbejder sammen med os, kan du derfor være sikker på, at opgaven bliver løst ordentligt, til tiden og uden økonomiske overraskelser. Mange års erfaring og en solid håndværksmæssig faglighed gør os til en samarbejdspartner, du kan stole på.

Med os som samarbejdspartner behøver du ikke andre leverandører, da vi kan hjælpe med alle aspekter af enterpriset. Med mange års erfaringer og et bredt sammensat team, kan vi løse opgaver for private kunder, boligselskaber, ejer- og andelsforeninger samt store og små virksomheder.","Appliances, Electrical, and Electronics Manufacturing",2-10 employees,Self Employed,"Rødovre, Capital Region, Denmark",Denmark,alpingruppen.dk,https://www.linkedin.com/company/alpin-gruppen-aps
ED Service-Center Nyheder,"ED Service-Center er et elektronikfirma med professionelt elektronikværksted og en butik med salg af elektronikkomponenter og løsdele til enhver opgave.
Endvidere er ED Service-Center distributør for Aanderaa Oceanografisk måleudstyr samt distributør af Plug&Track Termo Button, Thermoscan IP, Thermotrack PC til kontrol af temperatur i forsendelser, laboratorieprøver, fødevarer. Verdens mindste temperatur/fugtighedslogger.","Appliances, Electrical, and Electronics Manufacturing",Self-employed,Self Owned,"Roskilde, Zealand, Denmark",Denmark,edsc.dk,https://www.linkedin.com/company/ed-service-center-nyheder
CP Teknik,Autoriseret elinstallatør virksomhed,"Appliances, Electrical, and Electronics Manufacturing",2-10 employees,Public Company,"Viby, Zealand, Denmark",Denmark,cpteknik.dk,https://www.linkedin.com/company/cp-teknik
CIGOL CONSULTING ApS,"Cigol Consulting is electronics engineering service company that specializes in electronics- and embedded solutions, engineering solutions, andtechnical documentation. We help our customers to create better products through engineering and innovation.","Appliances, Electrical, and Electronics Manufacturing",Self-employed,Privately Held,"Albertslund, Capital Region, Denmark",Denmark,cigol-consulting.dk,https://www.linkedin.com/company/cigol-consulting
Clausen Kalkulation - Beregninger af EL entrepriser,"Velkommen til Clausen Kalkulation på LinkedIn.

Clausen kalkulation tilbyder beregningshjælp til den moderne El-installatør.

Der tilbydes beregning af stort set alle slags El-arbejder, lige fra 1 families huse, lejlighedskomplekser, kontordomiciler og sygehus byggeri.

Vores årelange erfaring, både med stort og småt, kommer vores kunder til gode, da vi ser en ære I at gå “det ekstra skridt”! Vi er små nok til at være agile, – lydhør over for vores kunder og deres ønsker og store nok til at kunne varetage alle opgaver.

Vi besidder årelang erfaring i branchen, og har deltaget i  mange store beregnings projekter.

Vi bruger selvfølgelig Kalkia, og kan hjælpe med beregning af El-enterprise, fag, total eller udviklingsprojekter.

Kontakt os hvis vi skal hjælpe –  få et uforpligtende tilbud på per@clausenkalkulation.dk, eller på +45 25 15 51 81. 
– Vi er aldrig længere væk end telefonen....

                                       ***********************************************************

Tidligere el projekter (udvalgte):
Carlsberg byen.
Nordfløjen.
Waterfront butikscenter.
Punkthusene i Hellerup.
Parkeringskælder i Hellerup.
Kvæsthusbroen parkeringsanlæg.
Boliger.
NNIT Data center.
Kontor domiciler i alle størrelser.

Sparringspartner på el entrepriser:
Skejby stråle center
Horsens hospital
Byggeri på DTU, kontor og labatorier","Appliances, Electrical, and Electronics Manufacturing",2-10 employees,Privately Held,"Greve, Sjælland, Zealand, Denmark",Denmark,clausenkalkulation.dk,https://www.linkedin.com/company/clausen-kalkulation
JBH El Service,"JBH EL service er en mindre elinstallatør virksomhed i Herfølge, der udfører alt i el-arbejde for både private og erhvervskunder. Vi servicerer i nærheden af Herfølge og Køge

Vores medarbejdere er alle dygtige faguddannede elektrikere, der sætter en ære i, at levere et kvalitetsprodukt til vores kunder. Vi ønsker at kunderne vender tilfredse tilbage.

Som mindre servicevirksomhed lægger vi vægt på, at alt foregår på vores kunders præmisser. Vi skræddersyr en pakke, der stemmer overens med dine ønsker, dit budget og dit hjem eller din virksomhed. For os er overholdte aftaler og betingelser, kvalitetsarbejde og god service nøglebegreberne i vores daglige virke.","Appliances, Electrical, and Electronics Manufacturing",Self-employed,Self Employed,"Tureby, Tureby, Denmark",Denmark,jbhelservice.dk,https://www.linkedin.com/company/jbh-el-service
TDC Produktion A/S,,"Appliances, Electrical, and Electronics Manufacturing",11-50 employees,,"Glostrup, Capital Region, Denmark",Denmark,,https://www.linkedin.com/company/tdc-produktion-a-s
CBM EL ApS,"Hos CBM-EL har vi mere end 20 års erfaring inden for elektrikerfaget, og vi sætter en ære i god rådgivning samt veludført arbejde. Vi servicerer både erhvervskunder og private kunder. Uanset hvilken udfordring, du har med din el-installation i København eller omegn, så har vi øje for selv helt små detaljer samt fokus på at løse opgaven professionelt og i overensstemmelse med dine behov. Vi sætter en ære i at efterlade et stykke håndværk, der ser lækkert ud og vi rydder naturligvis altid op efter os.

Hvis du vil tale med vores el-installatør eller elektriker i Vallensbæk, kan du kontakte os på +45 61 68 35 39. Du kan også skrive til os via kontaktformularen, så vender vi tilbage med et uforpligtende tilbud indenfor 24 timer. Vores elektriker og el-installatør kører i hele København-området.","Appliances, Electrical, and Electronics Manufacturing",2-10 employees,Self Employed,"Capital Region, Denmark",Denmark,cbm-el.dk,https://www.linkedin.com/company/cbm-el-aps
Bolikon,"Bolikon sælger og montere alt inden for El/Belysning, varme og klima produkter, hvidevarer og storkøkken udstyr, samt køl og frys. Vi har folk kørende ud fra følgende byer: Nyborg, Ringe, Gråsten, Rødekro, Århus, Ålborg, Køge og Nykøbing.","Appliances, Electrical, and Electronics Manufacturing",Self-employed,Self Owned,"Nyborg, South Denmark, Denmark",Denmark,bolikon.dk,https://www.linkedin.com/company/bolikon
TrackTray,"TrackTray replaces the conventional tray used in company lunch programmes that ship food to companies on an everyday basis. The trays can hold food, just like regular trays, but embody deep technology on the inside that registers weight change, how much, and what kinds of food, are eaten.

The system lets the caterer learn the eating habits of his different customers, enabling him to better estimate how much – and what kinds – of food to produce in the future, cutting cost and food waste.

We designed the TrackTray system for catering companies that focus on cost, customer loyalty and sustainability. The revenue in the Danish catering industry has grown a staggering 51 % from 2009 - 2015. Unfortunately, profitability has not been able to keep up (Source: DI Service 2016).

We want to build a system that changes this.

From the status quo of outdated systems, manual/no registration or gut feeling, we are helping caterers to stop food waste and cut costs.

#foodtech #startup","Appliances, Electrical, and Electronics Manufacturing",2-10 employees,Privately Held,"Copenhagen, Capital Region, Denmark",Denmark,tracktray.io,https://www.linkedin.com/company/tracktray
M2 Supply I/S,M2 Supply has more than 25 years experience within counsulting and sales of tehcnical equipment.,"Appliances, Electrical, and Electronics Manufacturing",2-10 employees,Privately Held,"Helsinge, Capital Region, Denmark",Denmark,m2supply.dk,https://www.linkedin.com/company/m2-supply
Køkkenforhandler.dk,"Køkkenforhandler.dk blev stiftet i oktober 2008 som tillæg til en køkkenbutik i Århus.

Vi leverer et stort udsnit af markedets mest eksklusive hvidevarer til fornuftige priser. Alle varerne leveres fragtfrit på din adresse direkte fra de danske importører. Vi sælger ikke udenlandske modeller.

Du kan bestille hvidevarerne, lige når det passer dig, og er der behov for vejledning, er du meget velkommen til at kontakte os pr. mail eller telefon.

Vi glæder os til at betjene dig.","Appliances, Electrical, and Electronics Manufacturing",2-10 employees,Public Company,"Aarhus, Middle Jutland, Denmark",Denmark,koekkenforhandler.dk,https://www.linkedin.com/company/køkkenforhandler-dk
Smartkontakten.dk,Producering af smarthome løsninger skræddersyet til de Danske / Nordiske markeder.,"Appliances, Electrical, and Electronics Manufacturing",2-10 employees,Self Owned,"Odense, South Denmark, Denmark",Denmark,smartkontaten.dk,https://www.linkedin.com/company/smartkontakten-dk
CBAconsult,el,"Appliances, Electrical, and Electronics Manufacturing",Self-employed,Self Employed,Denmark,Denmark,cbaconsult.dk,https://www.linkedin.com/company/cbaconsult
VIMALUX,"As a Smart LED lighting solutions provider for both the professional and public sectors, VIMALUX works with companies and municipalities in different countries to deliver innovative, energy effcient lighting solutions with unique cashflow-positive finance models. We have drawn on this expertise to compile the following guidance and suggestions for developing and promoting EE projects worldwide. We are handling all processes from development, production, delivery, installation and after services. Our technical studio are also handling the Smart City and managing the software platform, including local partners smart-apllications into your system","Appliances, Electrical, and Electronics Manufacturing",11-50 employees,Self Employed,"Roskilde, Zealand, Denmark",Denmark,vimalux.com,https://www.linkedin.com/company/vimalux
Seisodin,Seisodin designs and manufactures highly integrated accelerographs for seismic monitoring and structural health monitoring.,"Appliances, Electrical, and Electronics Manufacturing",2-10 employees,Privately Held,"Odense, South Denmark, Denmark",Denmark,seisodin.com,https://www.linkedin.com/company/seisodin
Sv. Aa. Nielsen A/S,"Sv. Aa. Nielsen A/S er autoriseret el-installatør. 

Vi tilbyder en lang række løsninger, der sikrer en høj grad af komfort i dagligdagen. Fra den automatiske lystænding til opsætning af trådløst internet.","Appliances, Electrical, and Electronics Manufacturing",11-50 employees,Public Company,"Slagelse, Zealand, Denmark",Denmark,saanas.dk,https://www.linkedin.com/company/sv-aa-nielsen-a-s
Voltrix,"Reliable Low Voltage Solutions for Mission-Critical Data Centers. 
We deliver reliable, high-performance electrical distribution solutions that support the growing demands of modern digital infrastructure.
With a strong focus on precision, quality, and long-term reliability, Voltrix ensures uninterrupted operations where performance, safety, and compliance are critical.","Appliances, Electrical, and Electronics Manufacturing",11-50 employees,Privately Held,"Copenhagen, Capital Region, Denmark",Denmark,voltrixeng.com,https://www.linkedin.com/company/voltrixeng
Dansk NDT Teknik A/S,"Some examples of our product categories are: Videoscopes/Endoscopes, Ultrasonic flaw detectors, Coating thickness gauges, Thickness gauges, Eddy Current testing, Hardness gauges, Penetrant and Magnetic-powders, LED and UV lamps, Inspection mirrors, Weld Gauges, Pipe and TV inspection cameras, Material Analysis (PMI, LIBS, XRF and OES),X-ray systems and films.","Appliances, Electrical, and Electronics Manufacturing",2-10 employees,Public Company,"Roskilde, Zealand, Denmark",Denmark,ndtshop.dk,https://www.linkedin.com/company/danskndt
JK Energi A/S,"Vi tilbyder professionelle løsninger inden for bl.a. varmepumper, køl og frys samt vedvarende energi. Vores brede komptencegrundlag samt faglige nysgerrighed, gør os til din lokale og alsidige elektriker i Vestsjælland.","Appliances, Electrical, and Electronics Manufacturing",11-50 employees,Self Employed,"Gørlev, Zealand, Denmark",Denmark,jk-as.dk,https://www.linkedin.com/company/jk-a-s
Mekan,"Mekan is a lead supplier of specialized mechanical solutions for the Electronic Industry. We provide to all sectors of the electronic industry, with following solutions: 
- PCB Test Fixtures 
- Custom Made Fixtures
- Automation Solutions
- Solder Wave Pallets
- Production Process Tools
- Mechanical Prototypes
- Test Probes
- and a lot more that requires a clever idea","Appliances, Electrical, and Electronics Manufacturing",2-10 employees,Privately Held,"Støvring, North Jutland, Denmark",Denmark,mekan.dk,https://www.linkedin.com/company/mekan-mechanical-solutions
Innocell,"Innocell is a green tech company based in Denmark. 
We innovate and produce energy storage solutions fit for the future.
Our products are innovative, environmentally friendly, and cost-efficient with top tier performance. 
We have created the most environmentally friendly supercapacitor on the marked with exceptional performance called HyELEC. 
Our supercapacitor HyELEC is based on our patented aqueous electrolyte technology which has a lot of advantages over traditional supercapacitors. HyELEC is more environmentally friendly, safer, and more cost-efficient. Our unique technology enables us to create and customize supercapacitors tailored exactly to our customers needs.","Appliances, Electrical, and Electronics Manufacturing",2-10 employees,Privately Held,"Svendborg, South Denmark, Denmark",Denmark,innocell.dk,https://www.linkedin.com/company/innocell-aps
ATE Group,"ATE has a long history of designing and manufacturing some of the most demanding optical systems in the UV and IR spectrum for industry, space, defense, or medico segment. 

Furthermore, and we have a growing green technology emerging, harvesting the sun's power with an impressive ROI bypassing many other technologies in the sector. 

We have worked together with some of the best known commercial brands globally and an extended range of governmental organizations either from ATE Denmark or our ATE Asia site. 

We design ATE products, but just as often, we are co-developing high-tech parts for other systems that are being produced and brought to market by much larger companies or entities. 

We love to be met with challanges. New and existing customers contact us with their needs and specifications on a regular basis. Our experienced team has a real passion for development, and every new solution we accept to create has the potential to make our world a better, greener, or more secure place.","Appliances, Electrical, and Electronics Manufacturing",11-50 employees,Privately Held,"Slagelse, Zealand, Denmark",Denmark,ate-group.dk,https://www.linkedin.com/company/ate-denmark-aps
DG EL-service A/S,"Vi udfører...
- Ejendomsservice
- Ombygning og Nybyg
- Netværks installationer
- IHC og andre intelligente   installationer
- Dørtelefon Anlæg
- Solcelle anlæg
- Video Overvågning
- Døgnvagt
og meget mere....","Appliances, Electrical, and Electronics Manufacturing",11-50 employees,Privately Held,"Hvidovre, Capital Region, Denmark",Denmark,dg-el.dk,https://www.linkedin.com/company/dg-el-service-a-s
Axcon,"Axcon Aps primary business is design services and on-site resources focused on FPGA, digital & analog electronics, high-speed board development, embedded software, and related fields. Axcon Aps was founded in 2004 and has successfully for more than a decade implemented embedded systems and technology platforms for industry, science, space, medico, and more.

Read more: www.axcon.dk","Appliances, Electrical, and Electronics Manufacturing",11-50 employees,Privately Held,"Kongens Lyngby, Capital Region, Denmark",Denmark,axcon.dk,https://www.linkedin.com/company/axcon
PAJ Group,"PAJ was founded in 1996. The focus was on mechatronics - intelligent instruments and sophisticated products combining electronics, software and mechanics – always with an uncompromising commitment to quality. By 2001 PAJ became ISO 9001 certified and two years later ISO 14001. IEC and IPC certifications were added from 2003 to 2008, as well as ISO13485 and IRIS certifications in 2008/9.

Over the years PAJ has developed, produced and matured advanced products within a broad range of technologies, building up a comprehensive platform of technologies and knowhow.

By mid ’00 PAJ started developing own products and the current strategy is based on developing own products within all four Business Units. We believe in quality as a competitive advantage, and only pursue products we believe can be market leading.

All new developments and IPR are protected and the R&D strategy includes very competent partners from Danish and European universities as well as private companies.

In 2011 Søren Laungaard became Chairman of the Board and in 2012 a new company legal structure was established with three separate entities. The PAJ Group brand name same time replaced Paj Systemteknik signalling the internationalisation of the companies.","Appliances, Electrical, and Electronics Manufacturing",11-50 employees,Privately Held,"Sønderborg, South Denmark, Denmark",Denmark,paj-group.com,https://www.linkedin.com/company/paj-systemteknik
A/S Jensen Electric,"Siden grundlæggelsen i 1946 har Jensen Electric været synonymt med høj kvalitet og god service indenfor alle opgaver med temperaturmåling, regulering og elektrisk instrumentering. Vi producerer temperaturfølere til forbrændingsanlæg, køleindustrien, medicinalindustrien, kraftvarmeværker, teglværker, og nærmest alt herimellem bl.a. plastfabrikker, levnedsmiddelindustrien mv.. Hvad enten der er tale om små eller store serier, er Jensen Electric en stabil og pålidelig samarbejdspartner med stor erfaring. – Vi finder løsningen og vores service og fleksibilitet er ”uovertruffen”. 
 
Vores brede udvalg af egenproducerede temperaturfølere suppleres med et tilsvarende stort sortiment af analoge og digitale tavleinstrumenter, strømtransformere, transducere, dataloggere, energimålere og multiinstrumenter. Vi tilbyder komplette løsninger for fjernaflæsning og logning af energiforbrug - både for mindre lokale installationer som fabrikker og kollegier, til store butikskæder med afdelinger over hele landet.","Appliances, Electrical, and Electronics Manufacturing",2-10 employees,Public Company,"Vallensbæk Strand, Capital Region, Denmark",Denmark,jensenelectric.dk,https://www.linkedin.com/company/a-s-jensen-electric
Wirework A/S,"Wirework er autoriseret el-installatør. Vi stiller store krav til os selv, både i ledelsen og hos medarbejderne.
Vores veluddannede medarbejdere brænder for deres arbejde, som de udfører med faglig stolthed.

Vi er servicemindede og meget fleksible, vi har fokus på vores kunders ønsker og behov. Vi mener, at vejen til succes for både os og vores kunder, er gennem udvikling og handling i tæt samarbejde. Kunderne er ikke bare til for os; vi er til for hinanden og med gensidig respekt og forståelse finder vi de bedste løsninger.

Wirework blev etableret i år 2000 og beskæftiger i dag over 25 medarbejdere.","Appliances, Electrical, and Electronics Manufacturing",11-50 employees,Public Company,"Søborg, Capital Region, Denmark",Denmark,wirework.dk,https://www.linkedin.com/company/wirework-as
OBO Bettermann Danmark,Building Connections,"Appliances, Electrical, and Electronics Manufacturing",2-10 employees,Partnership,"Capital Region, Denmark",Denmark,obo.dk,https://www.linkedin.com/company/obo-bettermann-danmark
Netavent,"Netavent udvikler ventilations-løsninger med fokus på effektivitet og den enkelte kundes behov.

Netavent har over 30 års erfaring med opbygningen af individuelle komfort- og miljøanlæg.

Vi adskiller os i branchen ved evnen til at sætte mennesket i centrum og løse opgaver, som kræver lidt ekstra.

Gennem årene har vi leveret løsninger til en bred vifte af brancher i ind- og udland.

Netavent's hovedkontor ligger i Herlev og vores svenske søsterselskab, Klimatbyrån AB har hovedkontor i Malmø.","Appliances, Electrical, and Electronics Manufacturing",11-50 employees,Public Company,"Herlev, Capital Region, Denmark",Denmark,netavent.dk,https://www.linkedin.com/company/netavent
Robots & Cobots ApS,"Robots & Cobots din eksklusive distributør af JAKA kollaborative robotter til det danske, norske, svenske og finske marked, har omgivet sig med de bedste kompetencer til at ledsage dig i dine robotprojekter.","Appliances, Electrical, and Electronics Manufacturing",2-10 employees,Partnership,"Galten, Middle Jutland, Denmark",Denmark,robots-cobots.com,https://www.linkedin.com/company/robots-cobots-aps
ACOWA INSTRUMENTS,"ACOWA INSTRUMENTS develops and manufacture high quality products used in the water and wastewater marked. Product portfolio consist of level sensors, floatswitches, hydrogen sulphide sensors, battery driven dataloggers, pumpcontrollers and HMI-displays.","Appliances, Electrical, and Electronics Manufacturing",2-10 employees,Self Employed,"Middle Jutland, Denmark",Denmark,acowa.dk,https://www.linkedin.com/company/acowa-instruments
Matronics ApS,"Matronics specializes in LED products and electronics for lighting. 

We are a privately held company, working with import, export, development and production of LED products, both for indoor and outdoor use. We meet the growing need for energy efficiency and climate solutions. 

- LED lighting for private and business sectors.
- LEDs for boats - interior and underwater solutions. 
- LEDs for cars, lorries and motorcycles - security-lighting products, strobe lights, warning lights.
- Development of customer-specific LED products - a large range of finished solutions, as well as creating special-designed PCBs with drivers and high power LEDs.
- Maintaining outsourcing-tasks for many companies

Matronics was founded in May 2001 and is still privately held. In the begginging, we started by producing and selling LEDs, mainly for motor vehicles. Our motto at the time was: ""Our speciality is to add light, where otherwise not possible - simply and quickly"". 

We still follow this line, but in the years we have added a large range of other products to our inventory.

Explore the various LED solutions on www.matronics.eu 
Follow us: www.facebook.com/Matronics","Appliances, Electrical, and Electronics Manufacturing",11-50 employees,Privately Held,"Bylderup-Bov, South Denmark, Denmark",Denmark,matronics.eu,https://www.linkedin.com/company/matronics
Dantracker Technology Company ApS,"Dantracker Technology Company ApS develops and manufactures tracking modules for bikes, cars, boats, containers, motorcycles, scooters and more.

The advantage of the Safety Guard GPS Tracking Module is its long battery life. The Dantracker is a unique product for tracing assets. 

Want to know more about the Dantracker? 
Contact our sales department at: +45 61 73 75 66","Appliances, Electrical, and Electronics Manufacturing",11-50 employees,Public Company,"Odense, South Denmark, Denmark",Denmark,dantracker.com,https://www.linkedin.com/company/dantracker-technology-company-aps
PULSZ,"PULSZ tilbyder kundetilpassede LED skærm løsninger til mange forskellige formål som indendørs og udendørs. Vi producere LED print moduler på forskellige prækvalificerede fabrikker i asien og sikre høj kvalitet og herefter kundetilpasses på vores danske fabrik ved Løsning.
Vi elsker kreative løsninger så ring eller skriv hvis du vil vide mere..","Appliances, Electrical, and Electronics Manufacturing",2-10 employees,Privately Held,"Middle Jutland, Denmark",Denmark,pulsz.dk,https://www.linkedin.com/company/pulsz
Altoo Measurement Science Aps,"Altoo Measurement Science ApS, is a Northern European leader in measurement solutions and expertise, building on the foundation of Keysights electronic measurement equipment.
Founded by Teit Poulsen (former Agilent Division and European marketing manager), Geir Gåsland (former Agilent Denmark GM) and Jens Thomadsen (Field Engineer with over 26 years experience)","Appliances, Electrical, and Electronics Manufacturing",2-10 employees,Privately Held,"Hørsholm, Capital Region, Denmark",Denmark,altoo.dk,https://www.linkedin.com/company/altoo-measurement-science-aps
BB EL-Service ApS,"BB EL-Service udfører alt inden for belysning, forsyning & energi, styring & regulering, service & renovering, samt tele & IT.

Vi har som autoriseret elektriker-firma løst mangeartede opgaver og serviceret vores kunder gennem mange år.","Appliances, Electrical, and Electronics Manufacturing",2-10 employees,Public Company,"Herlev, Capital Region, Denmark",Denmark,bb-el.dk,https://www.linkedin.com/company/bb-el-service-aps
Elworks A/S,Elworks leverer kvalitets-elartikler til det skandinaviske detailmarked og til den professionelle elbranche.,"Appliances, Electrical, and Electronics Manufacturing",11-50 employees,Privately Held,"Frederikshavn, North Jutland, Denmark",Denmark,elworks.dk,https://www.linkedin.com/company/elworks-a-s
Comadan a/s,"Comadan A/S er grundlagt i 1986, og er en 100% danskejet handelsvirksomhed der eksporterer til mere end 30 lande. 

Vores produktportefølje består af sensorer, signalinstrumenter og målere, beregnet til tunge industrielle miljøer. Vores produkter dækker over måling og kontrol af alt inden for temperatur, tryk, fugtighed, niveau, hastighed og elektricitet.

Foruden vores eget brandmærke C-mac Kontrolelektronik, forhandler vi også en bred skare af andre mærker inden for styring- og kontrolelektronik. 

På vores fabrik i Randers, produceres de komponenter der bruges til de specialløsninger vi leverer for kunderne. Vi er specialister i at sammensætte den rette løsning der passer til kundens behov. 

Vores mission er at producere styrings- og kontrolelementer til at aflæse fysiske parametre til brug i kontrolsystemer og displays.  

Vi håber du vil følge os her på LinkedIn.","Appliances, Electrical, and Electronics Manufacturing",2-10 employees,Privately Held,"Randers, Middle Jutland, Denmark",Denmark,comadan.com,https://www.linkedin.com/company/comadan
Bjerne Jensen A/S,"BJERNE JENSEN A/S er en dynamisk virksomhed med nytænkende løsninger. Med 65 års erfaring har vi opbygget en stærk kundeindsigt og et bredt kompentencefelt. 

Bjerne Jensen udfører avancerede el-tekniske løsninger til erhvervslivet og hører i dag under Coromatic, som er leverandør af løsninger til virksomhedskritisk infrastruktur, heriblandt nødstrømsanlæg og datacentre.

BJERNE JENSEN A/S har kompetence og teknisk udstyr til løsning af alle el-tekniske og concept relaterede opgaver til erhvervslivet. Vores mission er at levere el-tekniske løsninger i højeste kvalitet og yde en optimal service.","Appliances, Electrical, and Electronics Manufacturing",11-50 employees,Public Company,"Odense, Denmark",Denmark,bjernejensen-as.dk,https://www.linkedin.com/company/bjerne-jensen-a-s
El-Gården A/S,"El-Gården A/S er et velfunderet installationsfirma som vægter aftaler og god service og rådgivning meget højt.
Vi udføre elarbejde både for private og erhverv i Silkeborg og omegn.","Appliances, Electrical, and Electronics Manufacturing",2-10 employees,Public Company,"Silkeborg, Middle Jutland, Denmark",Denmark,egs.dk,https://www.linkedin.com/company/el-gaarden-a-s
LumenLight,"LumenLight ApS har fokus på såvel innovative som klassiske LED-løsninger. Med flere end 20 års erfaring og et omfattende kendskab til branchen rummer virksomhedens portefølje belysning til alt fra byggepladser over butikker, restauranter og hoteller til kontorer og boliger.

Virksomheden har et strategisk og fast samarbejde med landets førende grossister, der har eksklusive LumenLight-produkter i sortimentet.","Appliances, Electrical, and Electronics Manufacturing",2-10 employees,Partnership,"Kastrup, Capital Region, Denmark",Denmark,lumenlight.dk,https://www.linkedin.com/company/lumenlight
Setiket A/S,"Setiket was originally founded in 1966 as a traditional screen printing company. 
Since 1980 we have specialized in design, construction, and production of Membrane Keyboards, Overlays, Screen-Touch, Labels and Insulation Film for the electronic and automation industries.

Screen printing is, however, still the foundation of our production. For more than 30 years we have systematized the printing technique and combined it with the high-tech CAD/ CAM and laser systems of our time. The result is a highly efficient industrial production with short and flexible lead times – large enough to manage major projects but naturally also capable of performing even the smallest tasks perfectly. 

Only through close co-operation with our customers can we perform a task optimally. We always consider our customers as partners.","Appliances, Electrical, and Electronics Manufacturing",11-50 employees,Privately Held,"Esbjerg, South Denmark, Denmark",Denmark,setiket.com,https://www.linkedin.com/company/setiket-a-s
Logic Group,"Logic Group has many years of experience in developing innovative software and products for the professional market of building automation and security systems.

OUR BUSINESS IDEA
We will develop and sell devices for the Intelligent Home based on open standards / protocols.

We will offer various Home & Office Automation products that are easily integrated with a wide range of Z-Wave products from other manufacturers.

OUR MISSION
We will deliver the markets best units for smart home & smart office: 
- Increase security and comfort
- Visualize consumption and save energy
- Automate processes
- Simplify everyday life!","Appliances, Electrical, and Electronics Manufacturing",2-10 employees,Privately Held,"Køge, Zealand, Denmark",Denmark,logic-group.com,https://www.linkedin.com/company/logic-group-dk
IMMO A/S,"Freedom through quality - quality through responsibility: The story of IMMO A/S in Denmark – assistive technology designed and created by a wheel chair user for all people with physical disabilities. Because freedom, quality and responsibility are the core values of IMMO A/S.

IMMO presents freedom, quality and responsibility by introducing the Volt Hockey Cart. Volt Hockey is a game where people with severe muscular disabilities – i.e. muscular dystrophy, cerebral palsy will be able to participate and compete by using the specially designed cart.

IMMO also has a wide range of products, which through the knowhow from the assistive technology has developed into helping the working environment in the industry. Now it is possible to support and enable heavy moving and difficult working conditions without straining your body thus improving the working environment and thereby maintaining an active and healthy workforce for years.
 
For the bariatric users we have developed a three-wheeled scooter, which can carry persons up to 300 kg/660lb. 

For more information about our company and our products, please visit us at www.immodenmark.dk","Appliances, Electrical, and Electronics Manufacturing",11-50 employees,Privately Held,"Vejle, South Denmark, Denmark",Denmark,immodenmark.dk,https://www.linkedin.com/company/immo-as
"DK EL, El & Automatik","DK-EL ApS blev etableret i 2015 af David Korsholm Nielsen og Lars Johansen. Vi har base i Tørring, herfra dækker vi Jylland, Fyn og Sjælland. Sammen med vores kompetente medarbejdere løser vi både simple og komplicerede opgaver for kunder, der tæller alt fra private, boligforeninger, erhverv, landbrug, offentlige instanser og detailbranchen.

Vi er et moderne, seriøst og kvalitetsbevidst el-installatørfirma. Vi laver eftersyn, service, nye installationer og renovering, altid med udgangspunkt i kundens ønsker og behov.

Hos DK-EL ApS har vi stor fokus på kvalitet, og øje for detaljerne. Dette er en af grundene til, at vores kunder anbefaler os til andre.","Appliances, Electrical, and Electronics Manufacturing",11-50 employees,Partnership,"Tørring, Middle Jutland, Denmark",Denmark,dkel.nu,https://www.linkedin.com/company/dk-el-aps
Ølgod Elektro A/S,"salg, renovering, service, indenfor automation og elektromekanik","Appliances, Electrical, and Electronics Manufacturing",11-50 employees,Public Company,"Ølgod, Region Of Southern Denmark, Denmark",Denmark,olgod-elektro-as.dk,https://www.linkedin.com/company/ølgod-elektro-a-s
TeknikGruppen,"TeknikGruppens selskaber er en stærk og kompetent samarbejdspartner i alle typer opgaver, hvor der sættes strøm til - hos erhvervsvirksomheder, det offentlige og i landbruget. 

Som en innovativ, jysk el-installationsvirksomhed dækker vi gennem vores selskaber alle el- og installationstekniske kompetencer og løser projekter i alle størrelsesordener – fra de mindste i private boliger til store nybyggerier samt offentlige installations- og driftsopgaver i hele landet.

TeknikGruppens selskaber bygger på en stærk forankring i vores lokale elinstallationsafdelinger – i Vejle, Ikast, Bording Tørring og Fredericia – og vi er derfor tæt på kunderne i lokalområderne. Vi sætter en ære i at rådgive og løse opgaver - nationalt såvel som lokalt – med stor præcision, effektivitet og kompetent styring af tid og økonomi.

Vores vigtigste ressource er vores 70 dygtige medarbejdere, som gør det muligt at tilbyde en bred indsigt i branchen, kombineret med specialiseret viden indenfor forskellige typer installationer – bl.a. store erhvervsprojekter, brandalarmering, AIA, varmepumper, energi- og klimarådgivning samt infrastruktur som fx gadebelysning.

I TeknikGruppen råder den enkelte lokale afdeling over de særlige kompetencer, som det enkelte nærområde efterspørger. Samtidig trækker vi på disse kompetencer på tværs af organisationen - på den måde byder TeknikGruppens selskaber altid ind med nyeste specialviden og spidskompetencer, når vi løser en opgave. Vores installatører er med andre ord vores stærkeste kort.","Appliances, Electrical, and Electronics Manufacturing",51-200 employees,Public Company,"Vejle, South Denmark, Denmark",Denmark,teknikgruppen.dk,https://www.linkedin.com/company/teknikgruppen
TA-Elteknik ApS,"TA Elteknik udfører både nybyggeri, ombygning og tilbygning samt renovering og vedligeholdelse for alle typer af kunder – heriblandt erhverv, virksomheder, landbrug og private hjem.","Appliances, Electrical, and Electronics Manufacturing",11-50 employees,Privately Held,"Løgumkloster, South Denmark, Denmark",Denmark,ta-elteknik.dk,https://www.linkedin.com/company/ta-elteknik-aps
FESH,"FESH er Smart Home-løsningen som lader dig styre din elektriske installation
via gratis dansk APP, stemmen eller Smart tryk - helt enkelt.","Appliances, Electrical, and Electronics Manufacturing",2-10 employees,Public Company,"Odense, South Denmark, Denmark",Denmark,fesh.dk,https://www.linkedin.com/company/fesh
KE EL Installation A/S,"Velkommen hos KE EL-Installation 

Vi udfører alle former for elektrikerarbejde i forbindelse med nybyggeri, ombygning, modernisering og løbende vedligeholdelse for både private hjem, erhverv og for det offentlige. 

Hos os er ordentlighed og ”et ord er et ord” helt afgørende værdier. Vi har erfaring, viden, dygtighed og rutine i samspil med lysten til at lære nyt og hele tiden forny os.

Du er altid velkommen hos os","Appliances, Electrical, and Electronics Manufacturing",11-50 employees,Public Company,"Hadsten, Middle Jutland, Denmark",Denmark,ke-el.dk,https://www.linkedin.com/company/ke-el-installation-a-s
TKJ Electronics,"The idea and main purpose with TKJ Electronics was to create a company whose main interest would be to demonstrate and create a wide spectre of electronic development boards, at reasonable costs. The idea was to either create development boards which he would be interested in buying for himself, as a hobbyist, or to find and review pre-existing ones that would suit his needs.

TKJ Electronics' slogan is ""Development with ease"", and we try our best to satisfy our customers needs, either by doing consultancy for them (hardware/software), or by making the right electronic product for them.

We hope that our boards will help students, hobbyists, universities and other people interested in electronics getting started with electronics development themselves!","Appliances, Electrical, and Electronics Manufacturing",2-10 employees,Public Company,"Aalborg, North Jutland, Denmark",Denmark,tkjelectronics.dk,https://www.linkedin.com/company/tkj-electronics
NCAB Group Denmark A/S,"Vi producerer vores kunders vigtigste komponent; printkortet. 
Vores målgruppe er kunder, for hvilke PCB er et strategisk produkt gennem hele produktets livscyklus.
Vores løbende mål er at hjælpe vores kunder med at opnå den bedst mulige markedsposition og konkurrencefordel, ved at leverer printkort til krævende kunder til tiden uden fejl, produceret bæredygtigt til mindst mulig totalomkostning gennem kompetence, leveringsnøjagtighed og kvalitet.

Vi ønsker at være nummer 1 printproducent, uanset hvilket marked vi agerer på, og med kontorer i 19 lande og med tilstedeværelse på 45 markeder over hele verden, er vi i stand til at tilbyde konkurrencedygtige vilkår, kvalitet og leveringssikkerhed. 
Med lokalt kontor kan du som kunde koncentrere dig om din kerneforretning. Vi tilbyder printkort fra yderst komplekse HDI print ned til simple 2 lag, høj og lav volumen samt mindre serier og prototyper.

Tilmeld vores nyhedsbrev her: http://eepurl.com/g6AzPb","Appliances, Electrical, and Electronics Manufacturing","501-1,000 employees",Public Company,"Køge, Zealand, Denmark",Denmark,ncabgroup.com,https://www.linkedin.com/company/ncab-group-denmark
Dansk Magnetisk Forening - Danish Magnetic Society,"Foreningens formål er at opbygge, vedligeholde og formidle viden om magnetiske materialer og magnetisme til gavn for dansk industri.

Foreningen er for alle med interesse for magnetiske materialer, såvel virksomheder som personer. Det er f.eks ingeniører og teknikere i dansk industri, institutter og universiteter. Der er også adgang for medlemmer fra andre lande.","Appliances, Electrical, and Electronics Manufacturing",2-10 employees,Non Profit,"Aalborg, North Jutland, Denmark",Denmark,danskmagnetiskforening.dk,https://www.linkedin.com/company/dansk-magnetisk-forening---danish-magnetic-society
El og Teknik ApS,"El og Teknik har rødder tilbage til 1925 – og der er løbet meget strøm gennem kablerne siden...

Under fællesnavnet ”El og Teknik” er A&O Carstensen, El-firmaet Lodal og Tappernøje El smeltet sammen til en større el-virksomhed, der stadig lægger vægt på at være en lokal og serviceorienteret samarbejdsparter, når det gælder el-installationer og energioptimerede løsninger til både private, boligforeninger, landbrug og hele erhvervslivet fra detailbutikker til produktionsvirksomheder.","Appliances, Electrical, and Electronics Manufacturing",11-50 employees,Partnership,"Næstved, Zealand, Denmark",Denmark,eogt.dk,https://www.linkedin.com/company/el-og-teknik-aps
Dantrafo A/S,"Dantrafo A/S is a Scandinavian transformer manufacturer with production facilities in Europe and China. We employ +200 people. For more than 40 years the Dantrafo Group and its affiliates have created numerous inductive components in co-development with our customers. We take pride in facilitating new design, optimizing performance, costs and reliability. With our global production platform, we have the flexibility to adapt to customer specific needs.
Dantrafo Group is a financially strong, family-owned company that follows a long-term investment strategy to reach excellence in product innovation and manufacturing technology.","Appliances, Electrical, and Electronics Manufacturing",201-500 employees,Public Company,"Lemvig, Middle Jutland, Denmark",Denmark,dantrafo.dk,https://www.linkedin.com/company/dantrafo
John Drejer A/S,"John Drejer A/S is an electrical/electronic manufacturing company based out of 10 Alsikevej, Randers, Central Denmark Region, Denmark.","Appliances, Electrical, and Electronics Manufacturing",11-50 employees,,"Randers, Middle Jutland, Denmark",Denmark,john-drejer.dk,https://www.linkedin.com/company/john-drejer-a-s
"Brother, Brother & Sons, Copenhagen, Denmark","Brother, Brother & Sons is a leading product development and manufacturing company in the entertainment LED lighting industry.

We develop, produce, and sell high-end LED lighting for broadcast, video, theatre and movie productions. We harness technical and design skills to deliver innovative, high quality and cost-effective products.

As power users with long-standing hands-on experience in lighting design, we never stop searching for faster, better, and cleaner technologies to offer our quality-conscious customers.

We believe that creativity and technology should complement each other to higher levels. Our primary task is to deliver innovative, high-quality, and cost-effective products.","Appliances, Electrical, and Electronics Manufacturing",11-50 employees,Privately Held,"Copenhagen, Capital Region, Denmark",Denmark,brothers-sons.dk,https://www.linkedin.com/company/bbs-lighting-people
STEEN K. PEDERSEN A/S,"Steen K Pedersen A/S i Skive Midtjylland har både elektriker-virksomhed og butik. Vores veluddannede og certificerede elektrikere kører ud i Midtjylland – fra Mors mod nord til Holstebro og Viborg mod syd – og løser opgaver inden for alt lige fra almindelige el-installationer til automatik, varmepumper og større industri-installationer. I vores butik har vi et bredt udvalg af belysning, hårde hvidevarer og mindre el-apparater.","Appliances, Electrical, and Electronics Manufacturing",11-50 employees,Public Company,"Skive, Middle Jutland, Denmark",Denmark,skp-el.dk,https://www.linkedin.com/company/steen-k-pedersen-a-s
SINOX EUROPE,"Sinox is a dynamic player within the FMCG segment, with our commitment to creating value for consumers taking the forefront. We aspire to offer a broad range of products encompassing everything within electronics and accessories. Our emphasis on innovation, quality, and accessibility is reflected in every individual product we introduce to the market. Driven by a passion to achieve a high level of customer satisfaction, we are dedicated to delivering products that not only meet expectations but also generate a positive and memorable experience for consumers in the FMCG segment.","Appliances, Electrical, and Electronics Manufacturing",11-50 employees,Public Company,"Aalborg, North Jutland, Denmark",Denmark,sinox-europe.com,https://www.linkedin.com/company/sinox-europe-a-s
Alpha Electric,El installatør med speciale i større el  entrepriser og brandsikrings installationer.,"Appliances, Electrical, and Electronics Manufacturing",51-200 employees,Public Company,"Ølstykke, Capital Region, Denmark",Denmark,alphaelectric.dk,https://www.linkedin.com/company/alpha-electric-a-s
JensenLED International A/S,"Intelligent LED lighting for industry, production, service and trading companies.

At JensenLED we manufacture and deliver products to companies who want to reduce their energy consumption and Co2 emissions.

A solution from JensenLED offers:

•	Original and patented LED lighting
•	Reduced energy consumption
•	Improved workplace lighting 
•	5 Year Warranty
•	Ongoing quality control
•	Intelligent lighting solutions
•	Lower maintenance costs
•	Longer lifespan

All our LED solutions are based on the original and patented ReFit LED construction developed by the founder of JensenLED, Allan Krogh Jensen. The patent ensures that our lighting solutions always comply with the existing legal requirements and international patents.

The patent also ensures high quality products and ongoing quality tests domestically and through governmental quality control at DOLL and DTU.

We take pride in being at the top of the market, when it comes to intelligent LED solutions. At our department of development, we are constantly trying to improve the technology and design of our solutions.

All the JensenLED solutions are energy efficient and eco-friendly. A LED solution does not further pollute with mercury or other hazardous chemicals as traditional fluorescent tubes do.

For more information visit our website: http://jensenled.com/","Appliances, Electrical, and Electronics Manufacturing",11-50 employees,Privately Held,"Å, Middle Jutland, Denmark",Denmark,jensenled.com,https://www.linkedin.com/company/jensenled-international-a-s
Brdr. Weibel El-teknik,"Brdr. Weibel El-Teknik blev startet 2010 af de to brødre Ken og Dan Weibel. Virksomhedens vækst i det forløbne år har medført, at både kundekredsen og den kompetente medarbejderstab er udvidet, samt at virksomheden er flyttet til større lokaler. Et af virksomhedens mål er fortsat fokus på optimering af arbejdsgange med henblik på tilfredshed hos både kunder og medarbejdere. Dette sker blandt andet gennem anvendelse af de sidste nye IT-systemer indenfor både hard- og software. F.eks. er alle servicebiler udstyret med GPS tracker, PC, skanner og direkte opkobling til grossisten. Dermed sikres en mere smidig og effektiv arbejdsgang og ved afslutning af en opgave kan time- og materialeforbrug opgøres sammen med kunden. Vi står til rådighed alle døgnets timer alle årets dage.","Appliances, Electrical, and Electronics Manufacturing",11-50 employees,Privately Held,"Gladsaxe, Capital Region, Denmark",Denmark,weibel-el.dk,https://www.linkedin.com/company/brdr.-weibel-el-teknik
Kuhlmann Electro-Heat,"Since 1965 Kuhlmann Electro-Heat has been producing electrical heating elements to both the national and international industrial sector.

Our main specialty is design and production of drum heaters, container heaters and industrial heating blankets, where our many years of experience has made us market leaders in surface heating with heating blankets and heating of drums and containers.

Through our years of experience we have gained unique skills in product development and are among the few manufacturers able to offer customized solutions of our own production to our customers.","Appliances, Electrical, and Electronics Manufacturing",11-50 employees,Privately Held,"Odense, South Denmark, Denmark",Denmark,kuhlmann-electroheat.com,https://www.linkedin.com/company/kuhlmann-electro-heat
Elicon ApS.,"Elicon er en veldrevet el-installatør-forretning med private, offentlige og erhvervskunder i hovedstadsområdet. Vi er en virksomhed med en lang række faste samarbejdspartnere, der sammen med os har kunden i centrum. Vi gør meget ud af at være loyale og præcise, og vores løsninger bunder i faglighed og en glæde ved at udføre en opgave.
Vi brænder for at vise og lave smarte nye løsninger i samarbejde med dig og dine rådgivere, men vi lever af at udføre godt arbejde hos vores kunder, der typisk er faste hos os og har installationer, der skal opdateres, så de er tidssvarende, sikre og lever op til et ønske om at skåne milijøet og begrænse brugen af ressourcer.","Appliances, Electrical, and Electronics Manufacturing",2-10 employees,Partnership,"Copenhagen, Capital Region, Denmark",Denmark,elicon.dk,https://www.linkedin.com/company/elicon-aps-
Qutron A/S,"Qutron is a small, but well-established, engineering agency with big ambition.

We specialise in electronics with key skills in automotive and security solutions. With our modern 18.000 square foot facilities in Albertslund, Denmark, we can complete the majority of all our development- and advisory tasks in house, which gives our clients security and a quick turnaround.

We utilize our many years experience within development, innovation and advising to create value for our clients and always ensure we provide a clear and efficient project arrangement.

At Qutron we are passionate about the sustainability and quality of what we make, and we believe that a well-designed product should last a minimum of 10 years. We therefore applaud the new “Right to Repair” law introduced by the EU and we consider the initiative an important step in the direction of a more sustainable future.","Appliances, Electrical, and Electronics Manufacturing",2-10 employees,Privately Held,"Glostrup, Capital Region, Denmark",Denmark,qutron.dk,https://www.linkedin.com/company/qutron
Nykøbing El-Service,"Nykøbing El-Service ApS - Faglig kvalitet uden begrænsninger
Vi udfører el-arbejde uden begrænsninger, og lægger stor vægt på faglig kvalitet samt et højt serviceniveau. 

Nykøbing El-Service servicerer kunder inden for industri, detailhandel og private. Herunder el-opgaver i byggerier, industri-projekter, bolig-installationer, solceller, varmepumper, samt sikrings-området","Appliances, Electrical, and Electronics Manufacturing",11-50 employees,Self Owned,"Nykøbing M, North Jutland, Denmark",Denmark,nyk-elservice.dk,https://www.linkedin.com/company/nykøbing-el-service
VA EL,"Vi er en mindre, dynamisk virksomhed, som i dag består af 18 medarbejdere med stor erfaring og kompetence, ikke blot inden for el-branchen, men også inden for de nyeste teknologier. Vi leverer effektive, brugervenlige og driftsikre løsninger","Appliances, Electrical, and Electronics Manufacturing",11-50 employees,Privately Held,"Randers, Middle Jutland, Denmark",Denmark,vael.dk,https://www.linkedin.com/company/vaelaps
V. Brøndum A/S,"V. Brøndum A/S is the manufacturer of RONDA industrial vaccum cleaners, dust extractors and Negative Pressure Units. From our production site and office located in Silkeborg, Denmark our products are distributed world wide through a network of professional dealers. For further information, please visit our web site: https://broendum.com/","Appliances, Electrical, and Electronics Manufacturing",11-50 employees,Privately Held,"Silkeborg, Middle Jutland, Denmark",Denmark,broendum.com,https://www.linkedin.com/company/v-broendum-a-s
Lumidron ApS,Lumidron er en virksomhed med base i Sønderborg. Vi beskæftiger os med konstruktion og montage af styringstavler.,"Appliances, Electrical, and Electronics Manufacturing",11-50 employees,Public Company,"Sønderborg, South Denmark, Denmark",Denmark,lumidron.dk,https://www.linkedin.com/company/lumidron-aps
Techno-Matic A/S,"Techno-Matic is a Danish electronics company specialised in embedded solutions. In collaboration with our customers, we develop solutions regarding control, surveillance and inspection of machines that are either operated by hydraulic or by electric motors.

As a customer at Techno-Matic, you can choose whether you want your solution delivered on print or if you want a more complete solution in a box with or without cord set. To make sure every customer leave with the proper solution, we will either create your solution based on some of our standard modules or develop new modules for your specific solution.

We have developed solutions for a variety of different machines, where some of them have been produced in only one copy and others we produce several thousand a year. No matter how you prefer to get your solution delivered, the focus area in the development of our solutions is always to develop solutions that match your machines and that meet your wishes.

We are actively involved in everything from idea generation to the final test of your new machine. Our involvement is not limited to software and hardware, we also make proactive dialogues in relation to the machine's equipment.

In relation to hardware, it will be possible to perform current measurements, so the steering of hydraulic valves will be even more precise independent of temperatures. Our new series of hardware supports your need for communication, data transmissions and updates of software via the internet.

In our latest customer projects, we have been focusing on the possibilities within Big-Data and Internet of Things (IoT). IoT describes the communication between electronic devices with the purpose of creating more available data, which creates new possibilities for improvements within the field of service solutions.


You are more than welcome to contact us if you need a competent partner to help you with surveillance, control or inspection of your hydraulic or electric operated machines.","Appliances, Electrical, and Electronics Manufacturing",11-50 employees,Public Company,"Aars, North Jutland, Denmark",Denmark,bpbytes.com,https://www.linkedin.com/company/techno-matic-a-s
Luxega,We work with AI-developed street lighting that creates a sustainable future with positive ROI shortly,"Appliances, Electrical, and Electronics Manufacturing",11-50 employees,Public Company,"Copenhagen, Capital Region, Denmark",Denmark,luxega.eu,https://www.linkedin.com/company/luxega
Elprint ApS,"Elprint i Norge blev grundlagt af ingeniør Helge Nilsen i 1973 i hans hjemby, Bergen, Norge. Fra start har der været fokus på prototypeprint, og i dag er det nu alle typer print både prototyper samt små og store serier, vi tilbyder. 

Elprint Aps Danmark åbnede i 1992. Sidenhen er der kommet salgskontorer i Sverige og Oslo, samt et kontor i Kina. 

Det er vores mission at følge den hurtigt udviklende og omskiftelige verden, hvilket også er derfor, vi har en afdeling i Kina. Herved er vi repræsenteret lokalt, hvor de fleste print og tillægsprodukter bliver produceret.

Vi leverer printkort, eller printplader som de også kaldes, til simple og komplekse løsninger, og du får altid et print, der matcher nøjagtigt dine behov og ønsker. 

Printkort + printrelaterede produkter:
• Printkort – prototyper, små og store serier. Rigid, rigid-flex, flex, Alu, Rogers, 
   Arlon etc. med kort produktionstid på prototyper. 
• Stenciler.
• Macaos.
• Connectors.
• Test jigs.
• 3D plast dele - 3D fotopolymer printede og ud fra silikoneform. 
• Nyhed: CNC fræsede aluminium dele.


Vores personale har mange års erfaring inden for branchen, og vi kan derfor guide dig til bedre og billigere printkort samt tillægsprodukter, som passer til netop dine behov. Vi er klar til at hjælpe dig, hvis du skulle have spørgsmål til vores produkter.","Appliances, Electrical, and Electronics Manufacturing",2-10 employees,Privately Held,"Roskilde, Zealand, Denmark",Denmark,elprint.dk,https://www.linkedin.com/company/elprint-aps
MobiCom Pro ApS,"MobiCom Pro ́s mission er 100% fokuseret på grøn energi og vi udvikler løbende nye innovative løsninger med fokus på B2B markedet.

MobiCom Pro er med andre ord den direkte vej til at spare ressourcer og minimere vores CO2-fodaftryk.

Alle vores produkter er i særdeles høj kvalitet fra verdens førende producenter og naturligvis certificerede efter alle gældende regler og lovgivning.

Vi udvikler selv dansk software og apps til produkterne, så de bliver nemme og enkle at bruge.

Tag gerne fat i os og hør mere om ladestandere, batterier, solpaneler, varmepumper og diverse smarte IoT løsninger, eksempelvis til optimering og styring af jeres facility management.","Appliances, Electrical, and Electronics Manufacturing",11-50 employees,Privately Held,"Greve, Zealand, Denmark",Denmark,mobicom-pro.com,https://www.linkedin.com/company/mobicom-pro
ENELCO,"ENELCO er Lolland-Falsters førende installationsvirksomhed

Vi løser store som små opgaver for både private kunder og for såvel private og offentlige erhvervskunder.

ENELCO hjælper private med alle former for elektriske installationer lige fra ophængning af en lampe over spisebordet til nye installationer i dit nye hus eller ombygning.

Vi arbejder hver dag med mange typer af opgaver i private hjem, og har stor erfaring med at finde de bedste løsninger for vores kunder med vægt på kvalitet og service.","Appliances, Electrical, and Electronics Manufacturing",11-50 employees,Public Company,"Nykøbing F, Zealand, Denmark",Denmark,enelco.dk,https://www.linkedin.com/company/enelco
Altium training i Denmark,"Visit www.designcrew.dk to read more about Altium training in Denmark.

Learn how to make:

2D and 3D component symbols in Altium
Make a simple schematic and PCB","Appliances, Electrical, and Electronics Manufacturing",2-10 employees,Self Owned,"Hadsund, North Jutland, Denmark",Denmark,designcrew.dk,https://www.linkedin.com/company/altium-consultant---schematic-and-pcb-design
Lyders & Svend G. A/S,"Hos el-installationsfirmaet Lyders og Svend G. varetager vi alle opgaver inden for el-installation. Vores erfaring inden for elektrikerfaget er stor, og der er ikke den opgave, som vi ikke gerne prøver kræfter med. Hvad enten du har en opgave af mindre eller større karakter, sender vi gerne en erfaren elektriker ud til dig. Vores adresse er i Rødovre, men vi servicerer både privatkunder og erhvervskunder i hele Nordsjælland.","Appliances, Electrical, and Electronics Manufacturing",11-50 employees,Public Company,"Rødovre, Capital Region, Denmark",Denmark,lyders-svend-g.dk,https://www.linkedin.com/company/lyders-svend-g-a-s
X-El Tavler,"X-EL Tavler har 30 års erfaring i at bygge eltavler. Vi laver alt fra små boligtavler til komplicerede PLC /styretavler samt måler- og fordelingstavler. Alt sammen bygget på vores fabrik i Farum med fokus på høj kvalitet, korte leveringstider, konkurrencedygtige priser og en service ud over det sædvanlige. 

DAG-TIL-DAG LEVERING – BOLIGTAVLER
Vi laver tusindevis af boligtavler om året. Bestiller du inden kl. 12, kan du hente den inden fyraften. Specialbyggede til dine krav.

BYGGESTRØMSTAVLER, DER KAN TÅLE MOSTEN
Vi har leveret byggestrømstavler til dansk byggeri i årtier og kender kravene. Vi har altid et stort udvalg af driftssikre byggestrømstavler på lager til omgående levering. Skræddersyede byggestrømstavler leverer vi på få dage.

HOVED- OG FORDELINGSTAVLER  
Hovedtavler og fordelingstavler bliver altid konstrueret efter en tæt dialog med kunderne. Tavlerne bliver beregnet, tegnet og konstrueret under samme tag, så der er styr på kvaliteten hele vejen gennem processen. 

STYRETAVLER, PLC-STYRINGER OG EL-AUTOMATIK
Vi har mange års erfaring med styringer og automatik og sørger for, at du får en 100 procent tilpasset løsning. 

FORVENT NOGET X’TRA
Korte leveringstider og ekstra god service er et vigtigt kendetegn hos X-El Tavler. Det kan kun lade sig gøre, fordi vi er én stor familie, der løfter i samlet flok og hjælper hinanden, når det brænder på. 

VI SIGER ALDRIG NEJ
Hos X-El Tavler elsker vi at kaste os over nye opgaver. Derfor tikker der også tit ekstraordinære opgaver ind i ordrebogen. Står du med en opgave, der kræver noget X’tra så vil vi glæde os til at høre fra dig.","Appliances, Electrical, and Electronics Manufacturing",11-50 employees,Privately Held,"Farum, Capital Region, Denmark",Denmark,x-eltavler.dk,https://www.linkedin.com/company/x-el-tavler
HENNODAHL ELECTRONIC,"Hennodahl Electronic A/S er en værdibaseret virksomhed, som udvikler, konstruerer og producerer el-styringer og OEM-elektronik til automation af maskiner og procesanlæg, primært inden for den grønne omstilling.

Produktionen foregår på Hennodahls egne fabrikker, i enten i Herning (Danmark) eller Wrocław (Polen), afhængigt af opgavernes omfang og krav til kompetencer.","Appliances, Electrical, and Electronics Manufacturing",11-50 employees,Public Company,"Herning, Middle Jutland, Denmark",Denmark,hennodahl.com,https://www.linkedin.com/company/hennodahl-electronic
Scankab Cables - Deutschland,"Scankab Cables, ein Mitglied der Top Cable Group - einem führenden europäischen Kabelhersteller, verfügen über ein umfangreiches Know-how und Produktportfolio von Kabeln für alle Arten von Branchen. Scankab ist ein weltweiter Lieferant von Kabel und agieren weit über die lokalen Grenzen hinaus. Wir sind dafür bekannt, dass wir die richtigen Produkte, eine starke Zuverlässigkeit und einen umfassenden Service zu fairen Preisen haben.

Als einem führenden europäischen Kabelhersteller verfügen wir über ein umfangreiches Know-how und Produktportfolio von Kabeln für alle Arten von Branchen: Elektroinstallateure, Industrieanwendungen, Marine & Offshore, Infrastruktur und den Energiesektor. Wir sind ein weltweiter Lieferant von Kabel und agieren weit über die lokalen Grenzen hinaus. Wir sind dafür bekannt, dass wir die richtigen Produkte, eine starke Zuverlässigkeit und einen umfassenden Service zu fairen Preisen haben. 

Unser Hauptsitz und Logistikzentrum befinden sich in der Mitte Dänemarks, und wir haben Tochtergesellschaften in Norwegen und Schweden. Die Kombination aus mehr als 3.500 auf Lager gehaltenen Kabeltypen, der größten Auswahl an Kabelmanagementsystemen und einem ausgeprägten Gespür für Kundenservice macht Scankab zu einem attraktiven Komplettanbieter von Kabeln.","Appliances, Electrical, and Electronics Manufacturing",51-200 employees,Public Company,"Aarup, South Denmark, Denmark",Denmark,scankab.de,https://www.linkedin.com/company/scankab-cables-deutschland
Linding Automation,"PLC Programmering - EL Dokumentation - Udvikling, Konstruktion & Montage af styretavler - Rådgivning","Appliances, Electrical, and Electronics Manufacturing",Self-employed,Self Owned,"Esbjerg, South Denmark, Denmark",Denmark,lindingautomation.dk,https://www.linkedin.com/company/lindingautomation
Tech Control,"Tech Engineering er en del af Technology Gruppen, og vores motto er: Engineering with purpose. 

Det er et motto som forpligter og vi ønsker via tæt dialog med vores kunder og samarbejdspartnere at skabe innovative løsninger via nytænkning hos eksisterende og nye kunder. 

Selvom Tech Engineering er en nystartet virksomhed, så er vi klar til både små og større opgaver og hjælper gerne med i hele processen og fra ide til færdig løsning eller dele af vores samarbejdspartners projekter.","Appliances, Electrical, and Electronics Manufacturing",2-10 employees,Partnership,"Hovedgård, Middle Jutland, Denmark",Denmark,tech-control.dk,https://www.linkedin.com/company/tech-control-dk
Rose Technology A/S,"Rose Technology A/S er en privatejet dansk elektronikvirksomhed, med adresse i Sønderborg. Vi er en udviklingsvirksomhed med speciale i udvikling af indlejrede systemer til industriprodukter, medicoprodukter og forbrugerprodukter. Med udgangspunkt i kontekstforståelse, kommunikation og kompetencer skaber vi fremtidens elektronikprodukter, der rummer høj funktionalitet, og som fra starten er produktionsoptimerede.

Rose Technology A/S ligger i hjertet af mechatronics-udviklingen i Danmark. Vores region er et kraftcenter, hvor mange af landets ledende elektronikproducenter har hjemme, og her ligger flere af de videregående uddannelser, som vi arbejder tæt sammen med. Det giver et positivt og udviklende miljø for beskæftigelse, know-how og netværksarbejde.","Appliances, Electrical, and Electronics Manufacturing",11-50 employees,Privately Held,"Sønderborg, South Denmark, Denmark",Denmark,rosetechnology.dk,https://www.linkedin.com/company/rosetechnology-a-s
Roskilde Fjordens EL A/S,"Autoriseret elinstallatør.
Vi varetager alle opgaver inden for faget for privat- og erhvervskunder samt boligselskaber og offentlige.

Vi er stolte og taknemmelige over at være kåret som årets El-installatør i danmark i 2012, 2014 og 2016 og nomineret i 2024.

Alt elarbejde udføres – ring på 46 78 78 79 eller 48 26 27 00 og få et tilbud samt professionel rådgivning. 

Som autoriseret el installatør er vi medlem af Tekniq.

Se vores anmeldelser på: www.anmeldhåndværker.dk

Se mere på vores hjemmeside: www.fj-el.dk","Appliances, Electrical, and Electronics Manufacturing",11-50 employees,Public Company,"Gundsømagle, Zealand, Denmark",Denmark,fj-el.dk,https://www.linkedin.com/company/roskilde-fjordens-el-a-s
Eiland EL & VVS Installation A/S,"Eiland El

Et familieforetagende med fokus på kvalitet, sikkerhed og godt håndværk – fordi vi kan!

Eiland El har siden virksomhedens start tilbage i 1953 udført store og små opgaver for private samt erhvervskunder på hele Sjælland.

Vi er opdelt i 

-	Eiland Elinstallation A/S
-	Eiland Energi A/S
-	Eiland Brand og Sikring A/S

og løser alt lige fra elinstallationer og eleftersyn til montering af varmepumper, ventilationsanlæg, solceller, brand- og sikringsanlæg mm. 

Vi prioriterer at kunne give vores kunder god service fra det øjeblik de første gang kommer i kontakt os og holder hvad vi lover når det kommer til professionel håndtering af arbejdsopgaverne.

Alle vores medarbejdere er hos Eiland El, fordi de brænder for det de laver og går langt for at kunne aflevere de bedste resultater. Alle er de beredte på at rådgive, projektere, eksekvere og vedligeholde alle vores løsninger, så vores kunder kan føle sig i sikre hænder når de overlader projekterne til os. 

Eiland El er en virksomhed der i over 68 år har serviceret kunder på Sjælland og siden starten har været drevet af familien Eiland. Vi vægter relationer højt og gør en dyd ud af at både kunder som medarbejdere føler sig lyttet til, forstået og taget godt imod. 

Vi værdsætter i høj grad også mulighederne for at udvikle os, hvorfor vi velkommer mangfoldighed, nye idéer og input med åbne arme. Vi tror på at det bl.a. er i forskellighederne at vi i fællesskab kan gro og bringe virksomheden til nye højder.

Vi hos Eiland El forstår vigtigheden af selv at bidrage til en grønnere fremtid, og derfor er vores egne bygninger energioptimeret med bl.a. LED-belysning og sensorautomatik, og vi har investeret i elbiler. Vi anser os selv som gode frontpersoner, og ønsker at få vores kunder med på vognen.  

Vores motto er ”fordi vi kan” og det er det, fordi vi ved at vores håndværk, service og fokus på relationer er i orden.","Appliances, Electrical, and Electronics Manufacturing",11-50 employees,Privately Held,"Slagelse, Zealand, Denmark",Denmark,eilandel.dk,https://www.linkedin.com/company/eiland-el
El-Pro A/S - En del af Granly Gruppen,"EL-PRO A/S er totalleverandør af skræddersyede el- og automationsløsninger til industrien. Vi servicerer industri, og udfører energioptimering samt tilbyder levering, installation, service og reparation af enhver form for el- og automatik.","Appliances, Electrical, and Electronics Manufacturing",11-50 employees,Public Company,"Janderup Vestj, Syddanmark, Denmark",Denmark,el-pro.dk,https://www.linkedin.com/company/el-pro-a-s
Ossi Connectors AS,"Ossi Connectors AS strategic objective is to provide clients in core markets with I/O interconnection products. We deliver backshells, connectors and accessories both as standard and custom designed. Core markets are within datacom, telecom, medical, automation and industrial sectors.","Appliances, Electrical, and Electronics Manufacturing",11-50 employees,Privately Held,"Maribo, Zealand, Denmark",Denmark,ossi.dk,https://www.linkedin.com/company/ossi-connectors-a-s
Daniamant Electronics A/S (formerly Uni-Safe Electronics A/S),"Daniamant Electronics A/S (a member of the Daniamant Group) is a leading supplier of marine safety equipment and electronics exporting to more than 40 countries worldwide. Daniamant Electronics develops and produces BNWAS Bridge Navigational Watch Alarm Systems, Electronic Inclinometer and Salinometers for Freshwater Systems and Ballast Water Treatment. In addition, we market a wide range of quality products within GMDSS safety equipment and electronic communication.","Appliances, Electrical, and Electronics Manufacturing",11-50 employees,Privately Held,"Slangerup, Capital Region, Denmark",Denmark,daniamant.com,https://www.linkedin.com/company/uni-safe-electronics-a-s
Sydkystens Automatik,"Hos Sydkystens Automatik går vi ikke på kompromis med kvaliteten. Det er en af grundene til, at vores kunder vælger os igen og igen. Vi er eksperter i produktion af styretavler.

Hos Sydkystens Automatik er vores kernekompetence at fremstille og montere styretavler af højeste kvalitet, tilpasset til en række forskellige industrier. Vores arbejde hos Sydkystens Automatik kendetegnes ved en dyb forståelse for teknologi og kundespecifikke behov. Vi hos Sydkystens Automatik tager stolthed i at levere løsninger, der er både innovative og pålidelige.

Sydkystens Automatik har gennem tiden etableret sig som en førende aktør i branchen, anerkendt for vores ekspertise og tilpasningsevne. Vi hos Sydkystens Automatik arbejder tæt sammen med hver enkelt kunde for at sikre, at alle løsninger ikke kun lever op til deres krav, men også bidrager til deres langsigtede succes.

Innovation er kernen i alt, hvad vi foretager os hos Sydkystens Automatik. Vores dedikerede team hos Sydkystens Automatik er altid på forkant med den nyeste teknologi, og vi sørger for løbende at udvikle vores processer og produkter. Denne tilgang sikrer, at Sydkystens Automatik altid er i stand til at møde vores kunders skiftende behov med de mest effektive og banebrydende løsninger.

Hos Sydkystens Automatik er vi fast besluttede på altid at levere resultater af høj kvalitet, der overstiger vores kunders forventninger. Vores engagement i kvalitet og ekspertise hos Sydkystens Automatik gør os til en foretrukken samarbejdspartner for mange virksomheder. Vores mål hos Sydkystens Automatik er ikke kun at opfylde vores kunders behov, men at overgå dem, og derved sikre deres fortsatte succes og tilfredshed.","Appliances, Electrical, and Electronics Manufacturing",11-50 employees,Partnership,"Greve Strand, Zealand, Denmark",Denmark,sydkystens-automatik.dk,https://www.linkedin.com/company/sydkystens-automatik
"Brother, Brother & Sons ApS","Brother, Brother & Sons ApS (BBS) - a leading design and product development company in the professional lighting industry.
 
BBS produces high quality products for the entertainment industry.
BBS specifies products and undertake complete product development programs.
BBS founders are recognized leaders in design and implementation of innovative products in the lighting industry worldwide.
 
Together with a working network of highly effective and committed partners both inside and outside the lighting industry.
BBS harnesses technical and design skills to deliver innovative, high quality and cost-effective products.","Appliances, Electrical, and Electronics Manufacturing",11-50 employees,Privately Held,"Copenhagen, Capital Region, Denmark",Denmark,brothers-sons.dk,https://www.linkedin.com/company/brother-brother-&-sons-aps
EL-Strøm v/ P. Strøm ApS.,"EL-STRØM er en autoriseret el-installationsforretning, der med domicil i Hvidovre har eksisteret siden 1949 i lokalområdet. Vi udfører autorisationskrævende el-arbejde, data-anlæg og sikrings- og overvågningsanlæg for B2B kunder, boligselskaber, kommuner, offentlige institutioner og private. 

EL-STRØMs service er fleksibel og dynamisk og sørger for, effektivt og målrettet, at alle installationsopgaver udføres til den aftalte tid. Som udgangspunkt udfører vi alt el-arbejde, reparation, vedligeholdelse og nyetablering fra kælder til kvist i de ejendomme og udenoms arealer, der tilhører vores nævnte kerneområder. Vores geografiske operationsområde er Storkøbenhavn, Nord- og Midt Sjælland.

EL-STRØM har ved at skabe gode og trygge rammer oparbejdet en stabil medarbejderstab af faguddannede elektrikere inden for service, el-teknik, kommunikations- og sikringsanlæg. EL-STRØMs medarbejdere gennemgår løbende en alsidig efteruddannelse for at være ”up to date” med den nyeste teknologi. 

Gennem årene har vi via vores kvalitetsbevidste arbejde oparbejdet en stor og loyal kundekreds blandt boligforeninger, erhverv/kommune og private. 

Vores kunder har altid førsteprioritet, og vi bestræber os på at levere kvalitetsløsninger og servicere vore kunder bedst muligt gennem vores kompetente medarbejdere.

Se eventuelt mere på www.el-stroem.dk","Appliances, Electrical, and Electronics Manufacturing",11-50 employees,Public Company,"Hvidovre, Capital Region, Denmark",Denmark,el-stroem.dk,https://www.linkedin.com/company/el-str-m
DK-Technologies A/S,"DK-Technologies A/S develop, produce and sell test and mesurement equipment for the professional broadcast segment. Associated companies, mainly handling sales, are located in U.S.A, United Kingdom, and Germany. See our company web page for further information.","Appliances, Electrical, and Electronics Manufacturing",11-50 employees,Privately Held,"Herlev, Capital Region, Denmark",Denmark,dk-technologies.com,https://www.linkedin.com/company/dk-technologies-as
Jumitech ApS,"Jumitech er specialister inden for intelligente og energi-effektive DALI løsninger.

Vores omfattende sortiment indeholder produkter til både lysstyring og armaturer. Sortimentet er kendt for pålidelighed og kompatibilitet, samt en alsidighed, som gør produkterne velegnet til simple stand-alone løsninger, men også er yderst velegnet til at indgå i større system løsninger.

Mere end 20 års erfaring.
Holdet bag Jumitech ApS, har mere end 20 års erfaring, hvorfor du er sikret en kvalificeret samarbejdspartner når du står og skal løse dine lysstyrings-opgaver.

Bæredygtighed og miljø.
Vores sortiment er baseret på komponenter som sikre miljø venlige løsninger, der reducerer behovet for energi, og derved minimerer Co2 udslippet.","Appliances, Electrical, and Electronics Manufacturing",2-10 employees,Privately Held,"Køge, Zealand, Denmark",Denmark,jumitech.dk,https://www.linkedin.com/company/jumitech-aps
Alumi lightdesign,"Alumi er en førende dansk virksomhed inden for bæredygtig udendørsbelysning. Vi designer og producerer moderne og energieffektive udendørslamper med fokus på kvalitet, æstetik og miljøbevidsthed. Vores mission er at skabe lysløsninger, der ikke blot opfylder funktionelle behov, men også bidrager til at skabe en mere bæredygtig fremtid.

Ved at kombinere innovativ teknologi og moderne design sikrer vi, at vores lamper er både energieffektive og æstetisk tiltalende. Vi bruger bæredygtige materialer og produktionsteknikker for at minimere vores påvirkning af miljøet. Vi er også stolte over at samarbejde med en landsdækkende entreprenør og el-installatør i vores grønne alliance, der sikrer, at vores processer og CO2-aftryk er optimeret til det maksimale.

Vores udendørslamper er ikke kun en belysningsløsning, men også et statement om vores engagement i at skabe en mere bæredygtig fremtid. Vi arbejder tæt sammen med kommuner, arkitekter, bygherrer og el-installatører for at levere skræddersyede belysningsløsninger, der opfylder deres specifikke behov.

Besøg vores hjemmeside på www.alumi.dk for at udforske vores sortiment, læse mere om vores bæredygtighedsinitiativer og blive inspireret af vores projekter. Sammen kan vi gøre en forskel og bidrage til en lysere og mere bæredygtig fremtid.","Appliances, Electrical, and Electronics Manufacturing",2-10 employees,Privately Held,"Horsens, Middle Jutland, Denmark",Denmark,alumi.dk,https://www.linkedin.com/company/alumi-lightdesign-aps
Lindved EL,"Vi har siden 1999 beskæftiget os med salg af hvidevare og alle typer opgaver inden for el installation. De mange års erfaring har gjort os til eksperter inden for området. Vi går ind for bæredygtighed og kvalitets arbejde.

WWW.LINDVEDEL.DK - LAVE PRISER ONLINE!","Appliances, Electrical, and Electronics Manufacturing",11-50 employees,Public Company,"Lindved, Vejle, Denmark",Denmark,lindved-el.dk,https://www.linkedin.com/company/lindved-el
Spelsberg Danmark A/S,"Spelsberg er en af de førende internationale producenter indenfor el industrien, og er primært aktiv inden for elektrisk installation og kabinet teknologi.

Tro mod mottoet sikker.inspirerende.grøn. gør at Spelsberg i mere end 117 år har stået for sikkerhed, høj kvalitet og har sine egne VDE og UL-certificerede testlaboratorier.

Sortimentet omfatter mere end 5.000 omfattende tilgængelig artikler, herunder 

* Forgreningsdåser
* Små fordelingstavler
* Industri- og tomme kabinetter

Derudover udvikles, testes og fremstilles individuelle løsninger efter kundens ønsker.","Appliances, Electrical, and Electronics Manufacturing",2-10 employees,Privately Held,"Nyborg, South Denmark, Denmark",Denmark,spelsberg.dk,https://www.linkedin.com/company/spelsberg-a-s-danmark
PROPRINT Trafo PCB,"We develop, produce and design customized electronic products, PCB and inductive components: transformers, inductors, chokes, coils etc. We are among the world leaders - through experience, quality and flexibility!","Appliances, Electrical, and Electronics Manufacturing",11-50 employees,Privately Held,"Horsens, Middle Jutland, Denmark",Denmark,proprint.dk,https://www.linkedin.com/company/proprint-a-s
Københavns El-Service,"Aut. El-installatør
Kontakt os på +45 26 23 29 88 eller el@kbh-el-service.dk","Appliances, Electrical, and Electronics Manufacturing",11-50 employees,Partnership,"Kastrup, Capital Region, Denmark",Denmark,kbh-el-service.dk,https://www.linkedin.com/company/københavns-el-service
MILA Nordic,"Welcome to the LinkedIn page of MILA Nordic. We design, develop, and manufacture battery packs for various applications. Join our exciting journey as we push the boundaries of innovations!","Appliances, Electrical, and Electronics Manufacturing",2-10 employees,Self Employed,"Roskilde, Zealand, Denmark",Denmark,milanordic.dk,https://www.linkedin.com/company/mila-nordic
Filtenborg EL A/S,"Hos Filtenborg El leverer vi altid kvalitetsarbejde til tiden. Vi udfører opgaver inden for el-installationer, netværksinstallationer, varmepumper, solcelleanlæg, ventilationsanlæg, ABA tyveri- og brandsikring samt energioptimering. Med vores mange kompetencer løser vi de fleste udfordringer inden for el arbejde, så ring gerne til os allerede i dag på tlf. 70 20 98 80.","Appliances, Electrical, and Electronics Manufacturing",11-50 employees,Public Company,"Hvidovre, Capital Region, Denmark",Denmark,filtenborgel.dk,https://www.linkedin.com/company/filtenborg-el
LUMA Lysteknik,"Vi rådgiver om, og leverer klimavenlig belysning med fokus på Sports- & Arealbelysning.
LUMA Lysteknik er officiel partner i Skandinavien med Musco Lighting fra Iowa i USA. Musco Lighting er verdensledende og har mere end 40 års specialiseret erfaring med udvikling, produktion og levering af Sports- & Arealbelysning til mange af verdens ikoniske Stadions og Fodboldklubber med mere.","Appliances, Electrical, and Electronics Manufacturing",Self-employed,Self Employed,"Copenhagen, Capital Region, Denmark",Denmark,lumalysteknik.dk,https://www.linkedin.com/company/luma-lysteknik
Elvandvarmer.dk A/S,"Vi leverer energi besparende elektriske produkter der giver høj værdi til vores kunder, der omfatter både erhvervslivet og private.
Vores produkter produceres i højeste kvalitet.

Porteføljen af produkter omfatter bl.a el-gennemstrømningsvandvarmere, el-kedler, varmepumper, varmtvandsbeholdere og divers el- og vvs komponenter til montering af disse.

Vi lægger vægt på hurtigt ekspedition og god service hvilket afspejles i på vores Trustpilot side.","Appliances, Electrical, and Electronics Manufacturing",11-50 employees,Public Company,"Stenstrup, South Denmark, Denmark",Denmark,elvandvarmer.dk,https://www.linkedin.com/company/elvandvarmer-dk
Dansk Tavle Teknik A/S,"Dansk Tavle Teknik A/S er en dansk producent af eltavler, der tilbyder høj kvalitet til konkurrencedygtige priser. 

Vores eltavler er designet til at imødekomme både små og store behov – alt fra boliginstallationer til industrielle løsninger. 

Hos Dansk Tavle Teknik A/S er kvalitet, pålidelighed og sikkerhed i højsædet. 
Vi leverer skræddersyede løsninger, som passer til dine specifikke behov.","Appliances, Electrical, and Electronics Manufacturing",11-50 employees,Public Company,"Helsingør, Capital Region, Denmark",Denmark,eltavler.dk,https://www.linkedin.com/company/dansk-tavle-teknik-as
Nyborg El,"Nyborg El er en større østfynsk installationsvirksomhed med 32 montører , der kan håndtere alle typer af opgaver til private, erhverv og industri – herunder industriautomation. Vi løser opgaver i hele Danmark og i udlandet.","Appliances, Electrical, and Electronics Manufacturing",11-50 employees,Partnership,"Nyborg, South Denmark, Denmark",Denmark,nyborg-el.dk,https://www.linkedin.com/company/nyborg-el
NordikLED ApS,Nyt på vej,"Appliances, Electrical, and Electronics Manufacturing",2-10 employees,Privately Held,"Vallensbæk Nordmark, Capital Region Of Denmark, Denmark",Denmark,nordikled.dk,https://www.linkedin.com/company/nordikled
Aktiv-El A/S,Aktiv-El A/S is an electrician Company.,"Appliances, Electrical, and Electronics Manufacturing",51-200 employees,Public Company,"Nakskov, Zealand, Denmark",Denmark,aktivel.dk,https://www.linkedin.com/company/aktiv-el-a-s
A/S HENNING LUND,"Siden firmaets start i 1964 har A/S Henning Lund løbende udvidet ydelses-/produktpaletten, og er nu landsdelens førende elinstallatørfirma. Vi har moderne virksomhedsrammer, veluddannede medarbejdere samt en fleksibel og effektiv organisation.

Firmaet er stærkt forankret lokalt, men opererer i hele landet. Vi løser selv de mest komplicerede el-opgaver omfattende projektering, installation, instruktion, dokumentation og kvalitetssikring.","Appliances, Electrical, and Electronics Manufacturing",11-50 employees,Public Company,"Horsens, Middle Jutland, Denmark",Denmark,henninglund.dk,https://www.linkedin.com/company/a-s-henning-lund
RESS A/S,,"Appliances, Electrical, and Electronics Manufacturing",2-10 employees,Partnership,"Brabrand, Middle Jutland, Denmark",Denmark,ress.dk,https://www.linkedin.com/company/ress-a-s
ELTECO APS,"ELTECO APS er en handelsvirksomhed, hvor vi ved brug af ny teknologi forenkler daglige rutiner, og fremmer samarbejdet og kontakten med vores kunder og leverandører.

Det er vores mål, at der er kontinuitet i forhold til kunderelationer, og kunden altid er i centrum i forbindelse med vores aktiviteter. Dette kræver at vores medarbejdere har stor teknisk viden indenfor elektroteknik.

ELTECO APS opererer i B2B markedet, og deraf afledte politik: ”Vi skal ikke være i konkurrence med vores kunder”.
El-installations- og eftersalgsmarkedet varetages derfor udelukkende af vores forhandlere, som er grossister og elektroværksteder.","Appliances, Electrical, and Electronics Manufacturing",2-10 employees,Self Employed,"Herning, Middle Jutland, Denmark",Denmark,elteco.dk,https://www.linkedin.com/company/elteco-aps
Elektronik Centret,"Service værksted for computere, radio, tv og andet hjemme elektronik.","Appliances, Electrical, and Electronics Manufacturing",11-50 employees,Privately Held,"Copenhagen, Denmark",Denmark,elektronikcentret.dk,https://www.linkedin.com/company/elektronik-centret
TPI El & Automation ApS,"Vi tænker nyt og tilpasser unikke løsninger til dine behov.

Alsidige kompetencer

Besøg vores hjemmeside www.tpi-ea.dk","Appliances, Electrical, and Electronics Manufacturing",11-50 employees,Privately Held,"Skanderborg, Middle Jutland, Denmark",Denmark,tpi-ea.dk,https://www.linkedin.com/company/tpi-el-&-automation-aps
DPL Industri A/S,"DPL Industri A/S is a 100% Danish owned company. In the past 20 years, we sold more than 3000 UV curing system to our clients in the world. 

Since 2006, we started to produce COLD UV curing system, which can reduce the printing surface temp through our patent technology on UV lamp house, so your printing surface temp will be only 5-10C degree higher than your environment temp. 

In 2014, we delveoped our new multi-function UV curing system,  which is suitable for mercury lamp and LED lamp in same lamp house. 

DPL UV curing system is equipped with full closed water chilling system and air chilling inlet and outlet both. Our client can use the same system for Nitrogen air curing without invest extra equipment.

DPL is now part of the Victory family: https://www.victorylighting.co.uk/","Appliances, Electrical, and Electronics Manufacturing",2-10 employees,Partnership,"Allerød, North Zealand, Capital Region, Denmark",Denmark,dpl.dk,https://www.linkedin.com/company/dpl-industri
Østfyns El-Teknik,"Østfyns El-Teknik er din elektriker på Fyn. Vi laver alle typer opgaver inden for el branchen. Vi er en moderne virksomhed, der elsker glade og tilfredse kunder. Derfor går vi rigtig meget op i godt håndværk, god kvalitet og den rigtige service.","Appliances, Electrical, and Electronics Manufacturing",2-10 employees,Self Owned,"Nyborg, South Denmark, Denmark",Denmark,ostfynselteknik.dk,https://www.linkedin.com/company/østfyns-el-teknik
BetterLight,Betterlight producerer LED belysning til alt lige fra kontorer til Superliga Stadions.,"Appliances, Electrical, and Electronics Manufacturing",2-10 employees,Privately Held,"Kongens Lyngby, Capital Region, Denmark",Denmark,betterlight.dk,https://www.linkedin.com/company/betterlight
